year,week,class,name,overall score,music effect,visual effect,music,visual
2026,0,PRA(,Cheltenham,76.775,22.125,23.25,15.3,16.1
2026,0,PRA(,Daniel Boone,71.6,20.85,22.05,14.5,14.2
2026,0,PRA(,Upper Dublin,71.425,21.225,21.45,14.25,14.5
2026,0,PSA,Downingtown East HS,85.55,25.35,17.1,26.2,16.9
2026,0,PSA,Upper Moreland,84.65,25.05,17.5,25.1,17.0
2026,0,PSA,Bridgewater Raritan,84.5,25.5,16.7,25.6,16.7
2026,0,PSA,Pennridge,82.6,24.9,16.5,24.8,16.4
2026,0,PSA,Upper Darby,81.4,25.2,14.9,25.5,15.8
2026,0,PSA,Southern Regional,78.951,23.55,16.0,23.5,15.9
2026,0,PSA,Souderton High School,76.051,23.25,14.8,23.2,14.8
2026,0,PSA,Hopewell Valley Central,74.351,22.05,15.6,22.2,14.5
2026,0,PSA,Council Rock South,70.951,20.85,13.3,22.8,14.0
2026,0,PSA,Methacton,70.25,21.15,13.5,21.2,14.4
2026,0,PIA,Central Bucks School District,70.25,21.15,13.1,22.4,13.6
2026,0,PSO,West Shore School District,85.55,25.95,17.1,25.6,16.9
2026,0,PSO,Old Bridge,82.2,24.6,16.3,25.0,16.3
2026,0,PSO,Kingsway Regional,77.5,23.7,15.0,23.4,15.4
2026,0,ME,North Penn,83.15,25.05,16.7,24.9,16.5
2026,-2,PSA,Owen J Roberts,82.85,24.75,16.1,25.7,16.3
2026,-2,PSA,Upper Moreland,79.15,22.65,15.6,24.3,16.6
2026,-2,PSA,Egg Harbor Township,77.1,23.1,14.9,23.7,15.4
2026,-2,PSA,Quakertown,76.85,21.9,14.7,24.05,16.2
2026,-2,PSA,Phoenixville,74.9,23.4,14.3,22.6,14.6
2026,-2,PSA,Odessa High School,71.051,20.85,14.4,21.7,14.1
2026,-2,PSA,Coatesville,69.751,19.95,13.9,21.2,14.7
2026,-2,PSA,Council Rock South,66.351,20.25,13.3,20.1,12.7
2026,-2,ME,Avon Grove,73.5,22.2,15.2,21.7,14.4
2026,-2,PSO,Downingtown HS West,79.0,24.0,16.0,24.2,14.8
2026,-2,PSO,Old Bridge,75.3,22.5,15.1,23.4,14.3
2026,-2,PIO,Imperial Dynasty,77.7,22.8,14.9,25.0,15.0
2026,-3,PRA(,Cheltenham,76.375,20.925,24.15,13.3,18.0
2026,-3,PRA(,Odessa High School,72.4,20.85,23.85,12.1,15.6
2026,-3,PRA(,Upper Dublin,70.15,19.8,23.1,12.95,14.3
2026,-3,PRA(,Daniel Boone,68.7,19.65,22.95,12.7,13.4
2026,-3,PSA,North Penn,85.25,25.95,17.2,25.0,17.1
2026,-3,PSA,Owen J Roberts,83.75,25.5,16.5,25.05,16.7
2026,-3,PSA,Unionville,82.6,24.15,16.45,25.1,16.9
2026,-3,PSA,Old Bridge,82.45,25.35,16.2,24.5,16.4
2026,-3,PSA,Highland Regional,79.1,24.3,15.0,23.4,16.4
2026,-3,PSA,Upper Darby,78.201,24.9,14.5,22.9,15.9
2026,-3,PSA,Bridgewater Raritan,77.351,24.0,16.25,21.9,15.2
2026,-3,PSA,Upper Moreland,76.401,22.65,15.5,22.15,16.1
2026,-3,PSA,Pennridge,74.751,20.85,16.8,21.5,15.6
2026,-3,PSA,Phoenixville,74.05,22.35,14.4,22.5,14.8
2026,-3,PSA,Avon Grove,72.6,21.0,15.8,20.4,15.4
2026,-3,PSA,Perkiomen Valley,72.75,22.5,13.8,22.05,14.4
2026,-3,PSA,Coatesville,71.0,22.2,13.4,20.9,14.5
2026,-3,PSA,Marple Newtown,69.0,20.1,13.9,21.0,14.0
2026,-3,PSA,Abington,67.75,19.65,12.8,20.3,15.0
2026,-3,PSA,Hopewell Valley Central,67.45,21.15,12.4,19.6,14.3
2026,-3,PSA,Methacton,65.15,19.35,13.1,19.0,13.7
2026,-3,ME,Downingtown HS East,76.2,24.0,15.9,21.6,14.7
2026,-3,PSO,Spring-Ford,80.05,23.85,16.4,23.6,16.2
2026,-3,PSO,Downingtown HS West,77.4,22.2,15.3,23.5,16.4
2026,-3,PSO,Kingsway Regional,76.15,22.35,15.0,23.0,15.8
2026,-4,PRA(,Upper Dublin,70.35,22.35,19.35,14.35,14.3
2026,-4,PSA,North Penn,78.6,23.1,15.7,24.1,15.7
2026,-4,PSA,Owen J Roberts,77.7,22.8,15.5,24.0,15.4
2026,-4,PSA,Unionville,75.1,21.3,15.2,23.7,14.9
2026,-4,PSA,Souderton High School,72.05,21.75,13.4,22.7,14.2
2026,-4,PSA,Pennridge,72.001,21.0,14.9,21.6,14.5
2026,-4,PSA,Downingtown HS East,71.651,19.95,15.3,21.7,14.7
2026,-4,PSA,Egg Harbor Township,70.551,21.45,14.4,21.8,12.9
2026,-4,PSA,Upper Darby,70.501,21.9,14.5,20.3,13.8
2026,-4,PSA,Quakertown,68.951,20.25,14.1,21.1,13.5
2026,-4,PSA,Coatesville,67.9,19.8,13.5,20.6,14.0
2026,-4,PSA,Methacton,62.95,17.55,12.9,19.3,13.2
2026,-4,PSA,Council Rock South,63.5,18.0,13.2,19.5,12.8
2026,-4,PSO,Spring-Ford,77.85,23.85,15.0,23.9,15.1
2026,-4,PSO,Kingsway Regional,69.95,20.25,14.0,21.7,14.0
2026,-5,PSA,Bridgewater Raritan,69.6,21.0,13.5,20.6,14.5
2026,-5,PSA,Southern Regional,69.6,21.3,13.0,20.5,14.8
2026,-5,PSA,Highland Regional,68.85,20.85,14.7,19.3,14.0
2026,-5,PSA,Egg Harbor Township,66.65,19.65,14.1,19.8,13.1
2026,-5,PSA,Hopewell Valley Central,64.701,19.8,12.6,18.7,13.6
2026,-5,PSA,Coatesville,63.151,19.05,12.0,18.6,13.5
2026,-5,PSA,Marple Newtown,61.901,18.3,11.7,19.4,12.5
2026,-5,PSA,Owen J Roberts,53.701,16.5,10.6,15.0,11.6
2026,-5,ME,Old Bridge,70.05,21.45,12.4,21.1,15.1
2026,-5,PSO,Downingtown HS West,68.9,21.6,13.8,20.0,13.5
2026,-5,PSO,Kingsway Regional,68.45,19.95,14.6,19.8,14.1
2025,0,PSA,Unionville HS,92.375,27.9,27.075,18.5,18.9
2025,0,PSA,North Penn,90.9,26.9,27.6,17.9,18.5
2025,0,PSA,Pennridge,88.725,27.1,26.175,17.95,17.5
2025,0,PSA,Owen J Roberts,88.575,26.4,26.475,17.6,18.1
2025,0,PSA,Perkiomen Valley,88.201,26.15,26.85,18.4,16.8
2025,0,PSA,Quakertown,88.101,26.1,26.7,17.1,18.2
2025,0,PSA,Hopewell Valley Central,87.101,25.75,26.55,16.9,17.9
2025,0,PSA,Upper Moreland,83.501,25.3,25.95,16.7,15.55
2025,0,PSA,Penn Manor High School,81.801,24.45,25.5,15.15,16.7
2025,0,PSA,Bridgewater Raritan,81.325,25.35,22.425,16.6,16.95
2025,0,PSA,Downingtown HS East,79.75,23.75,22.95,16.1,16.95
2025,0,PSA,Edison HS,78.7,23.8,25.05,14.75,15.1
2025,0,PSA,Avon Grove,78.6,23.0,24.9,15.3,15.4
2025,0,PSA,Upper Darby,78.55,24.2,23.85,15.6,14.9
2025,0,PSA,Highland Regional,77.6,24.1,23.7,14.5,15.3
2025,0,PSA,Odessa High School,77.4,24.7,21.45,15.45,15.8
2025,0,PSA,Coatesville,75.65,22.3,23.55,14.8,15.0
2025,0,PSA,Phoenixville,74.75,23.7,22.05,14.6,14.4
2025,0,PSA,Twin Valley HS,73.4,22.8,22.2,13.6,14.8
2025,0,PSA,Methacton,71.65,22.0,20.85,14.1,14.7
2025,0,PSA,Council Rock South,76.35,22.2,23.1,15.4,15.65
2025,0,PIA,Central Bucks School District,76.35,24.4,21.75,15.0,15.2
2025,0,PRA(,Great Valley High School,80.5,25.35,21.45,17.3,16.4
2025,0,PRA(,Upper Dublin,80.25,24.15,23.1,16.3,16.7
2025,0,PRA(,Daniel Boone,79.325,23.775,21.9,16.55,17.1
2025,0,PSO,Old Bridge,91.8,27.5,27.3,18.4,18.6
2025,0,PSO,Spring-Ford HS,91.7,27.7,27.9,17.4,18.7
2025,0,PSO,Egg Harbor Township HS,84.2,24.3,25.5,17.2,17.2
2025,0,PSO,Downingtown HS West,82.75,23.6,25.95,16.4,16.8
2025,0,PIO,Imperial Dynasty,89.95,28.3,25.65,17.5,18.5
2025,-1,PRA(,Great Valley High School,83.3,26.1,23.85,16.55,16.8
2025,-1,PRA(,Daniel Boone,81.025,25.425,22.8,15.6,17.2
2025,-1,PRA(,Upper Dublin,79.425,24.825,22.5,15.1,17.0
2025,-1,PSA,Unionville HS,92.05,27.8,27.15,18.0,19.1
2025,-1,PSA,North Penn,91.775,27.9,27.225,17.6,19.05
2025,-1,PSA,Owen J Roberts,89.5,27.2,26.1,18.3,17.9
2025,-1,PSA,Perkiomen Valley,85.575,25.9,25.275,17.7,16.7
2025,-1,PSA,Pennridge,85.251,26.5,25.35,17.1,16.3
2025,-1,PSA,Quakertown,85.201,26.8,24.3,17.3,16.8
2025,-1,PSA,Hopewell Valley Central,83.701,24.5,25.2,16.6,17.4
2025,-1,PSA,Upper Moreland,83.251,25.3,26.25,16.9,14.8
2025,-1,PSA,Penn Manor High School,79.951,22.35,23.4,16.5,17.7
2025,-1,PSA,Bridgewater Raritan,79.2,23.7,23.25,15.7,16.55
2025,-1,PSA,Odessa High School,78.975,25.2,24.825,14.35,14.6
2025,-1,PSA,Downingtown HS East,78.375,25.45,23.325,15.1,14.5
2025,-1,PSA,Upper Darby,77.65,25.05,22.65,16.0,13.95
2025,-1,PSA,Highland Regional,77.7,24.8,24.9,14.0,14.0
2025,-1,PSA,Edison HS,75.35,22.55,23.1,14.7,15.0
2025,-1,PSA,Phoenixville,75.0,21.85,22.05,15.2,15.9
2025,-1,PSA,Council Rock South,73.9,23.4,21.9,14.2,14.4
2025,-1,PSA,Avon Grove,73.525,22.4,22.425,14.9,13.8
2025,-1,PSA,Coatesville,72.825,22.2,20.925,14.3,15.4
2025,-1,PSA,Methacton,70.85,22.6,21.0,13.1,14.15
2025,-1,PSA,Twin Valley HS,70.35,22.1,21.45,13.2,13.6
2025,-1,PIA,Central Bucks School District,77.1,25.1,21.3,15.2,15.5
2025,-1,PSO,Old Bridge,89.5,27.9,25.5,17.7,18.4
2025,-1,PSO,Spring-Ford HS,89.3,27.8,26.4,16.5,18.6
2025,-1,PSO,Downingtown HS West,84.75,26.7,25.05,15.9,17.1
2025,-1,PSO,Egg Harbor Township HS,84.0,26.8,24.6,15.3,17.3
2025,-1,PIO,United Percussion 2,88.75,27.6,25.65,17.7,17.8
2025,-1,PIW,United Percussion,91.35,28.3,26.55,17.7,18.8
2025,-3,PRA(,Upper Dublin,72.75,18.9,22.8,15.35,15.7
2025,-3,PRA(,Daniel Boone,71.025,18.375,22.2,14.95,15.5
2025,-3,PSA,West Shore School District,87.65,27.4,26.55,16.8,16.9
2025,-3,PSA,Pennridge,86.45,26.6,26.85,16.3,16.7
2025,-3,PSA,Owen J Roberts,85.125,26.5,25.875,16.65,16.1
2025,-3,PSA,Southern Regional,82.5,24.9,25.5,16.1,16.0
2025,-3,PSA,Upper Moreland,81.15,25.5,24.75,15.2,15.7
2025,-3,PSA,Hopewell Valley Central,78.701,23.5,24.0,15.6,15.6
2025,-3,PSA,Bridgewater Raritan,77.901,23.8,24.15,15.25,14.7
2025,-3,PSA,Kingsway Regional HS,76.901,22.8,24.3,15.0,14.8
2025,-3,PSA,Souderton High School,76.901,22.7,24.9,14.7,14.6
2025,-3,PSA,Council Rock South,76.85,22.45,23.55,14.45,16.4
2025,-3,PSA,Upper Darby,75.7,21.85,25.65,13.7,14.5
2025,-3,PSA,Avon Grove,73.65,23.0,22.65,14.2,13.8
2025,-3,PSA,Odessa High School,72.8,21.9,21.9,15.8,13.2
2025,-3,PSA,Phoenixville,72.15,21.95,23.1,13.5,13.6
2025,-3,PSA,Coatesville,71.8,21.3,22.35,14.15,14.0
2025,-3,PSA,Methacton,69.25,21.0,22.05,13.1,13.1
2025,-3,PSA,Penn Manor High School,50.2,15.0,15.0,10.0,10.2
2025,-3,ME,North Penn,86.15,27.15,26.25,16.35,16.4
2025,-3,PIA,Central Bucks School District,75.45,23.3,23.55,14.4,14.2
2025,-3,PSO,Old Bridge,85.65,26.6,25.95,16.9,16.2
2025,-3,PSO,Spring-Ford HS,84.6,26.0,26.4,16.3,15.9
2025,-3,PIO,United Percussion 2,84.0,26.5,26.1,15.6,15.8
2025,-4,PRA(,Great Valley High School,78.5,25.05,24.15,14.1,15.2
2025,-4,PRA(,Daniel Boone,73.825,23.925,21.6,13.4,14.9
2025,-4,PSA,Owen J Roberts,84.95,25.5,26.85,17.2,15.4
2025,-4,PSA,North Penn,84.8,24.6,27.3,16.2,16.7
2025,-4,PSA,Quakertown,82.4,25.2,25.2,16.5,15.5
2025,-4,PSA,Southern Regional,80.25,23.1,26.1,14.95,16.1
2025,-4,PSA,Highland Regional,79.751,24.5,25.05,15.3,14.9
2025,-4,PSA,Perkiomen Valley,78.901,23.4,24.3,14.8,16.4
2025,-4,PSA,Pennridge,78.551,24.4,24.0,15.0,15.15
2025,-4,PSA,Hopewell Valley Central,77.051,23.3,23.85,14.1,15.8
2025,-4,PSA,Downingtown HS East,75.551,22.9,23.1,15.4,14.15
2025,-4,PSA,Edison HS,74.1,21.6,22.8,14.6,15.1
2025,-4,PSA,Upper Darby,74.1,20.5,25.5,13.6,14.5
2025,-4,PSA,Odessa High School,72.65,22.1,21.15,15.8,13.6
2025,-4,PSA,Council Rock South,71.35,21.0,22.95,14.0,13.4
2025,-4,PSA,Avon Grove,70.8,22.4,21.6,12.9,13.9
2025,-4,PSA,Methacton,69.9,21.9,21.3,13.0,13.7
2025,-4,PSA,Twin Valley HS,69.35,19.5,22.35,13.3,14.2
2025,-4,ME,Unionville HS,86.1,26.2,27.6,16.4,15.9
2025,-4,PIA,Central Bucks School District,70.0,21.0,22.2,13.2,13.6
2025,-4,PSO,Spring-Ford HS,81.05,23.9,25.35,16.2,15.6
2025,-4,PSO,Egg Harbor Township HS,80.0,25.3,24.3,15.5,14.9
2025,-4,PIO,Imperial Dynasty,82.7,25.6,25.8,15.3,16.0
2025,-5,PRA(,Phoenixville,78.95,23.7,24.45,15.0,15.8
2025,-5,PRA(,Upper Dublin,76.375,23.325,23.1,14.75,15.2
2025,-5,ME,Avon Grove,84.3,25.5,24.3,16.6,17.9
2025,-5,PSA,Unionville HS,82.95,23.6,25.95,16.9,16.5
2025,-5,PSA,Egg Harbor Township HS,81.7,25.0,24.3,16.7,15.7
2025,-5,PSA,Quakertown,81.5,25.1,25.2,16.5,14.7
2025,-5,PSA,Upper Darby,79.9,24.6,24.75,16.25,14.3
2025,-5,PSA,Pennridge,78.1,24.1,23.7,15.9,14.4
2025,-5,PSA,Twin Valley HS,75.601,23.3,23.1,15.2,14.0
2025,-5,PSA,Edison HS,75.351,22.9,23.25,16.1,13.1
2025,-5,PSA,Coatesville,72.301,21.2,22.5,15.2,13.4
2025,-5,PSO,Downingtown HS West,76.1,23.6,23.4,14.6,14.5
2025,-5,PIO,Imperial Dynasty,77.05,22.2,24.75,15.1,15.0
2025,-6,PRA(,Council Rock South,80.975,23.625,25.05,16.2,16.1
2025,-6,PRA(,Phoenixville,75.5,22.35,22.2,15.35,15.6
2025,-6,PRA(,Daniel Boone,72.975,22.275,22.8,13.8,14.1
2025,-6,PRA(,Great Valley High School,72.8,21.6,23.85,12.85,14.5
2025,-6,PRA(,Upper Dublin,70.925,21.975,21.0,13.25,14.7
2025,-6,PSA,North Penn,80.5,24.8,24.6,15.6,15.5
2025,-6,PSA,Unionville HS,80.45,24.3,24.75,16.3,15.1
2025,-6,PSA,Owen J Roberts,78.8,24.5,25.5,14.4,14.4
2025,-6,PSA,Perkiomen Valley,77.7,23.5,24.9,14.3,15.0
2025,-6,PSA,Hopewell Valley Central,76.001,22.8,23.7,14.8,14.7
2025,-6,PSA,Upper Moreland,72.451,22.0,22.8,13.85,13.8
2025,-6,PSA,Pennridge,74.201,23.1,22.35,14.25,14.5
2025,-6,PSA,Upper Darby,74.351,24.65,23.1,12.9,13.7
2025,-6,PSA,Methacton,70.451,23.6,21.45,13.2,12.2
2025,-6,PSA,Coatesville,69.025,21.5,22.425,12.2,12.9
2025,-6,PSA,Souderton High School,70.2,22.1,20.55,14.15,13.4
2025,-6,PSA,Penn Manor High School,68.1,21.2,20.1,14.0,12.8
2025,-6,PSA,Twin Valley HS,67.4,20.3,21.6,12.4,13.1
2025,-6,PSA,Odessa High School,66.6,20.7,20.4,13.0,12.5
2025,-6,ME,Downingtown HS East,70.8,21.95,21.75,13.8,13.3
2025,-6,PSO,Old Bridge,76.95,24.3,22.95,15.3,14.4
2025,-6,PSO,Spring-Ford HS,73.15,23.5,21.15,14.3,14.2
2025,-6,PSO,Downingtown HS West,72.65,23.0,22.35,14.1,13.2
2025,-7,PRA(,Great Valley High School,67.825,20.775,19.8,14.15,13.1
2025,-7,PSA,Owen J Roberts,77.25,24.1,23.25,14.5,15.4
2025,-7,PSA,North Penn,77.15,24.2,22.65,15.4,14.9
2025,-7,PSA,Egg Harbor Township HS,73.7,23.0,21.6,13.9,15.2
2025,-7,PSA,Highland Regional,73.0,22.5,21.3,14.6,14.6
2025,-7,PSA,Hopewell Valley Central,72.751,22.0,20.55,14.7,15.5
2025,-7,PSA,Bridgewater Raritan,71.701,21.5,20.7,13.7,15.8
2025,-7,PSA,Kingsway Regional HS,71.451,22.65,21.75,14.05,13.0
2025,-7,PSA,Upper Moreland,72.001,22.45,22.05,13.3,14.2
2025,-7,PSA,Downingtown HS East,70.201,21.6,21.0,13.1,14.5
2025,-7,PSA,Coatesville,68.4,21.9,20.1,13.0,13.4
2025,-7,PSA,Penn Manor High School,67.2,20.7,19.8,12.7,14.0
2025,-7,PSA,Upper Dublin,62.95,19.2,19.05,11.9,12.8
2024,0,PRA(,Avon Grove,87.9,27.15,24.6,17.45,18.7
2024,0,PRA(,Methacton,87.1,26.55,25.65,17.3,17.6
2024,0,PSA,Egg Harbor Township HS,92.15,27.8,28.65,17.4,18.3
2024,0,PSA,Quakertown,89.35,26.8,28.35,16.5,17.7
2024,0,PSA,Southern Regional,88.3,26.9,27.0,16.9,17.5
2024,0,PSA,Unionville,92.75,27.7,28.05,18.1,18.9
2024,0,PSA,Downingtown HS East,86.15,26.3,27.15,16.2,16.5
2024,0,PSA,Pennridge,85.851,25.8,27.6,15.1,17.35
2024,0,PSA,Odessa High School,83.351,25.3,25.65,16.3,16.1
2024,0,PSA,Upper Darby,82.651,25.4,25.2,15.5,16.55
2024,0,PSA,North Penn,82.501,25.7,26.7,15.0,15.1
2024,0,PSA,Marple Newtown,77.7,24.3,24.6,14.6,14.2
2024,0,PSA,Daniel Boone,73.5,23.8,24.0,12.1,13.6
2024,0,GD,Egg Harbor Township HS,92.15,27.8,28.65,17.4,18.3
2024,0,GD,Quakertown,89.35,26.8,28.35,16.5,17.7
2024,0,GD,Southern Regional,88.3,26.9,27.0,16.9,17.5
2024,0,GD,Unionville,92.75,27.7,28.05,18.1,18.9
2024,0,GD,Downingtown HS East,86.15,26.3,27.15,16.2,16.5
2024,0,GD,Pennridge,85.851,25.8,27.6,15.1,17.35
2024,0,GD,Odessa High School,83.351,25.3,25.65,16.3,16.1
2024,0,GD,Upper Darby,82.651,25.4,25.2,15.5,16.55
2024,0,GD,North Penn,82.501,25.7,26.7,15.0,15.1
2024,0,GD,Marple Newtown,77.7,24.3,24.6,14.6,14.2
2024,0,GD,Daniel Boone,73.5,23.8,24.0,12.1,13.6
2024,0,PSA,Spring-Ford,94.45,27.7,29.25,18.7,18.8
2024,0,PSA,Bridgewater Raritan,91.8,27.6,28.5,17.4,18.3
2024,0,PSA,Owen J Roberts,90.05,26.1,28.65,17.2,18.1
2024,0,PSA,Perkiomen Valley,89.9,26.0,28.2,18.1,17.6
2024,0,PSA,Hopewell Valley Central,87.15,26.3,27.15,15.5,18.2
2024,0,PSA,Parkland,83.151,25.3,25.65,14.8,17.4
2024,0,PSA,Coatesville,81.751,25.0,24.15,15.8,16.8
2024,0,PSA,Phoenixville,81.551,24.4,24.45,16.9,15.8
2024,0,PSA,Kingsway Regional HS,81.251,25.1,24.6,15.4,16.15
2024,0,PSA,Penn Manor High School,79.2,24.3,24.3,15.1,15.5
2024,0,PSA,Upper Dublin,74.975,23.6,24.375,13.8,13.2
2024,0,BD,Spring-Ford,94.45,27.7,29.25,18.7,18.8
2024,0,BD,Bridgewater Raritan,91.8,27.6,28.5,17.4,18.3
2024,0,BD,Owen J Roberts,90.05,26.1,28.65,17.2,18.1
2024,0,BD,Perkiomen Valley,89.9,26.0,28.2,18.1,17.6
2024,0,BD,Hopewell Valley Central,87.15,26.3,27.15,15.5,18.2
2024,0,BD,Parkland,83.151,25.3,25.65,14.8,17.4
2024,0,BD,Coatesville,81.751,25.0,24.15,15.8,16.8
2024,0,BD,Phoenixville,81.551,24.4,24.45,16.9,15.8
2024,0,BD,Kingsway Regional HS,81.251,25.1,24.6,15.4,16.15
2024,0,BD,Penn Manor High School,79.2,24.3,24.3,15.1,15.5
2024,0,BD,Upper Dublin,74.975,23.6,24.375,13.8,13.2
2024,0,PIA,Central Bucks School District,81.65,24.3,25.65,15.5,16.2
2024,0,PIA,Mission Independent,79.65,24.1,25.95,15.0,14.6
2024,0,PSO,Old Bridge,91.0,26.8,28.8,17.4,18.0
2024,0,PSO,Downingtown HS West,86.5,25.9,27.0,16.2,17.4
2024,0,PSO,Highland Regional,84.95,26.2,25.95,16.7,16.1
2024,0,PIO,United Percussion 2,91.6,27.4,28.2,17.6,18.4
2024,0,PIW,United Percussion,94.25,28.1,28.35,19.1,18.7
2024,-1,PRA(,Avon Grove,85.325,25.875,24.15,18.1,17.2
2024,-1,PRA(,Methacton,84.45,24.9,25.2,17.25,17.1
2024,-1,ME,Souderton High School,78.15,24.5,22.05,15.8,15.8
2024,-1,ME,Edison HS,75.35,24.2,21.9,14.15,15.1
2024,-1,PSA,Spring-Ford,93.8,27.6,28.5,18.6,19.1
2024,-1,PSA,Unionville,91.225,26.9,27.525,18.3,18.5
2024,-1,PSA,Bridgewater Raritan,87.85,26.3,27.0,17.4,17.15
2024,-1,PSA,Egg Harbor Township HS,86.425,26.65,26.325,15.75,17.7
2024,-1,PSA,Owen J Roberts,85.1,25.8,26.1,16.0,17.2
2024,-1,PSA,Quakertown,85.076,24.5,26.925,15.9,17.75
2024,-1,PSA,Perkiomen Valley,83.201,23.6,25.2,17.1,17.3
2024,-1,PSA,Southern Regional,82.226,24.9,24.975,16.4,15.95
2024,-1,PSA,Hopewell Valley Central,82.201,25.1,24.9,15.2,17.0
2024,-1,PSA,Downingtown HS East,80.9,26.15,22.5,16.65,15.6
2024,-1,PSA,Coatesville,79.275,22.1,25.275,16.25,15.65
2024,-1,PSA,North Penn,79.05,24.1,25.35,14.4,15.2
2024,-1,PSA,Phoenixville,78.55,21.4,23.1,17.45,16.6
2024,-1,PSA,Pennridge,78.35,25.6,22.05,14.25,16.45
2024,-1,PSA,Parkland,77.725,22.7,24.225,14.3,16.5
2024,-1,PSA,Odessa High School,77.525,23.4,21.525,16.7,15.9
2024,-1,PSA,Penn Manor High School,76.8,23.15,21.75,15.25,16.65
2024,-1,PSA,Upper Darby,76.7,22.4,22.8,16.15,15.35
2024,-1,PSA,Kingsway Regional HS,77.125,24.45,23.175,14.2,15.3
2024,-1,PSA,Marple Newtown,75.05,22.2,22.65,14.8,15.4
2024,-1,PSA,Upper Dublin,63.7,19.3,19.2,13.0,12.2
2024,-1,PSA,Daniel Boone,55.7,18.2,15.0,11.0,11.5
2024,-1,PIA,Central Bucks School District,73.2,23.2,19.8,15.6,14.6
2024,-1,PIA,Mission Independent,72.2,23.5,19.5,15.4,13.8
2024,-1,PSO,Old Bridge,88.8,25.9,27.3,17.2,18.4
2024,-1,PSO,Downingtown HS West,83.5,24.5,25.5,16.0,17.5
2024,-1,PSO,Highland Regional,82.95,25.0,25.35,15.4,17.2
2024,-4,PRA(,Avon Grove,77.5,22.2,23.7,15.8,15.8
2024,-4,PSA,Spring-Ford,90.65,26.7,27.75,18.0,18.2
2024,-4,PSA,Unionville,87.45,26.0,26.85,17.2,17.4
2024,-4,PSA,Egg Harbor Township HS,86.1,26.4,26.1,16.7,16.9
2024,-4,PSA,Bridgewater Raritan,83.75,25.6,26.55,16.4,15.2
2024,-4,PSA,Southern Regional,82.451,25.3,25.35,16.8,15.0
2024,-4,PSA,Hopewell Valley Central,80.476,24.3,25.575,16.0,14.6
2024,-4,PSA,Perkiomen Valley,79.951,22.8,24.15,16.2,16.8
2024,-4,PSA,Kingsway Regional HS,75.551,24.8,21.75,14.6,14.4
2024,-4,PSA,Parkland,75.451,20.8,23.55,15.6,15.5
2024,-4,PSA,Coatesville,74.2,20.6,23.7,14.8,15.1
2024,-4,PSA,Marple Newtown,73.65,21.7,22.95,15.0,14.0
2024,-4,PSA,Upper Darby,72.225,20.4,23.025,15.2,13.6
2024,-4,PSA,Daniel Boone,68.95,19.9,22.05,14.0,13.0
2024,-4,PSA,Upper Dublin,66.1,19.3,21.0,13.4,12.4
2024,-4,PSA,Pennridge,53.0,15.0,18.0,10.0,10.0
2024,-4,ME,North Penn,81.15,25.1,25.05,15.4,15.6
2024,-4,PIA,Central Bucks School District,74.8,24.0,22.2,14.8,13.8
2024,-4,PIA,Mission Independent,70.0,22.7,20.4,14.0,12.9
2024,-4,PSO,Old Bridge,87.3,26.0,26.1,17.5,17.7
2024,-4,PSO,Downingtown HS West,82.9,24.6,25.2,16.4,16.7
2024,-4,PIW,United Percussion,88.3,26.3,26.7,18.3,17.0
2024,-5,PRA(,Methacton,77.925,21.225,24.3,15.2,17.2
2024,-5,ME,Avon Grove,81.95,23.2,25.05,16.2,17.5
2024,-5,PSA,Spring-Ford,87.2,26.6,27.0,16.4,17.2
2024,-5,PSA,Owen J Roberts,84.05,25.2,26.25,16.1,16.5
2024,-5,PSA,Southern Regional,82.375,24.5,25.275,15.7,16.9
2024,-5,PSA,Pennridge,80.65,24.9,25.05,14.6,16.1
2024,-5,PSA,North Penn,77.101,23.0,24.75,14.45,14.9
2024,-5,PSA,Phoenixville,76.301,22.7,23.1,14.8,15.7
2024,-5,PSA,Odessa High School,75.651,21.9,24.45,14.7,14.6
2024,-5,PSA,Penn Manor High School,74.501,21.7,23.4,15.0,14.4
2024,-5,PSA,Coatesville,73.0,22.1,22.5,14.2,14.2
2024,-5,PSA,Upper Darby,72.7,22.95,21.45,14.3,14.0
2024,-5,PSA,Daniel Boone,68.45,20.2,22.05,12.4,13.8
2024,-5,PSO,Downingtown HS West,80.45,23.9,24.75,15.3,16.5
2024,-6,PRA(,Avon Grove,80.875,25.275,23.55,14.95,17.1
2024,-6,PRA(,Methacton,79.75,24.15,22.95,15.75,16.9
2024,-6,PSA,Egg Harbor Township HS,83.5,25.2,24.9,16.6,16.8
2024,-6,PSA,Highland Regional,83.2,24.95,26.25,15.6,16.4
2024,-6,PSA,Owen J Roberts,81.5,24.1,25.5,16.2,15.7
2024,-6,PSA,Downingtown HS West,80.9,24.9,23.7,16.5,15.8
2024,-6,PSA,Quakertown,78.4,23.0,23.55,15.8,16.05
2024,-6,PSA,Phoenixville,76.301,24.2,22.8,14.4,14.9
2024,-6,PSA,North Penn,75.276,22.9,23.325,14.45,14.6
2024,-6,PSA,Downingtown HS East,75.101,21.3,23.4,16.0,14.4
2024,-6,PSA,Parkland,74.15,23.4,22.5,13.6,14.65
2024,-6,PSA,Perkiomen Valley,74.0,21.6,21.9,14.9,15.6
2024,-6,PSA,Kingsway Regional HS,72.6,22.1,19.65,14.55,16.3
2024,-6,PSA,Pennridge,72.6,22.2,20.55,14.1,15.75
2024,-6,PSA,Marple Newtown,71.5,21.2,22.2,14.0,14.1
2024,-6,PSA,Odessa High School,69.8,20.5,21.15,13.9,14.25
2024,-6,PSA,Upper Darby,74.301,23.5,21.45,14.6,14.75
2024,-6,PSA,Daniel Boone,65.5,20.2,19.2,12.4,13.7
2024,-6,PSA,Upper Dublin,60.8,19.1,18.6,10.9,12.2
2024,-6,ME,Unionville,84.8,24.4,26.4,17.5,16.5
2024,-6,PIA,Mission Independent,65.05,20.1,19.05,12.9,13.0
2024,-6,PSO,Old Bridge,80.15,25.0,23.85,15.7,15.6
2024,-7,PRA(,Methacton,71.0,21.9,19.8,14.4,14.9
2024,-7,PSA,Egg Harbor Township HS,75.65,23.7,21.75,14.3,15.9
2024,-7,PSA,Highland Regional,75.65,24.0,21.15,14.8,15.7
2024,-7,PSA,Downingtown HS East,72.85,23.0,20.85,14.1,14.9
2024,-7,PSA,Hopewell Valley Central,70.3,21.8,19.5,13.7,15.3
2024,-7,PSA,Edison HS,69.3,21.4,20.1,13.3,14.5
2024,-7,PSA,Penn Manor High School,68.801,21.1,20.1,13.6,14.0
2024,-8,PRA(,Marple Newtown,69.575,18.375,22.2,14.7,14.3
2024,-8,PSA,Bridgewater Raritan,78.3,23.3,23.7,15.9,15.4
2024,-8,PSA,Downingtown HS West,78.1,22.6,24.3,15.3,15.9
2024,-8,PSA,Owen J Roberts,77.15,22.7,23.25,15.6,15.6
2024,-8,PSA,Quakertown,75.05,22.4,23.1,14.65,14.9
2024,-8,PSA,Highland Regional,74.05,23.0,21.9,14.45,14.7
2024,-8,PSA,Hopewell Valley Central,73.351,21.0,23.55,13.6,15.2
2024,-8,PSA,Downingtown HS East,73.001,21.7,22.05,14.15,15.1
2024,-8,PSA,North Penn,70.351,19.6,23.4,13.55,13.8
2024,-8,PSA,Phoenixville,71.101,21.3,20.55,15.25,14.0
2024,-8,PSA,Upper Darby,69.7,19.9,21.6,13.9,14.3
2024,-8,PSA,Edison HS,68.2,20.9,21.15,12.65,13.5
2024,-8,PSA,Parkland,67.875,19.65,21.525,13.5,13.2
2024,-8,PSA,Odessa High School,66.725,19.5,20.175,13.35,13.7
2024,-8,PSA,Penn Manor High School,65.9,20.4,20.1,12.8,12.6
2024,-8,PSA,Coatesville,64.775,20.1,19.575,13.0,12.1
2024,-8,PSA,Daniel Boone,62.75,18.7,19.35,12.4,12.3
2024,-8,PSA,Upper Dublin,56.0,18.0,18.0,10.0,10.0
2024,-8,PIA,Central Bucks School District,71.4,22.1,20.7,13.7,14.9
2024,-9,PSA,Spring-Ford,78.05,22.3,23.85,15.9,16.0
2024,-9,PSA,Unionville,74.8,22.2,22.8,14.7,15.1
2024,-9,PSA,Egg Harbor Township HS,74.5,22.4,22.5,13.9,15.7
2024,-9,PSA,Bridgewater Raritan,72.85,21.1,22.95,14.8,14.0
2024,-9,PSA,Perkiomen Valley,69.05,20.1,20.85,14.6,13.5
2024,-9,PSA,Coatesville,65.801,19.8,20.4,12.9,12.7
2024,-9,ME,Southern Regional,71.5,21.2,22.2,14.4,13.7
2024,-9,PSO,Old Bridge,72.55,21.6,22.35,15.1,13.5
2023,0,PRA,Odessa High School,84.5,24.8,24.6,16.9,18.2
2023,0,PRA,Marple Newtown,82.6,25.0,24.0,16.3,17.3
2023,0,PRA,Cheltenham,80.25,23.4,23.85,15.6,17.4
2023,0,PRA,Great Valley High School,78.2,22.5,22.5,16.5,16.7
2023,0,PSA,Owen J Roberts,91.15,26.75,27.9,17.7,18.8
2023,0,PSA,Unionville,91.05,27.5,26.85,17.95,18.75
2023,0,PSA,Egg Harbor Township HS,90.225,25.85,27.375,18.45,18.55
2023,0,PSA,Pennridge,89.525,26.9,27.675,17.4,17.55
2023,0,PSA,Spring-Ford,89.475,26.8,26.775,18.0,17.9
2023,0,PSA,Southern Regional,88.626,26.1,27.525,18.2,16.8
2023,0,PSA,Perkiomen Valley,88.351,25.15,26.1,18.5,18.6
2023,0,PSA,Cab Calloway,86.801,27.7,26.55,15.35,17.2
2023,0,PSA,Hopewell Valley Central,86.55,26.0,25.2,16.7,18.65
2023,0,PSA,Bridgewater Raritan,85.925,26.05,25.875,16.5,17.5
2023,0,PSA,Highland Regional,88.276,27.3,26.625,16.9,17.45
2023,0,PSA,Quakertown,85.325,25.2,26.025,17.1,17.0
2023,0,PSA,Hatboro-Horsham High School,81.6,25.9,23.55,16.2,15.95
2023,0,PSA,Downingtown HS West,81.3,24.9,25.05,15.2,16.15
2023,0,PSA,Parkland,79.9,23.7,23.4,15.9,16.9
2023,0,PSA,Upper Darby,82.575,24.1,25.275,15.8,17.4
2023,0,PSA,Phoenixville,79.725,24.3,24.525,14.7,16.2
2023,0,PSA,North Penn,79.65,24.7,24.15,15.4,15.4
2023,0,PSA,Coatesville,78.5,23.8,24.6,15.0,15.1
2023,0,PSA,Downingtown HS East,80.875,24.05,25.575,15.15,16.1
2023,0,PSA,Neshaminy High School,73.375,23.5,21.675,14.1,14.1
2023,0,PSA,Council Rock South,71.9,22.9,21.9,12.5,14.6
2023,0,PIO,United Percussion 2,91.05,27.3,25.95,19.1,18.7
2023,0,PIO,Camden County NJ,91.05,27.3,25.95,19.1,18.7
2023,0,PSW,Old Bridge,89.75,26.9,26.25,18.0,18.6
2023,0,PIW,United Percussion,92.75,27.9,27.15,18.7,19.0
2023,-2,PRA,Odessa High School,82.55,23.9,25.35,16.6,16.7
2023,-2,PRA,Marple Newtown,81.2,24.5,24.9,15.7,16.1
2023,-2,PRA,Cheltenham,79.45,24.4,24.75,14.7,15.6
2023,-2,PRA,Great Valley High School,76.8,23.1,22.5,15.8,15.4
2023,-2,PIA,Central Bucks School District,71.5,21.5,21.0,14.5,14.5
2023,-2,PSA,Unionville,89.3,26.6,27.15,17.4,18.15
2023,-2,PSA,Egg Harbor Township HS,89.225,25.95,26.775,18.3,18.2
2023,-2,PSA,Owen J Roberts,88.775,26.7,27.075,16.9,18.1
2023,-2,PSA,Southern Regional,86.85,25.7,25.65,18.2,17.3
2023,-2,PSA,Highland Regional,86.451,25.75,26.4,16.7,17.6
2023,-2,PSA,Pennridge,86.351,26.2,26.1,17.1,16.95
2023,-2,PSA,Perkiomen Valley,84.301,24.7,24.0,18.4,17.2
2023,-2,PSA,Spring-Ford,83.976,26.25,24.525,17.05,16.15
2023,-2,PSA,Bridgewater Raritan,83.351,26.1,24.75,16.3,16.2
2023,-2,PSA,Cab Calloway,82.5,26.8,24.6,14.75,16.35
2023,-2,PSA,Hopewell Valley Central,82.5,25.0,24.9,15.9,16.7
2023,-2,PSA,Quakertown,81.475,25.55,23.775,16.85,15.3
2023,-2,PSA,Downingtown HS East,81.15,25.35,25.05,14.65,16.1
2023,-2,PSA,Upper Darby,79.6,24.2,23.1,15.8,16.5
2023,-2,PSA,Hatboro-Horsham High School,78.7,24.3,22.8,16.0,15.6
2023,-2,PSA,Downingtown HS West,76.925,23.7,21.525,15.1,16.6
2023,-2,PSA,Parkland,76.35,22.1,23.55,15.3,15.4
2023,-2,PSA,North Penn,73.9,23.0,21.6,14.9,14.4
2023,-2,PSA,Phoenixville,73.575,22.5,21.825,14.45,14.8
2023,-2,PSA,Coatesville,73.2,22.9,21.0,14.7,14.6
2023,-2,PSA,Neshaminy High School,71.7,23.4,20.7,13.8,13.8
2023,-2,PSA,Council Rock South,54.3,15.0,16.8,10.4,12.1
2023,-2,PSW,Old Bridge,87.2,26.8,25.8,17.5,17.1
2023,-3,PRA,Odessa High School,80.75,24.4,24.75,15.9,15.7
2023,-3,PRA,Marple Newtown,78.95,23.9,23.85,16.1,15.1
2023,-3,PRA,Cheltenham,74.05,23.4,22.95,13.5,14.2
2023,-3,PRA,Great Valley High School,73.35,21.5,22.05,14.8,15.0
2023,-3,PSA,Egg Harbor Township HS,85.5,26.0,26.7,16.5,16.3
2023,-3,PSA,Southern Regional,82.55,25.1,25.35,16.0,16.1
2023,-3,PSA,Quakertown,81.4,25.4,24.9,15.8,15.3
2023,-3,PSA,Hopewell Valley Central,80.251,23.1,24.15,16.2,16.8
2023,-3,PSA,Cab Calloway,80.3,26.3,23.7,15.1,15.2
2023,-3,PSA,Upper Darby,78.351,22.5,24.75,15.2,15.9
2023,-3,PSA,Downingtown HS West,77.351,23.5,24.45,14.4,15.0
2023,-3,PSA,Phoenixville,73.0,22.6,21.9,14.2,14.3
2023,-3,PSA,Neshaminy High School,72.5,22.1,22.8,13.6,14.0
2023,-5,PRA,Great Valley High School,68.65,19.8,21.15,13.5,14.2
2023,-5,PSA,Owen J Roberts,79.4,23.7,23.4,16.1,16.2
2023,-5,PSA,Pennridge,78.6,22.9,24.6,15.3,15.8
2023,-5,PSA,Highland Regional,77.95,23.5,23.55,15.8,15.1
2023,-5,PSA,Spring-Ford,79.6,24.2,25.35,14.9,15.15
2023,-5,PSA,Hopewell Valley Central,76.751,22.1,22.95,16.3,15.4
2023,-5,PSA,Southern Regional,76.626,23.4,23.325,14.3,15.6
2023,-5,PSA,Bridgewater Raritan,75.551,23.0,24.3,14.05,14.2
2023,-5,PSA,Downingtown HS West,74.151,22.4,23.25,14.0,14.5
2023,-5,PSA,North Penn,73.6,21.8,22.2,15.2,14.4
2023,-5,PSA,Council Rock South,73.25,20.8,22.8,14.75,14.9
2023,-5,PSA,Hatboro-Horsham High School,73.7,21.9,22.65,14.45,14.7
2023,-5,PSA,Coatesville,70.2,20.4,21.9,13.9,14.0
2023,-5,PSA,Parkland,67.95,20.7,21.45,12.4,13.4
2023,-5,PSA,Phoenixville,68.3,20.0,20.85,13.65,13.8
2023,-5,PIA,Central Bucks School District,69.3,20.1,21.3,13.7,14.2
2023,-6,PRA,Odessa High School,75.95,23.0,22.65,15.4,14.9
2023,-6,PRA,Phoenixville,73.25,21.9,22.05,14.5,14.8
2023,-6,PRA,Plymouth Whitemarsh,71.35,19.8,20.55,15.1,15.9
2023,-6,PRA,Marple Newtown,69.65,20.6,22.35,13.3,13.4
2023,-6,PRA,Cheltenham,68.001,20.9,20.7,12.2,14.2
2023,-6,PRA,Great Valley High School,67.401,20.2,20.1,13.0,14.1
2023,-6,PSA,Owen J Roberts,81.95,23.9,24.75,16.4,16.9
2023,-6,PSA,Egg Harbor Township HS,78.55,22.8,24.15,15.7,15.9
2023,-6,PSA,Downingtown HS East,77.8,24.9,22.8,15.0,15.1
2023,-6,PSA,Highland Regional,77.1,21.0,23.55,16.25,16.3
2023,-6,PSA,Pennridge,75.15,22.0,22.35,15.3,15.5
2023,-6,PSA,Cab Calloway,74.901,22.5,22.05,14.95,15.4
2023,-6,PSA,Quakertown,73.651,21.4,22.95,14.6,14.7
2023,-6,ME,Unionville,80.95,23.6,23.85,16.9,16.6
2023,-6,PSO,Old Bridge,87.65,26.9,26.85,17.0,16.9
2023,-7,PRA,Parkland,71.6,22.0,22.8,13.4,13.4
2023,-7,PRA,Coatesville,71.15,21.1,20.85,14.6,14.6
2023,-7,PRA,Odessa High School,69.9,20.4,21.3,14.2,14.0
2023,-7,PRA,Marple Newtown,64.3,20.1,19.2,12.6,12.4
2023,-7,PRA,Plymouth Whitemarsh,66.55,19.7,20.25,13.3,13.3
2023,-7,PSA,Unionville,77.975,23.5,22.275,16.4,15.8
2023,-7,PSA,Owen J Roberts,77.5,23.2,24.3,14.5,15.5
2023,-7,PSA,Upper Darby,75.3,21.4,23.1,15.6,15.2
2023,-7,PSA,Egg Harbor Township HS,75.6,21.0,23.55,15.45,15.6
2023,-7,PSA,Perkiomen Valley,75.85,22.1,22.35,16.1,15.3
2023,-7,PSA,North Penn,71.976,22.4,21.825,14.35,13.4
2023,-7,PSA,Pennridge,71.651,21.5,22.5,14.15,13.5
2023,-7,PSA,Downingtown HS West,71.151,20.3,21.75,14.8,14.3
2023,-7,PSA,Cab Calloway,68.101,19.5,21.3,13.7,13.6
2023,-7,PSA,Hopewell Valley Central,68.0,20.6,18.9,14.7,13.8
2023,-7,PSA,Neshaminy High School,66.15,19.8,20.25,13.2,12.9
2023,-7,ME,Downingtown HS East,73.25,22.1,22.05,14.6,14.5
2023,-7,PIA,Central Bucks School District,67.45,20.6,19.05,14.2,13.6
2023,-8,PRA,Council Rock South,71.5,19.4,20.7,15.3,16.1
2023,-8,PRA,Coatesville,67.0,19.7,19.5,14.9,12.9
2023,-8,PRA,Cheltenham,60.55,18.5,18.75,11.2,12.1
2023,-8,PRA,Parkland,62.75,18.2,18.45,12.9,13.2
2023,-8,PSA,Unionville,75.15,23.7,20.55,15.7,15.2
2023,-8,PSA,Spring-Ford,76.15,23.0,22.35,15.3,15.5
2023,-8,PSA,Hopewell Valley Central,70.95,21.0,22.05,14.3,13.6
2023,-8,PSA,Upper Darby,72.0,21.6,20.4,14.9,15.1
2023,-8,PSA,North Penn,68.551,20.8,20.85,13.6,13.3
2023,-8,PSA,Bridgewater Raritan,69.351,21.9,18.75,13.9,14.8
2023,-8,PSA,Downingtown HS East,70.8,23.4,19.2,14.1,14.1
2023,-8,PSA,Quakertown,68.151,20.7,19.05,14.6,13.8
2023,-8,PSA,Neshaminy High School,64.851,20.0,19.35,13.1,12.4
2023,-8,ME,Hatboro-Horsham High School,72.5,22.5,21.0,14.6,14.4
2023,-8,PSO,Old Bridge,77.95,23.2,22.65,16.0,16.1
2023,-9,PRA,Hatboro-Horsham High School,71.95,23.0,17.85,15.6,15.5
2023,-9,PRA,Coatesville,66.8,22.0,16.2,14.2,14.4
2023,-9,PSA,Owen J Roberts,71.75,21.2,21.15,13.9,15.5
2023,-9,PSA,Spring-Ford,71.7,22.6,20.4,14.0,14.7
2023,-9,PSA,Southern Regional,69.85,20.5,20.25,14.7,14.4
2023,-9,PSA,Bridgewater Raritan,67.101,20.3,19.8,13.7,13.3
2023,-9,PSA,Perkiomen Valley,67.5,20.2,19.5,13.8,14.0
2023,-9,PSA,Egg Harbor Township HS,65.051,19.8,18.15,12.9,14.2
2023,-9,PSA,Highland Regional,67.201,19.6,19.2,13.5,14.9
2023,-9,PSO,Fair Lawn,70.85,21.2,21.75,13.8,14.1
2023,-9,PSOE,Old Bridge,77.1,23.6,23.1,14.7,15.7
2022,0,PRA,Parkland,93.65,28.2,28.65,18.3,18.5
2022,0,PRA,Coatesville,91.1,27.4,28.2,17.4,18.1
2022,0,PRA,Council Rock South,90.7,27.5,27.6,17.7,17.9
2022,0,PRA,Cheltenham,88.75,27.0,26.85,17.5,17.4
2022,0,PRA,Great Valley High School,84.251,26.95,25.5,15.9,15.9
2022,0,PRA,Upper Dublin,84.001,25.5,24.3,16.9,17.3
2022,0,PRA,Council Rock North,80.701,24.1,24.6,16.2,15.8
2022,0,PRA,Penncrest,78.701,21.2,24.9,16.1,16.5
2022,0,PIA,Central Bucks School District,78.0,23.5,23.4,16.2,14.9
2022,0,PIW,Imperial Dynasty,85.5,25.1,26.7,16.7,17.0
2022,0,PSA,Old Bridge,94.05,28.3,28.35,18.8,18.6
2022,0,PSA,Unionville,92.0,27.8,28.2,18.1,17.9
2022,0,PSA,Owen J Roberts,91.45,27.9,27.75,18.0,17.8
2022,0,PSA,Spring-Ford,90.8,27.55,27.3,18.35,17.6
2022,0,PSA,Southern Regional,89.275,27.4,27.075,17.7,17.1
2022,0,PSA,North Penn,86.551,26.9,27.45,15.9,16.3
2022,0,PSA,Perkiomen Valley,86.401,25.8,26.7,17.4,16.5
2022,0,PSA,Quakertown,86.376,27.0,26.175,17.0,16.2
2022,0,PSA,Downingtown HS East,85.251,25.4,26.25,17.2,16.4
2022,0,PSA,Downingtown PA,85.251,25.4,26.25,17.2,16.4
2022,0,PSA,Highland Regional,84.4,25.1,27.0,16.8,15.5
2022,0,PSA,Bridgewater Raritan,83.6,25.9,25.8,16.6,15.3
2022,0,PSA,Pennridge,81.525,24.8,24.825,16.3,15.6
2022,0,PSA,Phoenixville,80.7,24.2,24.3,16.1,16.1
2022,0,PSA,Marple Newtown,78.0,23.2,24.9,14.9,15.0
2022,0,PSA,Hopewell Valley Central,77.2,23.6,23.7,15.1,14.8
2022,0,PSA,Upper Darby,75.9,22.9,23.1,15.0,14.9
2022,0,PIO,United 2,84.75,25.1,26.25,16.7,16.7
2022,0,PIO,Camden County NJ,84.75,25.1,26.25,16.7,16.7
2022,0,PIW,Imperial Dynasty,85.85,25.6,26.25,17.1,16.9
2022,-1,PRA,Parkland,87.85,24.7,26.55,18.1,18.5
2022,-1,PRA,Cheltenham,83.75,24.1,24.75,18.8,16.1
2022,-1,PRA,Council Rock South,82.95,23.5,23.25,19.2,17.0
2022,-1,PRA,Coatesville,80.4,22.2,24.9,16.8,16.5
2022,-1,PRA,Upper Dublin,76.3,22.5,23.1,15.9,14.8
2022,-1,PRA,Council Rock North,72.951,22.5,21.75,15.2,13.5
2022,-1,PRA,Great Valley High School,72.901,22.0,21.9,14.7,14.3
2022,-1,PRA,Penncrest,73.551,21.6,22.05,16.0,13.9
2022,-1,PSA,Old Bridge,89.65,26.9,26.25,17.8,18.7
2022,-1,PSA,Spring-Ford,87.3,25.8,26.1,18.0,17.4
2022,-1,PSA,Owen J Roberts,84.95,25.2,25.35,18.1,16.3
2022,-1,PSA,Southern Regional,82.1,24.7,23.4,17.1,16.9
2022,-1,PSA,Quakertown,81.701,23.7,25.8,16.2,16.0
2022,-1,PSA,North Penn,80.101,25.2,24.6,15.0,15.3
2022,-1,PSA,Perkiomen Valley,78.001,23.0,22.2,16.7,16.1
2022,-1,PSA,Downingtown HS East,76.0,22.4,20.7,16.5,16.4
2022,-1,PSA,Downingtown PA,76.0,22.4,20.7,16.5,16.4
2022,-1,PSA,Highland Regional,76.701,21.3,22.8,15.6,17.0
2022,-1,PSA,Bridgewater Raritan,75.65,24.2,21.3,15.05,15.1
2022,-1,PSA,Pennridge,74.05,21.7,21.15,15.4,15.8
2022,-1,PSA,Unionville,83.55,24.9,24.45,17.4,16.8
2022,-1,PSA,Phoenixville,72.3,21.6,21.6,14.6,14.5
2022,-1,PSA,Marple Newtown,71.6,20.5,21.0,15.2,14.9
2022,-1,PSA,Hopewell Valley Central,69.55,20.5,20.55,14.2,14.3
2022,-1,PSA,Upper Darby,69.85,21.2,19.65,14.4,14.6
2022,-3,PRA,Parkland,88.1,25.1,26.4,18.5,18.1
2022,-3,PRA,Coatesville,83.95,25.4,25.35,16.6,16.6
2022,-3,PRA,Council Rock South,82.75,22.9,25.2,17.7,16.95
2022,-3,PRA,Cheltenham,82.65,24.4,25.05,17.1,16.1
2022,-3,PRA,Plymouth Whitemarsh,76.35,22.2,22.2,15.7,16.25
2022,-3,PRA,Upper Dublin,75.901,21.9,23.7,15.4,14.9
2022,-3,PRA,Great Valley High School,75.551,22.6,22.95,14.9,15.1
2022,-3,PIA,Central Bucks School District,80.6,23.3,26.7,16.0,14.6
2022,-3,PSA,Old Bridge,88.85,25.9,27.45,17.5,18.0
2022,-3,PSA,Owen J Roberts,82.2,22.9,24.75,17.6,16.95
2022,-3,PSA,Unionville,85.0,24.6,26.4,17.0,17.0
2022,-3,PSA,Quakertown,79.9,23.9,25.05,15.2,15.75
2022,-3,PSA,Pennridge,77.351,22.6,23.1,16.0,15.65
2022,-3,PSA,Phoenixville,77.001,22.2,24.3,14.5,16.0
2022,-3,PSA,North Penn,81.25,23.9,25.2,16.6,15.55
2022,-3,PSA,Upper Darby,75.351,22.9,24.0,14.0,14.45
2022,-3,PSA,Hopewell Valley Central,74.401,21.4,23.25,15.0,14.75
2022,-3,PSA,Edison HS,74.3,22.4,22.05,15.5,14.35
2022,-3,PSA,Marple Newtown,73.35,21.7,22.35,14.8,14.5
2022,-3,PIW,Imperial Dynasty,83.4,24.7,27.3,16.1,15.3
2022,-5,PRA,Parkland,85.1,25.4,25.2,17.5,17.0
2022,-5,PRA,Quakertown,85.1,25.7,25.8,17.0,16.6
2022,-5,PRA,Cheltenham,80.35,24.1,24.15,16.2,15.9
2022,-5,PRA,Coatesville,80.0,23.8,24.0,16.0,16.2
2022,-5,PRA,Council Rock North,75.05,22.3,22.65,14.9,15.2
2022,-5,PRA,Upper Dublin,74.201,21.4,22.2,14.9,15.7
2022,-5,PRA,Great Valley High School,71.651,21.9,21.45,14.0,14.3
2022,-5,PIA,Central Bucks School District,74.0,22.8,21.3,15.3,14.6
2022,-5,PSA,Old Bridge,84.45,25.3,25.95,16.6,16.6
2022,-5,PSA,Cab Calloway,81.6,25.2,24.6,16.2,15.6
2022,-5,PSA,Spring-Ford,81.55,23.9,24.9,16.4,16.35
2022,-5,PSA,Owen J Roberts,78.65,22.0,23.55,16.8,16.3
2022,-5,PSA,North Penn,76.851,23.5,23.85,14.6,14.9
2022,-5,PSA,Pennridge,76.751,23.0,22.35,16.0,15.4
2022,-5,PSA,Middletown,77.501,24.3,23.4,14.6,15.2
2022,-5,PSA,DE,77.501,24.3,23.4,14.6,15.2
2022,-5,PSA,Highland Regional,75.551,21.9,22.95,14.9,15.8
2022,-5,PSA,Phoenixville,72.701,22.0,21.75,14.0,14.95
2022,-5,PSA,Downingtown HS East,71.2,20.6,22.2,14.2,14.2
2022,-5,PSA,Downingtown PA,71.2,20.6,22.2,14.2,14.2
2022,-5,PSA,Upper Darby,70.9,22.7,20.1,13.5,14.6
2022,-5,ME,Unionville,81.25,23.6,25.05,15.8,16.8
2022,-6,PRA,Pennridge,84.0,24.6,25.8,16.5,17.1
2022,-6,PRA,Parkland,80.9,24.0,23.55,16.6,16.75
2022,-6,PRA,Council Rock South,80.4,24.5,24.3,15.2,16.4
2022,-6,PRA,Coatesville,76.25,23.1,21.15,15.9,16.1
2022,-6,PRA,Cheltenham,75.201,23.3,21.0,15.1,15.8
2022,-6,PRA,Penncrest,73.751,22.5,21.75,14.3,15.2
2022,-6,PRA,Council Rock North,72.101,22.2,20.1,14.9,14.9
2022,-6,PRA,Plymouth Whitemarsh,71.101,21.0,20.85,14.2,15.05
2022,-6,PRA,Great Valley High School,70.501,21.5,20.7,13.7,14.6
2022,-6,PSA,Unionville,80.65,23.1,25.65,15.1,16.8
2022,-6,PSA,Spring-Ford,78.85,22.5,24.75,15.9,15.7
2022,-6,PSA,Owen J Roberts,75.8,21.7,23.85,14.0,16.25
2022,-6,PSA,North Penn,72.9,21.8,22.8,13.6,14.7
2022,-6,PSA,Phoenixville,71.9,21.2,22.65,13.1,14.95
2022,-6,PSA,Marple Newtown,70.501,20.5,22.5,13.4,14.1
2022,-6,PSA,Hopewell Valley Central,69.851,20.4,22.05,13.0,14.4
2022,-6,ME,Downingtown HS East,71.65,21.5,21.75,13.65,14.75
2022,-6,ME,Downingtown PA,71.65,21.5,21.75,13.65,14.75
2022,-7,PRA,Quakertown,83.3,25.9,25.8,15.3,16.3
2022,-7,PRA,Highland Regional,82.0,25.0,26.4,14.6,16.0
2022,-7,PRA,Parkland,79.7,25.4,24.0,15.2,15.1
2022,-7,PRA,Cheltenham,78.1,24.7,24.3,13.6,15.5
2022,-7,PRA,Coatesville,74.05,22.9,22.95,13.0,15.2
2022,-7,PRA,Penncrest,72.601,22.7,22.5,12.9,14.5
2022,-7,PRA,Upper Dublin,72.301,22.2,23.4,12.5,14.2
2022,-7,PIA,Central Bucks School District,69.6,24.6,20.7,11.7,12.6
2022,-7,PSA,Spring-Ford,76.3,22.3,24.3,13.8,15.9
2022,-7,PSA,Cab Calloway,76.05,22.0,24.15,14.3,15.6
2022,-7,PSA,Southern Regional,72.0,20.9,22.2,14.0,14.9
2022,-7,PSA,Downingtown HS East,66.751,21.5,20.25,11.6,13.4
2022,-7,PSA,Downingtown PA,66.751,21.5,20.25,11.6,13.4
2022,-7,PSA,North Penn,68.85,21.7,21.45,13.4,12.3
2022,-7,PSA,Bridgewater Raritan,65.151,21.0,20.85,10.7,12.6
2022,-7,PSA,Perkiomen Valley,65.001,20.3,20.1,11.7,12.9
2022,-7,PSA,Marple Newtown,62.501,19.0,19.5,12.1,11.9
2022,-7,PSA,Upper Darby,61.801,19.7,20.4,10.1,11.6
2022,-7,PIW,Imperial Dynasty,74.6,23.6,22.8,14.1,14.1
2022,-8,MT,MIC Test,0.0,0.0,0.0,0.0,0.0
2022,-8,PRA,Highland Regional,79.85,24.0,23.85,15.3,16.7
2022,-8,PRA,Council Rock South,74.4,22.8,21.6,14.6,15.4
2022,-8,PSA,Owen J Roberts,75.0,23.4,20.7,14.7,16.2
2022,-8,PSA,Southern Regional,72.25,23.2,20.55,13.8,14.7
2022,-8,PSA,Perkiomen Valley,70.05,23.1,19.65,13.0,14.3
2022,-8,PSA,West Milford High School,68.0,19.8,19.5,13.3,15.4
2022,-8,PSA,Hopewell Valley Central,66.35,21.4,18.75,12.7,13.5
2022,-8,PSA,Bridgewater Raritan,65.751,20.1,19.35,12.4,13.9
2022,-8,ME,Old Bridge,77.7,23.8,23.1,15.0,15.8
2022,-8,PSO,Fair Lawn,69.85,22.3,20.55,13.2,13.8
2020,0,PRA,Highland Regional,82.1,23.7,25.2,16.8,16.4
2020,0,PRA,Cheltenham,80.3,25.1,23.7,16.1,15.4
2020,0,PRA,Pennridge,80.25,23.2,24.75,16.6,15.7
2020,0,PRA,Coatesville,79.3,23.3,24.0,16.2,15.8
2020,0,PRA,Central Bucks West,75.1,22.5,22.8,14.8,15.0
2020,0,PSA,Southern Regional,82.1,24.0,24.9,16.7,16.5
2020,0,PSA,Cab Calloway,81.15,24.8,25.35,16.3,14.7
2020,0,PSA,Appoquinimink High School,80.525,24.6,24.825,16.5,14.6
2020,0,PSA,North Penn,80.25,25.1,24.75,15.9,14.5
2020,0,PSA,Owen J Roberts,79.9,23.2,23.7,16.9,16.1
2020,0,PSA,Hatboro-Horsham High School,78.076,23.7,23.775,15.3,15.3
2020,0,PSA,Quakertown,77.201,22.7,23.1,16.0,15.4
2020,0,PSA,William Penn,74.401,23.5,23.4,13.7,13.8
2020,0,PSA,Upper Moreland,74.901,21.3,24.0,15.6,14.0
2020,0,PSA,Avon Grove,67.25,18.8,21.15,14.3,13.0
2020,0,PIA,United 2,82.25,25.0,23.25,17.1,16.9
2020,0,PIA,Camden County NJ,82.25,25.0,23.25,17.1,16.9
2020,0,PSO,Old Bridge,82.95,24.4,24.75,16.8,17.0
2020,0,PSOE,Unionville,79.1,22.7,24.0,15.9,16.5
2020,0,PIO,Downingtown Area SD,81.95,24.3,25.35,16.2,16.1
2020,0,PIW,United Percussion,83.4,24.6,25.8,16.3,16.7
2020,-1,PRA,Egg Harbor Township HS,82.25,24.2,26.25,15.0,16.8
2020,-1,PRA,Parkland,81.1,23.8,25.5,16.0,15.8
2020,-1,PRA,Highland Regional,79.0,22.3,24.6,16.1,16.0
2020,-1,PRA,Coatesville,78.15,23.4,22.95,15.3,16.5
2020,-1,PRA,Pennridge,79.25,23.2,23.25,16.4,16.4
2020,-1,PRA,Cheltenham,77.751,22.7,23.85,15.8,15.4
2020,-1,PSA,Upper Darby,78.8,25.2,23.4,15.8,14.4
2020,-1,PSA,Cab Calloway,78.4,24.7,24.0,15.9,13.8
2020,-1,PSA,North Penn,76.975,24.9,23.475,15.1,13.5
2020,-1,PSA,Owen J Roberts,76.951,22.0,23.55,15.7,15.7
2020,-1,PSA,Ridley,77.4,24.6,22.8,15.2,14.8
2020,-1,PSA,Phoenixville,74.451,23.7,22.95,14.5,13.3
2020,-1,PSA,Marple Newtown,71.801,22.8,22.5,13.4,13.1
2020,-1,PSA,Hopewell Valley Central,69.651,22.5,21.75,13.1,12.3
2020,-1,PSA,Avon Grove,68.751,19.9,22.35,13.7,12.8
2020,-1,PSA,Methacton,63.5,19.7,20.4,12.3,11.1
2020,-1,PSO,Spring-Ford,77.25,23.4,22.95,15.4,15.5
2020,-1,PSO,Unionville,76.7,22.9,23.4,15.3,15.1
2020,-1,ME,Downingtown Area SD,83.25,25.0,25.05,16.6,16.6
2020,-2,PRA,Egg Harbor Township HS,81.5,25.2,25.2,16.2,14.9
2020,-2,PRA,Pennridge,79.9,23.1,24.0,17.3,15.5
2020,-2,PRA,Coatesville,77.75,22.8,23.85,15.4,15.7
2020,-2,PRA,Parkland,77.7,24.2,23.1,15.8,14.6
2020,-2,PRA,Central Bucks West,70.55,22.2,19.65,15.0,13.7
2020,-2,PSA,Upper Darby,73.75,23.0,23.55,14.2,13.0
2020,-2,PSA,Quakertown,71.95,20.4,22.95,15.0,13.6
2020,-2,PSA,Ridley,75.15,22.3,23.85,14.7,14.3
2020,-2,PSA,North Penn,71.75,22.7,21.15,15.4,12.5
2020,-2,PSA,Owen J Roberts,71.201,19.6,22.2,15.5,13.9
2020,-2,PSA,Phoenixville,71.151,21.4,22.05,14.4,13.3
2020,-2,PSA,Perkiomen Valley,70.101,21.1,21.6,13.4,14.0
2020,-2,PSA,Hopewell Valley Central,68.301,21.9,20.1,13.9,12.4
2020,-2,PSA,Marple Newtown,66.051,19.1,20.55,13.8,12.6
2020,-2,PSA,Upper Moreland,65.7,20.7,20.4,12.9,11.7
2020,-2,PIA,Aftermath,67.0,19.0,19.95,14.6,13.45
2020,-2,PSO,Old Bridge,78.7,22.7,24.6,15.8,15.6
2020,-2,PSO,Unionville,75.45,22.1,23.25,15.0,15.1
2020,-2,PSO,Spring-Ford,75.2,22.0,23.1,15.3,14.8
2020,-2,PIO,Downingtown Area SD,79.25,23.6,24.45,16.5,14.7
2020,-2,PIO,Imperial Dynasty,78.1,23.3,23.4,16.2,15.2
2020,-3,PRA,Egg Harbor Township HS,75.4,22.0,23.4,14.4,15.6
2020,-3,PRA,Highland Regional,74.65,21.1,22.65,15.2,15.7
2020,-3,PRA,Coatesville,72.3,20.0,22.5,14.7,15.1
2020,-3,PSA,Southern Regional,71.2,20.4,20.7,15.2,14.9
2020,-3,PSA,Perkiomen Valley,71.1,20.3,21.0,15.0,14.8
2020,-3,PSA,Hopewell Valley Central,67.0,19.5,20.1,14.2,13.2
2020,-3,PSA,Penncrest,62.4,18.7,18.3,12.6,12.8
2020,-3,PSA,Methacton,61.6,18.8,16.8,13.5,12.5
2020,-3,PIA,United 2,75.35,22.8,21.15,15.7,15.7
2020,-3,PSO,Fair Lawn,69.6,20.5,20.1,15.2,13.8
2020,-3,ME,Old Bridge,70.3,20.3,20.7,14.6,14.7
2019,0,PRA,Highland Regional,88.2,25.5,25.5,18.6,18.6
2019,0,PRA,Upper Dublin,83.4,24.7,23.7,18.0,17.0
2019,0,PRA,Cheltenham,82.8,25.6,24.0,17.2,16.0
2019,0,PRA,Pennridge,82.35,23.4,22.95,17.5,18.5
2019,0,PSA,Unionville,89.95,27.95,25.95,17.9,18.15
2019,0,PSA,Southern Regional,88.75,27.9,24.75,17.6,18.5
2019,0,PSA,Ridley,87.15,27.4,24.45,17.3,18.0
2019,0,PSA,Hatboro-Horsham,86.275,25.9,24.075,18.0,18.3
2019,0,PSA,Upper Moreland,84.001,25.9,25.05,16.45,16.6
2019,0,PSA,Hempfield,83.101,26.3,24.0,16.8,16.0
2019,0,PSA,Hopewell Valley Central,82.901,25.35,23.1,16.85,17.6
2019,0,PSA,Upper Darby,82.601,26.1,24.6,15.8,16.1
2019,0,PSA,Owen J Roberts,81.551,26.35,22.8,16.5,15.9
2019,0,PSA,North Penn,80.55,23.8,23.85,15.6,17.3
2019,0,PSA,Quakertown,79.75,25.2,23.55,15.4,15.6
2019,0,PSA,Methacton,78.5,25.0,23.4,15.7,14.4
2019,0,PSA,Phoenixville,78.5,23.2,22.65,16.4,16.25
2019,0,PSA,Avon Grove,72.15,22.8,20.85,14.9,13.6
2019,0,PSA,Coatesville,70.4,22.2,20.4,14.6,13.2
2019,0,PIA,United 2,80.6,24.9,22.8,16.3,16.6
2019,0,PSO,Old Bridge,90.85,27.8,26.25,18.3,18.5
2019,0,PSO,Downingtown,88.05,27.9,25.05,17.3,17.8
2019,0,PSO,Springford,85.05,25.6,24.75,16.6,18.1
2019,0,PSO,Perkiomen Valley,81.7,23.9,24.6,16.8,16.4
2019,0,PSO,Cab Calloway,74.85,24.5,20.55,14.5,15.3
2019,0,PIO,Imperial Dynasty,82.4,24.5,26.1,16.2,15.6
2019,0,PIW,United Percussion,88.25,25.6,27.15,17.6,17.9
2019,-1,PRA,Highland Regional,85.4,24.8,26.4,17.3,16.9
2019,-1,PRA,Cheltenham,80.75,25.3,24.75,16.0,14.7
2019,-1,PRA,Pennridge,80.75,23.4,24.45,16.4,16.5
2019,-1,PRA,Upper Dublin,77.9,22.7,23.7,16.1,15.4
2019,-1,PRA,Clearview Regional,76.951,24.1,22.95,15.1,14.8
2019,-1,PRA,TEST Marching,0.001,0.0,0.0,0.0,0.0
2019,-1,PSA,Hatboro-Horsham,85.85,25.35,26.4,17.3,16.8
2019,-1,PSA,Unionville,88.6,25.0,27.6,17.8,18.2
2019,-1,PSA,Hopewell Valley Central,82.8,25.2,25.8,16.7,15.1
2019,-1,PSA,Owen J Roberts,82.651,24.4,25.95,16.2,16.1
2019,-1,PSA,Upper Darby,82.351,25.5,25.35,15.7,15.8
2019,-1,PSA,Coatesville,81.501,23.9,25.5,14.9,17.2
2019,-1,PSA,Quakertown,80.401,25.3,24.9,15.4,14.8
2019,-1,PSA,Southern Regional,87.35,26.7,26.7,17.25,16.7
2019,-1,PSA,Hempfield,80.275,25.8,25.125,15.15,14.2
2019,-1,PSA,Upper Moreland,80.1,21.8,25.2,16.0,17.1
2019,-1,PSA,Phoenixville,79.45,24.3,23.55,15.0,16.6
2019,-1,PSA,Ridley,85.425,25.1,25.125,17.6,17.6
2019,-1,PSA,North Penn,78.65,22.6,23.85,16.8,15.4
2019,-1,PSA,Methacton,77.35,23.4,24.15,14.8,15.0
2019,-1,PSA,Avon Grove,75.4,22.7,23.1,15.3,14.3
2019,-1,PSO,Old Bridge,88.35,27.1,28.05,16.7,16.5
2019,-1,PSO,Downingtown,86.6,26.0,27.0,16.6,17.0
2019,-1,PSO,Springford,85.6,25.7,26.7,16.9,16.3
2019,-1,PSO,Perkiomen Valley,83.15,25.4,26.85,15.1,15.8
2019,-1,PSO,Cab Calloway,78.8,23.1,25.5,14.7,15.5
2019,-2,PRA,Upper Moreland,92.75,28.2,27.45,18.7,18.4
2019,-2,PRA,Pennridge,80.85,24.2,23.55,16.6,16.5
2019,-2,PRA,Upper Dublin,80.05,23.6,23.25,16.5,16.7
2019,-2,PRA,Cheltenham,78.2,24.6,23.4,15.2,15.0
2019,-2,PSA,Southern Regional,87.65,25.9,26.25,17.9,17.6
2019,-2,PSA,Ridley,86.125,26.2,26.025,17.4,16.5
2019,-2,PSA,Hatboro-Horsham,85.05,25.3,25.95,16.9,16.9
2019,-2,PSA,Lower Dauphin,82.3,24.5,24.3,16.2,17.3
2019,-2,PSA,Upper Darby,80.201,24.4,23.7,15.7,16.4
2019,-2,PSA,Phoenix,79.551,22.7,24.15,16.5,16.2
2019,-2,PSA,Quakertown,78.551,24.8,23.4,15.25,15.1
2019,-2,PSA,Owen J Roberts,78.851,22.2,22.95,16.6,17.1
2019,-2,PSA,Hopewell Valley Central,77.901,25.0,22.2,15.1,15.6
2019,-2,PSA,North Penn,76.6,23.2,21.9,16.0,15.5
2019,-2,PSA,Coatesville,73.775,21.4,21.975,15.0,15.4
2019,-2,PSA,Penncrest,71.2,21.5,21.3,14.1,14.3
2019,-2,PIA,United 2,81.45,25.0,22.95,16.8,16.7
2019,-2,PSO,Cab Calloway,77.15,23.4,22.35,15.3,16.1
2019,-4,PRA,Upper Moreland,84.45,25.5,25.65,16.5,16.8
2019,-4,PRA,Highland Regional,83.45,24.1,25.35,17.0,17.0
2019,-4,PRA,Pennridge,77.95,22.9,22.65,15.9,16.5
2019,-4,PRA,Abington,77.35,23.3,23.25,15.6,15.2
2019,-4,PRA,Clearview Regional,75.201,23.8,22.5,14.5,14.4
2019,-4,PRA,Cheltenham,73.251,22.1,22.05,15.0,14.1
2019,-4,PRA,TEST Marching,0.001,0.0,0.0,0.0,0.0
2019,-4,PSA,Roxbury,84.25,24.2,25.95,16.9,17.2
2019,-4,PSA,Downingtown,82.55,24.9,24.45,16.2,17.0
2019,-4,PSA,East Pennsboro,82.2,23.7,25.5,16.5,16.5
2019,-4,PSA,Owen J Roberts,80.076,22.35,25.725,15.9,16.1
2019,-4,PSA,Southern Regional,80.55,23.95,25.2,15.4,16.0
2019,-4,PSA,Upper Darby,78.201,23.2,23.7,15.5,15.8
2019,-4,PSA,Quakertown,76.626,22.5,23.925,15.3,14.9
2019,-4,PSA,Phoenixville,75.301,22.7,22.5,14.8,15.3
2019,-4,PSA,Methacton,73.951,22.2,22.95,14.3,14.5
2019,-4,PSA,Coatesville,73.3,21.2,23.4,14.1,14.6
2019,-4,PSA,Middletown,73.05,20.6,23.55,14.5,14.4
2019,-4,PSA,Avon Grove,72.6,21.9,23.1,13.5,14.1
2019,-4,PSA,North Penn,72.75,20.2,22.05,15.0,15.5
2019,-4,PSA,William Penn,70.95,19.7,23.25,13.7,14.3
2019,-4,PSO,Old Bridge,84.95,24.7,27.15,16.6,16.5
2019,-4,PSO,Springford,82.3,24.0,25.8,16.3,16.2
2019,-4,PSO,Cab Calloway,78.2,23.3,24.0,15.4,15.5
2019,-4,PIO,Imperial Dynasty,80.35,24.7,25.95,14.4,15.3
2019,-5,PRA,Upper Moreland,84.9,28.1,25.2,16.1,15.5
2019,-5,PRA,Highland Regional,82.1,24.1,24.3,17.2,16.5
2019,-5,PRA,Upper Dublin,77.0,24.2,23.4,15.3,14.1
2019,-5,PRA,Cheltenham,75.65,23.4,22.95,15.7,13.6
2019,-5,PRA,Clearview Regional,74.8,23.7,23.7,14.3,13.1
2019,-5,PRA,TEST,0.001,0.0,0.0,0.0,0.0
2019,-5,PSA,Unionville,80.95,25.3,23.85,16.1,15.7
2019,-5,PSA,Ridley,79.6,24.8,22.5,16.2,16.1
2019,-5,PSA,Owen J Roberts,75.95,23.2,21.75,15.7,15.3
2019,-5,PSA,Phoenixville,73.75,21.7,23.55,15.1,13.4
2019,-5,PSA,Methacton,71.55,21.2,22.35,15.0,13.0
2019,-5,PSA,Hopewell Valley Central,69.851,21.3,20.55,14.2,13.8
2019,-5,PSA,Coatesville,67.051,20.3,19.95,13.2,13.6
2019,-5,PSA,North Penn,66.501,20.2,19.8,14.8,11.7
2019,-5,PSO,Springford,78.0,23.4,24.3,15.1,15.2
2019,-5,PSO,Cab Calloway,74.15,21.7,22.95,14.8,14.7
2019,-6,PRA,Pennridge,76.15,22.9,23.85,16.2,13.2
2019,-6,PRA,Abington,74.2,20.6,24.3,15.8,13.5
2019,-6,PRA,Cheltenham,74.15,21.8,23.55,15.5,13.3
2019,-6,PRA,Upper Dublin,72.1,20.7,23.1,15.3,13.0
2019,-6,PSA,Downingtown,78.25,23.1,23.85,15.9,15.4
2019,-6,PSA,Hatboro-Horsham,74.8,23.5,21.9,15.2,14.2
2019,-6,PSA,Unionville,75.2,22.5,22.95,14.95,14.8
2019,-6,PSA,Upper Darby,73.35,21.7,21.15,15.5,15.0
2019,-6,PSA,Ridley,74.0,22.6,21.75,15.25,14.4
2019,-6,PSA,Avon Grove,70.051,22.65,20.7,13.4,13.3
2019,-6,PSA,Hempfield,71.651,22.4,21.45,13.9,13.9
2019,-6,PSA,Quakertown,70.751,20.6,21.3,14.4,14.45
2019,-6,PSA,Phoenixville,68.451,21.1,20.25,13.1,14.0
2019,-6,PSA,Hopewell Valley Central,67.15,20.5,19.35,13.6,13.7
2019,-6,PSA,Coatesville,62.9,19.5,17.7,12.7,13.0
2019,-6,PSO,Old Bridge,76.0,22.1,24.6,14.7,14.6
2019,-6,PSO,Springford,71.65,20.7,23.25,13.8,13.9
2019,-6,PSO,Perkiomen Valley,69.1,20.8,20.1,14.0,14.2
2019,-6,PIO,Imperial Dynasty,70.15,21.2,20.55,14.1,14.3
2019,-7,PRA,Highland Regional,78.25,22.8,24.75,14.4,16.3
2019,-7,PRA,Clearview Regional,75.35,22.7,23.25,13.8,15.6
2019,-7,PRA,Woodbridge,75.45,23.4,22.95,14.0,15.1
2019,-7,PSA,Southern Regional,75.2,22.8,21.3,15.9,15.2
2019,-7,PSA,Hatboro-Horsham,72.05,21.8,20.85,14.9,14.5
2019,-7,PSA,Hempfield,70.15,21.9,20.55,14.5,13.2
2019,-7,PSA,Owen J Roberts,69.05,22.3,19.95,14.1,12.7
2019,-7,PSA,Avon Grove,66.251,21.2,19.35,12.9,12.8
2019,-7,PSA,Methacton,67.451,20.8,19.65,13.3,13.7
2019,-7,PSA,Hopewell Valley Central,62.101,20.3,17.4,12.5,11.9
2019,-7,PSA,Coatesville,60.601,20.2,16.8,12.1,11.5
2019,-7,PIA,United 2,69.6,22.4,19.8,14.3,13.1
2019,-7,PSO,Fair Lawn,71.9,22.4,21.6,13.3,14.6
2019,-7,PSO,Perkiomen Valley,66.55,21.1,19.95,12.3,13.2
2019,-7,PIW,United Percussion,77.9,24.2,23.1,15.6,15.0
2018,0,PRA,Upper Dublin,83.05,25.1,24.45,16.8,16.7
2018,0,PRA,Highland Regional,80.65,24.5,23.25,16.6,16.3
2018,0,PSA,Southern Regional,90.1,26.9,27.0,18.1,18.1
2018,0,PSA,Unionville,89.325,26.8,27.075,17.7,17.75
2018,0,PSA,Hatboro-Horsham,87.6,26.4,26.1,17.4,17.7
2018,0,PSA,North Penn,83.95,25.0,25.35,16.9,16.7
2018,0,PSA,Avon Grove,83.475,25.1,24.525,16.75,17.1
2018,0,PSA,Methacton,83.151,25.6,24.15,16.4,17.0
2018,0,PSA,Phoenixville,81.526,25.7,23.025,16.3,16.5
2018,0,PSA,Upper Darby,80.676,24.2,24.225,16.05,16.2
2018,0,PSA,Quakertown,80.301,25.4,24.0,15.9,15.0
2018,0,PSA,Hopewell Valley Central,79.7,24.25,24.3,16.25,14.9
2018,0,PSA,Cheltenham,78.1,23.9,22.8,15.6,15.8
2018,0,PSA,Parkland,77.075,24.3,22.275,15.2,15.3
2018,0,PSA,Coatesville,75.1,23.3,22.2,15.0,14.6
2018,0,PSA,Owen J Roberts,73.25,22.8,21.45,14.6,14.4
2018,0,PIA,East Coast Percussion,82.3,26.0,24.3,16.0,16.0
2018,0,PIA,Aftermath,75.6,21.9,22.2,15.2,16.3
2018,0,PSO,Old Bridge,91.55,27.4,27.45,18.3,18.4
2018,0,PSO,Springford,86.9,26.4,26.1,17.2,17.2
2018,0,PSO,Perkiomen Valley,84.75,25.4,26.25,16.8,16.3
2018,0,PSO,Downingtown,80.45,24.3,24.75,16.0,15.4
2018,0,PIO,Imperial Dynasty,85.2,26.6,25.5,16.6,16.5
2018,-1,PRA,Upper Dublin,83.15,24.8,25.05,16.7,16.6
2018,-1,PRA,Highland,80.8,23.4,24.0,16.5,16.9
2018,-1,PSA,Southern Regional,92.2,27.8,27.6,18.0,18.8
2018,-1,PSA,Unionville,90.3,27.5,27.0,17.3,18.5
2018,-1,PSA,Hatboro-Horsham,87.8,26.8,26.1,16.7,18.2
2018,-1,PSA,North Penn,84.45,26.3,24.3,16.4,17.45
2018,-1,PSA,Avon Grove,83.65,24.8,24.75,16.9,17.2
2018,-1,PSA,Upper Darby,82.826,25.9,24.375,15.8,16.75
2018,-1,PSA,Hopewell Valley Central,81.651,25.8,23.85,16.15,15.85
2018,-1,PSA,Methacton,79.401,24.0,22.5,15.9,17.0
2018,-1,PSA,Quakertown,79.901,24.8,24.3,15.1,15.7
2018,-1,PSA,Phoenixville,78.7,23.2,23.7,15.7,16.1
2018,-1,PSA,Cheltenham,78.3,23.1,23.4,15.45,16.35
2018,-1,PSA,Parkland,76.9,22.9,22.8,14.8,16.4
2018,-1,PSA,Coatesville,73.9,21.9,22.2,14.5,15.3
2018,-1,PSA,Owen J Roberts,73.2,22.2,21.6,14.3,15.1
2018,-1,PSO,Old Bridge,91.65,27.5,27.45,18.2,18.5
2018,-1,PSO,Springford,85.5,25.2,27.0,16.6,16.7
2018,-1,PSO,Perkiomen Valley,84.15,24.7,25.65,16.7,17.1
2018,-1,PSO,Downingtown,80.7,23.9,24.6,15.8,16.4
2018,-3,PRA,Upper Dublin,80.45,24.2,24.75,16.1,15.4
2018,-3,PSA,Southern Regional,90.25,26.6,27.15,18.3,18.2
2018,-3,PSA,Hatboro-Horsham,85.45,26.1,25.35,17.6,16.4
2018,-3,PSA,Upper Moreland,85.1,24.95,25.95,17.1,17.1
2018,-3,PSA,North Penn,81.3,24.95,23.85,16.6,15.9
2018,-3,PSA,Hopewell Valley Central,81.126,24.9,24.825,16.2,15.2
2018,-3,PSA,Avon Grove,80.651,23.1,24.75,16.8,16.0
2018,-3,PSA,Mechanicsburg,81.15,23.0,24.45,16.3,17.4
2018,-3,PSA,Lower Dauphin,79.301,23.9,22.8,15.8,16.8
2018,-3,PSA,Upper Darby,77.001,24.6,21.3,15.5,15.6
2018,-3,PSA,Quakertown,76.95,23.8,24.15,14.9,14.1
2018,-3,PSA,Parkland,74.15,21.8,22.95,14.6,14.8
2018,-3,PSA,Ridley,72.25,22.6,19.95,15.2,14.5
2018,-3,PSA,Owen J Roberts,70.2,21.1,21.6,13.9,13.6
2018,-3,PSA,Coatesville,69.95,21.2,20.55,14.7,13.5
2018,-3,PSO,Old Bridge,90.4,27.4,27.3,18.1,17.6
2018,-3,PSO,Springford,83.4,25.3,26.1,15.8,16.2
2018,-3,PSO,Downingtown,77.0,22.4,23.7,15.4,15.5
2018,-5,PRA,Conestoga Valley,81.55,23.9,25.05,16.1,16.5
2018,-5,PRA,Highland,78.55,23.2,23.25,16.2,15.9
2018,-5,PRA,Upper Dublin,78.2,23.4,23.7,15.0,16.1
2018,-5,PSA,Southern Regional,87.15,25.7,27.15,16.5,17.8
2018,-5,PSA,North Penn,79.425,24.05,24.525,14.75,16.1
2018,-5,PSA,Avon Grove,79.3,23.8,25.2,14.7,15.6
2018,-5,PSA,Williamstown,78.75,24.7,23.85,14.3,15.9
2018,-5,PSA,Hopewell Valley Central,78.701,25.1,24.0,14.2,15.4
2018,-5,PSA,Middletown,77.601,22.95,24.6,15.45,14.6
2018,-5,PSA,Methacton,76.751,23.0,23.55,15.4,14.8
2018,-5,PSA,Quakertown,76.401,23.75,24.75,13.8,14.1
2018,-5,PSA,Phoenixville,75.726,22.0,24.225,14.5,15.0
2018,-5,PSA,Upper Darby,75.5,22.6,23.7,14.0,15.2
2018,-5,PSA,Coatesville,73.925,21.75,23.475,15.0,13.7
2018,-5,PSA,Cheltenham,73.825,21.9,23.325,14.1,14.5
2018,-5,PSA,Parkland,73.2,21.6,23.4,13.9,14.3
2018,-5,PSA,Owen J Roberts,69.7,21.2,21.0,13.6,13.9
2018,-5,PSO,Old Bridge,87.25,25.8,27.15,17.0,17.3
2018,-5,PSO,Springford,81.7,25.0,27.0,14.9,14.8
2018,-5,PSO,Downingtown,76.6,23.2,24.9,14.5,14.0
2018,-5,PSO,Cab Calloway,75.15,21.3,25.35,14.8,13.7
2018,-5,PIO,Imperial Dynasty,80.9,23.8,25.8,15.3,16.0
2018,-6,PRA,Highland,78.9,24.5,23.7,15.2,15.5
2018,-6,PSA,Hatboro-Horsham,80.0,24.1,24.9,15.8,15.2
2018,-6,PSA,Unionville,81.6,23.5,25.5,16.0,16.6
2018,-6,PSA,Upper Darby,77.7,24.4,24.6,14.9,13.8
2018,-6,PSA,Williamstown,74.95,22.4,23.25,14.6,14.7
2018,-6,PSA,Penncrest,74.751,23.6,23.55,14.2,13.4
2018,-6,PSA,Avon Grove,72.951,22.4,24.15,13.4,13.0
2018,-6,PSA,Phoenixville,73.401,21.9,22.8,13.7,15.0
2018,-6,PSA,Coatesville,70.401,20.9,22.2,13.7,13.6
2018,-6,PSA,North Penn,72.001,22.8,22.5,13.0,13.7
2018,-6,PSA,Owen J Roberts,68.1,21.4,21.3,12.8,12.6
2018,-6,PSO,Springford,77.9,23.8,24.6,15.0,14.5
2018,-7,PRA,Phoenixville,81.05,24.2,25.05,15.6,16.2
2018,-7,PRA,Upper Dublin,76.25,23.2,22.95,15.2,14.9
2018,-7,PRA,Abington,75.5,22.4,23.7,14.1,15.3
2018,-7,PRA,Pennridge,73.25,20.6,21.45,15.5,15.7
2018,-7,PSA,Hatboro-Horsham,80.8,23.4,25.8,16.4,15.2
2018,-7,PSA,Unionville,80.55,24.2,25.05,15.4,15.9
2018,-7,PSA,Quakertown,76.2,23.0,24.9,14.1,14.2
2018,-7,PSA,Upper Darby,73.8,22.7,22.5,15.1,13.5
2018,-7,PSA,Methacton,73.701,22.4,23.1,13.5,14.7
2018,-7,PSA,Hopewell Valley Central,74.05,22.1,23.55,15.5,12.9
2018,-7,PSA,Cheltenham,71.951,21.2,23.85,13.7,13.2
2018,-7,PSA,Coatesville,70.301,20.8,21.9,14.6,13.0
2018,-7,PSA,Parkland,70.201,20.2,23.4,12.9,13.7
2018,-7,PIA,East Coast Percussion,74.0,21.2,22.5,15.6,14.7
2018,-7,PIA,Aftermath,68.75,20.0,22.35,12.8,13.6
2018,-7,PSO,Perkiomen Valley,73.65,22.5,24.75,12.9,13.5
2018,-7,PSO,Downingtown,70.45,21.8,23.25,12.8,12.6
2018,-7,PIO,Imperial Dynasty,77.5,23.0,24.3,15.2,15.0
2018,-8,PRA,Columbia,78.9,22.9,23.7,16.1,16.2
2018,-8,PRA,Highland,78.4,22.3,24.6,15.8,15.7
2018,-8,PRA,Abington,77.65,22.8,24.45,15.5,14.9
2018,-8,PSA,Southern Regional,80.65,22.4,25.05,16.6,16.6
2018,-8,PSA,Methacton,69.7,21.7,20.7,13.3,14.0
2018,-8,PSA,Penncrest,66.65,20.4,19.65,13.9,12.7
2018,-8,PSA,Hopewell Valley Central,67.95,20.7,19.95,14.0,13.3
2018,-8,PSA,Coatesville,66.05,20.3,19.05,13.1,13.6
2018,-8,PIA,East Coast Percussion,72.0,22.8,20.7,14.1,14.4
2018,-8,PSO,Fair Lawn,70.6,22.0,21.0,13.7,13.9
2018,-8,PSO,Perkiomen Valley,69.35,21.9,21.45,13.0,13.0
2018,-8,PIW,United Percussion,79.75,23.1,24.75,16.0,15.9
2017,0,S,Plymouth Whitemarsh,88.3,43.2,45.1,0.0,0.0
2017,0,PRA,Quakertown,91.8,27.3,27.9,18.2,18.4
2017,0,PRA,Highland,87.35,27.0,25.95,17.7,16.7
2017,0,PRA,Kensington CAPA,84.75,25.7,25.05,17.2,16.8
2017,0,PSA,Unionville,89.7,26.4,27.6,18.4,17.3
2017,0,PSA,Downingtown,89.3,25.9,27.3,17.7,18.4
2017,0,PSA,Southern Regional,88.1,25.25,27.75,18.3,16.8
2017,0,PSA,Perkiomen Valley,87.9,25.55,26.25,18.2,17.9
2017,0,PSA,North Penn,86.275,25.7,26.175,17.2,17.2
2017,0,PSA,Parkland,85.951,26.1,25.05,17.3,17.5
2017,0,PSA,Bayonne,84.451,24.95,25.2,17.8,16.5
2017,0,PSA,Upper Moreland,84.351,25.2,25.35,16.8,17.0
2017,0,PSA,Methacton,80.851,24.25,24.6,16.4,15.6
2017,0,PSA,Abington,79.55,23.8,23.85,15.9,16.0
2017,0,PSA,Hopewell Valley Central,77.95,24.3,22.95,15.2,15.5
2017,0,PSA,Bensalem,77.775,22.35,22.725,16.3,16.4
2017,0,PSA,Hempfield,76.0,23.4,23.4,15.1,14.1
2017,0,PSA,Coatesville,75.9,22.3,23.1,15.5,15.0
2017,0,PSA,Owen J Roberts,72.8,22.6,21.3,14.6,14.3
2017,0,PIA,Aftermath,86.8,25.4,25.5,17.7,18.2
2017,0,PSO,Springford,91.0,26.0,28.2,18.2,18.6
2017,0,PSO,Old Bridge,86.85,25.7,26.55,17.5,17.1
2017,0,PSO,Upper Darby,79.4,23.8,24.6,15.7,15.3
2017,0,PSO,Cab Calloway,79.05,24.1,23.55,15.9,15.5
2017,0,PIW,United Percussion,88.15,26.2,27.75,17.0,17.2
2017,-1,S,Plymouth Whitemarsh,85.6,42.1,43.5,0.0,0.0
2017,-1,PRA,Quakertown,90.2,26.1,28.8,17.5,17.8
2017,-1,PRA,Highland,89.0,26.4,27.3,16.8,18.5
2017,-1,PRA,Kensington CAPA,80.95,25.4,24.45,16.2,14.9
2017,-1,PSA,Unionville,89.2,27.0,25.8,18.1,18.3
2017,-1,PSA,Downingtown,87.1,26.15,26.25,17.5,17.2
2017,-1,PSA,Southern Regional,86.65,26.2,26.85,17.6,16.0
2017,-1,PSA,Perkiomen Valley,86.55,26.5,26.55,17.3,16.2
2017,-1,PSA,North Penn,86.1,26.1,26.4,17.2,16.4
2017,-1,PSA,Bayonne,85.401,25.7,26.1,16.8,16.8
2017,-1,PSA,Parkland,84.001,26.05,25.65,16.6,15.7
2017,-1,PSA,Upper Moreland,81.301,25.45,24.6,16.05,15.2
2017,-1,PSA,Methacton,77.351,24.1,23.85,14.8,14.6
2017,-1,PSA,Bensalem,76.3,22.75,22.05,16.2,15.3
2017,-1,PSA,Abington,76.7,24.2,24.0,14.5,14.0
2017,-1,PSA,Hopewell Valley Central,75.4,23.25,23.25,14.0,14.9
2017,-1,PSA,Hempfield,74.15,23.6,22.95,14.2,13.4
2017,-1,PSA,Coatesville,71.9,22.9,21.6,14.1,13.3
2017,-1,PSA,Owen J Roberts,66.5,21.1,19.8,12.9,12.7
2017,-1,PIA,Aftermath,84.4,25.2,24.9,17.4,16.9
2017,-1,PSO,Springford,88.3,26.5,26.4,17.6,17.8
2017,-1,PSO,Old Bridge,86.65,26.2,26.55,17.0,16.9
2017,-1,PSO,Upper Darby,78.1,23.7,23.4,15.3,15.7
2017,-1,PSO,Cab Calloway,77.15,24.6,22.95,14.8,14.8
2017,-3,PRA,Quakertown,90.75,25.6,28.65,17.5,19.0
2017,-3,PRA,Kensington CAPA,80.85,24.3,22.35,17.0,17.2
2017,-3,PRA,Rustin,76.35,23.0,21.45,15.3,16.6
2017,-3,PSA,Southern Regional,85.95,25.8,26.55,16.9,16.7
2017,-3,PSA,Lower Dauphin,85.25,23.8,26.25,17.9,17.3
2017,-3,PSA,Upper Moreland,83.65,25.3,24.45,16.7,17.2
2017,-3,PSA,Downingtown,82.15,25.1,24.15,16.0,16.9
2017,-3,PSA,North Penn,81.951,25.9,25.35,14.5,16.2
2017,-3,PSA,Westfield,76.551,22.5,24.75,13.8,15.5
2017,-3,PSA,Coatesville,72.751,19.5,22.05,16.5,14.7
2017,-3,PSA,Hopewell Valley Central,72.701,21.8,22.8,14.2,13.9
2017,-3,PSA,Owen J Roberts,65.351,19.0,19.35,13.6,13.4
2017,-3,PIA,Aftermath,83.1,24.6,24.9,16.8,16.8
2017,-3,PSO,Springford,83.8,25.7,25.8,14.9,17.4
2017,-3,PSO,Cab Calloway,80.25,23.1,24.45,15.8,16.9
2017,-3,PSO,Upper Darby,74.65,21.7,23.25,14.0,15.7
2017,-4,PRA,Highland,84.85,24.4,25.35,17.0,18.1
2017,-4,PRA,Rustin,73.65,21.7,22.35,15.0,14.6
2017,-4,PSA,Downingtown,84.025,25.3,24.825,17.0,16.9
2017,-4,PSA,Bayonne,81.625,23.45,24.525,17.8,15.85
2017,-4,PSA,North Penn,81.5,25.2,24.6,15.6,16.1
2017,-4,PSA,Southern Regional,80.9,24.5,23.4,16.8,16.2
2017,-4,PSA,Upper Moreland,78.8,23.75,24.0,14.9,16.15
2017,-4,PSA,Ridley,78.501,23.4,22.95,16.0,16.15
2017,-4,PSA,Williamstown,76.501,23.8,24.45,13.45,14.8
2017,-4,PSA,Methacton,75.601,22.9,23.1,14.4,15.2
2017,-4,PSA,Bensalem,73.526,21.6,20.475,16.4,15.05
2017,-4,PSA,Hempfield,72.0,22.5,21.6,13.6,14.3
2017,-4,PSA,Abington,71.1,23.0,20.7,13.3,14.1
2017,-4,PSA,Coatesville,70.1,21.9,20.55,13.2,14.45
2017,-4,PSO,Springford,82.55,24.9,24.45,16.7,16.5
2017,-4,PSO,Old Bridge,82.25,25.0,24.75,16.3,16.2
2017,-4,PSO,Cab Calloway,80.1,24.2,23.85,15.6,16.45
2017,-4,PSO,Upper Darby,71.95,23.4,22.35,10.6,15.6
2017,-4,PIO,Pennsauken,83.2,24.5,24.6,16.9,17.2
2017,-4,PIW,United Percussion,87.95,25.7,26.55,17.4,18.3
2017,-5,PRA,Quakertown,85.85,24.8,25.35,17.9,17.8
2017,-5,PRA,Phoenixville,82.25,23.9,24.15,17.7,16.5
2017,-5,PRA,Highland,78.7,23.8,21.6,15.9,17.4
2017,-5,PRA,Kensington CAPA,80.25,24.1,23.25,16.3,16.6
2017,-5,PRA,Pennridge,70.4,18.5,21.0,15.7,15.2
2017,-5,PSA,North Penn,79.15,24.9,23.55,15.6,15.1
2017,-5,PSA,Unionville,79.8,24.0,25.2,15.0,15.6
2017,-5,PSA,Hatboro-Horsham,78.25,23.6,24.75,15.1,14.8
2017,-5,PSA,Perkiomen Valley,77.85,24.1,23.1,15.4,15.25
2017,-5,PSA,Upper Moreland,74.451,22.7,21.9,14.5,15.35
2017,-5,PSA,Williamstown,73.501,23.2,22.5,13.3,14.5
2017,-5,PSA,Coatesville,69.201,21.3,20.4,13.9,13.6
2017,-5,PSA,Avon Grove,68.501,20.2,19.5,14.6,14.2
2017,-5,PSA,Bensalem,68.051,21.1,21.15,12.7,13.1
2017,-5,PSA,Hopewell Valley Central,63.15,19.8,19.05,11.9,12.4
2017,-5,PSA,Owen J Roberts,57.8,18.0,16.5,11.2,12.1
2017,-5,PIA,Aftermath,76.2,22.9,24.3,14.0,15.0
2017,-5,PSO,Springford,81.45,24.3,25.05,16.0,16.1
2017,-5,PSO,Upper Darby,70.6,22.8,21.3,12.9,13.6
2017,-5,PIO,Pennsauken,77.5,23.0,24.0,14.9,15.6
2017,-6,PRA,Quakertown,84.05,23.8,23.25,18.4,18.6
2017,-6,PRA,Kensington CAPA,77.5,21.8,22.8,16.6,16.3
2017,-6,PRA,Rustin,72.7,20.7,20.7,15.6,15.7
2017,-6,PSA,Parkland,77.8,24.2,23.7,14.9,15.0
2017,-6,PSA,Unionville,76.95,23.2,23.25,15.3,15.2
2017,-6,PSA,Hatboro-Horsham,75.15,22.7,22.35,15.5,14.6
2017,-6,PSA,Upper Moreland,75.15,23.9,21.75,14.45,15.05
2017,-6,PSA,Downingtown,74.701,23.5,21.9,14.0,15.3
2017,-6,PSA,Perkiomen Valley,74.651,22.4,22.8,14.6,14.85
2017,-6,PSA,North Penn,74.151,24.5,19.8,15.7,14.15
2017,-6,PSA,Bayonne,72.051,21.8,21.6,14.4,14.25
2017,-6,PSA,Avon Grove,69.751,21.0,20.1,14.15,14.5
2017,-6,PSA,Williamstown,69.55,22.1,20.25,13.5,13.7
2017,-6,PSA,Penncrest,68.35,23.2,19.05,12.7,13.4
2017,-6,PSA,Coatesville,65.75,21.5,17.85,13.4,13.0
2017,-6,PSA,Bensalem,66.1,21.0,19.5,12.8,12.8
2017,-6,PSA,Hopewell Valley Central,63.45,19.7,18.75,12.4,12.6
2017,-6,PSA,Owen J Roberts,62.65,20.1,18.15,12.1,12.3
2017,-6,PSO,Old Bridge,76.8,24.7,22.8,14.1,15.2
2017,-6,PSO,Cab Calloway,72.05,24.2,19.95,13.4,14.5
2017,-6,PSO,Upper Darby,70.35,23.4,20.25,12.9,13.8
2017,-7,S,Greencastle-Antrim,74.4,36.6,37.8,0.0,0.0
2017,-7,S,Spring Grove,71.4,35.6,35.8,0.0,0.0
2017,-7,PSA,Parkland,73.3,21.6,23.1,14.4,14.2
2017,-7,PSA,Perkiomen Valley,71.3,21.9,21.9,13.9,13.6
2017,-7,PSA,Avon Grove,66.4,19.8,19.8,13.1,13.7
2017,-7,PSA,Abington,64.85,20.5,19.95,12.4,12.0
2017,-7,PSA,Coatesville,63.651,19.0,18.15,13.2,13.3
2017,-7,PSA,Hopewell Valley Central,62.901,18.3,20.1,12.0,12.5
2017,-7,PSA,Hempfield,63.451,19.7,19.05,12.1,12.6
2017,-7,ME,East Pennsboro,73.4,22.0,22.8,14.8,13.8
2017,-7,PIA,Aftermath,70.65,20.2,21.75,14.2,14.5
2017,-7,PSO,Mechanicsburg,70.0,20.6,21.3,13.9,14.2
2017,-8,PRA,Highland,77.85,23.3,22.65,16.1,15.8
2017,-8,PSA,Fairlawn,75.55,22.1,24.15,15.6,13.7
2017,-8,PSA,Southern Regional,74.2,20.6,23.4,16.2,14.0
2017,-8,PSA,Bayonne,72.55,21.5,22.65,15.5,12.9
2017,-8,PSA,Methacton,67.05,18.8,22.05,12.9,13.3
2017,-8,PSA,Coatesville,65.65,19.0,21.15,12.5,13.0
2017,-8,PSA,Hopewell Valley Central,63.451,20.3,19.95,11.8,11.4
2017,-8,PSA,Abington,61.751,18.3,20.25,12.0,11.2
2017,-8,PSA,Hempfield,65.101,19.7,21.3,12.3,11.8
2017,-8,PSO,Old Bridge,75.05,21.5,23.55,15.4,14.6
2016,0,PRA,Highland,85.95,27.0,26.55,16.0,16.4
2016,0,PRA,Kensington CAPA,84.95,27.5,24.45,15.7,17.3
2016,0,PRA,Upper Dublin,83.1,26.1,24.6,16.2,16.2
2016,0,PSA,Parkland,87.45,27.2,26.7,16.55,17.0
2016,0,PSA,Unionville,86.7,25.9,27.0,17.4,16.4
2016,0,PSA,Downingtown,86.525,27.0,26.475,16.45,16.6
2016,0,PSA,Upper Moreland,86.15,27.4,26.25,17.1,15.4
2016,0,PSA,Perkiomen Valley,88.95,26.9,27.3,17.15,17.6
2016,0,PSA,North Penn,84.476,26.0,26.175,16.3,16.0
2016,0,PSA,Methacton,83.551,26.1,25.05,16.5,15.9
2016,0,PSA,Bensalem,81.951,25.3,25.95,15.7,15.0
2016,0,PSA,Hopewell Valley Central,79.751,24.3,25.35,15.8,14.3
2016,0,PSA,Avon Grove,77.25,23.1,24.45,15.6,14.1
2016,0,PSA,Owen J Roberts,76.7,23.4,24.3,13.7,15.3
2016,0,PSA,Coatesville,76.15,22.5,23.85,15.3,14.5
2016,0,PIA,Aftermath,84.2,25.2,25.8,16.6,16.6
2016,0,PSO,Old Bridge,89.35,27.0,27.15,17.6,17.6
2016,0,PSO,Upper Darby,86.05,26.9,26.25,17.1,15.8
2016,0,PSO,Springford,85.95,27.1,25.95,16.5,16.4
2016,0,ME,United Percussion,90.05,27.2,26.85,18.6,17.4
2016,-1,PRA,Kensington CAPA,83.65,25.3,24.75,16.9,16.7
2016,-1,PRA,Highland,82.25,26.3,24.45,15.8,15.7
2016,-1,PRA,Upper Dublin,78.25,24.6,23.25,15.3,15.1
2016,-1,PSA,Perkiomen Valley,88.65,27.1,27.75,17.7,16.1
2016,-1,PSA,Parkland,87.5,26.5,26.1,16.9,18.0
2016,-1,PSA,Unionville,86.7,26.0,26.4,17.1,17.2
2016,-1,PSA,Downingtown,85.7,26.1,25.35,16.85,17.4
2016,-1,PSA,North Penn,83.951,24.9,25.95,15.6,17.5
2016,-1,PSA,Upper Moreland,81.851,25.3,24.15,16.5,15.9
2016,-1,PSA,Methacton,81.551,25.6,24.45,15.9,15.6
2016,-1,PSA,Bensalem,81.101,24.8,23.7,16.2,16.4
2016,-1,PSA,Hopewell Valley Central,76.951,24.1,23.4,15.35,14.1
2016,-1,PSA,Avon Grove,75.85,24.4,22.35,14.5,14.6
2016,-1,PSA,Owen J Roberts,75.75,22.9,22.65,15.2,15.0
2016,-1,PSA,Coatesville,72.0,21.7,21.9,14.7,13.7
2016,-1,PIA,Aftermath,82.85,25.3,25.35,15.7,16.5
2016,-1,PSO,Old Bridge,90.15,27.2,28.35,16.7,17.9
2016,-1,PSO,Upper Darby,89.0,27.3,26.85,17.15,17.7
2016,-1,PSO,Springford,88.15,26.9,27.3,16.55,17.4
2016,-3,PRA,Quakertown,85.55,25.9,26.25,16.4,17.0
2016,-3,PRA,Highland,81.1,26.0,24.6,15.2,15.3
2016,-3,PRA,Upper Dublin,77.15,24.6,22.65,15.1,14.8
2016,-3,PRA,Kensington CAPA,79.35,25.1,23.85,16.1,14.3
2016,-3,PSA,Perkiomen Valley,86.45,27.1,26.25,16.9,16.2
2016,-3,PSA,Lower Dauphin,84.35,26.0,24.15,17.2,17.0
2016,-3,PSA,Downingtown,83.6,25.3,24.9,15.9,17.5
2016,-3,PSA,Upper Moreland,81.001,25.2,23.7,16.2,15.9
2016,-3,PSA,Parkland,81.25,25.7,24.15,16.1,15.3
2016,-3,PSA,North Penn,77.951,24.4,23.55,15.4,14.6
2016,-3,PSA,Bensalem,75.401,24.3,22.2,15.0,13.9
2016,-3,PSA,Avon Grove,74.801,23.7,21.6,15.1,14.4
2016,-3,PSA,Coatesville,70.201,21.4,21.0,14.8,13.0
2016,-3,ME,Ridley,79.2,24.8,23.1,15.8,15.5
2016,-3,PIA,Aftermath,78.5,24.9,22.8,15.8,15.0
2016,-3,PSO,Upper Darby,88.2,27.0,26.7,17.5,17.0
2016,-3,PSO,Old Bridge,86.35,27.1,26.25,17.0,16.0
2016,-3,PSO,Springford,84.85,26.6,25.65,16.9,15.7
2016,-5,PRA,Marple Newtown,83.9,24.6,25.5,16.4,17.4
2016,-5,PRA,Chichester Drumguard,82.75,25.1,24.15,16.8,16.7
2016,-5,PRA,Highland,81.75,25.0,24.45,16.0,16.3
2016,-5,PRA,Upper Dublin,77.45,24.2,22.65,15.6,15.0
2016,-5,PRA,Kensington CAPA,76.4,24.9,22.5,14.3,14.7
2016,-5,PRA,Central Bucks West,73.401,23.3,21.6,13.9,14.6
2016,-5,PRA,Pennridge,71.151,22.6,21.45,13.0,14.1
2016,-5,PSA,Perkiomen Valley,83.55,24.8,25.35,16.1,17.3
2016,-5,PSA,Hatboro-Horsham,81.35,24.0,24.45,16.4,16.5
2016,-5,PSA,Parkland,80.75,25.4,24.75,15.0,15.6
2016,-5,PSA,Upper Moreland,79.35,23.7,23.85,15.6,16.2
2016,-5,PSA,Bensalem,75.15,22.7,22.35,14.8,15.3
2016,-5,PSA,Wilson,74.951,22.7,22.95,14.3,15.0
2016,-5,PSA,Owen J Roberts,71.001,21.1,21.6,13.8,14.5
2016,-5,PSA,Coatesville,68.801,19.6,21.0,13.1,15.1
2016,-5,ME,Methacton,78.3,23.7,23.4,15.2,16.0
2016,-5,PSO,Springford,82.2,24.4,25.5,16.0,16.3
2016,-6,PRA,Quakertown,80.55,23.0,24.45,16.7,16.4
2016,-6,PSA,Unionville,83.85,25.6,25.05,16.5,16.7
2016,-6,PSA,Hatboro-Horsham,81.3,24.2,24.3,16.4,16.4
2016,-6,PSA,Hempfield,81.15,25.3,23.55,16.3,16.0
2016,-6,PSA,Upper Moreland,77.9,25.0,22.95,15.2,14.75
2016,-6,PSA,Downingtown,76.751,25.0,23.25,14.8,13.7
2016,-6,PSA,North Penn,76.501,24.7,22.5,14.6,14.7
2016,-6,PSA,Ridley,76.351,23.3,21.75,15.8,15.5
2016,-6,PSA,Bensalem,74.301,23.9,21.9,13.7,14.8
2016,-6,PSA,Hopewell Valley Central,73.851,23.8,20.85,15.0,14.2
2016,-6,PSA,Coatesville,71.2,22.4,21.0,13.3,14.5
2016,-6,PSA,Avon Grove,70.6,23.6,19.8,13.8,13.4
2016,-6,PSA,Owen J Roberts,70.5,22.7,20.4,13.4,14.0
2016,-6,ME,Perkiomen Valley,81.725,25.9,23.925,15.7,16.2
2016,-6,PIA,Aftermath,77.6,24.7,23.1,15.5,14.3
2016,-6,PSO,Springford,82.55,25.8,25.35,15.3,16.1
2016,-6,PSO,Upper Darby,82.0,26.2,24.0,15.8,16.0
2016,-7,PRA,Upper Dublin,76.4,23.0,21.9,16.7,14.8
2016,-7,PRA,Kensington CAPA,75.25,23.5,20.85,15.6,15.3
2016,-7,PSA,Perkiomen Valley,80.15,24.7,23.85,15.2,16.4
2016,-7,PSA,Downingtown,77.9,25.1,23.55,15.25,14.0
2016,-7,PSA,Unionville,77.75,23.0,22.95,15.6,16.2
2016,-7,PSA,Hatboro-Horsham,80.2,24.8,23.1,16.2,16.1
2016,-7,PSA,Upper Moreland,76.4,24.4,22.35,14.95,14.7
2016,-7,PSA,North Penn,72.701,22.2,21.3,14.4,14.8
2016,-7,PSA,Bayonne,70.351,19.6,22.05,14.1,14.6
2016,-7,PSA,Methacton,71.601,23.3,19.8,14.9,13.6
2016,-7,PSA,Hopewell Valley Central,67.85,22.2,18.75,15.0,11.9
2016,-7,PSA,Coatesville,67.6,19.2,19.5,13.1,15.8
2016,-7,PSA,Owen J Roberts,69.551,20.3,20.85,14.0,14.4
2016,-7,PSA,Avon Grove,64.0,19.9,18.9,12.7,12.5
2016,-7,PIA,Aftermath,74.75,22.8,22.05,15.0,14.9
2016,-7,PSO,Upper Darby,79.65,24.4,23.55,15.4,16.3
2016,-7,PSO,Old Bridge,77.25,23.6,22.95,14.6,16.1
2016,-7,PIW,Cadets Winter Percussion,0.0,0.0,0.0,0.0,0.0
2016,-7,ME,Parkland,75.325,22.9,22.425,15.8,14.2
2016,-8,PRA,Highland,76.4,22.8,22.8,15.3,15.5
2016,-8,PSA,Fairlawn,71.4,21.1,21.9,14.3,14.1
2016,-8,PSA,Unionville,70.55,21.1,21.45,14.6,13.4
2016,-8,PSA,Bayonne,65.95,19.3,19.95,13.7,13.0
2016,-8,PSA,Methacton,68.35,20.4,21.15,13.2,13.6
2016,-8,PSA,Hopewell Valley Central,63.7,18.3,20.7,12.1,12.6
2016,-8,PSA,Coatesville,63.051,17.7,20.25,12.3,12.8
2016,-8,PSO,Old Bridge,71.95,21.5,22.95,13.0,14.5
2015,0,PRA,Upper Dublin,83.2,33.0,32.9,17.3,0.0
2015,0,PRA,Springfield,81.65,30.4,32.85,18.4,0.0
2015,0,PRA,Pottsgrove,81.4,31.4,33.7,16.3,0.0
2015,0,PRA,Twin Valley,79.4,31.2,30.3,17.9,-0.9
2015,0,PRA,Chichester Drumguard,76.65,29.8,31.35,15.5,0.0
2015,0,PSA,Southern Regional,90.1,36.4,35.9,17.8,0.0
2015,0,PSA,Perkiomen Valley,87.15,34.0,35.95,17.2,0.0
2015,0,PSA,Downingtown,86.8,36.8,35.05,14.95,0.0
2015,0,PSA,South Brunswick,85.7,34.4,34.2,17.1,0.0
2015,0,PSA,North Penn,84.251,35.8,32.25,16.2,0.0
2015,0,PSA,Methacton,83.301,33.8,33.4,16.1,0.0
2015,0,PSA,Unionville,80.851,33.4,31.85,15.6,0.0
2015,0,PSA,Bensalem,78.601,31.2,32.2,15.2,0.0
2015,0,PSA,Highland,77.801,30.8,30.5,16.5,0.0
2015,0,PSA,Abington,76.4,30.4,30.9,15.1,0.0
2015,0,PSA,Coatesville,72.35,28.4,29.95,14.0,-0.8
2015,0,PIA,Aftermath,77.8,30.6,31.5,15.7,0.0
2015,0,PSO,Upper Darby,89.65,37.2,35.25,17.2,0.0
2015,0,PSO,Old Bridge,89.3,35.8,35.6,17.9,0.0
2015,0,PSO,Springford,87.3,36.2,34.4,16.7,0.0
2015,0,PSO,Parkland,86.15,34.6,34.05,17.5,0.0
2015,0,PSCA,Plymouth Whitemarsh,80.5,40.9,38.9,40.4,40.8
2015,0,S,Kensington CAPA,87.25,42.5,41.9,45.4,44.7
2015,0,S,Quakertown,82.7,40.8,40.2,42.6,41.8
2015,-2,PRA,Bayonne,83.75,33.6,34.15,16.0,0.0
2015,-2,PRA,Twin Valley,81.45,32.4,32.15,16.9,0.0
2015,-2,PRA,Upper Dublin,79.15,32.8,29.35,17.0,0.0
2015,-2,PRA,Pottsgrove,77.2,31.4,29.9,15.9,0.0
2015,-2,PRA,Chichester Drumguard,75.751,30.4,30.55,14.8,0.0
2015,-2,PSA,Perkiomen Valley,88.35,33.6,36.15,18.6,0.0
2015,-2,PSA,South Brunswick,83.45,32.4,33.25,17.8,0.0
2015,-2,PSA,Southern Regional,83.1,32.9,32.7,17.5,0.0
2015,-2,PSA,Hempfield,83.0,31.4,34.7,16.9,0.0
2015,-2,PSA,Eastern Regional,82.501,33.4,32.3,16.8,0.0
2015,-2,PSA,Unionville,81.301,31.6,31.5,18.2,0.0
2015,-2,PSA,Highland,79.601,32.0,31.9,15.7,0.0
2015,-2,PSA,Methacton,78.626,31.3,30.925,16.4,0.0
2015,-2,PSA,Bensalem,76.001,30.0,31.1,14.9,0.0
2015,-2,PSA,Coatesville,74.15,29.0,30.45,14.7,0.0
2015,-2,ME,Downingtown,84.05,33.0,34.05,17.0,0.0
2015,-2,PIA,Aftermath,76.5,30.0,31.1,15.4,-0.25
2015,-2,PSO,Old Bridge,87.35,35.0,35.15,17.2,0.0
2015,-2,PSO,Springford,84.4,32.6,35.5,16.3,0.0
2015,-2,PSO,Parkland,84.0,33.2,33.8,17.0,0.0
2015,-2,PIW,Cadets Winter Percussion,89.9,35.8,35.8,18.3,0.0
2015,-2,PIO,Field of View,82.5,33.2,32.6,16.7,0.0
2015,-3,PRA,Bensalem,87.8,35.2,33.9,18.7,0.0
2015,-3,PRA,Upper Dublin,82.95,34.0,31.75,17.2,-0.4
2015,-3,PRA,Springfield,81.3,32.6,31.8,16.9,0.0
2015,-3,PRA,Pottsgrove,74.95,30.8,28.25,15.9,0.0
2015,-3,PSA,Perkiomen Valley,84.1,32.6,33.9,17.6,0.0
2015,-3,PSA,North Penn,83.15,33.6,32.85,16.7,-0.2
2015,-3,PSA,Southern Regional,80.2,31.4,33.2,15.6,-0.85
2015,-3,PSA,Unionville,77.35,30.8,31.25,15.3,0.0
2015,-3,PSA,Highland,75.55,29.6,31.65,14.3,-1.6
2015,-3,PSA,Coatesville,71.451,29.0,29.65,12.8,-10.65
2015,-3,ME,Methacton,80.425,32.4,33.025,15.0,0.0
2015,-3,PIA,East Coast Percussion,74.575,28.8,31.075,14.7,0.0
2015,-3,PSO,Hatboro-Horsham,85.05,33.4,33.35,18.3,0.0
2015,-3,PSO,Parkland,82.2,32.6,33.0,16.6,0.0
2015,-3,PSO,Springford,80.9,31.4,32.3,17.2,0.0
2015,-4,PRA,Bensalem,83.0,34.0,32.7,16.3,0.0
2015,-4,PRA,Springfield,80.55,32.0,31.75,16.8,0.0
2015,-4,PRA,Upper Dublin,79.05,32.6,30.85,15.6,0.0
2015,-4,PRA,Chichester Drumguard,74.6,29.6,30.3,14.7,0.0
2015,-4,PRA,Twin Valley,72.701,28.0,29.9,14.8,-1.2
2015,-4,PSA,Phoenix,84.3,34.0,33.5,16.8,0.0
2015,-4,PSA,Downingtown,79.5,30.8,33.1,15.6,-0.1
2015,-4,PSA,Ridley,79.1,31.0,32.3,15.8,0.0
2015,-4,PSA,Methacton,78.65,30.6,32.65,15.4,0.0
2015,-4,PSA,East Pennsboro,78.501,32.0,30.3,16.2,0.0
2015,-4,PSA,Abington,77.501,31.4,31.5,14.6,0.0
2015,-4,PSA,Unionville,75.401,30.0,30.7,14.7,0.0
2015,-4,PSA,Coatesville,72.651,29.0,29.35,14.3,0.0
2015,-4,ME,Perkiomen Valley,82.25,32.8,33.45,16.0,0.0
2015,-4,PSO,Upper Darby,76.1,29.6,32.3,14.2,0.0
2015,-4,PSO,Springford,73.2,27.0,32.7,13.5,-1.95
2015,-6,PRA,Bayonne,77.35,31.4,30.85,15.1,0.0
2015,-6,PRA,Chichester Drumguard,69.0,26.0,28.6,14.4,-1.0
2015,-6,PSA,Downingtown,76.9,33.0,28.5,15.4,0.0
2015,-6,PSA,Perkiomen Valley,75.95,33.4,28.15,14.4,0.0
2015,-6,PSA,South Brunswick,77.5,33.8,28.1,15.6,-3.0
2015,-6,PSA,Unionville,72.5,30.6,26.7,15.2,-0.7
2015,-6,PSA,Methacton,71.701,31.4,25.8,14.5,0.0
2015,-6,PSA,Southern Regional,71.551,29.2,27.55,14.8,-1.3
2015,-6,PSA,Abington,67.701,28.2,26.0,13.5,-0.25
2015,-6,PSA,Fairlawn,68.051,27.4,26.35,14.3,-2.5
2015,-6,PSA,Highland,64.501,26.4,25.4,12.7,-0.9
2015,-6,PSA,Coatesville,61.05,23.4,24.45,13.2,-0.1
2015,-6,PIA,East Coast Percussion,65.45,28.2,24.85,12.4,-1.9
2015,-6,PSO,Hatboro-Horsham,72.35,31.2,26.85,14.3,0.0
2015,-6,ME,Old Bridge,74.2,32.6,26.4,15.2,0.0
2014,0,PSCA,Daniel Boone,84.05,41.4,42.7,42.2,41.8
2014,-1,PRA,Springfield,83.8,32.8,34.3,16.7,0.0
2014,-1,PRA,Chichester Drumguard,80.6,30.8,33.9,15.9,0.0
2014,-1,PSA,Pennsauken,92.5,36.4,37.9,18.2,0.0
2014,-1,PSA,Perkiomen Valley,89.35,35.6,36.55,17.2,0.0
2014,-1,PSA,North Penn,85.1,31.8,35.5,17.8,0.0
2014,-1,PSA,Unionville,84.85,34.0,33.9,16.95,0.0
2014,-1,PSA,Coatesville,84.8,33.2,34.7,16.9,0.0
2014,-1,PSA,Lake Lehman,82.3,31.4,34.3,16.6,0.0
2014,-1,PSA,Central Bucks South,82.2,31.0,35.1,16.1,0.0
2014,-1,PSA,Highland,81.5,32.4,32.85,16.25,0.0
2014,-1,PSA,Methacton,78.6,29.8,32.3,16.5,0.0
2014,-1,PIA,Aftermath,84.2,33.0,33.75,17.45,0.0
2014,-1,PSO,Old Bridge,87.25,35.0,34.95,17.3,0.0
2014,-1,PSO,Parkland,86.0,33.6,35.5,16.9,0.0
2014,-1,PIO,The Cadets,93.3,37.2,37.5,18.6,0.0
2014,-1,PIO,Field of View,83.45,33.2,33.25,17.0,0.0
2014,-1,PSW,Upper Darby,84.5,33.6,34.3,16.6,0.0
2014,-4,PSO,Upper Darby,85.65,33.6,34.45,17.6,0.0
2014,-4,PRA,Springfield,77.3,31.8,30.2,15.3,0.0
2014,-4,PRA,Chichester Drumguard,75.3,30.0,31.1,14.2,0.0
2014,-4,PSA,Parkland,88.6,35.4,35.5,17.7,0.0
2014,-4,PSA,Pennsauken,85.65,34.2,34.05,17.4,0.0
2014,-4,PSA,Downingtown,83.6,34.0,33.1,16.5,0.0
2014,-4,PSA,Unionville,77.55,31.0,30.85,15.7,0.0
2014,-4,PSA,Coatesville,75.75,30.4,32.05,13.3,0.0
2014,-4,PSA,Central Bucks South,75.05,30.8,31.25,13.0,0.0
2014,-4,PSA,North Penn,72.6,29.6,29.3,13.7,0.0
2014,-4,PIA,Aftermath,78.35,31.8,31.65,14.9,0.0
2014,-5,PRA,Ramsey,84.35,34.8,31.75,17.8,0.0
2014,-5,PRA,Chichester Drumguard,76.65,30.8,30.15,15.7,0.0
2014,-5,PSA,Pennsauken,80.65,32.4,32.25,16.0,0.0
2014,-5,PSA,Old Bridge,79.15,31.4,31.65,16.1,0.0
2014,-5,PSA,Downingtown,75.4,30.2,29.8,15.4,0.0
2014,-5,PSA,Unionville,72.9,28.4,30.2,14.3,0.0
2014,-5,PSA,Perkiomen Valley,72.5,28.6,29.4,14.5,0.0
2014,-5,PSA,Methacton,72.45,29.8,28.85,13.8,0.0
2014,-5,PSA,Central Bucks South,71.65,29.0,28.45,14.2,0.0
2014,-5,PSA,Lake Lehman,67.6,27.2,26.7,13.7,0.0
2014,-5,PSA,Coatesville,70.0,29.2,27.8,13.0,0.0
2014,-5,PIA,Field of View,78.05,30.2,32.45,15.4,0.0
2014,-6,PRA,Springfield,75.05,31.8,27.35,15.9,0.0
2014,-6,PRA,Chichester Drumguard,74.55,30.8,28.75,15.0,0.0
2014,-6,PSA,Pennsauken,75.85,30.3,30.95,14.6,0.0
2014,-6,PSA,Old Bridge,77.9,30.6,31.5,15.8,0.0
2014,-6,PSA,Downingtown,75.8,30.7,29.9,15.2,0.0
2014,-6,PSA,Perkiomen Valley,72.65,30.2,28.85,13.6,0.0
2014,-6,PSA,Highland,72.35,32.6,25.55,14.2,0.0
2014,-6,PSA,Lake Lehman,72.0,29.2,29.5,13.3,0.0
2014,-6,PSA,Methacton,67.3,27.0,27.5,12.8,0.0
2014,-6,PSA,North Penn,65.65,27.2,24.45,14.0,0.0
2014,-6,PSA,Coatesville,67.9,28.0,25.0,14.9,0.0
2014,-6,PIA,Aftermath,74.9,31.8,27.4,15.7,0.0
2014,-6,PSO,Upper Darby,74.75,30.4,28.35,16.0,0.0
2024,0,PSA,Spring-Ford,78.05,22.3,23.85,15.9,16.0
2024,0,PSA,Unionville,74.8,22.2,22.8,14.7,15.1
2024,0,PSA,Egg Harbor Township HS,74.5,22.4,22.5,13.9,15.7
2024,0,PSA,Bridgewater Raritan,72.85,21.1,22.95,14.8,14.0
2024,0,PSA,Perkiomen Valley,69.05,20.1,20.85,14.6,13.5
2024,0,PSA,Coatesville,65.801,19.8,20.4,12.9,12.7
2024,0,ME,Southern Regional,71.5,21.2,22.2,14.4,13.7
2024,0,PSO,Old Bridge,72.55,21.6,22.35,15.1,13.5
2024,1,PRA(,Marple Newtown,69.575,18.375,22.2,14.7,14.3
2024,1,PSA,Bridgewater Raritan,78.3,23.3,23.7,15.9,15.4
2024,1,PSA,Downingtown HS West,78.1,22.6,24.3,15.3,15.9
2024,1,PSA,Owen J Roberts,77.15,22.7,23.25,15.6,15.6
2024,1,PSA,Quakertown,75.05,22.4,23.1,14.65,14.9
2024,1,PSA,Highland Regional,74.05,23.0,21.9,14.45,14.7
2024,1,PSA,Hopewell Valley Central,73.351,21.0,23.55,13.6,15.2
2024,1,PSA,Downingtown HS East,73.001,21.7,22.05,14.15,15.1
2024,1,PSA,North Penn,70.351,19.6,23.4,13.55,13.8
2024,1,PSA,Phoenixville,71.101,21.3,20.55,15.25,14.0
2024,1,PSA,Upper Darby,69.7,19.9,21.6,13.9,14.3
2024,1,PSA,Edison HS,68.2,20.9,21.15,12.65,13.5
2024,1,PSA,Parkland,67.875,19.65,21.525,13.5,13.2
2024,1,PSA,Odessa High School,66.725,19.5,20.175,13.35,13.7
2024,1,PSA,Penn Manor High School,65.9,20.4,20.1,12.8,12.6
2024,1,PSA,Coatesville,64.775,20.1,19.575,13.0,12.1
2024,1,PSA,Daniel Boone,62.75,18.7,19.35,12.4,12.3
2024,1,PSA,Upper Dublin,56.0,18.0,18.0,10.0,10.0
2024,1,PIA,Central Bucks School District,71.4,22.1,20.7,13.7,14.9
2024,2,PRA(,Methacton,71.0,21.9,19.8,14.4,14.9
2024,2,PSA,Egg Harbor Township HS,75.65,23.7,21.75,14.3,15.9
2024,2,PSA,Highland Regional,75.65,24.0,21.15,14.8,15.7
2024,2,PSA,Downingtown HS East,72.85,23.0,20.85,14.1,14.9
2024,2,PSA,Hopewell Valley Central,70.3,21.8,19.5,13.7,15.3
2024,2,PSA,Edison HS,69.3,21.4,20.1,13.3,14.5
2024,2,PSA,Penn Manor High School,68.801,21.1,20.1,13.6,14.0
2024,3,PRA(,Avon Grove,80.875,25.275,23.55,14.95,17.1
2024,3,PRA(,Methacton,79.75,24.15,22.95,15.75,16.9
2024,3,PSA,Egg Harbor Township HS,83.5,25.2,24.9,16.6,16.8
2024,3,PSA,Highland Regional,83.2,24.95,26.25,15.6,16.4
2024,3,PSA,Owen J Roberts,81.5,24.1,25.5,16.2,15.7
2024,3,PSA,Downingtown HS West,80.9,24.9,23.7,16.5,15.8
2024,3,PSA,Quakertown,78.4,23.0,23.55,15.8,16.05
2024,3,PSA,Phoenixville,76.301,24.2,22.8,14.4,14.9
2024,3,PSA,North Penn,75.276,22.9,23.325,14.45,14.6
2024,3,PSA,Downingtown HS East,75.101,21.3,23.4,16.0,14.4
2024,3,PSA,Parkland,74.15,23.4,22.5,13.6,14.65
2024,3,PSA,Perkiomen Valley,74.0,21.6,21.9,14.9,15.6
2024,3,PSA,Kingsway Regional HS,72.6,22.1,19.65,14.55,16.3
2024,3,PSA,Pennridge,72.6,22.2,20.55,14.1,15.75
2024,3,PSA,Marple Newtown,71.5,21.2,22.2,14.0,14.1
2024,3,PSA,Odessa High School,69.8,20.5,21.15,13.9,14.25
2024,3,PSA,Upper Darby,74.301,23.5,21.45,14.6,14.75
2024,3,PSA,Daniel Boone,65.5,20.2,19.2,12.4,13.7
2024,3,PSA,Upper Dublin,60.8,19.1,18.6,10.9,12.2
2024,3,ME,Unionville,84.8,24.4,26.4,17.5,16.5
2024,3,PIA,Mission Independent,65.05,20.1,19.05,12.9,13.0
2024,3,PSO,Old Bridge,80.15,25.0,23.85,15.7,15.6
2024,4,PRA(,Methacton,77.925,21.225,24.3,15.2,17.2
2024,4,ME,Avon Grove,81.95,23.2,25.05,16.2,17.5
2024,4,PSA,Spring-Ford,87.2,26.6,27.0,16.4,17.2
2024,4,PSA,Owen J Roberts,84.05,25.2,26.25,16.1,16.5
2024,4,PSA,Southern Regional,82.375,24.5,25.275,15.7,16.9
2024,4,PSA,Pennridge,80.65,24.9,25.05,14.6,16.1
2024,4,PSA,North Penn,77.101,23.0,24.75,14.45,14.9
2024,4,PSA,Phoenixville,76.301,22.7,23.1,14.8,15.7
2024,4,PSA,Odessa High School,75.651,21.9,24.45,14.7,14.6
2024,4,PSA,Penn Manor High School,74.501,21.7,23.4,15.0,14.4
2024,4,PSA,Coatesville,73.0,22.1,22.5,14.2,14.2
2024,4,PSA,Upper Darby,72.7,22.95,21.45,14.3,14.0
2024,4,PSA,Daniel Boone,68.45,20.2,22.05,12.4,13.8
2024,4,PSO,Downingtown HS West,80.45,23.9,24.75,15.3,16.5
2024,5,PRA(,Avon Grove,77.5,22.2,23.7,15.8,15.8
2024,5,PSA,Spring-Ford,90.65,26.7,27.75,18.0,18.2
2024,5,PSA,Unionville,87.45,26.0,26.85,17.2,17.4
2024,5,PSA,Egg Harbor Township HS,86.1,26.4,26.1,16.7,16.9
2024,5,PSA,Bridgewater Raritan,83.75,25.6,26.55,16.4,15.2
2024,5,PSA,Southern Regional,82.451,25.3,25.35,16.8,15.0
2024,5,PSA,Hopewell Valley Central,80.476,24.3,25.575,16.0,14.6
2024,5,PSA,Perkiomen Valley,79.951,22.8,24.15,16.2,16.8
2024,5,PSA,Kingsway Regional HS,75.551,24.8,21.75,14.6,14.4
2024,5,PSA,Parkland,75.451,20.8,23.55,15.6,15.5
2024,5,PSA,Coatesville,74.2,20.6,23.7,14.8,15.1
2024,5,PSA,Marple Newtown,73.65,21.7,22.95,15.0,14.0
2024,5,PSA,Upper Darby,72.225,20.4,23.025,15.2,13.6
2024,5,PSA,Daniel Boone,68.95,19.9,22.05,14.0,13.0
2024,5,PSA,Upper Dublin,66.1,19.3,21.0,13.4,12.4
2024,5,PSA,Pennridge,53.0,15.0,18.0,10.0,10.0
2024,5,ME,North Penn,81.15,25.1,25.05,15.4,15.6
2024,5,PIA,Central Bucks School District,74.8,24.0,22.2,14.8,13.8
2024,5,PIA,Mission Independent,70.0,22.7,20.4,14.0,12.9
2024,5,PSO,Old Bridge,87.3,26.0,26.1,17.5,17.7
2024,5,PSO,Downingtown HS West,82.9,24.6,25.2,16.4,16.7
2024,5,PIW,United Percussion,88.3,26.3,26.7,18.3,17.0
2024,8,PRA(,Avon Grove,85.325,25.875,24.15,18.1,17.2
2024,8,PRA(,Methacton,84.45,24.9,25.2,17.25,17.1
2024,8,ME,Souderton High School,78.15,24.5,22.05,15.8,15.8
2024,8,ME,Edison HS,75.35,24.2,21.9,14.15,15.1
2024,8,PSA,Spring-Ford,93.8,27.6,28.5,18.6,19.1
2024,8,PSA,Unionville,91.225,26.9,27.525,18.3,18.5
2024,8,PSA,Bridgewater Raritan,87.85,26.3,27.0,17.4,17.15
2024,8,PSA,Egg Harbor Township HS,86.425,26.65,26.325,15.75,17.7
2024,8,PSA,Owen J Roberts,85.1,25.8,26.1,16.0,17.2
2024,8,PSA,Quakertown,85.076,24.5,26.925,15.9,17.75
2024,8,PSA,Perkiomen Valley,83.201,23.6,25.2,17.1,17.3
2024,8,PSA,Southern Regional,82.226,24.9,24.975,16.4,15.95
2024,8,PSA,Hopewell Valley Central,82.201,25.1,24.9,15.2,17.0
2024,8,PSA,Downingtown HS East,80.9,26.15,22.5,16.65,15.6
2024,8,PSA,Coatesville,79.275,22.1,25.275,16.25,15.65
2024,8,PSA,North Penn,79.05,24.1,25.35,14.4,15.2
2024,8,PSA,Phoenixville,78.55,21.4,23.1,17.45,16.6
2024,8,PSA,Pennridge,78.35,25.6,22.05,14.25,16.45
2024,8,PSA,Parkland,77.725,22.7,24.225,14.3,16.5
2024,8,PSA,Odessa High School,77.525,23.4,21.525,16.7,15.9
2024,8,PSA,Penn Manor High School,76.8,23.15,21.75,15.25,16.65
2024,8,PSA,Upper Darby,76.7,22.4,22.8,16.15,15.35
2024,8,PSA,Kingsway Regional HS,77.125,24.45,23.175,14.2,15.3
2024,8,PSA,Marple Newtown,75.05,22.2,22.65,14.8,15.4
2024,8,PSA,Upper Dublin,63.7,19.3,19.2,13.0,12.2
2024,8,PSA,Daniel Boone,55.7,18.2,15.0,11.0,11.5
2024,8,PIA,Central Bucks School District,73.2,23.2,19.8,15.6,14.6
2024,8,PIA,Mission Independent,72.2,23.5,19.5,15.4,13.8
2024,8,PSO,Old Bridge,88.8,25.9,27.3,17.2,18.4
2024,8,PSO,Downingtown HS West,83.5,24.5,25.5,16.0,17.5
2024,8,PSO,Highland Regional,82.95,25.0,25.35,15.4,17.2
2024,9,PRA(,Avon Grove,87.9,27.15,24.6,17.45,18.7
2024,9,PRA(,Methacton,87.1,26.55,25.65,17.3,17.6
2024,9,PSA,Egg Harbor Township HS,92.15,27.8,28.65,17.4,18.3
2024,9,PSA,Quakertown,89.35,26.8,28.35,16.5,17.7
2024,9,PSA,Southern Regional,88.3,26.9,27.0,16.9,17.5
2024,9,PSA,Unionville,92.75,27.7,28.05,18.1,18.9
2024,9,PSA,Downingtown HS East,86.15,26.3,27.15,16.2,16.5
2024,9,PSA,Pennridge,85.851,25.8,27.6,15.1,17.35
2024,9,PSA,Odessa High School,83.351,25.3,25.65,16.3,16.1
2024,9,PSA,Upper Darby,82.651,25.4,25.2,15.5,16.55
2024,9,PSA,North Penn,82.501,25.7,26.7,15.0,15.1
2024,9,PSA,Marple Newtown,77.7,24.3,24.6,14.6,14.2
2024,9,PSA,Daniel Boone,73.5,23.8,24.0,12.1,13.6
2024,9,GD,Egg Harbor Township HS,92.15,27.8,28.65,17.4,18.3
2024,9,GD,Quakertown,89.35,26.8,28.35,16.5,17.7
2024,9,GD,Southern Regional,88.3,26.9,27.0,16.9,17.5
2024,9,GD,Unionville,92.75,27.7,28.05,18.1,18.9
2024,9,GD,Downingtown HS East,86.15,26.3,27.15,16.2,16.5
2024,9,GD,Pennridge,85.851,25.8,27.6,15.1,17.35
2024,9,GD,Odessa High School,83.351,25.3,25.65,16.3,16.1
2024,9,GD,Upper Darby,82.651,25.4,25.2,15.5,16.55
2024,9,GD,North Penn,82.501,25.7,26.7,15.0,15.1
2024,9,GD,Marple Newtown,77.7,24.3,24.6,14.6,14.2
2024,9,GD,Daniel Boone,73.5,23.8,24.0,12.1,13.6
2024,9,PSA,Spring-Ford,94.45,27.7,29.25,18.7,18.8
2024,9,PSA,Bridgewater Raritan,91.8,27.6,28.5,17.4,18.3
2024,9,PSA,Owen J Roberts,90.05,26.1,28.65,17.2,18.1
2024,9,PSA,Perkiomen Valley,89.9,26.0,28.2,18.1,17.6
2024,9,PSA,Hopewell Valley Central,87.15,26.3,27.15,15.5,18.2
2024,9,PSA,Parkland,83.151,25.3,25.65,14.8,17.4
2024,9,PSA,Coatesville,81.751,25.0,24.15,15.8,16.8
2024,9,PSA,Phoenixville,81.551,24.4,24.45,16.9,15.8
2024,9,PSA,Kingsway Regional HS,81.251,25.1,24.6,15.4,16.15
2024,9,PSA,Penn Manor High School,79.2,24.3,24.3,15.1,15.5
2024,9,PSA,Upper Dublin,74.975,23.6,24.375,13.8,13.2
2024,9,BD,Spring-Ford,94.45,27.7,29.25,18.7,18.8
2024,9,BD,Bridgewater Raritan,91.8,27.6,28.5,17.4,18.3
2024,9,BD,Owen J Roberts,90.05,26.1,28.65,17.2,18.1
2024,9,BD,Perkiomen Valley,89.9,26.0,28.2,18.1,17.6
2024,9,BD,Hopewell Valley Central,87.15,26.3,27.15,15.5,18.2
2024,9,BD,Parkland,83.151,25.3,25.65,14.8,17.4
2024,9,BD,Coatesville,81.751,25.0,24.15,15.8,16.8
2024,9,BD,Phoenixville,81.551,24.4,24.45,16.9,15.8
2024,9,BD,Kingsway Regional HS,81.251,25.1,24.6,15.4,16.15
2024,9,BD,Penn Manor High School,79.2,24.3,24.3,15.1,15.5
2024,9,BD,Upper Dublin,74.975,23.6,24.375,13.8,13.2
2024,9,PIA,Central Bucks School District,81.65,24.3,25.65,15.5,16.2
2024,9,PIA,Mission Independent,79.65,24.1,25.95,15.0,14.6
2024,9,PSO,Old Bridge,91.0,26.8,28.8,17.4,18.0
2024,9,PSO,Downingtown HS West,86.5,25.9,27.0,16.2,17.4
2024,9,PSO,Highland Regional,84.95,26.2,25.95,16.7,16.1
2024,9,PIO,United Percussion 2,91.6,27.4,28.2,17.6,18.4
2024,9,PIW,United Percussion,94.25,28.1,28.35,19.1,18.7
2023,0,PRA,Hatboro-Horsham High School,71.95,23.0,17.85,15.6,15.5
2023,0,PRA,Coatesville,66.8,22.0,16.2,14.2,14.4
2023,0,PSA,Owen J Roberts,71.75,21.2,21.15,13.9,15.5
2023,0,PSA,Spring-Ford,71.7,22.6,20.4,14.0,14.7
2023,0,PSA,Southern Regional,69.85,20.5,20.25,14.7,14.4
2023,0,PSA,Bridgewater Raritan,67.101,20.3,19.8,13.7,13.3
2023,0,PSA,Perkiomen Valley,67.5,20.2,19.5,13.8,14.0
2023,0,PSA,Egg Harbor Township HS,65.051,19.8,18.15,12.9,14.2
2023,0,PSA,Highland Regional,67.201,19.6,19.2,13.5,14.9
2023,0,PSO,Fair Lawn,70.85,21.2,21.75,13.8,14.1
2023,0,PSOE,Old Bridge,77.1,23.6,23.1,14.7,15.7
2023,1,PRA,Council Rock South,71.5,19.4,20.7,15.3,16.1
2023,1,PRA,Coatesville,67.0,19.7,19.5,14.9,12.9
2023,1,PRA,Cheltenham,60.55,18.5,18.75,11.2,12.1
2023,1,PRA,Parkland,62.75,18.2,18.45,12.9,13.2
2023,1,PSA,Unionville,75.15,23.7,20.55,15.7,15.2
2023,1,PSA,Spring-Ford,76.15,23.0,22.35,15.3,15.5
2023,1,PSA,Hopewell Valley Central,70.95,21.0,22.05,14.3,13.6
2023,1,PSA,Upper Darby,72.0,21.6,20.4,14.9,15.1
2023,1,PSA,North Penn,68.551,20.8,20.85,13.6,13.3
2023,1,PSA,Bridgewater Raritan,69.351,21.9,18.75,13.9,14.8
2023,1,PSA,Downingtown HS East,70.8,23.4,19.2,14.1,14.1
2023,1,PSA,Quakertown,68.151,20.7,19.05,14.6,13.8
2023,1,PSA,Neshaminy High School,64.851,20.0,19.35,13.1,12.4
2023,1,ME,Hatboro-Horsham High School,72.5,22.5,21.0,14.6,14.4
2023,1,PSO,Old Bridge,77.95,23.2,22.65,16.0,16.1
2023,2,PRA,Parkland,71.6,22.0,22.8,13.4,13.4
2023,2,PRA,Coatesville,71.15,21.1,20.85,14.6,14.6
2023,2,PRA,Odessa High School,69.9,20.4,21.3,14.2,14.0
2023,2,PRA,Marple Newtown,64.3,20.1,19.2,12.6,12.4
2023,2,PRA,Plymouth Whitemarsh,66.55,19.7,20.25,13.3,13.3
2023,2,PSA,Unionville,77.975,23.5,22.275,16.4,15.8
2023,2,PSA,Owen J Roberts,77.5,23.2,24.3,14.5,15.5
2023,2,PSA,Upper Darby,75.3,21.4,23.1,15.6,15.2
2023,2,PSA,Egg Harbor Township HS,75.6,21.0,23.55,15.45,15.6
2023,2,PSA,Perkiomen Valley,75.85,22.1,22.35,16.1,15.3
2023,2,PSA,North Penn,71.976,22.4,21.825,14.35,13.4
2023,2,PSA,Pennridge,71.651,21.5,22.5,14.15,13.5
2023,2,PSA,Downingtown HS West,71.151,20.3,21.75,14.8,14.3
2023,2,PSA,Cab Calloway,68.101,19.5,21.3,13.7,13.6
2023,2,PSA,Hopewell Valley Central,68.0,20.6,18.9,14.7,13.8
2023,2,PSA,Neshaminy High School,66.15,19.8,20.25,13.2,12.9
2023,2,ME,Downingtown HS East,73.25,22.1,22.05,14.6,14.5
2023,2,PIA,Central Bucks School District,67.45,20.6,19.05,14.2,13.6
2023,3,PRA,Odessa High School,75.95,23.0,22.65,15.4,14.9
2023,3,PRA,Phoenixville,73.25,21.9,22.05,14.5,14.8
2023,3,PRA,Plymouth Whitemarsh,71.35,19.8,20.55,15.1,15.9
2023,3,PRA,Marple Newtown,69.65,20.6,22.35,13.3,13.4
2023,3,PRA,Cheltenham,68.001,20.9,20.7,12.2,14.2
2023,3,PRA,Great Valley High School,67.401,20.2,20.1,13.0,14.1
2023,3,PSA,Owen J Roberts,81.95,23.9,24.75,16.4,16.9
2023,3,PSA,Egg Harbor Township HS,78.55,22.8,24.15,15.7,15.9
2023,3,PSA,Downingtown HS East,77.8,24.9,22.8,15.0,15.1
2023,3,PSA,Highland Regional,77.1,21.0,23.55,16.25,16.3
2023,3,PSA,Pennridge,75.15,22.0,22.35,15.3,15.5
2023,3,PSA,Cab Calloway,74.901,22.5,22.05,14.95,15.4
2023,3,PSA,Quakertown,73.651,21.4,22.95,14.6,14.7
2023,3,ME,Unionville,80.95,23.6,23.85,16.9,16.6
2023,3,PSO,Old Bridge,87.65,26.9,26.85,17.0,16.9
2023,4,PRA,Great Valley High School,68.65,19.8,21.15,13.5,14.2
2023,4,PSA,Owen J Roberts,79.4,23.7,23.4,16.1,16.2
2023,4,PSA,Pennridge,78.6,22.9,24.6,15.3,15.8
2023,4,PSA,Highland Regional,77.95,23.5,23.55,15.8,15.1
2023,4,PSA,Spring-Ford,79.6,24.2,25.35,14.9,15.15
2023,4,PSA,Hopewell Valley Central,76.751,22.1,22.95,16.3,15.4
2023,4,PSA,Southern Regional,76.626,23.4,23.325,14.3,15.6
2023,4,PSA,Bridgewater Raritan,75.551,23.0,24.3,14.05,14.2
2023,4,PSA,Downingtown HS West,74.151,22.4,23.25,14.0,14.5
2023,4,PSA,North Penn,73.6,21.8,22.2,15.2,14.4
2023,4,PSA,Council Rock South,73.25,20.8,22.8,14.75,14.9
2023,4,PSA,Hatboro-Horsham High School,73.7,21.9,22.65,14.45,14.7
2023,4,PSA,Coatesville,70.2,20.4,21.9,13.9,14.0
2023,4,PSA,Parkland,67.95,20.7,21.45,12.4,13.4
2023,4,PSA,Phoenixville,68.3,20.0,20.85,13.65,13.8
2023,4,PIA,Central Bucks School District,69.3,20.1,21.3,13.7,14.2
2023,6,PRA,Odessa High School,80.75,24.4,24.75,15.9,15.7
2023,6,PRA,Marple Newtown,78.95,23.9,23.85,16.1,15.1
2023,6,PRA,Cheltenham,74.05,23.4,22.95,13.5,14.2
2023,6,PRA,Great Valley High School,73.35,21.5,22.05,14.8,15.0
2023,6,PSA,Egg Harbor Township HS,85.5,26.0,26.7,16.5,16.3
2023,6,PSA,Southern Regional,82.55,25.1,25.35,16.0,16.1
2023,6,PSA,Quakertown,81.4,25.4,24.9,15.8,15.3
2023,6,PSA,Hopewell Valley Central,80.251,23.1,24.15,16.2,16.8
2023,6,PSA,Cab Calloway,80.3,26.3,23.7,15.1,15.2
2023,6,PSA,Upper Darby,78.351,22.5,24.75,15.2,15.9
2023,6,PSA,Downingtown HS West,77.351,23.5,24.45,14.4,15.0
2023,6,PSA,Phoenixville,73.0,22.6,21.9,14.2,14.3
2023,6,PSA,Neshaminy High School,72.5,22.1,22.8,13.6,14.0
2023,7,PRA,Odessa High School,82.55,23.9,25.35,16.6,16.7
2023,7,PRA,Marple Newtown,81.2,24.5,24.9,15.7,16.1
2023,7,PRA,Cheltenham,79.45,24.4,24.75,14.7,15.6
2023,7,PRA,Great Valley High School,76.8,23.1,22.5,15.8,15.4
2023,7,PIA,Central Bucks School District,71.5,21.5,21.0,14.5,14.5
2023,7,PSA,Unionville,89.3,26.6,27.15,17.4,18.15
2023,7,PSA,Egg Harbor Township HS,89.225,25.95,26.775,18.3,18.2
2023,7,PSA,Owen J Roberts,88.775,26.7,27.075,16.9,18.1
2023,7,PSA,Southern Regional,86.85,25.7,25.65,18.2,17.3
2023,7,PSA,Highland Regional,86.451,25.75,26.4,16.7,17.6
2023,7,PSA,Pennridge,86.351,26.2,26.1,17.1,16.95
2023,7,PSA,Perkiomen Valley,84.301,24.7,24.0,18.4,17.2
2023,7,PSA,Spring-Ford,83.976,26.25,24.525,17.05,16.15
2023,7,PSA,Bridgewater Raritan,83.351,26.1,24.75,16.3,16.2
2023,7,PSA,Cab Calloway,82.5,26.8,24.6,14.75,16.35
2023,7,PSA,Hopewell Valley Central,82.5,25.0,24.9,15.9,16.7
2023,7,PSA,Quakertown,81.475,25.55,23.775,16.85,15.3
2023,7,PSA,Downingtown HS East,81.15,25.35,25.05,14.65,16.1
2023,7,PSA,Upper Darby,79.6,24.2,23.1,15.8,16.5
2023,7,PSA,Hatboro-Horsham High School,78.7,24.3,22.8,16.0,15.6
2023,7,PSA,Downingtown HS West,76.925,23.7,21.525,15.1,16.6
2023,7,PSA,Parkland,76.35,22.1,23.55,15.3,15.4
2023,7,PSA,North Penn,73.9,23.0,21.6,14.9,14.4
2023,7,PSA,Phoenixville,73.575,22.5,21.825,14.45,14.8
2023,7,PSA,Coatesville,73.2,22.9,21.0,14.7,14.6
2023,7,PSA,Neshaminy High School,71.7,23.4,20.7,13.8,13.8
2023,7,PSA,Council Rock South,54.3,15.0,16.8,10.4,12.1
2023,7,PSW,Old Bridge,87.2,26.8,25.8,17.5,17.1
2023,9,PRA,Odessa High School,84.5,24.8,24.6,16.9,18.2
2023,9,PRA,Marple Newtown,82.6,25.0,24.0,16.3,17.3
2023,9,PRA,Cheltenham,80.25,23.4,23.85,15.6,17.4
2023,9,PRA,Great Valley High School,78.2,22.5,22.5,16.5,16.7
2023,9,PSA,Owen J Roberts,91.15,26.75,27.9,17.7,18.8
2023,9,PSA,Unionville,91.05,27.5,26.85,17.95,18.75
2023,9,PSA,Egg Harbor Township HS,90.225,25.85,27.375,18.45,18.55
2023,9,PSA,Pennridge,89.525,26.9,27.675,17.4,17.55
2023,9,PSA,Spring-Ford,89.475,26.8,26.775,18.0,17.9
2023,9,PSA,Southern Regional,88.626,26.1,27.525,18.2,16.8
2023,9,PSA,Perkiomen Valley,88.351,25.15,26.1,18.5,18.6
2023,9,PSA,Cab Calloway,86.801,27.7,26.55,15.35,17.2
2023,9,PSA,Hopewell Valley Central,86.55,26.0,25.2,16.7,18.65
2023,9,PSA,Bridgewater Raritan,85.925,26.05,25.875,16.5,17.5
2023,9,PSA,Highland Regional,88.276,27.3,26.625,16.9,17.45
2023,9,PSA,Quakertown,85.325,25.2,26.025,17.1,17.0
2023,9,PSA,Hatboro-Horsham High School,81.6,25.9,23.55,16.2,15.95
2023,9,PSA,Downingtown HS West,81.3,24.9,25.05,15.2,16.15
2023,9,PSA,Parkland,79.9,23.7,23.4,15.9,16.9
2023,9,PSA,Upper Darby,82.575,24.1,25.275,15.8,17.4
2023,9,PSA,Phoenixville,79.725,24.3,24.525,14.7,16.2
2023,9,PSA,North Penn,79.65,24.7,24.15,15.4,15.4
2023,9,PSA,Coatesville,78.5,23.8,24.6,15.0,15.1
2023,9,PSA,Downingtown HS East,80.875,24.05,25.575,15.15,16.1
2023,9,PSA,Neshaminy High School,73.375,23.5,21.675,14.1,14.1
2023,9,PSA,Council Rock South,71.9,22.9,21.9,12.5,14.6
2023,9,PIO,United Percussion 2,91.05,27.3,25.95,19.1,18.7
2023,9,PIO,Camden County NJ,91.05,27.3,25.95,19.1,18.7
2023,9,PSW,Old Bridge,89.75,26.9,26.25,18.0,18.6
2023,9,PIW,United Percussion,92.75,27.9,27.15,18.7,19.0
2022,0,MT,MIC Test,0.0,0.0,0.0,0.0,0.0
2022,0,PRA,Highland Regional,79.85,24.0,23.85,15.3,16.7
2022,0,PRA,Council Rock South,74.4,22.8,21.6,14.6,15.4
2022,0,PSA,Owen J Roberts,75.0,23.4,20.7,14.7,16.2
2022,0,PSA,Southern Regional,72.25,23.2,20.55,13.8,14.7
2022,0,PSA,Perkiomen Valley,70.05,23.1,19.65,13.0,14.3
2022,0,PSA,West Milford High School,68.0,19.8,19.5,13.3,15.4
2022,0,PSA,Hopewell Valley Central,66.35,21.4,18.75,12.7,13.5
2022,0,PSA,Bridgewater Raritan,65.751,20.1,19.35,12.4,13.9
2022,0,ME,Old Bridge,77.7,23.8,23.1,15.0,15.8
2022,0,PSO,Fair Lawn,69.85,22.3,20.55,13.2,13.8
2022,1,PRA,Quakertown,83.3,25.9,25.8,15.3,16.3
2022,1,PRA,Highland Regional,82.0,25.0,26.4,14.6,16.0
2022,1,PRA,Parkland,79.7,25.4,24.0,15.2,15.1
2022,1,PRA,Cheltenham,78.1,24.7,24.3,13.6,15.5
2022,1,PRA,Coatesville,74.05,22.9,22.95,13.0,15.2
2022,1,PRA,Penncrest,72.601,22.7,22.5,12.9,14.5
2022,1,PRA,Upper Dublin,72.301,22.2,23.4,12.5,14.2
2022,1,PIA,Central Bucks School District,69.6,24.6,20.7,11.7,12.6
2022,1,PSA,Spring-Ford,76.3,22.3,24.3,13.8,15.9
2022,1,PSA,Cab Calloway,76.05,22.0,24.15,14.3,15.6
2022,1,PSA,Southern Regional,72.0,20.9,22.2,14.0,14.9
2022,1,PSA,Downingtown HS East,66.751,21.5,20.25,11.6,13.4
2022,1,PSA,Downingtown PA,66.751,21.5,20.25,11.6,13.4
2022,1,PSA,North Penn,68.85,21.7,21.45,13.4,12.3
2022,1,PSA,Bridgewater Raritan,65.151,21.0,20.85,10.7,12.6
2022,1,PSA,Perkiomen Valley,65.001,20.3,20.1,11.7,12.9
2022,1,PSA,Marple Newtown,62.501,19.0,19.5,12.1,11.9
2022,1,PSA,Upper Darby,61.801,19.7,20.4,10.1,11.6
2022,1,PIW,Imperial Dynasty,74.6,23.6,22.8,14.1,14.1
2022,2,PRA,Pennridge,84.0,24.6,25.8,16.5,17.1
2022,2,PRA,Parkland,80.9,24.0,23.55,16.6,16.75
2022,2,PRA,Council Rock South,80.4,24.5,24.3,15.2,16.4
2022,2,PRA,Coatesville,76.25,23.1,21.15,15.9,16.1
2022,2,PRA,Cheltenham,75.201,23.3,21.0,15.1,15.8
2022,2,PRA,Penncrest,73.751,22.5,21.75,14.3,15.2
2022,2,PRA,Council Rock North,72.101,22.2,20.1,14.9,14.9
2022,2,PRA,Plymouth Whitemarsh,71.101,21.0,20.85,14.2,15.05
2022,2,PRA,Great Valley High School,70.501,21.5,20.7,13.7,14.6
2022,2,PSA,Unionville,80.65,23.1,25.65,15.1,16.8
2022,2,PSA,Spring-Ford,78.85,22.5,24.75,15.9,15.7
2022,2,PSA,Owen J Roberts,75.8,21.7,23.85,14.0,16.25
2022,2,PSA,North Penn,72.9,21.8,22.8,13.6,14.7
2022,2,PSA,Phoenixville,71.9,21.2,22.65,13.1,14.95
2022,2,PSA,Marple Newtown,70.501,20.5,22.5,13.4,14.1
2022,2,PSA,Hopewell Valley Central,69.851,20.4,22.05,13.0,14.4
2022,2,ME,Downingtown HS East,71.65,21.5,21.75,13.65,14.75
2022,2,ME,Downingtown PA,71.65,21.5,21.75,13.65,14.75
2022,3,PRA,Parkland,85.1,25.4,25.2,17.5,17.0
2022,3,PRA,Quakertown,85.1,25.7,25.8,17.0,16.6
2022,3,PRA,Cheltenham,80.35,24.1,24.15,16.2,15.9
2022,3,PRA,Coatesville,80.0,23.8,24.0,16.0,16.2
2022,3,PRA,Council Rock North,75.05,22.3,22.65,14.9,15.2
2022,3,PRA,Upper Dublin,74.201,21.4,22.2,14.9,15.7
2022,3,PRA,Great Valley High School,71.651,21.9,21.45,14.0,14.3
2022,3,PIA,Central Bucks School District,74.0,22.8,21.3,15.3,14.6
2022,3,PSA,Old Bridge,84.45,25.3,25.95,16.6,16.6
2022,3,PSA,Cab Calloway,81.6,25.2,24.6,16.2,15.6
2022,3,PSA,Spring-Ford,81.55,23.9,24.9,16.4,16.35
2022,3,PSA,Owen J Roberts,78.65,22.0,23.55,16.8,16.3
2022,3,PSA,North Penn,76.851,23.5,23.85,14.6,14.9
2022,3,PSA,Pennridge,76.751,23.0,22.35,16.0,15.4
2022,3,PSA,Middletown,77.501,24.3,23.4,14.6,15.2
2022,3,PSA,DE,77.501,24.3,23.4,14.6,15.2
2022,3,PSA,Highland Regional,75.551,21.9,22.95,14.9,15.8
2022,3,PSA,Phoenixville,72.701,22.0,21.75,14.0,14.95
2022,3,PSA,Downingtown HS East,71.2,20.6,22.2,14.2,14.2
2022,3,PSA,Downingtown PA,71.2,20.6,22.2,14.2,14.2
2022,3,PSA,Upper Darby,70.9,22.7,20.1,13.5,14.6
2022,3,ME,Unionville,81.25,23.6,25.05,15.8,16.8
2022,5,PRA,Parkland,88.1,25.1,26.4,18.5,18.1
2022,5,PRA,Coatesville,83.95,25.4,25.35,16.6,16.6
2022,5,PRA,Council Rock South,82.75,22.9,25.2,17.7,16.95
2022,5,PRA,Cheltenham,82.65,24.4,25.05,17.1,16.1
2022,5,PRA,Plymouth Whitemarsh,76.35,22.2,22.2,15.7,16.25
2022,5,PRA,Upper Dublin,75.901,21.9,23.7,15.4,14.9
2022,5,PRA,Great Valley High School,75.551,22.6,22.95,14.9,15.1
2022,5,PIA,Central Bucks School District,80.6,23.3,26.7,16.0,14.6
2022,5,PSA,Old Bridge,88.85,25.9,27.45,17.5,18.0
2022,5,PSA,Owen J Roberts,82.2,22.9,24.75,17.6,16.95
2022,5,PSA,Unionville,85.0,24.6,26.4,17.0,17.0
2022,5,PSA,Quakertown,79.9,23.9,25.05,15.2,15.75
2022,5,PSA,Pennridge,77.351,22.6,23.1,16.0,15.65
2022,5,PSA,Phoenixville,77.001,22.2,24.3,14.5,16.0
2022,5,PSA,North Penn,81.25,23.9,25.2,16.6,15.55
2022,5,PSA,Upper Darby,75.351,22.9,24.0,14.0,14.45
2022,5,PSA,Hopewell Valley Central,74.401,21.4,23.25,15.0,14.75
2022,5,PSA,Edison HS,74.3,22.4,22.05,15.5,14.35
2022,5,PSA,Marple Newtown,73.35,21.7,22.35,14.8,14.5
2022,5,PIW,Imperial Dynasty,83.4,24.7,27.3,16.1,15.3
2022,7,PRA,Parkland,87.85,24.7,26.55,18.1,18.5
2022,7,PRA,Cheltenham,83.75,24.1,24.75,18.8,16.1
2022,7,PRA,Council Rock South,82.95,23.5,23.25,19.2,17.0
2022,7,PRA,Coatesville,80.4,22.2,24.9,16.8,16.5
2022,7,PRA,Upper Dublin,76.3,22.5,23.1,15.9,14.8
2022,7,PRA,Council Rock North,72.951,22.5,21.75,15.2,13.5
2022,7,PRA,Great Valley High School,72.901,22.0,21.9,14.7,14.3
2022,7,PRA,Penncrest,73.551,21.6,22.05,16.0,13.9
2022,7,PSA,Old Bridge,89.65,26.9,26.25,17.8,18.7
2022,7,PSA,Spring-Ford,87.3,25.8,26.1,18.0,17.4
2022,7,PSA,Owen J Roberts,84.95,25.2,25.35,18.1,16.3
2022,7,PSA,Southern Regional,82.1,24.7,23.4,17.1,16.9
2022,7,PSA,Quakertown,81.701,23.7,25.8,16.2,16.0
2022,7,PSA,North Penn,80.101,25.2,24.6,15.0,15.3
2022,7,PSA,Perkiomen Valley,78.001,23.0,22.2,16.7,16.1
2022,7,PSA,Downingtown HS East,76.0,22.4,20.7,16.5,16.4
2022,7,PSA,Downingtown PA,76.0,22.4,20.7,16.5,16.4
2022,7,PSA,Highland Regional,76.701,21.3,22.8,15.6,17.0
2022,7,PSA,Bridgewater Raritan,75.65,24.2,21.3,15.05,15.1
2022,7,PSA,Pennridge,74.05,21.7,21.15,15.4,15.8
2022,7,PSA,Unionville,83.55,24.9,24.45,17.4,16.8
2022,7,PSA,Phoenixville,72.3,21.6,21.6,14.6,14.5
2022,7,PSA,Marple Newtown,71.6,20.5,21.0,15.2,14.9
2022,7,PSA,Hopewell Valley Central,69.55,20.5,20.55,14.2,14.3
2022,7,PSA,Upper Darby,69.85,21.2,19.65,14.4,14.6
2022,8,PRA,Parkland,93.65,28.2,28.65,18.3,18.5
2022,8,PRA,Coatesville,91.1,27.4,28.2,17.4,18.1
2022,8,PRA,Council Rock South,90.7,27.5,27.6,17.7,17.9
2022,8,PRA,Cheltenham,88.75,27.0,26.85,17.5,17.4
2022,8,PRA,Great Valley High School,84.251,26.95,25.5,15.9,15.9
2022,8,PRA,Upper Dublin,84.001,25.5,24.3,16.9,17.3
2022,8,PRA,Council Rock North,80.701,24.1,24.6,16.2,15.8
2022,8,PRA,Penncrest,78.701,21.2,24.9,16.1,16.5
2022,8,PIA,Central Bucks School District,78.0,23.5,23.4,16.2,14.9
2022,8,PIW,Imperial Dynasty,85.5,25.1,26.7,16.7,17.0
2022,8,PSA,Old Bridge,94.05,28.3,28.35,18.8,18.6
2022,8,PSA,Unionville,92.0,27.8,28.2,18.1,17.9
2022,8,PSA,Owen J Roberts,91.45,27.9,27.75,18.0,17.8
2022,8,PSA,Spring-Ford,90.8,27.55,27.3,18.35,17.6
2022,8,PSA,Southern Regional,89.275,27.4,27.075,17.7,17.1
2022,8,PSA,North Penn,86.551,26.9,27.45,15.9,16.3
2022,8,PSA,Perkiomen Valley,86.401,25.8,26.7,17.4,16.5
2022,8,PSA,Quakertown,86.376,27.0,26.175,17.0,16.2
2022,8,PSA,Downingtown HS East,85.251,25.4,26.25,17.2,16.4
2022,8,PSA,Downingtown PA,85.251,25.4,26.25,17.2,16.4
2022,8,PSA,Highland Regional,84.4,25.1,27.0,16.8,15.5
2022,8,PSA,Bridgewater Raritan,83.6,25.9,25.8,16.6,15.3
2022,8,PSA,Pennridge,81.525,24.8,24.825,16.3,15.6
2022,8,PSA,Phoenixville,80.7,24.2,24.3,16.1,16.1
2022,8,PSA,Marple Newtown,78.0,23.2,24.9,14.9,15.0
2022,8,PSA,Hopewell Valley Central,77.2,23.6,23.7,15.1,14.8
2022,8,PSA,Upper Darby,75.9,22.9,23.1,15.0,14.9
2022,8,PIO,United 2,84.75,25.1,26.25,16.7,16.7
2022,8,PIO,Camden County NJ,84.75,25.1,26.25,16.7,16.7
2022,8,PIW,Imperial Dynasty,85.85,25.6,26.25,17.1,16.9
2020,0,PRA,Egg Harbor Township HS,75.4,22.0,23.4,14.4,15.6
2020,0,PRA,Highland Regional,74.65,21.1,22.65,15.2,15.7
2020,0,PRA,Coatesville,72.3,20.0,22.5,14.7,15.1
2020,0,PSA,Southern Regional,71.2,20.4,20.7,15.2,14.9
2020,0,PSA,Perkiomen Valley,71.1,20.3,21.0,15.0,14.8
2020,0,PSA,Hopewell Valley Central,67.0,19.5,20.1,14.2,13.2
2020,0,PSA,Penncrest,62.4,18.7,18.3,12.6,12.8
2020,0,PSA,Methacton,61.6,18.8,16.8,13.5,12.5
2020,0,PIA,United 2,75.35,22.8,21.15,15.7,15.7
2020,0,PSO,Fair Lawn,69.6,20.5,20.1,15.2,13.8
2020,0,ME,Old Bridge,70.3,20.3,20.7,14.6,14.7
2020,1,PRA,Egg Harbor Township HS,81.5,25.2,25.2,16.2,14.9
2020,1,PRA,Pennridge,79.9,23.1,24.0,17.3,15.5
2020,1,PRA,Coatesville,77.75,22.8,23.85,15.4,15.7
2020,1,PRA,Parkland,77.7,24.2,23.1,15.8,14.6
2020,1,PRA,Central Bucks West,70.55,22.2,19.65,15.0,13.7
2020,1,PSA,Upper Darby,73.75,23.0,23.55,14.2,13.0
2020,1,PSA,Quakertown,71.95,20.4,22.95,15.0,13.6
2020,1,PSA,Ridley,75.15,22.3,23.85,14.7,14.3
2020,1,PSA,North Penn,71.75,22.7,21.15,15.4,12.5
2020,1,PSA,Owen J Roberts,71.201,19.6,22.2,15.5,13.9
2020,1,PSA,Phoenixville,71.151,21.4,22.05,14.4,13.3
2020,1,PSA,Perkiomen Valley,70.101,21.1,21.6,13.4,14.0
2020,1,PSA,Hopewell Valley Central,68.301,21.9,20.1,13.9,12.4
2020,1,PSA,Marple Newtown,66.051,19.1,20.55,13.8,12.6
2020,1,PSA,Upper Moreland,65.7,20.7,20.4,12.9,11.7
2020,1,PIA,Aftermath,67.0,19.0,19.95,14.6,13.45
2020,1,PSO,Old Bridge,78.7,22.7,24.6,15.8,15.6
2020,1,PSO,Unionville,75.45,22.1,23.25,15.0,15.1
2020,1,PSO,Spring-Ford,75.2,22.0,23.1,15.3,14.8
2020,1,PIO,Downingtown Area SD,79.25,23.6,24.45,16.5,14.7
2020,1,PIO,Imperial Dynasty,78.1,23.3,23.4,16.2,15.2
2020,2,PRA,Egg Harbor Township HS,82.25,24.2,26.25,15.0,16.8
2020,2,PRA,Parkland,81.1,23.8,25.5,16.0,15.8
2020,2,PRA,Highland Regional,79.0,22.3,24.6,16.1,16.0
2020,2,PRA,Coatesville,78.15,23.4,22.95,15.3,16.5
2020,2,PRA,Pennridge,79.25,23.2,23.25,16.4,16.4
2020,2,PRA,Cheltenham,77.751,22.7,23.85,15.8,15.4
2020,2,PSA,Upper Darby,78.8,25.2,23.4,15.8,14.4
2020,2,PSA,Cab Calloway,78.4,24.7,24.0,15.9,13.8
2020,2,PSA,North Penn,76.975,24.9,23.475,15.1,13.5
2020,2,PSA,Owen J Roberts,76.951,22.0,23.55,15.7,15.7
2020,2,PSA,Ridley,77.4,24.6,22.8,15.2,14.8
2020,2,PSA,Phoenixville,74.451,23.7,22.95,14.5,13.3
2020,2,PSA,Marple Newtown,71.801,22.8,22.5,13.4,13.1
2020,2,PSA,Hopewell Valley Central,69.651,22.5,21.75,13.1,12.3
2020,2,PSA,Avon Grove,68.751,19.9,22.35,13.7,12.8
2020,2,PSA,Methacton,63.5,19.7,20.4,12.3,11.1
2020,2,PSO,Spring-Ford,77.25,23.4,22.95,15.4,15.5
2020,2,PSO,Unionville,76.7,22.9,23.4,15.3,15.1
2020,2,ME,Downingtown Area SD,83.25,25.0,25.05,16.6,16.6
2020,3,PRA,Highland Regional,82.1,23.7,25.2,16.8,16.4
2020,3,PRA,Cheltenham,80.3,25.1,23.7,16.1,15.4
2020,3,PRA,Pennridge,80.25,23.2,24.75,16.6,15.7
2020,3,PRA,Coatesville,79.3,23.3,24.0,16.2,15.8
2020,3,PRA,Central Bucks West,75.1,22.5,22.8,14.8,15.0
2020,3,PSA,Southern Regional,82.1,24.0,24.9,16.7,16.5
2020,3,PSA,Cab Calloway,81.15,24.8,25.35,16.3,14.7
2020,3,PSA,Appoquinimink High School,80.525,24.6,24.825,16.5,14.6
2020,3,PSA,North Penn,80.25,25.1,24.75,15.9,14.5
2020,3,PSA,Owen J Roberts,79.9,23.2,23.7,16.9,16.1
2020,3,PSA,Hatboro-Horsham High School,78.076,23.7,23.775,15.3,15.3
2020,3,PSA,Quakertown,77.201,22.7,23.1,16.0,15.4
2020,3,PSA,William Penn,74.401,23.5,23.4,13.7,13.8
2020,3,PSA,Upper Moreland,74.901,21.3,24.0,15.6,14.0
2020,3,PSA,Avon Grove,67.25,18.8,21.15,14.3,13.0
2020,3,PIA,United 2,82.25,25.0,23.25,17.1,16.9
2020,3,PIA,Camden County NJ,82.25,25.0,23.25,17.1,16.9
2020,3,PSO,Old Bridge,82.95,24.4,24.75,16.8,17.0
2020,3,PSOE,Unionville,79.1,22.7,24.0,15.9,16.5
2020,3,PIO,Downingtown Area SD,81.95,24.3,25.35,16.2,16.1
2020,3,PIW,United Percussion,83.4,24.6,25.8,16.3,16.7
2019,0,PRA,Highland Regional,78.25,22.8,24.75,14.4,16.3
2019,0,PRA,Clearview Regional,75.35,22.7,23.25,13.8,15.6
2019,0,PRA,Woodbridge,75.45,23.4,22.95,14.0,15.1
2019,0,PSA,Southern Regional,75.2,22.8,21.3,15.9,15.2
2019,0,PSA,Hatboro-Horsham,72.05,21.8,20.85,14.9,14.5
2019,0,PSA,Hempfield,70.15,21.9,20.55,14.5,13.2
2019,0,PSA,Owen J Roberts,69.05,22.3,19.95,14.1,12.7
2019,0,PSA,Avon Grove,66.251,21.2,19.35,12.9,12.8
2019,0,PSA,Methacton,67.451,20.8,19.65,13.3,13.7
2019,0,PSA,Hopewell Valley Central,62.101,20.3,17.4,12.5,11.9
2019,0,PSA,Coatesville,60.601,20.2,16.8,12.1,11.5
2019,0,PIA,United 2,69.6,22.4,19.8,14.3,13.1
2019,0,PSO,Fair Lawn,71.9,22.4,21.6,13.3,14.6
2019,0,PSO,Perkiomen Valley,66.55,21.1,19.95,12.3,13.2
2019,0,PIW,United Percussion,77.9,24.2,23.1,15.6,15.0
2019,1,PRA,Pennridge,76.15,22.9,23.85,16.2,13.2
2019,1,PRA,Abington,74.2,20.6,24.3,15.8,13.5
2019,1,PRA,Cheltenham,74.15,21.8,23.55,15.5,13.3
2019,1,PRA,Upper Dublin,72.1,20.7,23.1,15.3,13.0
2019,1,PSA,Downingtown,78.25,23.1,23.85,15.9,15.4
2019,1,PSA,Hatboro-Horsham,74.8,23.5,21.9,15.2,14.2
2019,1,PSA,Unionville,75.2,22.5,22.95,14.95,14.8
2019,1,PSA,Upper Darby,73.35,21.7,21.15,15.5,15.0
2019,1,PSA,Ridley,74.0,22.6,21.75,15.25,14.4
2019,1,PSA,Avon Grove,70.051,22.65,20.7,13.4,13.3
2019,1,PSA,Hempfield,71.651,22.4,21.45,13.9,13.9
2019,1,PSA,Quakertown,70.751,20.6,21.3,14.4,14.45
2019,1,PSA,Phoenixville,68.451,21.1,20.25,13.1,14.0
2019,1,PSA,Hopewell Valley Central,67.15,20.5,19.35,13.6,13.7
2019,1,PSA,Coatesville,62.9,19.5,17.7,12.7,13.0
2019,1,PSO,Old Bridge,76.0,22.1,24.6,14.7,14.6
2019,1,PSO,Springford,71.65,20.7,23.25,13.8,13.9
2019,1,PSO,Perkiomen Valley,69.1,20.8,20.1,14.0,14.2
2019,1,PIO,Imperial Dynasty,70.15,21.2,20.55,14.1,14.3
2019,2,PRA,Upper Moreland,84.9,28.1,25.2,16.1,15.5
2019,2,PRA,Highland Regional,82.1,24.1,24.3,17.2,16.5
2019,2,PRA,Upper Dublin,77.0,24.2,23.4,15.3,14.1
2019,2,PRA,Cheltenham,75.65,23.4,22.95,15.7,13.6
2019,2,PRA,Clearview Regional,74.8,23.7,23.7,14.3,13.1
2019,2,PRA,TEST,0.001,0.0,0.0,0.0,0.0
2019,2,PSA,Unionville,80.95,25.3,23.85,16.1,15.7
2019,2,PSA,Ridley,79.6,24.8,22.5,16.2,16.1
2019,2,PSA,Owen J Roberts,75.95,23.2,21.75,15.7,15.3
2019,2,PSA,Phoenixville,73.75,21.7,23.55,15.1,13.4
2019,2,PSA,Methacton,71.55,21.2,22.35,15.0,13.0
2019,2,PSA,Hopewell Valley Central,69.851,21.3,20.55,14.2,13.8
2019,2,PSA,Coatesville,67.051,20.3,19.95,13.2,13.6
2019,2,PSA,North Penn,66.501,20.2,19.8,14.8,11.7
2019,2,PSO,Springford,78.0,23.4,24.3,15.1,15.2
2019,2,PSO,Cab Calloway,74.15,21.7,22.95,14.8,14.7
2019,3,PRA,Upper Moreland,84.45,25.5,25.65,16.5,16.8
2019,3,PRA,Highland Regional,83.45,24.1,25.35,17.0,17.0
2019,3,PRA,Pennridge,77.95,22.9,22.65,15.9,16.5
2019,3,PRA,Abington,77.35,23.3,23.25,15.6,15.2
2019,3,PRA,Clearview Regional,75.201,23.8,22.5,14.5,14.4
2019,3,PRA,Cheltenham,73.251,22.1,22.05,15.0,14.1
2019,3,PRA,TEST Marching,0.001,0.0,0.0,0.0,0.0
2019,3,PSA,Roxbury,84.25,24.2,25.95,16.9,17.2
2019,3,PSA,Downingtown,82.55,24.9,24.45,16.2,17.0
2019,3,PSA,East Pennsboro,82.2,23.7,25.5,16.5,16.5
2019,3,PSA,Owen J Roberts,80.076,22.35,25.725,15.9,16.1
2019,3,PSA,Southern Regional,80.55,23.95,25.2,15.4,16.0
2019,3,PSA,Upper Darby,78.201,23.2,23.7,15.5,15.8
2019,3,PSA,Quakertown,76.626,22.5,23.925,15.3,14.9
2019,3,PSA,Phoenixville,75.301,22.7,22.5,14.8,15.3
2019,3,PSA,Methacton,73.951,22.2,22.95,14.3,14.5
2019,3,PSA,Coatesville,73.3,21.2,23.4,14.1,14.6
2019,3,PSA,Middletown,73.05,20.6,23.55,14.5,14.4
2019,3,PSA,Avon Grove,72.6,21.9,23.1,13.5,14.1
2019,3,PSA,North Penn,72.75,20.2,22.05,15.0,15.5
2019,3,PSA,William Penn,70.95,19.7,23.25,13.7,14.3
2019,3,PSO,Old Bridge,84.95,24.7,27.15,16.6,16.5
2019,3,PSO,Springford,82.3,24.0,25.8,16.3,16.2
2019,3,PSO,Cab Calloway,78.2,23.3,24.0,15.4,15.5
2019,3,PIO,Imperial Dynasty,80.35,24.7,25.95,14.4,15.3
2019,5,PRA,Upper Moreland,92.75,28.2,27.45,18.7,18.4
2019,5,PRA,Pennridge,80.85,24.2,23.55,16.6,16.5
2019,5,PRA,Upper Dublin,80.05,23.6,23.25,16.5,16.7
2019,5,PRA,Cheltenham,78.2,24.6,23.4,15.2,15.0
2019,5,PSA,Southern Regional,87.65,25.9,26.25,17.9,17.6
2019,5,PSA,Ridley,86.125,26.2,26.025,17.4,16.5
2019,5,PSA,Hatboro-Horsham,85.05,25.3,25.95,16.9,16.9
2019,5,PSA,Lower Dauphin,82.3,24.5,24.3,16.2,17.3
2019,5,PSA,Upper Darby,80.201,24.4,23.7,15.7,16.4
2019,5,PSA,Phoenix,79.551,22.7,24.15,16.5,16.2
2019,5,PSA,Quakertown,78.551,24.8,23.4,15.25,15.1
2019,5,PSA,Owen J Roberts,78.851,22.2,22.95,16.6,17.1
2019,5,PSA,Hopewell Valley Central,77.901,25.0,22.2,15.1,15.6
2019,5,PSA,North Penn,76.6,23.2,21.9,16.0,15.5
2019,5,PSA,Coatesville,73.775,21.4,21.975,15.0,15.4
2019,5,PSA,Penncrest,71.2,21.5,21.3,14.1,14.3
2019,5,PIA,United 2,81.45,25.0,22.95,16.8,16.7
2019,5,PSO,Cab Calloway,77.15,23.4,22.35,15.3,16.1
2019,6,PRA,Highland Regional,85.4,24.8,26.4,17.3,16.9
2019,6,PRA,Cheltenham,80.75,25.3,24.75,16.0,14.7
2019,6,PRA,Pennridge,80.75,23.4,24.45,16.4,16.5
2019,6,PRA,Upper Dublin,77.9,22.7,23.7,16.1,15.4
2019,6,PRA,Clearview Regional,76.951,24.1,22.95,15.1,14.8
2019,6,PRA,TEST Marching,0.001,0.0,0.0,0.0,0.0
2019,6,PSA,Hatboro-Horsham,85.85,25.35,26.4,17.3,16.8
2019,6,PSA,Unionville,88.6,25.0,27.6,17.8,18.2
2019,6,PSA,Hopewell Valley Central,82.8,25.2,25.8,16.7,15.1
2019,6,PSA,Owen J Roberts,82.651,24.4,25.95,16.2,16.1
2019,6,PSA,Upper Darby,82.351,25.5,25.35,15.7,15.8
2019,6,PSA,Coatesville,81.501,23.9,25.5,14.9,17.2
2019,6,PSA,Quakertown,80.401,25.3,24.9,15.4,14.8
2019,6,PSA,Southern Regional,87.35,26.7,26.7,17.25,16.7
2019,6,PSA,Hempfield,80.275,25.8,25.125,15.15,14.2
2019,6,PSA,Upper Moreland,80.1,21.8,25.2,16.0,17.1
2019,6,PSA,Phoenixville,79.45,24.3,23.55,15.0,16.6
2019,6,PSA,Ridley,85.425,25.1,25.125,17.6,17.6
2019,6,PSA,North Penn,78.65,22.6,23.85,16.8,15.4
2019,6,PSA,Methacton,77.35,23.4,24.15,14.8,15.0
2019,6,PSA,Avon Grove,75.4,22.7,23.1,15.3,14.3
2019,6,PSO,Old Bridge,88.35,27.1,28.05,16.7,16.5
2019,6,PSO,Downingtown,86.6,26.0,27.0,16.6,17.0
2019,6,PSO,Springford,85.6,25.7,26.7,16.9,16.3
2019,6,PSO,Perkiomen Valley,83.15,25.4,26.85,15.1,15.8
2019,6,PSO,Cab Calloway,78.8,23.1,25.5,14.7,15.5
2019,7,PRA,Highland Regional,88.2,25.5,25.5,18.6,18.6
2019,7,PRA,Upper Dublin,83.4,24.7,23.7,18.0,17.0
2019,7,PRA,Cheltenham,82.8,25.6,24.0,17.2,16.0
2019,7,PRA,Pennridge,82.35,23.4,22.95,17.5,18.5
2019,7,PSA,Unionville,89.95,27.95,25.95,17.9,18.15
2019,7,PSA,Southern Regional,88.75,27.9,24.75,17.6,18.5
2019,7,PSA,Ridley,87.15,27.4,24.45,17.3,18.0
2019,7,PSA,Hatboro-Horsham,86.275,25.9,24.075,18.0,18.3
2019,7,PSA,Upper Moreland,84.001,25.9,25.05,16.45,16.6
2019,7,PSA,Hempfield,83.101,26.3,24.0,16.8,16.0
2019,7,PSA,Hopewell Valley Central,82.901,25.35,23.1,16.85,17.6
2019,7,PSA,Upper Darby,82.601,26.1,24.6,15.8,16.1
2019,7,PSA,Owen J Roberts,81.551,26.35,22.8,16.5,15.9
2019,7,PSA,North Penn,80.55,23.8,23.85,15.6,17.3
2019,7,PSA,Quakertown,79.75,25.2,23.55,15.4,15.6
2019,7,PSA,Methacton,78.5,25.0,23.4,15.7,14.4
2019,7,PSA,Phoenixville,78.5,23.2,22.65,16.4,16.25
2019,7,PSA,Avon Grove,72.15,22.8,20.85,14.9,13.6
2019,7,PSA,Coatesville,70.4,22.2,20.4,14.6,13.2
2019,7,PIA,United 2,80.6,24.9,22.8,16.3,16.6
2019,7,PSO,Old Bridge,90.85,27.8,26.25,18.3,18.5
2019,7,PSO,Downingtown,88.05,27.9,25.05,17.3,17.8
2019,7,PSO,Springford,85.05,25.6,24.75,16.6,18.1
2019,7,PSO,Perkiomen Valley,81.7,23.9,24.6,16.8,16.4
2019,7,PSO,Cab Calloway,74.85,24.5,20.55,14.5,15.3
2019,7,PIO,Imperial Dynasty,82.4,24.5,26.1,16.2,15.6
2019,7,PIW,United Percussion,88.25,25.6,27.15,17.6,17.9
2018,0,PRA,Columbia,78.9,22.9,23.7,16.1,16.2
2018,0,PRA,Highland,78.4,22.3,24.6,15.8,15.7
2018,0,PRA,Abington,77.65,22.8,24.45,15.5,14.9
2018,0,PSA,Southern Regional,80.65,22.4,25.05,16.6,16.6
2018,0,PSA,Methacton,69.7,21.7,20.7,13.3,14.0
2018,0,PSA,Penncrest,66.65,20.4,19.65,13.9,12.7
2018,0,PSA,Hopewell Valley Central,67.95,20.7,19.95,14.0,13.3
2018,0,PSA,Coatesville,66.05,20.3,19.05,13.1,13.6
2018,0,PIA,East Coast Percussion,72.0,22.8,20.7,14.1,14.4
2018,0,PSO,Fair Lawn,70.6,22.0,21.0,13.7,13.9
2018,0,PSO,Perkiomen Valley,69.35,21.9,21.45,13.0,13.0
2018,0,PIW,United Percussion,79.75,23.1,24.75,16.0,15.9
2018,1,PRA,Phoenixville,81.05,24.2,25.05,15.6,16.2
2018,1,PRA,Upper Dublin,76.25,23.2,22.95,15.2,14.9
2018,1,PRA,Abington,75.5,22.4,23.7,14.1,15.3
2018,1,PRA,Pennridge,73.25,20.6,21.45,15.5,15.7
2018,1,PSA,Hatboro-Horsham,80.8,23.4,25.8,16.4,15.2
2018,1,PSA,Unionville,80.55,24.2,25.05,15.4,15.9
2018,1,PSA,Quakertown,76.2,23.0,24.9,14.1,14.2
2018,1,PSA,Upper Darby,73.8,22.7,22.5,15.1,13.5
2018,1,PSA,Methacton,73.701,22.4,23.1,13.5,14.7
2018,1,PSA,Hopewell Valley Central,74.05,22.1,23.55,15.5,12.9
2018,1,PSA,Cheltenham,71.951,21.2,23.85,13.7,13.2
2018,1,PSA,Coatesville,70.301,20.8,21.9,14.6,13.0
2018,1,PSA,Parkland,70.201,20.2,23.4,12.9,13.7
2018,1,PIA,East Coast Percussion,74.0,21.2,22.5,15.6,14.7
2018,1,PIA,Aftermath,68.75,20.0,22.35,12.8,13.6
2018,1,PSO,Perkiomen Valley,73.65,22.5,24.75,12.9,13.5
2018,1,PSO,Downingtown,70.45,21.8,23.25,12.8,12.6
2018,1,PIO,Imperial Dynasty,77.5,23.0,24.3,15.2,15.0
2018,2,PRA,Highland,78.9,24.5,23.7,15.2,15.5
2018,2,PSA,Hatboro-Horsham,80.0,24.1,24.9,15.8,15.2
2018,2,PSA,Unionville,81.6,23.5,25.5,16.0,16.6
2018,2,PSA,Upper Darby,77.7,24.4,24.6,14.9,13.8
2018,2,PSA,Williamstown,74.95,22.4,23.25,14.6,14.7
2018,2,PSA,Penncrest,74.751,23.6,23.55,14.2,13.4
2018,2,PSA,Avon Grove,72.951,22.4,24.15,13.4,13.0
2018,2,PSA,Phoenixville,73.401,21.9,22.8,13.7,15.0
2018,2,PSA,Coatesville,70.401,20.9,22.2,13.7,13.6
2018,2,PSA,North Penn,72.001,22.8,22.5,13.0,13.7
2018,2,PSA,Owen J Roberts,68.1,21.4,21.3,12.8,12.6
2018,2,PSO,Springford,77.9,23.8,24.6,15.0,14.5
2018,3,PRA,Conestoga Valley,81.55,23.9,25.05,16.1,16.5
2018,3,PRA,Highland,78.55,23.2,23.25,16.2,15.9
2018,3,PRA,Upper Dublin,78.2,23.4,23.7,15.0,16.1
2018,3,PSA,Southern Regional,87.15,25.7,27.15,16.5,17.8
2018,3,PSA,North Penn,79.425,24.05,24.525,14.75,16.1
2018,3,PSA,Avon Grove,79.3,23.8,25.2,14.7,15.6
2018,3,PSA,Williamstown,78.75,24.7,23.85,14.3,15.9
2018,3,PSA,Hopewell Valley Central,78.701,25.1,24.0,14.2,15.4
2018,3,PSA,Middletown,77.601,22.95,24.6,15.45,14.6
2018,3,PSA,Methacton,76.751,23.0,23.55,15.4,14.8
2018,3,PSA,Quakertown,76.401,23.75,24.75,13.8,14.1
2018,3,PSA,Phoenixville,75.726,22.0,24.225,14.5,15.0
2018,3,PSA,Upper Darby,75.5,22.6,23.7,14.0,15.2
2018,3,PSA,Coatesville,73.925,21.75,23.475,15.0,13.7
2018,3,PSA,Cheltenham,73.825,21.9,23.325,14.1,14.5
2018,3,PSA,Parkland,73.2,21.6,23.4,13.9,14.3
2018,3,PSA,Owen J Roberts,69.7,21.2,21.0,13.6,13.9
2018,3,PSO,Old Bridge,87.25,25.8,27.15,17.0,17.3
2018,3,PSO,Springford,81.7,25.0,27.0,14.9,14.8
2018,3,PSO,Downingtown,76.6,23.2,24.9,14.5,14.0
2018,3,PSO,Cab Calloway,75.15,21.3,25.35,14.8,13.7
2018,3,PIO,Imperial Dynasty,80.9,23.8,25.8,15.3,16.0
2018,5,PRA,Upper Dublin,80.45,24.2,24.75,16.1,15.4
2018,5,PSA,Southern Regional,90.25,26.6,27.15,18.3,18.2
2018,5,PSA,Hatboro-Horsham,85.45,26.1,25.35,17.6,16.4
2018,5,PSA,Upper Moreland,85.1,24.95,25.95,17.1,17.1
2018,5,PSA,North Penn,81.3,24.95,23.85,16.6,15.9
2018,5,PSA,Hopewell Valley Central,81.126,24.9,24.825,16.2,15.2
2018,5,PSA,Avon Grove,80.651,23.1,24.75,16.8,16.0
2018,5,PSA,Mechanicsburg,81.15,23.0,24.45,16.3,17.4
2018,5,PSA,Lower Dauphin,79.301,23.9,22.8,15.8,16.8
2018,5,PSA,Upper Darby,77.001,24.6,21.3,15.5,15.6
2018,5,PSA,Quakertown,76.95,23.8,24.15,14.9,14.1
2018,5,PSA,Parkland,74.15,21.8,22.95,14.6,14.8
2018,5,PSA,Ridley,72.25,22.6,19.95,15.2,14.5
2018,5,PSA,Owen J Roberts,70.2,21.1,21.6,13.9,13.6
2018,5,PSA,Coatesville,69.95,21.2,20.55,14.7,13.5
2018,5,PSO,Old Bridge,90.4,27.4,27.3,18.1,17.6
2018,5,PSO,Springford,83.4,25.3,26.1,15.8,16.2
2018,5,PSO,Downingtown,77.0,22.4,23.7,15.4,15.5
2018,7,PRA,Upper Dublin,83.15,24.8,25.05,16.7,16.6
2018,7,PRA,Highland,80.8,23.4,24.0,16.5,16.9
2018,7,PSA,Southern Regional,92.2,27.8,27.6,18.0,18.8
2018,7,PSA,Unionville,90.3,27.5,27.0,17.3,18.5
2018,7,PSA,Hatboro-Horsham,87.8,26.8,26.1,16.7,18.2
2018,7,PSA,North Penn,84.45,26.3,24.3,16.4,17.45
2018,7,PSA,Avon Grove,83.65,24.8,24.75,16.9,17.2
2018,7,PSA,Upper Darby,82.826,25.9,24.375,15.8,16.75
2018,7,PSA,Hopewell Valley Central,81.651,25.8,23.85,16.15,15.85
2018,7,PSA,Methacton,79.401,24.0,22.5,15.9,17.0
2018,7,PSA,Quakertown,79.901,24.8,24.3,15.1,15.7
2018,7,PSA,Phoenixville,78.7,23.2,23.7,15.7,16.1
2018,7,PSA,Cheltenham,78.3,23.1,23.4,15.45,16.35
2018,7,PSA,Parkland,76.9,22.9,22.8,14.8,16.4
2018,7,PSA,Coatesville,73.9,21.9,22.2,14.5,15.3
2018,7,PSA,Owen J Roberts,73.2,22.2,21.6,14.3,15.1
2018,7,PSO,Old Bridge,91.65,27.5,27.45,18.2,18.5
2018,7,PSO,Springford,85.5,25.2,27.0,16.6,16.7
2018,7,PSO,Perkiomen Valley,84.15,24.7,25.65,16.7,17.1
2018,7,PSO,Downingtown,80.7,23.9,24.6,15.8,16.4
2018,8,PRA,Upper Dublin,83.05,25.1,24.45,16.8,16.7
2018,8,PRA,Highland Regional,80.65,24.5,23.25,16.6,16.3
2018,8,PSA,Southern Regional,90.1,26.9,27.0,18.1,18.1
2018,8,PSA,Unionville,89.325,26.8,27.075,17.7,17.75
2018,8,PSA,Hatboro-Horsham,87.6,26.4,26.1,17.4,17.7
2018,8,PSA,North Penn,83.95,25.0,25.35,16.9,16.7
2018,8,PSA,Avon Grove,83.475,25.1,24.525,16.75,17.1
2018,8,PSA,Methacton,83.151,25.6,24.15,16.4,17.0
2018,8,PSA,Phoenixville,81.526,25.7,23.025,16.3,16.5
2018,8,PSA,Upper Darby,80.676,24.2,24.225,16.05,16.2
2018,8,PSA,Quakertown,80.301,25.4,24.0,15.9,15.0
2018,8,PSA,Hopewell Valley Central,79.7,24.25,24.3,16.25,14.9
2018,8,PSA,Cheltenham,78.1,23.9,22.8,15.6,15.8
2018,8,PSA,Parkland,77.075,24.3,22.275,15.2,15.3
2018,8,PSA,Coatesville,75.1,23.3,22.2,15.0,14.6
2018,8,PSA,Owen J Roberts,73.25,22.8,21.45,14.6,14.4
2018,8,PIA,East Coast Percussion,82.3,26.0,24.3,16.0,16.0
2018,8,PIA,Aftermath,75.6,21.9,22.2,15.2,16.3
2018,8,PSO,Old Bridge,91.55,27.4,27.45,18.3,18.4
2018,8,PSO,Springford,86.9,26.4,26.1,17.2,17.2
2018,8,PSO,Perkiomen Valley,84.75,25.4,26.25,16.8,16.3
2018,8,PSO,Downingtown,80.45,24.3,24.75,16.0,15.4
2018,8,PIO,Imperial Dynasty,85.2,26.6,25.5,16.6,16.5
2017,0,PRA,Highland,77.85,23.3,22.65,16.1,15.8
2017,0,PSA,Fairlawn,75.55,22.1,24.15,15.6,13.7
2017,0,PSA,Southern Regional,74.2,20.6,23.4,16.2,14.0
2017,0,PSA,Bayonne,72.55,21.5,22.65,15.5,12.9
2017,0,PSA,Methacton,67.05,18.8,22.05,12.9,13.3
2017,0,PSA,Coatesville,65.65,19.0,21.15,12.5,13.0
2017,0,PSA,Hopewell Valley Central,63.451,20.3,19.95,11.8,11.4
2017,0,PSA,Abington,61.751,18.3,20.25,12.0,11.2
2017,0,PSA,Hempfield,65.101,19.7,21.3,12.3,11.8
2017,0,PSO,Old Bridge,75.05,21.5,23.55,15.4,14.6
2017,1,S,Greencastle-Antrim,74.4,36.6,37.8,0.0,0.0
2017,1,S,Spring Grove,71.4,35.6,35.8,0.0,0.0
2017,1,PSA,Parkland,73.3,21.6,23.1,14.4,14.2
2017,1,PSA,Perkiomen Valley,71.3,21.9,21.9,13.9,13.6
2017,1,PSA,Avon Grove,66.4,19.8,19.8,13.1,13.7
2017,1,PSA,Abington,64.85,20.5,19.95,12.4,12.0
2017,1,PSA,Coatesville,63.651,19.0,18.15,13.2,13.3
2017,1,PSA,Hopewell Valley Central,62.901,18.3,20.1,12.0,12.5
2017,1,PSA,Hempfield,63.451,19.7,19.05,12.1,12.6
2017,1,ME,East Pennsboro,73.4,22.0,22.8,14.8,13.8
2017,1,PIA,Aftermath,70.65,20.2,21.75,14.2,14.5
2017,1,PSO,Mechanicsburg,70.0,20.6,21.3,13.9,14.2
2017,2,PRA,Quakertown,84.05,23.8,23.25,18.4,18.6
2017,2,PRA,Kensington CAPA,77.5,21.8,22.8,16.6,16.3
2017,2,PRA,Rustin,72.7,20.7,20.7,15.6,15.7
2017,2,PSA,Parkland,77.8,24.2,23.7,14.9,15.0
2017,2,PSA,Unionville,76.95,23.2,23.25,15.3,15.2
2017,2,PSA,Hatboro-Horsham,75.15,22.7,22.35,15.5,14.6
2017,2,PSA,Upper Moreland,75.15,23.9,21.75,14.45,15.05
2017,2,PSA,Downingtown,74.701,23.5,21.9,14.0,15.3
2017,2,PSA,Perkiomen Valley,74.651,22.4,22.8,14.6,14.85
2017,2,PSA,North Penn,74.151,24.5,19.8,15.7,14.15
2017,2,PSA,Bayonne,72.051,21.8,21.6,14.4,14.25
2017,2,PSA,Avon Grove,69.751,21.0,20.1,14.15,14.5
2017,2,PSA,Williamstown,69.55,22.1,20.25,13.5,13.7
2017,2,PSA,Penncrest,68.35,23.2,19.05,12.7,13.4
2017,2,PSA,Coatesville,65.75,21.5,17.85,13.4,13.0
2017,2,PSA,Bensalem,66.1,21.0,19.5,12.8,12.8
2017,2,PSA,Hopewell Valley Central,63.45,19.7,18.75,12.4,12.6
2017,2,PSA,Owen J Roberts,62.65,20.1,18.15,12.1,12.3
2017,2,PSO,Old Bridge,76.8,24.7,22.8,14.1,15.2
2017,2,PSO,Cab Calloway,72.05,24.2,19.95,13.4,14.5
2017,2,PSO,Upper Darby,70.35,23.4,20.25,12.9,13.8
2017,3,PRA,Quakertown,85.85,24.8,25.35,17.9,17.8
2017,3,PRA,Phoenixville,82.25,23.9,24.15,17.7,16.5
2017,3,PRA,Highland,78.7,23.8,21.6,15.9,17.4
2017,3,PRA,Kensington CAPA,80.25,24.1,23.25,16.3,16.6
2017,3,PRA,Pennridge,70.4,18.5,21.0,15.7,15.2
2017,3,PSA,North Penn,79.15,24.9,23.55,15.6,15.1
2017,3,PSA,Unionville,79.8,24.0,25.2,15.0,15.6
2017,3,PSA,Hatboro-Horsham,78.25,23.6,24.75,15.1,14.8
2017,3,PSA,Perkiomen Valley,77.85,24.1,23.1,15.4,15.25
2017,3,PSA,Upper Moreland,74.451,22.7,21.9,14.5,15.35
2017,3,PSA,Williamstown,73.501,23.2,22.5,13.3,14.5
2017,3,PSA,Coatesville,69.201,21.3,20.4,13.9,13.6
2017,3,PSA,Avon Grove,68.501,20.2,19.5,14.6,14.2
2017,3,PSA,Bensalem,68.051,21.1,21.15,12.7,13.1
2017,3,PSA,Hopewell Valley Central,63.15,19.8,19.05,11.9,12.4
2017,3,PSA,Owen J Roberts,57.8,18.0,16.5,11.2,12.1
2017,3,PIA,Aftermath,76.2,22.9,24.3,14.0,15.0
2017,3,PSO,Springford,81.45,24.3,25.05,16.0,16.1
2017,3,PSO,Upper Darby,70.6,22.8,21.3,12.9,13.6
2017,3,PIO,Pennsauken,77.5,23.0,24.0,14.9,15.6
2017,4,PRA,Highland,84.85,24.4,25.35,17.0,18.1
2017,4,PRA,Rustin,73.65,21.7,22.35,15.0,14.6
2017,4,PSA,Downingtown,84.025,25.3,24.825,17.0,16.9
2017,4,PSA,Bayonne,81.625,23.45,24.525,17.8,15.85
2017,4,PSA,North Penn,81.5,25.2,24.6,15.6,16.1
2017,4,PSA,Southern Regional,80.9,24.5,23.4,16.8,16.2
2017,4,PSA,Upper Moreland,78.8,23.75,24.0,14.9,16.15
2017,4,PSA,Ridley,78.501,23.4,22.95,16.0,16.15
2017,4,PSA,Williamstown,76.501,23.8,24.45,13.45,14.8
2017,4,PSA,Methacton,75.601,22.9,23.1,14.4,15.2
2017,4,PSA,Bensalem,73.526,21.6,20.475,16.4,15.05
2017,4,PSA,Hempfield,72.0,22.5,21.6,13.6,14.3
2017,4,PSA,Abington,71.1,23.0,20.7,13.3,14.1
2017,4,PSA,Coatesville,70.1,21.9,20.55,13.2,14.45
2017,4,PSO,Springford,82.55,24.9,24.45,16.7,16.5
2017,4,PSO,Old Bridge,82.25,25.0,24.75,16.3,16.2
2017,4,PSO,Cab Calloway,80.1,24.2,23.85,15.6,16.45
2017,4,PSO,Upper Darby,71.95,23.4,22.35,10.6,15.6
2017,4,PIO,Pennsauken,83.2,24.5,24.6,16.9,17.2
2017,4,PIW,United Percussion,87.95,25.7,26.55,17.4,18.3
2017,5,PRA,Quakertown,90.75,25.6,28.65,17.5,19.0
2017,5,PRA,Kensington CAPA,80.85,24.3,22.35,17.0,17.2
2017,5,PRA,Rustin,76.35,23.0,21.45,15.3,16.6
2017,5,PSA,Southern Regional,85.95,25.8,26.55,16.9,16.7
2017,5,PSA,Lower Dauphin,85.25,23.8,26.25,17.9,17.3
2017,5,PSA,Upper Moreland,83.65,25.3,24.45,16.7,17.2
2017,5,PSA,Downingtown,82.15,25.1,24.15,16.0,16.9
2017,5,PSA,North Penn,81.951,25.9,25.35,14.5,16.2
2017,5,PSA,Westfield,76.551,22.5,24.75,13.8,15.5
2017,5,PSA,Coatesville,72.751,19.5,22.05,16.5,14.7
2017,5,PSA,Hopewell Valley Central,72.701,21.8,22.8,14.2,13.9
2017,5,PSA,Owen J Roberts,65.351,19.0,19.35,13.6,13.4
2017,5,PIA,Aftermath,83.1,24.6,24.9,16.8,16.8
2017,5,PSO,Springford,83.8,25.7,25.8,14.9,17.4
2017,5,PSO,Cab Calloway,80.25,23.1,24.45,15.8,16.9
2017,5,PSO,Upper Darby,74.65,21.7,23.25,14.0,15.7
2017,7,S,Plymouth Whitemarsh,85.6,42.1,43.5,0.0,0.0
2017,7,PRA,Quakertown,90.2,26.1,28.8,17.5,17.8
2017,7,PRA,Highland,89.0,26.4,27.3,16.8,18.5
2017,7,PRA,Kensington CAPA,80.95,25.4,24.45,16.2,14.9
2017,7,PSA,Unionville,89.2,27.0,25.8,18.1,18.3
2017,7,PSA,Downingtown,87.1,26.15,26.25,17.5,17.2
2017,7,PSA,Southern Regional,86.65,26.2,26.85,17.6,16.0
2017,7,PSA,Perkiomen Valley,86.55,26.5,26.55,17.3,16.2
2017,7,PSA,North Penn,86.1,26.1,26.4,17.2,16.4
2017,7,PSA,Bayonne,85.401,25.7,26.1,16.8,16.8
2017,7,PSA,Parkland,84.001,26.05,25.65,16.6,15.7
2017,7,PSA,Upper Moreland,81.301,25.45,24.6,16.05,15.2
2017,7,PSA,Methacton,77.351,24.1,23.85,14.8,14.6
2017,7,PSA,Bensalem,76.3,22.75,22.05,16.2,15.3
2017,7,PSA,Abington,76.7,24.2,24.0,14.5,14.0
2017,7,PSA,Hopewell Valley Central,75.4,23.25,23.25,14.0,14.9
2017,7,PSA,Hempfield,74.15,23.6,22.95,14.2,13.4
2017,7,PSA,Coatesville,71.9,22.9,21.6,14.1,13.3
2017,7,PSA,Owen J Roberts,66.5,21.1,19.8,12.9,12.7
2017,7,PIA,Aftermath,84.4,25.2,24.9,17.4,16.9
2017,7,PSO,Springford,88.3,26.5,26.4,17.6,17.8
2017,7,PSO,Old Bridge,86.65,26.2,26.55,17.0,16.9
2017,7,PSO,Upper Darby,78.1,23.7,23.4,15.3,15.7
2017,7,PSO,Cab Calloway,77.15,24.6,22.95,14.8,14.8
2017,8,S,Plymouth Whitemarsh,88.3,43.2,45.1,0.0,0.0
2017,8,PRA,Quakertown,91.8,27.3,27.9,18.2,18.4
2017,8,PRA,Highland,87.35,27.0,25.95,17.7,16.7
2017,8,PRA,Kensington CAPA,84.75,25.7,25.05,17.2,16.8
2017,8,PSA,Unionville,89.7,26.4,27.6,18.4,17.3
2017,8,PSA,Downingtown,89.3,25.9,27.3,17.7,18.4
2017,8,PSA,Southern Regional,88.1,25.25,27.75,18.3,16.8
2017,8,PSA,Perkiomen Valley,87.9,25.55,26.25,18.2,17.9
2017,8,PSA,North Penn,86.275,25.7,26.175,17.2,17.2
2017,8,PSA,Parkland,85.951,26.1,25.05,17.3,17.5
2017,8,PSA,Bayonne,84.451,24.95,25.2,17.8,16.5
2017,8,PSA,Upper Moreland,84.351,25.2,25.35,16.8,17.0
2017,8,PSA,Methacton,80.851,24.25,24.6,16.4,15.6
2017,8,PSA,Abington,79.55,23.8,23.85,15.9,16.0
2017,8,PSA,Hopewell Valley Central,77.95,24.3,22.95,15.2,15.5
2017,8,PSA,Bensalem,77.775,22.35,22.725,16.3,16.4
2017,8,PSA,Hempfield,76.0,23.4,23.4,15.1,14.1
2017,8,PSA,Coatesville,75.9,22.3,23.1,15.5,15.0
2017,8,PSA,Owen J Roberts,72.8,22.6,21.3,14.6,14.3
2017,8,PIA,Aftermath,86.8,25.4,25.5,17.7,18.2
2017,8,PSO,Springford,91.0,26.0,28.2,18.2,18.6
2017,8,PSO,Old Bridge,86.85,25.7,26.55,17.5,17.1
2017,8,PSO,Upper Darby,79.4,23.8,24.6,15.7,15.3
2017,8,PSO,Cab Calloway,79.05,24.1,23.55,15.9,15.5
2017,8,PIW,United Percussion,88.15,26.2,27.75,17.0,17.2
2016,0,PRA,Highland,76.4,22.8,22.8,15.3,15.5
2016,0,PSA,Fairlawn,71.4,21.1,21.9,14.3,14.1
2016,0,PSA,Unionville,70.55,21.1,21.45,14.6,13.4
2016,0,PSA,Bayonne,65.95,19.3,19.95,13.7,13.0
2016,0,PSA,Methacton,68.35,20.4,21.15,13.2,13.6
2016,0,PSA,Hopewell Valley Central,63.7,18.3,20.7,12.1,12.6
2016,0,PSA,Coatesville,63.051,17.7,20.25,12.3,12.8
2016,0,PSO,Old Bridge,71.95,21.5,22.95,13.0,14.5
2016,1,PRA,Upper Dublin,76.4,23.0,21.9,16.7,14.8
2016,1,PRA,Kensington CAPA,75.25,23.5,20.85,15.6,15.3
2016,1,PSA,Perkiomen Valley,80.15,24.7,23.85,15.2,16.4
2016,1,PSA,Downingtown,77.9,25.1,23.55,15.25,14.0
2016,1,PSA,Unionville,77.75,23.0,22.95,15.6,16.2
2016,1,PSA,Hatboro-Horsham,80.2,24.8,23.1,16.2,16.1
2016,1,PSA,Upper Moreland,76.4,24.4,22.35,14.95,14.7
2016,1,PSA,North Penn,72.701,22.2,21.3,14.4,14.8
2016,1,PSA,Bayonne,70.351,19.6,22.05,14.1,14.6
2016,1,PSA,Methacton,71.601,23.3,19.8,14.9,13.6
2016,1,PSA,Hopewell Valley Central,67.85,22.2,18.75,15.0,11.9
2016,1,PSA,Coatesville,67.6,19.2,19.5,13.1,15.8
2016,1,PSA,Owen J Roberts,69.551,20.3,20.85,14.0,14.4
2016,1,PSA,Avon Grove,64.0,19.9,18.9,12.7,12.5
2016,1,PIA,Aftermath,74.75,22.8,22.05,15.0,14.9
2016,1,PSO,Upper Darby,79.65,24.4,23.55,15.4,16.3
2016,1,PSO,Old Bridge,77.25,23.6,22.95,14.6,16.1
2016,1,PIW,Cadets Winter Percussion,0.0,0.0,0.0,0.0,0.0
2016,1,ME,Parkland,75.325,22.9,22.425,15.8,14.2
2016,2,PRA,Quakertown,80.55,23.0,24.45,16.7,16.4
2016,2,PSA,Unionville,83.85,25.6,25.05,16.5,16.7
2016,2,PSA,Hatboro-Horsham,81.3,24.2,24.3,16.4,16.4
2016,2,PSA,Hempfield,81.15,25.3,23.55,16.3,16.0
2016,2,PSA,Upper Moreland,77.9,25.0,22.95,15.2,14.75
2016,2,PSA,Downingtown,76.751,25.0,23.25,14.8,13.7
2016,2,PSA,North Penn,76.501,24.7,22.5,14.6,14.7
2016,2,PSA,Ridley,76.351,23.3,21.75,15.8,15.5
2016,2,PSA,Bensalem,74.301,23.9,21.9,13.7,14.8
2016,2,PSA,Hopewell Valley Central,73.851,23.8,20.85,15.0,14.2
2016,2,PSA,Coatesville,71.2,22.4,21.0,13.3,14.5
2016,2,PSA,Avon Grove,70.6,23.6,19.8,13.8,13.4
2016,2,PSA,Owen J Roberts,70.5,22.7,20.4,13.4,14.0
2016,2,ME,Perkiomen Valley,81.725,25.9,23.925,15.7,16.2
2016,2,PIA,Aftermath,77.6,24.7,23.1,15.5,14.3
2016,2,PSO,Springford,82.55,25.8,25.35,15.3,16.1
2016,2,PSO,Upper Darby,82.0,26.2,24.0,15.8,16.0
2016,3,PRA,Marple Newtown,83.9,24.6,25.5,16.4,17.4
2016,3,PRA,Chichester Drumguard,82.75,25.1,24.15,16.8,16.7
2016,3,PRA,Highland,81.75,25.0,24.45,16.0,16.3
2016,3,PRA,Upper Dublin,77.45,24.2,22.65,15.6,15.0
2016,3,PRA,Kensington CAPA,76.4,24.9,22.5,14.3,14.7
2016,3,PRA,Central Bucks West,73.401,23.3,21.6,13.9,14.6
2016,3,PRA,Pennridge,71.151,22.6,21.45,13.0,14.1
2016,3,PSA,Perkiomen Valley,83.55,24.8,25.35,16.1,17.3
2016,3,PSA,Hatboro-Horsham,81.35,24.0,24.45,16.4,16.5
2016,3,PSA,Parkland,80.75,25.4,24.75,15.0,15.6
2016,3,PSA,Upper Moreland,79.35,23.7,23.85,15.6,16.2
2016,3,PSA,Bensalem,75.15,22.7,22.35,14.8,15.3
2016,3,PSA,Wilson,74.951,22.7,22.95,14.3,15.0
2016,3,PSA,Owen J Roberts,71.001,21.1,21.6,13.8,14.5
2016,3,PSA,Coatesville,68.801,19.6,21.0,13.1,15.1
2016,3,ME,Methacton,78.3,23.7,23.4,15.2,16.0
2016,3,PSO,Springford,82.2,24.4,25.5,16.0,16.3
2016,5,PRA,Quakertown,85.55,25.9,26.25,16.4,17.0
2016,5,PRA,Highland,81.1,26.0,24.6,15.2,15.3
2016,5,PRA,Upper Dublin,77.15,24.6,22.65,15.1,14.8
2016,5,PRA,Kensington CAPA,79.35,25.1,23.85,16.1,14.3
2016,5,PSA,Perkiomen Valley,86.45,27.1,26.25,16.9,16.2
2016,5,PSA,Lower Dauphin,84.35,26.0,24.15,17.2,17.0
2016,5,PSA,Downingtown,83.6,25.3,24.9,15.9,17.5
2016,5,PSA,Upper Moreland,81.001,25.2,23.7,16.2,15.9
2016,5,PSA,Parkland,81.25,25.7,24.15,16.1,15.3
2016,5,PSA,North Penn,77.951,24.4,23.55,15.4,14.6
2016,5,PSA,Bensalem,75.401,24.3,22.2,15.0,13.9
2016,5,PSA,Avon Grove,74.801,23.7,21.6,15.1,14.4
2016,5,PSA,Coatesville,70.201,21.4,21.0,14.8,13.0
2016,5,ME,Ridley,79.2,24.8,23.1,15.8,15.5
2016,5,PIA,Aftermath,78.5,24.9,22.8,15.8,15.0
2016,5,PSO,Upper Darby,88.2,27.0,26.7,17.5,17.0
2016,5,PSO,Old Bridge,86.35,27.1,26.25,17.0,16.0
2016,5,PSO,Springford,84.85,26.6,25.65,16.9,15.7
2016,7,PRA,Kensington CAPA,83.65,25.3,24.75,16.9,16.7
2016,7,PRA,Highland,82.25,26.3,24.45,15.8,15.7
2016,7,PRA,Upper Dublin,78.25,24.6,23.25,15.3,15.1
2016,7,PSA,Perkiomen Valley,88.65,27.1,27.75,17.7,16.1
2016,7,PSA,Parkland,87.5,26.5,26.1,16.9,18.0
2016,7,PSA,Unionville,86.7,26.0,26.4,17.1,17.2
2016,7,PSA,Downingtown,85.7,26.1,25.35,16.85,17.4
2016,7,PSA,North Penn,83.951,24.9,25.95,15.6,17.5
2016,7,PSA,Upper Moreland,81.851,25.3,24.15,16.5,15.9
2016,7,PSA,Methacton,81.551,25.6,24.45,15.9,15.6
2016,7,PSA,Bensalem,81.101,24.8,23.7,16.2,16.4
2016,7,PSA,Hopewell Valley Central,76.951,24.1,23.4,15.35,14.1
2016,7,PSA,Avon Grove,75.85,24.4,22.35,14.5,14.6
2016,7,PSA,Owen J Roberts,75.75,22.9,22.65,15.2,15.0
2016,7,PSA,Coatesville,72.0,21.7,21.9,14.7,13.7
2016,7,PIA,Aftermath,82.85,25.3,25.35,15.7,16.5
2016,7,PSO,Old Bridge,90.15,27.2,28.35,16.7,17.9
2016,7,PSO,Upper Darby,89.0,27.3,26.85,17.15,17.7
2016,7,PSO,Springford,88.15,26.9,27.3,16.55,17.4
2016,8,PRA,Highland,85.95,27.0,26.55,16.0,16.4
2016,8,PRA,Kensington CAPA,84.95,27.5,24.45,15.7,17.3
2016,8,PRA,Upper Dublin,83.1,26.1,24.6,16.2,16.2
2016,8,PSA,Parkland,87.45,27.2,26.7,16.55,17.0
2016,8,PSA,Unionville,86.7,25.9,27.0,17.4,16.4
2016,8,PSA,Downingtown,86.525,27.0,26.475,16.45,16.6
2016,8,PSA,Upper Moreland,86.15,27.4,26.25,17.1,15.4
2016,8,PSA,Perkiomen Valley,88.95,26.9,27.3,17.15,17.6
2016,8,PSA,North Penn,84.476,26.0,26.175,16.3,16.0
2016,8,PSA,Methacton,83.551,26.1,25.05,16.5,15.9
2016,8,PSA,Bensalem,81.951,25.3,25.95,15.7,15.0
2016,8,PSA,Hopewell Valley Central,79.751,24.3,25.35,15.8,14.3
2016,8,PSA,Avon Grove,77.25,23.1,24.45,15.6,14.1
2016,8,PSA,Owen J Roberts,76.7,23.4,24.3,13.7,15.3
2016,8,PSA,Coatesville,76.15,22.5,23.85,15.3,14.5
2016,8,PIA,Aftermath,84.2,25.2,25.8,16.6,16.6
2016,8,PSO,Old Bridge,89.35,27.0,27.15,17.6,17.6
2016,8,PSO,Upper Darby,86.05,26.9,26.25,17.1,15.8
2016,8,PSO,Springford,85.95,27.1,25.95,16.5,16.4
2016,8,ME,United Percussion,90.05,27.2,26.85,18.6,17.4
2017,0,S,Plymouth Whitemarsh,88.3,43.2,45.1,0.0,0.0
2017,0,PRA,Quakertown,91.8,27.3,27.9,18.2,18.4
2017,0,PRA,Highland,87.35,27.0,25.95,17.7,16.7
2017,0,PRA,Kensington CAPA,84.75,25.7,25.05,17.2,16.8
2017,0,PSA,Unionville,89.7,26.4,27.6,18.4,17.3
2017,0,PSA,Downingtown,89.3,25.9,27.3,17.7,18.4
2017,0,PSA,Southern Regional,88.1,25.25,27.75,18.3,16.8
2017,0,PSA,Perkiomen Valley,87.9,25.55,26.25,18.2,17.9
2017,0,PSA,North Penn,86.275,25.7,26.175,17.2,17.2
2017,0,PSA,Parkland,85.951,26.1,25.05,17.3,17.5
2017,0,PSA,Bayonne,84.451,24.95,25.2,17.8,16.5
2017,0,PSA,Upper Moreland,84.351,25.2,25.35,16.8,17.0
2017,0,PSA,Methacton,80.851,24.25,24.6,16.4,15.6
2017,0,PSA,Abington,79.55,23.8,23.85,15.9,16.0
2017,0,PSA,Hopewell Valley Central,77.95,24.3,22.95,15.2,15.5
2017,0,PSA,Bensalem,77.775,22.35,22.725,16.3,16.4
2017,0,PSA,Hempfield,76.0,23.4,23.4,15.1,14.1
2017,0,PSA,Coatesville,75.9,22.3,23.1,15.5,15.0
2017,0,PSA,Owen J Roberts,72.8,22.6,21.3,14.6,14.3
2017,0,PIA,Aftermath,86.8,25.4,25.5,17.7,18.2
2017,0,PSO,Springford,91.0,26.0,28.2,18.2,18.6
2017,0,PSO,Old Bridge,86.85,25.7,26.55,17.5,17.1
2017,0,PSO,Upper Darby,79.4,23.8,24.6,15.7,15.3
2017,0,PSO,Cab Calloway,79.05,24.1,23.55,15.9,15.5
2017,0,PIW,United Percussion,88.15,26.2,27.75,17.0,17.2
2015,0,PRA,Bayonne,77.35,31.4,30.85,15.1,0.0
2015,0,PRA,Chichester Drumguard,69.0,26.0,28.6,14.4,-1.0
2015,0,PSA,Downingtown,76.9,33.0,28.5,15.4,0.0
2015,0,PSA,Perkiomen Valley,75.95,33.4,28.15,14.4,0.0
2015,0,PSA,South Brunswick,77.5,33.8,28.1,15.6,-3.0
2015,0,PSA,Unionville,72.5,30.6,26.7,15.2,-0.7
2015,0,PSA,Methacton,71.701,31.4,25.8,14.5,0.0
2015,0,PSA,Southern Regional,71.551,29.2,27.55,14.8,-1.3
2015,0,PSA,Abington,67.701,28.2,26.0,13.5,-0.25
2015,0,PSA,Fairlawn,68.051,27.4,26.35,14.3,-2.5
2015,0,PSA,Highland,64.501,26.4,25.4,12.7,-0.9
2015,0,PSA,Coatesville,61.05,23.4,24.45,13.2,-0.1
2015,0,PIA,East Coast Percussion,65.45,28.2,24.85,12.4,-1.9
2015,0,PSO,Hatboro-Horsham,72.35,31.2,26.85,14.3,0.0
2015,0,ME,Old Bridge,74.2,32.6,26.4,15.2,0.0
2017,0,S,Greencastle-Antrim,74.4,36.6,37.8,0.0,0.0
2017,0,S,Spring Grove,71.4,35.6,35.8,0.0,0.0
2017,0,PSA,Parkland,73.3,21.6,23.1,14.4,14.2
2017,0,PSA,Perkiomen Valley,71.3,21.9,21.9,13.9,13.6
2017,0,PSA,Avon Grove,66.4,19.8,19.8,13.1,13.7
2017,0,PSA,Abington,64.85,20.5,19.95,12.4,12.0
2017,0,PSA,Coatesville,63.651,19.0,18.15,13.2,13.3
2017,0,PSA,Hopewell Valley Central,62.901,18.3,20.1,12.0,12.5
2017,0,PSA,Hempfield,63.451,19.7,19.05,12.1,12.6
2017,0,ME,East Pennsboro,73.4,22.0,22.8,14.8,13.8
2017,0,PIA,Aftermath,70.65,20.2,21.75,14.2,14.5
2017,0,PSO,Mechanicsburg,70.0,20.6,21.3,13.9,14.2
2015,0,PRA,Bensalem,83.0,34.0,32.7,16.3,0.0
2015,0,PRA,Springfield,80.55,32.0,31.75,16.8,0.0
2015,0,PRA,Upper Dublin,79.05,32.6,30.85,15.6,0.0
2015,0,PRA,Chichester Drumguard,74.6,29.6,30.3,14.7,0.0
2015,0,PRA,Twin Valley,72.701,28.0,29.9,14.8,-1.2
2015,0,PSA,Phoenix,84.3,34.0,33.5,16.8,0.0
2015,0,PSA,Downingtown,79.5,30.8,33.1,15.6,-0.1
2015,0,PSA,Ridley,79.1,31.0,32.3,15.8,0.0
2015,0,PSA,Methacton,78.65,30.6,32.65,15.4,0.0
2015,0,PSA,East Pennsboro,78.501,32.0,30.3,16.2,0.0
2015,0,PSA,Abington,77.501,31.4,31.5,14.6,0.0
2015,0,PSA,Unionville,75.401,30.0,30.7,14.7,0.0
2015,0,PSA,Coatesville,72.651,29.0,29.35,14.3,0.0
2015,0,ME,Perkiomen Valley,82.25,32.8,33.45,16.0,0.0
2015,0,PSO,Upper Darby,76.1,29.6,32.3,14.2,0.0
2015,0,PSO,Springford,73.2,27.0,32.7,13.5,-1.95
2015,1,PRA,Bensalem,87.8,35.2,33.9,18.7,0.0
2015,1,PRA,Upper Dublin,82.95,34.0,31.75,17.2,-0.4
2015,1,PRA,Springfield,81.3,32.6,31.8,16.9,0.0
2015,1,PRA,Pottsgrove,74.95,30.8,28.25,15.9,0.0
2015,1,PSA,Perkiomen Valley,84.1,32.6,33.9,17.6,0.0
2015,1,PSA,North Penn,83.15,33.6,32.85,16.7,-0.2
2015,1,PSA,Southern Regional,80.2,31.4,33.2,15.6,-0.85
2015,1,PSA,Unionville,77.35,30.8,31.25,15.3,0.0
2015,1,PSA,Highland,75.55,29.6,31.65,14.3,-1.6
2015,1,PSA,Coatesville,71.451,29.0,29.65,12.8,-10.65
2015,1,ME,Methacton,80.425,32.4,33.025,15.0,0.0
2015,1,PIA,East Coast Percussion,74.575,28.8,31.075,14.7,0.0
2015,1,PSO,Hatboro-Horsham,85.05,33.4,33.35,18.3,0.0
2015,1,PSO,Parkland,82.2,32.6,33.0,16.6,0.0
2015,1,PSO,Springford,80.9,31.4,32.3,17.2,0.0
2015,2,PRA,Bayonne,83.75,33.6,34.15,16.0,0.0
2015,2,PRA,Twin Valley,81.45,32.4,32.15,16.9,0.0
2015,2,PRA,Upper Dublin,79.15,32.8,29.35,17.0,0.0
2015,2,PRA,Pottsgrove,77.2,31.4,29.9,15.9,0.0
2015,2,PRA,Chichester Drumguard,75.751,30.4,30.55,14.8,0.0
2015,2,PSA,Perkiomen Valley,88.35,33.6,36.15,18.6,0.0
2015,2,PSA,South Brunswick,83.45,32.4,33.25,17.8,0.0
2015,2,PSA,Southern Regional,83.1,32.9,32.7,17.5,0.0
2015,2,PSA,Hempfield,83.0,31.4,34.7,16.9,0.0
2015,2,PSA,Eastern Regional,82.501,33.4,32.3,16.8,0.0
2015,2,PSA,Unionville,81.301,31.6,31.5,18.2,0.0
2015,2,PSA,Highland,79.601,32.0,31.9,15.7,0.0
2015,2,PSA,Methacton,78.626,31.3,30.925,16.4,0.0
2015,2,PSA,Bensalem,76.001,30.0,31.1,14.9,0.0
2015,2,PSA,Coatesville,74.15,29.0,30.45,14.7,0.0
2015,2,ME,Downingtown,84.05,33.0,34.05,17.0,0.0
2015,2,PIA,Aftermath,76.5,30.0,31.1,15.4,-0.25
2015,2,PSO,Old Bridge,87.35,35.0,35.15,17.2,0.0
2015,2,PSO,Springford,84.4,32.6,35.5,16.3,0.0
2015,2,PSO,Parkland,84.0,33.2,33.8,17.0,0.0
2015,2,PIW,Cadets Winter Percussion,89.9,35.8,35.8,18.3,0.0
2015,2,PIO,Field of View,82.5,33.2,32.6,16.7,0.0
2015,4,PRA,Upper Dublin,83.2,33.0,32.9,17.3,0.0
2015,4,PRA,Springfield,81.65,30.4,32.85,18.4,0.0
2015,4,PRA,Pottsgrove,81.4,31.4,33.7,16.3,0.0
2015,4,PRA,Twin Valley,79.4,31.2,30.3,17.9,-0.9
2015,4,PRA,Chichester Drumguard,76.65,29.8,31.35,15.5,0.0
2015,4,PSA,Southern Regional,90.1,36.4,35.9,17.8,0.0
2015,4,PSA,Perkiomen Valley,87.15,34.0,35.95,17.2,0.0
2015,4,PSA,Downingtown,86.8,36.8,35.05,14.95,0.0
2015,4,PSA,South Brunswick,85.7,34.4,34.2,17.1,0.0
2015,4,PSA,North Penn,84.251,35.8,32.25,16.2,0.0
2015,4,PSA,Methacton,83.301,33.8,33.4,16.1,0.0
2015,4,PSA,Unionville,80.851,33.4,31.85,15.6,0.0
2015,4,PSA,Bensalem,78.601,31.2,32.2,15.2,0.0
2015,4,PSA,Highland,77.801,30.8,30.5,16.5,0.0
2015,4,PSA,Abington,76.4,30.4,30.9,15.1,0.0
2015,4,PSA,Coatesville,72.35,28.4,29.95,14.0,-0.8
2015,4,PIA,Aftermath,77.8,30.6,31.5,15.7,0.0
2015,4,PSO,Upper Darby,89.65,37.2,35.25,17.2,0.0
2015,4,PSO,Old Bridge,89.3,35.8,35.6,17.9,0.0
2015,4,PSO,Springford,87.3,36.2,34.4,16.7,0.0
2015,4,PSO,Parkland,86.15,34.6,34.05,17.5,0.0
2015,4,PSCA,Plymouth Whitemarsh,80.5,40.9,38.9,40.4,40.8
2015,4,S,Kensington CAPA,87.25,42.5,41.9,45.4,44.7
2015,4,S,Quakertown,82.7,40.8,40.2,42.6,41.8
2017,0,S,Plymouth Whitemarsh,88.3,43.2,45.1,0.0,0.0
2017,0,PRA,Quakertown,91.8,27.3,27.9,18.2,18.4
2017,0,PRA,Highland,87.35,27.0,25.95,17.7,16.7
2017,0,PRA,Kensington CAPA,84.75,25.7,25.05,17.2,16.8
2017,0,PSA,Unionville,89.7,26.4,27.6,18.4,17.3
2017,0,PSA,Downingtown,89.3,25.9,27.3,17.7,18.4
2017,0,PSA,Southern Regional,88.1,25.25,27.75,18.3,16.8
2017,0,PSA,Perkiomen Valley,87.9,25.55,26.25,18.2,17.9
2017,0,PSA,North Penn,86.275,25.7,26.175,17.2,17.2
2017,0,PSA,Parkland,85.951,26.1,25.05,17.3,17.5
2017,0,PSA,Bayonne,84.451,24.95,25.2,17.8,16.5
2017,0,PSA,Upper Moreland,84.351,25.2,25.35,16.8,17.0
2017,0,PSA,Methacton,80.851,24.25,24.6,16.4,15.6
2017,0,PSA,Abington,79.55,23.8,23.85,15.9,16.0
2017,0,PSA,Hopewell Valley Central,77.95,24.3,22.95,15.2,15.5
2017,0,PSA,Bensalem,77.775,22.35,22.725,16.3,16.4
2017,0,PSA,Hempfield,76.0,23.4,23.4,15.1,14.1
2017,0,PSA,Coatesville,75.9,22.3,23.1,15.5,15.0
2017,0,PSA,Owen J Roberts,72.8,22.6,21.3,14.6,14.3
2017,0,PIA,Aftermath,86.8,25.4,25.5,17.7,18.2
2017,0,PSO,Springford,91.0,26.0,28.2,18.2,18.6
2017,0,PSO,Old Bridge,86.85,25.7,26.55,17.5,17.1
2017,0,PSO,Upper Darby,79.4,23.8,24.6,15.7,15.3
2017,0,PSO,Cab Calloway,79.05,24.1,23.55,15.9,15.5
2017,0,PIW,United Percussion,88.15,26.2,27.75,17.0,17.2
2017,-8,PRA,Highland,77.85,23.3,22.65,16.1,15.8
2017,-8,PSA,Fairlawn,75.55,22.1,24.15,15.6,13.7
2017,-8,PSA,Southern Regional,74.2,20.6,23.4,16.2,14.0
2017,-8,PSA,Bayonne,72.55,21.5,22.65,15.5,12.9
2017,-8,PSA,Methacton,67.05,18.8,22.05,12.9,13.3
2017,-8,PSA,Coatesville,65.65,19.0,21.15,12.5,13.0
2017,-8,PSA,Hopewell Valley Central,63.451,20.3,19.95,11.8,11.4
2017,-8,PSA,Abington,61.751,18.3,20.25,12.0,11.2
2017,-8,PSA,Hempfield,65.101,19.7,21.3,12.3,11.8
2017,-8,PSO,Old Bridge,75.05,21.5,23.55,15.4,14.6
2014,0,PRA,Springfield,75.05,31.8,27.35,15.9,0.0
2014,0,PRA,Chichester Drumguard,74.55,30.8,28.75,15.0,0.0
2014,0,PSA,Pennsauken,75.85,30.3,30.95,14.6,0.0
2014,0,PSA,Old Bridge,77.9,30.6,31.5,15.8,0.0
2014,0,PSA,Downingtown,75.8,30.7,29.9,15.2,0.0
2014,0,PSA,Perkiomen Valley,72.65,30.2,28.85,13.6,0.0
2014,0,PSA,Highland,72.35,32.6,25.55,14.2,0.0
2014,0,PSA,Lake Lehman,72.0,29.2,29.5,13.3,0.0
2014,0,PSA,Methacton,67.3,27.0,27.5,12.8,0.0
2014,0,PSA,North Penn,65.65,27.2,24.45,14.0,0.0
2014,0,PSA,Coatesville,67.9,28.0,25.0,14.9,0.0
2014,0,PIA,Aftermath,74.9,31.8,27.4,15.7,0.0
2014,0,PSO,Upper Darby,74.75,30.4,28.35,16.0,0.0
2014,1,PRA,Ramsey,84.35,34.8,31.75,17.8,0.0
2014,1,PRA,Chichester Drumguard,76.65,30.8,30.15,15.7,0.0
2014,1,PSA,Pennsauken,80.65,32.4,32.25,16.0,0.0
2014,1,PSA,Old Bridge,79.15,31.4,31.65,16.1,0.0
2014,1,PSA,Downingtown,75.4,30.2,29.8,15.4,0.0
2014,1,PSA,Unionville,72.9,28.4,30.2,14.3,0.0
2014,1,PSA,Perkiomen Valley,72.5,28.6,29.4,14.5,0.0
2014,1,PSA,Methacton,72.45,29.8,28.85,13.8,0.0
2014,1,PSA,Central Bucks South,71.65,29.0,28.45,14.2,0.0
2014,1,PSA,Lake Lehman,67.6,27.2,26.7,13.7,0.0
2014,1,PSA,Coatesville,70.0,29.2,27.8,13.0,0.0
2014,1,PIA,Field of View,78.05,30.2,32.45,15.4,0.0
2014,2,PSO,Upper Darby,85.65,33.6,34.45,17.6,0.0
2014,2,PRA,Springfield,77.3,31.8,30.2,15.3,0.0
2014,2,PRA,Chichester Drumguard,75.3,30.0,31.1,14.2,0.0
2014,2,PSA,Parkland,88.6,35.4,35.5,17.7,0.0
2014,2,PSA,Pennsauken,85.65,34.2,34.05,17.4,0.0
2014,2,PSA,Downingtown,83.6,34.0,33.1,16.5,0.0
2014,2,PSA,Unionville,77.55,31.0,30.85,15.7,0.0
2014,2,PSA,Coatesville,75.75,30.4,32.05,13.3,0.0
2014,2,PSA,Central Bucks South,75.05,30.8,31.25,13.0,0.0
2014,2,PSA,North Penn,72.6,29.6,29.3,13.7,0.0
2014,2,PIA,Aftermath,78.35,31.8,31.65,14.9,0.0
2014,5,PRA,Springfield,83.8,32.8,34.3,16.7,0.0
2014,5,PRA,Chichester Drumguard,80.6,30.8,33.9,15.9,0.0
2014,5,PSA,Pennsauken,92.5,36.4,37.9,18.2,0.0
2014,5,PSA,Perkiomen Valley,89.35,35.6,36.55,17.2,0.0
2014,5,PSA,North Penn,85.1,31.8,35.5,17.8,0.0
2014,5,PSA,Unionville,84.85,34.0,33.9,16.95,0.0
2014,5,PSA,Coatesville,84.8,33.2,34.7,16.9,0.0
2014,5,PSA,Lake Lehman,82.3,31.4,34.3,16.6,0.0
2014,5,PSA,Central Bucks South,82.2,31.0,35.1,16.1,0.0
2014,5,PSA,Highland,81.5,32.4,32.85,16.25,0.0
2014,5,PSA,Methacton,78.6,29.8,32.3,16.5,0.0
2014,5,PIA,Aftermath,84.2,33.0,33.75,17.45,0.0
2014,5,PSO,Old Bridge,87.25,35.0,34.95,17.3,0.0
2014,5,PSO,Parkland,86.0,33.6,35.5,16.9,0.0
2014,5,PIO,The Cadets,93.3,37.2,37.5,18.6,0.0
2014,5,PIO,Field of View,83.45,33.2,33.25,17.0,0.0
2014,5,PSW,Upper Darby,84.5,33.6,34.3,16.6,0.0
2014,6,PSCA,Daniel Boone,84.05,41.4,42.7,42.2,41.8
2017,0,S,Plymouth Whitemarsh,88.3,43.2,45.1,0.0,0.0
2017,0,PRA,Quakertown,91.8,27.3,27.9,18.2,18.4
2017,0,PRA,Highland,87.35,27.0,25.95,17.7,16.7
2017,0,PRA,Kensington CAPA,84.75,25.7,25.05,17.2,16.8
2017,0,PSA,Unionville,89.7,26.4,27.6,18.4,17.3
2017,0,PSA,Downingtown,89.3,25.9,27.3,17.7,18.4
2017,0,PSA,Southern Regional,88.1,25.25,27.75,18.3,16.8
2017,0,PSA,Perkiomen Valley,87.9,25.55,26.25,18.2,17.9
2017,0,PSA,North Penn,86.275,25.7,26.175,17.2,17.2
2017,0,PSA,Parkland,85.951,26.1,25.05,17.3,17.5
2017,0,PSA,Bayonne,84.451,24.95,25.2,17.8,16.5
2017,0,PSA,Upper Moreland,84.351,25.2,25.35,16.8,17.0
2017,0,PSA,Methacton,80.851,24.25,24.6,16.4,15.6
2017,0,PSA,Abington,79.55,23.8,23.85,15.9,16.0
2017,0,PSA,Hopewell Valley Central,77.95,24.3,22.95,15.2,15.5
2017,0,PSA,Bensalem,77.775,22.35,22.725,16.3,16.4
2017,0,PSA,Hempfield,76.0,23.4,23.4,15.1,14.1
2017,0,PSA,Coatesville,75.9,22.3,23.1,15.5,15.0
2017,0,PSA,Owen J Roberts,72.8,22.6,21.3,14.6,14.3
2017,0,PIA,Aftermath,86.8,25.4,25.5,17.7,18.2
2017,0,PSO,Springford,91.0,26.0,28.2,18.2,18.6
2017,0,PSO,Old Bridge,86.85,25.7,26.55,17.5,17.1
2017,0,PSO,Upper Darby,79.4,23.8,24.6,15.7,15.3
2017,0,PSO,Cab Calloway,79.05,24.1,23.55,15.9,15.5
2017,0,PIW,United Percussion,88.15,26.2,27.75,17.0,17.2
2023,0,PSA,Plainfield Combined School,82.45,24.15,16.4,25.4,16.5
2023,0,PSA,Lake Central HS,77.65,23.25,15.7,23.4,15.3
2023,0,PSA,Minooka Community HS,75.8,23.7,14.7,23.3,14.1
2023,0,PSA,Francis Howell Combined Schools,74.8,21.9,14.6,24.0,14.3
2023,0,PSA,Bay Port HS,69.9,20.4,14.1,22.0,13.4
2023,0,PSA,Bloomington HS,69.751,19.95,14.2,22.6,13.0
2023,0,PSA,Kaneland HS,67.401,19.5,13.6,21.0,13.3
2023,0,PIA,Modulation Z,85.45,25.05,17.1,26.4,16.9
2023,0,PIA,Pi Percussion Inc.,78.25,22.95,15.7,24.2,15.4
2023,0,PSA,Plainfield Combined School,82.75,24.15,16.2,26.4,16.0
2023,0,PSA,Lake Central HS,78.8,24.0,15.4,24.3,15.1
2023,0,PSA,Minooka Community HS,74.95,23.25,14.3,23.3,14.1
2023,0,PSA,Francis Howell Combined Schools,74.5,21.6,14.7,24.2,14.0
2023,0,PSA,Bloomington HS,70.251,20.25,14.0,22.7,13.3
2023,0,PSA,Bay Port HS,68.701,20.1,13.6,21.9,13.1
2023,0,PSA,Kaneland HS,66.551,19.35,13.4,20.8,13.0
2023,0,PIA,Modulation Z,84.5,24.6,16.5,27.2,16.2
2023,0,PIA,Pi Percussion Inc.,78.85,23.25,15.2,25.5,14.9
2023,0,PSA,Stoneman Douglas HS,76.55,23.85,15.7,21.0,16.0
2023,0,PSA,J.W. Mitchell HS,74.9,22.5,15.3,22.0,15.1
2023,0,PSA,Sunlake HS,72.6,21.9,14.6,21.3,14.8
2023,0,PSA,Jupiter HS,72.85,22.65,14.0,22.1,14.1
2023,0,PSA,H.B. Plant HS,73.4,22.8,14.9,21.9,13.8
2023,0,PIA,Infinity 3,77.15,23.85,15.7,22.6,15.0
2023,0,PIA,West Broward Independent,74.1,22.8,15.0,21.2,15.1
2023,0,PIA,RPT PERCUSSION,70.75,21.15,14.6,21.0,14.0
2023,0,PIA,Conflux Percussion,69.5,21.3,14.2,20.4,13.6
2023,0,PSO,Newsome HS,75.65,24.45,15.5,21.1,14.6
2023,0,PSO,Oakleaf HS,70.65,22.95,14.8,19.5,13.4
2023,0,PIO,Atlas Percussion,77.15,23.85,16.0,22.6,14.7
2023,0,PIO,Q2,75.6,23.1,15.6,21.9,15.0
2023,0,PIW,Infinity 2,82.0,25.5,16.6,24.5,15.4
2023,0,PIW,Atlanta Quest,80.3,24.9,16.4,24.4,14.6
2023,0,PIW,Infinity,84.35,25.35,17.2,25.3,16.5
2023,0,PSA,J.W. Mitchell HS,74.3,22.8,15.0,21.6,14.9
2023,0,PSA,H.B. Plant HS,73.55,22.05,14.9,22.5,14.1
2023,0,PSA,Sunlake HS,72.65,21.45,14.5,21.9,14.8
2023,0,PSA,Jupiter HS,70.85,21.15,14.1,21.4,14.2
2023,0,PSA,Stoneman Douglas HS,75.25,22.95,15.2,21.2,15.9
2023,0,PIA,Infinity 3,76.2,23.4,15.7,22.3,14.8
2023,0,PIA,RPT PERCUSSION,69.7,21.3,14.4,20.2,13.8
2023,0,PIA,Conflux Percussion,69.35,21.45,14.2,20.3,13.4
2023,0,PIA,West Broward Independent,73.05,22.35,14.9,21.1,14.7
2023,0,PSO,Newsome HS,75.7,24.0,15.4,22.2,14.1
2023,0,PSO,Oakleaf HS,69.3,21.9,14.5,19.8,13.1
2023,0,PIO,Infinity 2,84.25,26.25,17.4,23.8,16.8
2023,0,PIO,Atlas Percussion,77.3,24.3,16.0,22.8,14.2
2023,0,PIO,Q2,75.8,22.8,15.4,22.4,15.2
2023,0,PIW,Infinity,82.35,25.35,17.0,23.8,16.2
2023,0,PIW,Atlanta Quest,79.1,24.6,16.3,23.7,14.5
2023,0,PSA,New Milford HS,83.25,25.35,16.4,25.0,16.5
2023,0,PSA,New Hartford HS,81.85,24.75,16.0,25.1,16.0
2023,0,PSA,Mansfield HS,77.8,22.8,15.5,23.8,15.7
2023,0,PSA,Hempfield HS,77.15,22.05,15.8,23.2,16.1
2023,0,PSA,Liverpool HS,75.001,23.1,14.9,22.2,14.8
2023,0,PSA,West Milford HS,74.451,22.35,14.3,22.7,15.1
2023,0,PIA,Southeastern Connecticut Winter Percussion,69.7,21.0,13.0,21.6,14.1
2023,0,PSO,Old Bridge HS,86.05,26.25,16.8,26.1,16.9
2023,0,PSO,Fair Lawn HS,80.3,24.9,15.5,24.4,15.5
2023,0,PSO,Norwalk HS Combined Schools,76.6,23.7,14.5,22.3,16.1
2023,0,PSO,Trumbull HS,76.0,23.1,15.4,21.5,16.0
2023,0,PIO,United Percussion 2,83.4,25.8,16.5,24.3,16.8
2023,0,PIO,Spartans Indoor Percussion,78.9,24.3,15.3,23.5,15.8
2023,0,PSW,Dartmouth HS,87.45,26.55,17.5,25.7,17.7
2023,0,PIW,United Percussion,87.85,26.85,17.3,26.0,17.7
2023,0,PSA,New Milford HS,81.3,23.7,16.8,24.85,15.95
2023,0,PSA,New Hartford HS,80.4,23.4,15.4,25.6,16.0
2023,0,PSA,Hempfield HS,77.8,21.9,16.1,23.2,16.6
2023,0,PSA,Mansfield HS,76.251,21.45,15.8,24.2,14.8
2023,0,PSA,Liverpool HS,75.051,22.05,15.1,23.3,14.6
2023,0,PSA,West Milford HS,74.801,22.5,14.1,22.6,15.6
2023,0,PSA,Everett HS,77.275,22.575,14.5,23.9,16.3
2023,0,PSA,Nutley HS,75.751,22.65,13.8,24.3,15.0
2023,0,PSA,John C. Birdlebough HS,74.951,22.35,15.0,22.3,15.3
2023,0,PSA,Paul V. Moore HS,71.6,20.7,13.3,24.2,13.4
2023,0,PSA,Londonderry HS,72.85,21.75,14.3,22.6,14.2
2023,0,PSA,Westhill HS,69.95,20.25,14.0,21.7,14.0
2023,0,PIA,Southeastern Connecticut Winter Percussion,70.2,20.4,13.3,22.4,14.1
2023,0,PSO,Old Bridge HS,84.1,24.9,16.8,25.7,16.7
2023,0,PSO,Fair Lawn HS,77.3,23.4,15.4,23.2,15.3
2023,0,PSO,Trumbull HS,76.9,22.8,15.9,22.0,16.2
2023,0,PSO,Norwalk HS Combined Schools,75.6,23.1,14.2,22.5,15.8
2023,0,PIO,United Percussion 2,82.0,25.2,16.9,23.3,16.6
2023,0,PIO,Spartans Indoor Percussion,77.3,23.7,15.0,23.1,15.5
2023,0,PSW,Dartmouth HS,87.2,25.8,17.5,26.3,17.6
2023,0,PIW,United Percussion,86.5,26.4,16.7,25.8,17.6
2023,0,PSA,Carlsbad HS,74.75,23.25,15.8,21.6,14.1
2023,0,PSA,Chaparral HS,73.8,23.4,15.0,20.7,14.7
2023,0,PSA,Great Oak HS,74.2,22.8,15.1,21.3,15.0
2023,0,PIA,Cornerstone Percussion,75.6,23.7,15.1,21.8,15.0
2023,0,PSO,Great Oak HS,80.45,24.75,16.3,23.1,16.3
2023,0,PSO,Basha HS,74.75,23.85,14.8,21.2,14.9
2023,0,PIO,Meraki,84.05,26.25,16.9,24.0,16.9
2023,0,PIO,Elan Percussion,80.15,25.65,15.7,22.5,16.3
2023,0,PSW,Chino Hills HS,90.05,27.45,17.9,26.7,18.0
2023,0,PSW,Vista Murrieta HS,84.95,25.65,16.5,25.8,17.0
2023,0,PIW,Pulse Percussion,90.7,27.6,18.3,26.6,18.2
2023,0,PIW,POW Percussion,85.55,25.65,17.3,25.7,16.9
2023,0,PIW,Gold Indoor Percussion,83.9,24.9,17.0,24.9,17.1
2023,1,PSA,Gwinnett County Combined Schools,83.5,26.4,16.5,24.5,16.1
2023,1,PSA,Lakeway Christian Academy,73.95,22.95,15.2,21.3,14.5
2023,1,PSA,Fort Mill HS,75.45,23.25,16.1,20.9,15.2
2023,1,PSA,Rock Hill HS,71.9,21.6,14.7,21.2,14.4
2023,1,PIA,Trilogy Independent,80.0,24.9,15.5,23.7,15.9
2023,1,PIA,Charles Towne Percussion,75.8,21.9,14.9,24.1,14.9
2023,1,PIA,Revelation,75.2,22.5,14.6,22.1,16.0
2023,1,PIA,Kannapolis Independent,71.25,22.05,14.2,21.3,13.7
2023,1,PIO,Civitas Independent,84.0,24.9,16.3,25.5,17.3
2023,1,PIO,Paradigm Percussion,77.95,23.25,15.7,22.6,16.4
2023,1,PIO,Palmetto Indoor Theatre,73.45,22.35,14.7,21.6,14.8
2023,1,PSA,Porter HS,84.2,25.2,16.2,26.1,16.7
2023,1,PSA,A&M Consolidated HS,82.1,24.6,15.6,25.6,16.3
2023,1,PSA,La Porte HS,80.25,24.15,16.0,24.3,15.8
2023,1,PSA,Lehman HS,79.9,23.7,15.7,24.6,15.9
2023,1,PSA,C.E. King HS,76.65,22.95,14.9,23.6,15.2
2023,1,PIA,UTRGV Percussion,78.6,22.8,15.5,24.8,15.5
2023,1,PSO,Clear Brook HS,88.0,26.4,17.8,25.8,18.0
2023,1,PSO,Cypress Park HS,85.2,25.2,16.7,24.9,18.4
2023,1,PSO,Bridgeland HS,84.55,25.35,17.0,25.0,17.2
2023,1,PSO,Cypress Ranch HS,82.05,24.15,16.2,24.7,17.0
2023,1,PSO,OConnor HS,81.15,23.85,16.4,24.1,16.8
2023,1,PSO,Seven Lakes HS,77.501,22.8,15.8,23.4,15.5
2023,1,PSO,John Marshall HS,74.651,21.75,15.5,22.3,15.1
2023,1,PIO,UTSA,78.25,22.95,15.9,23.4,16.0
2023,1,PSW,Cy-Fair HS,86.0,25.8,16.8,25.0,18.4
2023,1,PSW,Pearland HS,80.5,23.4,16.0,24.3,16.8
2023,1,PSW,Timber Creek HS,76.5,22.8,15.4,23.0,15.3
2023,1,PSW,Carroll Senior HS,71.2,20.7,14.1,22.2,14.2
2023,1,PIW,Monarch Independent,83.95,25.05,17.3,24.4,17.2
2023,1,PIW,Rhythmic Force Percussion,79.9,24.0,16.3,23.9,15.7
2023,1,PSA,Chantilly HS,77.2,23.7,15.3,23.3,14.9
2023,1,PSA,Hickory HS,75.95,22.35,14.9,23.0,15.7
2023,1,PSA,Dawson Bryant HS,72.675,21.375,14.6,22.7,14.0
2023,1,PSA,Green Hope HS,72.425,21.525,13.9,23.1,13.9
2023,1,PSA,Christianburg HS Combined Schools,70.65,20.85,14.4,19.9,15.5
2023,1,PSA,Jefferson Forest HS,69.651,21.45,13.3,20.6,14.3
2023,1,PSO,Clover HS,83.35,25.35,16.4,25.6,16.0
2023,1,PSO,Thomas Jefferson HS,81.05,23.85,16.0,24.8,16.4
2023,1,PSO,Powhatan HS,79.0,24.6,15.1,24.5,14.8
2023,1,PSO,Panther Creek HS,76.65,23.25,14.9,23.1,15.4
2023,1,PSO,Freedom HS,70.55,22.05,13.1,21.8,13.6
2023,1,PIO,Old Line Independent Percussion,80.0,24.9,15.6,24.7,14.8
2023,1,PIO,Empyrean Percussion,78.425,24.525,14.7,23.5,15.7
2023,1,PIO,Liberty University Indoor Drumline,77.5,24.0,15.3,23.8,14.4
2023,1,PSW,South County HS,74.075,23.475,14.8,21.6,14.2
2023,1,PIW,George Mason University,83.15,25.65,16.6,24.6,16.3
2023,1,PSA,Porter HS,83.3,25.5,17.0,24.4,16.4
2023,1,PSA,A&M Consolidated HS,80.95,23.85,16.2,23.7,17.2
2023,1,PSA,La Porte HS,80.9,23.1,16.9,23.8,17.1
2023,1,PSA,Lehman HS,79.9,22.2,16.3,23.9,17.5
2023,1,PSA,C.E. King HS,75.65,22.35,14.7,23.0,15.6
2023,1,PSA,Robert Vela HS,75.101,21.6,16.1,22.3,15.1
2023,1,PSA,Edinburg North HS,71.251,19.35,14.3,22.4,15.2
2023,1,PSA,United HS,71.101,19.5,14.2,22.8,14.6
2023,1,PSA,Robstown Early College HS,69.651,19.65,14.9,21.1,14.0
2023,1,PIA,UTRGV Percussion,79.05,22.65,15.2,24.2,17.0
2023,1,PSO,Clear Brook HS,85.75,25.5,17.0,25.7,17.55
2023,1,PSO,Cypress Park HS,83.2,24.3,16.9,24.5,17.5
2023,1,PSO,Bridgeland HS,82.0,24.75,16.4,24.15,16.7
2023,1,PSO,Cypress Ranch HS,77.95,22.2,14.5,25.25,16.0
2023,1,PSO,OConnor HS,77.95,23.25,15.6,23.6,15.5
2023,1,PSO,Seven Lakes HS,76.951,22.05,14.7,24.6,15.6
2023,1,PSO,John Marshall HS,73.501,23.1,14.4,21.3,14.7
2023,1,PIO,UTSA,79.0,23.4,15.3,24.5,15.8
2023,1,PSW,Cy-Fair HS,84.75,24.75,17.1,25.2,17.7
2023,1,PSW,Pearland HS,79.55,23.55,15.6,24.0,16.4
2023,1,PSW,Timber Creek HS,78.9,22.2,15.0,25.8,15.9
2023,1,PSW,Carroll Senior HS,77.7,22.5,15.8,24.1,15.3
2023,1,PIW,Monarch Independent,82.75,24.75,16.7,25.1,16.2
2023,1,PIW,Rhythmic Force Percussion,81.15,23.25,15.5,25.6,16.8
2023,1,PSA,Chantilly HS,75.05,23.55,15.3,22.0,14.2
2023,1,PSA,Hickory HS,74.45,22.65,14.5,22.2,15.1
2023,1,PSA,Dawson Bryant HS,71.925,21.075,14.2,22.5,14.15
2023,1,PSA,Green Hope HS,73.1,21.9,14.6,23.6,13.0
2023,1,PSA,Christianburg HS Combined Schools,70.151,20.25,14.4,20.3,15.2
2023,1,PSA,Jefferson Forest HS,70.85,20.85,14.0,21.2,14.8
2023,1,PSA,Clarke County HS,69.276,21.675,13.5,20.7,13.4
2023,1,PSA,Albemarle County Combined Schools,67.401,21.0,13.1,19.8,13.5
2023,1,PSA,Carlisle HS,66.101,21.3,12.7,19.7,12.4
2023,1,PSA,Patriot HS,65.95,20.55,12.8,19.0,13.6
2023,1,PSA,Powhatan MS,57.9,16.5,11.8,18.7,10.9
2023,1,PSO,Clover HS,81.35,24.45,15.7,25.3,15.9
2023,1,PSO,Thomas Jefferson HS,78.8,23.4,15.3,23.6,16.5
2023,1,PSO,Powhatan HS,77.9,24.3,14.3,24.7,14.6
2023,1,PSO,Panther Creek HS,74.95,22.65,14.7,22.6,15.0
2023,1,PSO,Freedom HS,67.951,20.55,13.1,21.4,12.9
2023,1,PIO,Old Line Independent Percussion,77.4,24.6,14.8,24.2,13.8
2023,1,PIO,Empyrean Percussion,77.35,24.45,14.4,23.3,15.2
2023,1,PIO,Liberty University Indoor Drumline,76.45,23.85,14.9,23.6,14.1
2023,1,PSW,South County HS,72.8,23.1,15.0,20.8,13.9
2023,1,PIW,George Mason University,81.2,25.5,16.8,22.4,16.5
2023,1,PSA,Gwinnett County Combined Schools,85.1,26.4,16.6,24.9,17.2
2023,1,PSA,Fort Mill HS,75.75,22.95,15.4,22.1,15.3
2023,1,PSA,Lakeway Christian Academy,75.4,23.1,15.2,22.0,15.1
2023,1,PSA,Rock Hill HS,71.85,21.75,14.8,21.0,14.3
2023,1,PIA,Trilogy Independent,80.95,24.45,15.8,24.7,16.0
2023,1,PIA,Charles Towne Percussion,77.25,22.95,14.9,24.3,15.1
2023,1,PIA,Revelation,74.25,22.65,14.7,22.6,14.3
2023,1,PIA,Kannapolis Independent,71.6,21.9,14.1,21.8,13.8
2023,1,PSO,Dorman HS,86.7,26.1,17.6,26.2,16.8
2023,1,PSO,Ninety Six HS,80.55,24.45,16.5,23.9,15.7
2023,1,PSO,Hardin Valley Academy,77.45,23.25,15.5,23.6,15.1
2023,1,PSO,Dobyns-Bennett HS,75.3,22.5,15.3,22.5,15.0
2023,1,PSO,Mauldin HS,74.751,22.05,14.8,22.0,15.9
2023,1,PIO,Civitas Independent,84.5,25.2,16.5,25.9,16.9
2023,1,PIO,Paradigm Percussion,77.8,23.1,15.6,23.2,15.9
2023,1,PIO,Palmetto Indoor Theatre,73.05,22.05,14.6,22.0,14.4
2023,1,PSA,Kickapoo HS,81.85,24.15,16.3,26.3,15.1
2023,1,PSA,Hamilton Southeastern HS,81.65,24.75,16.9,25.7,14.3
2023,1,PSA,Northview HS,81.0,24.9,17.4,22.6,16.1
2023,1,PSA,Franklin Community HS,80.0,23.1,16.8,24.9,15.2
2023,1,PSA,Southport HS,76.1,21.6,14.8,24.4,15.3
2023,1,PSA,Goshen HS,76.001,22.2,16.5,23.8,13.5
2023,1,PSA,Noblesville HS,75.551,22.65,15.1,23.3,14.5
2023,1,PSA,Perry Meridian HS,73.851,23.55,15.6,21.3,13.4
2023,1,PSA,Westfield HS,74.051,22.05,15.2,22.4,14.4
2023,1,PIA,Crystal Lake Thunder,74.85,22.65,14.9,23.6,13.7
2023,1,PIA,Lincoln-Way Indoor Drumline,74.4,21.9,14.3,22.8,15.4
2023,1,PIA,Shelby County IGNITE Winter Percussion,65.35,19.95,13.5,19.1,12.8
2023,1,PSO,Victor J. Andrew HS,82.25,24.6,15.9,24.65,17.1
2023,1,PSO,Brownsburg HS,81.35,24.45,16.3,24.4,16.2
2023,1,PSO,Kettering Fairmont HS,80.05,24.75,15.2,24.8,15.3
2023,1,PSO,Greenfield-Central HS,79.95,23.85,15.5,24.5,16.1
2023,1,PSO,Zionsville Community HS,77.4,23.7,15.1,22.6,16.0
2023,1,PSO,Decatur Central HS,75.401,21.9,14.8,23.3,15.4
2023,1,PSO,Carroll HS (IN),72.551,22.05,13.9,21.8,14.8
2023,1,PSO,Plainfield HS,70.601,21.3,13.6,21.3,14.4
2023,1,PIO,Cap City 2,81.85,24.75,16.2,24.8,16.1
2023,1,PIO,Freedom Percussion,78.05,22.95,15.0,24.2,15.9
2023,1,PSW,Avon HS,86.45,25.35,17.4,26.4,17.3
2023,1,PSW,Center Grove HS,83.6,24.6,16.8,25.4,16.8
2023,1,PSW,Franklin Central HS,81.35,23.85,15.8,25.8,15.9
2023,1,PSW,Fishers HS,78.7,23.7,15.5,24.1,15.4
2023,1,PIW,Rhythm X,86.9,26.4,17.3,25.3,17.9
2023,1,PIW,ConneXus,80.65,24.75,16.5,23.5,15.9
2023,1,PIW,Cap City Percussion,78.05,22.35,16.3,23.2,16.2
2023,1,PIW,Redline,73.55,21.45,14.9,22.3,14.9
2023,1,PIW,Veritas,73.001,22.5,14.6,20.8,15.1
2023,1,PSA,Noblesville HS,77.65,23.25,15.3,24.2,14.9
2023,1,PSA,Southport HS,75.95,24.15,14.0,22.8,15.0
2023,1,PSA,Goshen HS,75.9,23.4,14.2,23.9,14.4
2023,1,PIA,Crystal Lake Thunder,73.25,22.05,13.6,22.9,14.7
2023,1,PIA,Shelby County IGNITE Winter Percussion,69.1,21.9,13.7,20.6,12.9
2023,1,PIA,Lincoln-Way Indoor Drumline,71.5,21.6,13.0,23.1,13.8
2023,1,PSO,Victor J. Andrew HS,84.25,25.05,17.0,25.5,16.7
2023,1,PSO,Brownsburg HS,84.1,24.6,17.3,26.2,16.0
2023,1,PSO,Kettering Fairmont HS,79.45,24.15,16.5,24.8,14.0
2023,1,PSO,Hamilton Southeastern HS,79.0,22.8,16.2,25.1,14.9
2023,1,PSO,Kickapoo HS,78.326,22.875,16.0,24.15,15.3
2023,1,PSO,Northview HS,77.751,22.65,15.6,23.7,15.8
2023,1,PSO,Zionsville Community HS,75.851,23.55,15.0,22.8,14.5
2023,1,PSO,Greenfield-Central HS,75.701,22.2,15.1,24.3,14.1
2023,1,PSO,Franklin Community HS,75.626,22.125,15.3,23.4,14.8
2023,1,PSO,Decatur Central HS,73.55,21.45,14.5,23.0,14.6
2023,1,PIO,Cap City 2,80.55,25.05,16.8,22.7,16.0
2023,1,PIO,Freedom Percussion,78.8,23.7,16.3,24.1,14.7
2023,1,PSW,Avon HS,86.75,25.65,17.4,26.3,17.4
2023,1,PSW,Center Grove HS,83.2,24.6,16.8,25.1,16.7
2023,1,PSW,Franklin Central HS,77.35,22.65,16.3,23.6,14.8
2023,1,PSW,Fishers HS,76.05,22.95,15.2,22.8,15.1
2023,1,PIW,Rhythm X,88.45,26.25,17.5,27.0,17.7
2023,1,PIW,ConneXus,82.9,24.6,16.2,25.9,16.2
2023,1,PIW,Cap City Percussion,80.65,24.15,15.8,24.7,16.0
2023,1,PIW,Redline,75.8,22.5,14.8,23.6,14.9
2023,1,PIW,Veritas,74.201,21.6,14.3,24.1,14.2
2023,2,PSA,Vandebilt Catholic HS,80.9,24.75,16.3,24.3,15.55
2023,2,PSA,Oak Grove HS (MS),80.85,25.05,16.8,23.0,16.0
2023,2,PSA,Pearl HS,80.35,24.15,16.7,22.5,17.0
2023,2,PSA,E.D. White Catholic HS,78.35,25.05,14.4,23.3,15.6
2023,2,PSA,Harrison Central HS,77.251,22.95,15.7,22.7,15.9
2023,2,PSA,Bob Jones HS,77.4,24.6,14.0,22.4,16.4
2023,2,PSA,West Harrison HS,76.551,22.35,15.4,22.0,16.8
2023,2,PSA,Germantown HS,76.501,24.3,14.8,22.2,15.2
2023,2,PSA,Clinton HS,75.376,24.225,14.5,21.3,15.35
2023,2,PSA,South Jones HS,73.7,21.6,15.2,21.6,15.3
2023,2,PSA,Gulf Breeze HS,72.9,23.7,14.1,21.1,14.0
2023,2,PSA,Dutchtown HS,71.15,23.55,13.9,18.8,14.9
2023,2,PSA,Destrehan HS,70.3,22.2,13.8,20.4,13.9
2023,2,PIA,St. Martin Independent,75.6,23.7,15.0,22.1,14.8
2023,2,PSO,Pace HS,81.45,25.05,17.0,22.8,16.6
2023,2,PSO,Hernando HS,79.75,24.15,16.4,24.1,15.1
2023,2,PSO,Central Lafourche HS,75.3,22.5,15.6,23.0,14.2
2023,2,PSO,Tupelo HS,72.95,23.25,14.4,21.5,13.8
2023,2,PSW,Petal HS,81.25,24.45,17.2,23.1,16.5
2023,2,PIW,Music City Mystique,88.55,26.85,17.8,26.0,17.9
2023,2,PIW,Infinity,84.6,25.2,17.0,25.2,17.2
2023,2,PIW,Infinity 2,79.4,24.3,16.1,22.5,16.5
2023,2,PIW,STRYKE Percussion,78.25,23.55,16.6,22.3,15.8
2023,2,PSA,Ogden HS,78.7,24.6,14.5,24.3,15.3
2023,2,PSA,Provo HS,78.65,22.95,15.6,25.0,15.1
2023,2,PSA,Nebo School District Combined Schools,79.1,24.3,16.5,23.8,14.5
2023,2,PSA,Mountain Ridge HS (UT),77.3,23.1,15.2,24.4,14.6
2023,2,PSA,West Jordan HS,73.501,21.9,14.4,23.5,13.7
2023,2,PSA,Bingham HS,72.601,23.4,14.3,22.0,12.9
2023,2,PSA,Canyons School District Combined Schools,69.201,20.1,14.0,20.9,14.2
2023,2,PSA,Copper Hills HS,71.051,21.15,13.9,22.4,13.6
2023,2,PSA,Pleasant Grove HS,69.001,20.7,12.8,22.9,12.6
2023,2,PSA,Fremont HS,65.25,19.05,12.6,20.5,13.1
2023,2,PIA,North Star Independent,84.4,25.5,17.7,25.1,16.1
2023,2,PIA,Rift Percussion,81.45,24.75,16.9,25.2,14.6
2023,2,PIA,Horizon Percussion,75.55,22.95,14.7,23.2,14.7
2023,2,PSO,Lone Peak HS,78.55,23.55,15.4,25.2,14.4
2023,2,PSO,Davis HS,76.65,22.95,14.5,24.6,14.6
2023,2,PIO,Gold Spike Percussion,76.4,22.5,15.5,23.5,14.9
2023,2,PSA,Williams Field HS,82.425,25.125,16.6,25.0,15.7
2023,2,PSA,Horizon HS (AZ),80.15,24.75,16.2,24.1,15.1
2023,2,PSA,Arcadia HS,78.15,24.15,14.6,25.1,14.3
2023,2,PSA,Campo Verde HS,75.975,22.275,15.7,23.6,14.4
2023,2,PSA,Gilbert HS,73.55,22.05,15.4,22.8,13.3
2023,2,PSA,Higley HS,71.301,22.5,14.8,21.6,12.4
2023,2,PSA,Sahuarita Combined Schools,66.251,20.85,13.5,19.1,12.8
2023,2,PIA,Pinnacle Percussion,75.325,22.125,15.4,23.0,14.8
2023,2,PIA,Sun City Independent,75.6,21.3,14.5,25.5,14.3
2023,2,PIA,Convergence Indoor Percussion,68.9,21.0,13.0,22.4,12.5
2023,2,PSO,Foothill HS (NV),83.05,26.25,16.6,22.6,17.6
2023,2,PSO,Basha HS,81.4,24.9,15.9,24.7,15.9
2023,2,PIO,Vision Percussion,85.6,25.8,17.8,25.1,16.9
2023,2,PIO,Breakthrough Indoor Percussion,79.15,23.25,15.8,23.9,16.2
2023,2,PIO,DV Indoor Percussion,75.4,22.2,14.5,23.1,15.6
2023,2,PIO,LINEA,63.45,18.75,13.4,19.0,12.3
2023,2,PIW,Flux Indoor Percussion,83.35,24.75,16.4,25.2,17.0
2023,2,PSA,Provo HS,78.1,23.1,15.3,24.5,15.2
2023,2,PSA,Ogden HS,77.1,22.8,14.0,25.0,15.3
2023,2,PSA,Mountain Ridge HS (UT),73.8,21.3,14.7,23.5,14.3
2023,2,PSA,Nebo School District Combined Schools,77.15,24.15,16.5,21.6,14.9
2023,2,PSA,West Jordan HS,74.15,22.05,14.1,23.9,14.1
2023,2,PSA,Bingham HS,72.501,23.25,13.8,22.3,13.15
2023,2,PSA,Canyons School District Combined Schools,70.851,20.85,14.4,21.9,13.7
2023,2,PSA,Pleasant Grove HS,69.651,20.25,13.2,23.2,13.0
2023,2,PSA,Copper Hills HS,70.901,20.4,14.3,23.0,13.2
2023,2,PSA,Fremont HS,66.45,19.65,12.8,21.1,12.9
2023,2,PIA,Rift Percussion,81.15,25.05,16.2,25.0,14.9
2023,2,PIA,North Star Independent,80.95,23.85,16.9,24.7,15.5
2023,2,PIA,Horizon Percussion,75.6,23.7,14.4,22.8,14.7
2023,2,PSO,Lone Peak HS,78.1,24.0,15.2,24.7,14.2
2023,2,PSO,Davis HS,75.2,22.5,14.2,24.2,14.3
2023,2,PSO,Lehi HS Combined Schools,74.45,21.45,14.5,23.0,15.5
2023,2,PIO,Gold Spike Percussion,77.3,23.4,15.9,22.9,15.1
2023,2,PSA,Williams Field HS,80.65,24.15,16.6,25.4,14.5
2023,2,PSA,Arcadia HS,78.55,23.85,14.6,25.7,14.4
2023,2,PSA,Horizon HS (AZ),77.75,24.45,15.8,23.6,13.9
2023,2,PSA,Campo Verde HS,76.2,21.9,15.0,25.1,14.2
2023,2,PSA,Gilbert HS,72.35,20.85,14.8,23.4,13.3
2023,2,PSA,Higley HS,70.451,22.35,15.2,20.1,12.8
2023,2,PSA,Perry HS,69.101,19.2,13.6,23.2,13.1
2023,2,PSA,Sahuarita Combined Schools,64.401,20.4,13.0,18.7,12.3
2023,2,PIA,Pinnacle Percussion,75.05,22.35,15.6,22.5,14.6
2023,2,PIA,Sun City Independent,74.9,20.7,14.3,25.8,14.1
2023,2,PIA,DV Indoor Percussion,78.75,22.05,17.8,23.4,15.5
2023,2,PIA,Convergence Indoor Percussion,65.1,20.4,13.1,18.7,12.9
2023,2,PSO,Foothill HS (NV),80.65,25.95,16.4,21.6,16.7
2023,2,PSO,Basha HS,79.7,24.6,15.6,24.1,15.4
2023,2,PIO,Vision Percussion,84.3,25.5,17.5,24.6,16.7
2023,2,PIO,Breakthrough Indoor Percussion,78.7,23.1,15.5,23.9,16.2
2023,2,PIO,LINEA,62.8,18.3,13.4,18.7,12.4
2023,2,PIW,Flux Indoor Percussion,82.35,24.45,16.2,24.7,17.0
2023,2,PSA,Centaurus HS,86.35,26.55,17.8,25.3,16.7
2023,2,PSA,Longmont Combined Schools,82.35,25.05,16.7,24.9,15.7
2023,2,PSA,Academy District 20 Combined Schools,80.1,24.6,16.3,23.7,15.5
2023,2,PSA,Monarch HS,78.95,23.85,15.3,24.8,15.0
2023,2,PSA,Columbus HS,78.15,23.25,16.0,23.0,15.9
2023,2,PSA,Columbine HS,74.801,22.8,15.2,22.2,14.6
2023,2,PSO,Fossil Ridge HS,80.05,24.45,15.2,25.4,15.0
2023,2,PSO,Loveland HS,79.15,23.55,15.8,24.3,15.5
2023,2,PIW,Blue Knights,85.0,25.5,17.2,25.3,17.0
2023,2,PIW,Rise Percussion,80.4,25.2,16.4,22.6,16.2
2023,2,PSA,Oak Ridge HS,83.15,24.6,16.9,25.45,16.2
2023,2,PSA,Summit HS,80.2,22.8,16.6,25.0,15.8
2023,2,PSA,Karns HS,78.75,22.95,15.6,25.3,14.9
2023,2,PSA,Seymour HS,78.0,23.4,15.9,22.8,15.9
2023,2,PSA,West Johnston HS,71.3,22.2,14.6,20.8,13.7
2023,2,PSO,Ravenwood High School,85.45,25.65,17.5,25.5,16.8
2023,2,PSO,Hardin Valley Academy,82.95,24.75,16.6,24.9,16.7
2023,2,PIO,Buckhorn Indoor Percussion,84.65,27.15,16.8,23.8,16.9
2023,2,PIO,Creekside Independent,84.1,27.0,17.0,23.5,16.6
2023,2,PSW,Sparkman HS,85.0,26.7,16.2,25.5,16.6
2023,2,PIW,Audio Theater,80.25,24.45,15.5,24.7,15.6
2023,2,PSA,Centaurus HS,85.0,26.1,17.5,24.6,16.8
2023,2,PSA,Longmont Combined Schools,81.0,24.9,16.2,24.9,15.0
2023,2,PSA,Academy District 20 Combined Schools,78.6,23.7,16.0,24.0,14.9
2023,2,PSA,Monarch HS,77.3,21.9,15.0,25.2,15.2
2023,2,PSA,Columbus HS,77.1,22.5,15.6,23.2,15.8
2023,2,PSA,Columbine HS,72.501,21.3,14.8,22.4,14.0
2023,2,PSO,Fossil Ridge HS,79.4,24.3,14.9,25.6,14.6
2023,2,PSO,Loveland HS,76.7,23.1,15.3,23.2,15.1
2023,2,PIW,Blue Knights,84.15,25.35,17.3,24.7,16.8
2023,2,PIW,Rise Percussion,80.3,24.9,16.3,23.2,15.9
2023,2,PSA,Oak Ridge HS,82.1,24.0,16.9,24.8,16.4
2023,2,PSA,Seymour HS,78.0,22.8,16.2,22.9,16.1
2023,2,PSA,Karns HS,77.5,22.2,15.6,25.0,14.7
2023,2,PSA,Summit HS,79.35,22.05,17.2,24.9,15.2
2023,2,PSA,West Johnston HS,70.951,21.45,14.6,21.5,13.4
2023,2,PIA,Creekside Independent,86.1,27.0,17.9,24.1,17.1
2023,2,PIA,Buckhorn Indoor Percussion,85.5,26.7,17.4,24.6,16.8
2023,2,PSO,Ravenwood High School,84.4,24.9,17.8,25.1,16.6
2023,2,PSO,Hardin Valley Academy,82.95,24.15,16.9,25.0,16.9
2023,2,PSW,Sparkman HS,83.0,25.8,15.6,25.3,16.3
2023,2,PIW,Audio Theater,80.15,23.85,15.3,25.5,15.5
2023,3,PSA,Everett HS,89.275,25.875,18.0,26.9,18.5
2023,3,PSA,Unionville HS,88.7,26.7,17.75,26.8,17.45
2023,3,PSA,Hempfield HS,87.0,25.8,17.4,26.4,17.4
2023,3,PSA,Egg Harbor Township HS,86.125,26.025,16.0,26.1,18.0
2023,3,PSA,Owen J Roberts HS,85.525,24.825,17.35,25.6,17.75
2023,3,PSA,Nutley HS,85.051,24.75,17.3,24.95,18.05
2023,3,PSA,Spring-Ford HS,83.351,25.95,15.4,25.4,16.6
2023,3,PSA,Perkiomen Valley HS,83.201,24.9,16.4,24.6,17.3
2023,3,PSA,Urbana HS,82.601,25.5,16.4,24.5,16.2
2023,3,PSA,Downingtown East HS,82.4,25.05,16.8,24.85,15.7
2023,3,PSA,Southern Regional HS,82.2,23.25,17.0,24.0,17.95
2023,3,PSA,Bridgewater Raritan HS,82.05,25.65,15.7,24.9,15.8
2023,3,PSA,Susquehannock HS,81.55,23.55,15.8,25.5,16.7
2023,3,PIA,Albany Indoor Percussion Ensemble,73.05,22.35,15.6,20.6,14.5
2023,3,PSO,Fair Lawn HS,86.1,26.4,17.3,24.7,17.7
2023,3,PSO,New Milford HS,83.65,25.05,16.9,25.8,15.9
2023,3,PSO,Norwalk HS Combined Schools,83.2,25.5,18.0,23.2,16.5
2023,3,PSO,Trumbull HS,81.65,24.45,17.1,22.9,17.2
2023,3,PSO,Central Dauphin HS,80.001,23.7,16.2,23.9,16.2
2023,3,PIO,United Percussion 2,88.0,25.8,17.8,26.7,17.7
2023,3,PIO,Spartans Indoor Percussion,85.75,25.65,17.2,25.9,17.0
2023,3,PSW,Old Bridge HS,89.25,26.55,18.1,26.7,17.9
2023,3,PIW,George Mason University,90.75,26.55,19.0,27.0,18.2
2023,3,PIW,United Percussion,90.0,26.4,18.6,27.3,17.7
2023,3,PSA,Bellbrook HS,89.95,27.45,18.5,25.8,18.2
2023,3,PSA,Mars Area HS,87.7,26.25,17.95,25.7,17.8
2023,3,PSA,Beavercreek HS,86.775,26.175,17.8,25.35,17.45
2023,3,PSA,Kings HS,85.15,25.05,17.2,25.6,17.3
2023,3,PSA,Victor HS,84.801,25.5,17.5,24.7,17.1
2023,3,PSA,North Allegheny HS,82.801,24.3,17.0,24.6,16.9
2023,3,PSA,Olentangy Liberty HS,87.025,25.425,18.1,26.0,17.5
2023,3,PSA,Thomas Worthington HS,80.326,25.125,15.2,23.8,16.2
2023,3,PSA,Wapakoneta HS,78.051,23.55,15.9,22.3,16.3
2023,3,PSA,Lebanon HS,77.65,22.05,16.3,23.9,15.4
2023,3,PSA,St. Clairsville HS,76.3,22.8,16.1,21.7,15.7
2023,3,PSA,Kaneland HS,73.8,22.2,15.1,21.6,14.9
2023,3,PSO,Kettering Fairmont HS,85.05,26.25,16.4,25.9,16.5
2023,3,PSO,Victor J. Andrew HS,86.7,25.8,18.0,25.6,17.3
2023,3,PSO,Milford HS (OH),80.8,24.0,16.5,24.1,16.2
2023,3,PSO,Central Crossing HS,74.9,22.2,15.8,21.9,15.0
2023,3,PIO,Cap City 2,86.05,25.35,17.3,26.8,16.6
2023,3,PIO,Matrix Open,85.6,25.5,17.0,26.0,17.1
2023,3,PIO,M3,80.05,24.75,15.1,24.4,15.8
2023,3,PIO,Nomad Indoor,77.05,23.25,15.5,23.2,15.1
2023,3,PSW,Centerville HS,82.65,25.35,17.0,23.7,16.6
2023,3,PIW,Rhythm X,92.3,27.3,18.5,27.6,18.9
2023,3,PIW,Cap City Percussion,85.25,25.35,17.7,25.4,16.8
2023,3,PIW,ConneXus,84.5,25.8,17.6,24.2,16.9
2023,3,PIW,Matrix,87.7,26.7,16.9,26.4,17.7
2023,3,PSA,Irondale Combined Schools,82.15,24.75,16.1,24.8,16.5
2023,3,PSA,Osseo Area Combined Schools,81.35,24.45,16.4,24.7,15.8
2023,3,PSA,Elk River Combined Schools,76.6,22.2,15.4,23.4,15.6
2023,3,PSA,Dassel-Cokato HS,76.3,22.95,15.15,23.1,15.1
2023,3,PSA,Burnsville HS,74.3,21.15,15.55,22.7,14.9
2023,3,PSA,Buffalo HS,73.901,21.0,15.2,22.4,15.3
2023,3,PSA,Rocori HS,68.701,19.2,14.0,21.6,13.9
2023,3,PSA,South St. Paul HS,68.001,19.5,14.6,20.6,13.3
2023,3,PSA,Anoka HS,63.501,18.0,12.8,19.6,13.1
2023,3,PIA,Rochester Lourdes Drumline,74.3,22.5,14.7,22.1,15.0
2023,3,PIA,Quad City Percussion,70.45,20.85,14.2,21.7,13.7
2023,3,PIA,St. Ambrose University Indoor Percussion,70.0,20.4,13.7,22.0,13.9
2023,3,PSO,Eden Prairie HS,81.45,24.15,16.1,25.5,15.7
2023,3,PIO,Crossroads Percussion,84.2,24.6,17.4,25.8,16.4
2023,3,PSW,Brandon Valley HS,80.55,24.45,15.1,25.6,15.4
2023,3,PIW,MBI Indoor Percussion,85.25,25.05,17.2,26.2,16.8
2023,3,PIW,River City Rhythm,82.4,24.3,16.6,25.5,16.0
2023,3,PSA,Unionville HS,87.8,27.0,16.2,27.1,17.5
2023,3,PSA,Owen J Roberts HS,87.25,25.8,18.0,26.1,17.35
2023,3,PSA,Everett HS,87.025,24.525,17.85,26.6,18.05
2023,3,PSA,Egg Harbor Township HS,85.501,25.5,16.0,25.8,18.2
2023,3,PSA,Hempfield HS,87.2,25.35,17.55,27.0,17.3
2023,3,PSA,Downingtown East HS,84.351,25.65,17.0,25.3,16.4
2023,3,PSA,Spring-Ford HS,82.976,26.175,15.35,24.5,16.95
2023,3,PSA,Perkiomen Valley HS,81.976,24.375,15.8,23.85,17.95
2023,3,PSA,Bridgewater Raritan HS,81.35,25.95,15.4,23.7,16.3
2023,3,PSA,Urbana HS,81.2,26.1,17.0,23.2,14.9
2023,3,PSA,Southern Regional HS,80.25,22.2,16.8,22.7,18.55
2023,3,PSA,West Milford HS,78.5,23.4,14.9,23.6,16.6
2023,3,PSA,Westhill HS,78.4,24.0,15.6,23.3,15.5
2023,3,PSA,Salem HS,76.25,23.7,14.8,22.45,15.3
2023,3,PSA,Cab Calloway HS Combined Schools,76.75,23.25,14.2,25.4,13.9
2023,3,PSA,Hatboro-Horsham HS,72.55,21.15,14.4,21.6,15.4
2023,3,PSA,Downingtown West HS,70.6,21.6,14.6,20.2,14.2
2023,3,PSA,Roxbury HS,70.55,20.25,13.8,22.0,14.5
2023,3,PSA,West Essex HS,67.1,19.8,13.4,21.0,12.9
2023,3,PSA,Phoenixville Area HS,66.65,19.95,11.8,22.3,12.6
2023,3,PSA,John P. Stevens HS,67.45,19.65,12.6,21.9,13.3
2023,3,PSA,Edison HS,65.65,19.35,13.0,20.9,12.4
2023,3,PSA,Penncrest HS,62.75,18.45,12.0,19.3,13.0
2023,3,PIA,Albany Indoor Percussion Ensemble,72.9,22.5,15.2,21.0,14.2
2023,3,PSO,Fair Lawn HS,85.15,26.25,16.8,24.6,17.5
2023,3,PSO,Norwalk HS Combined Schools,82.05,25.65,17.4,23.0,16.0
2023,3,PSO,New Milford HS,82.0,24.3,16.4,25.6,15.7
2023,3,PSO,Trumbull HS,80.15,24.45,16.6,22.1,17.0
2023,3,PSO,Central Dauphin HS,79.35,23.55,16.0,23.7,16.1
2023,3,PIO,United Percussion 2,86.65,25.95,17.4,26.0,17.3
2023,3,PIO,Spartans Indoor Percussion,84.7,25.5,17.0,25.6,16.6
2023,3,PSW,Old Bridge HS,88.15,26.25,17.8,26.2,17.9
2023,3,PIW,George Mason University,89.85,26.25,18.7,26.6,18.3
2023,3,PIW,United Percussion,89.75,26.85,18.4,26.9,17.6
2023,3,PSA,Irondale Combined Schools,81.075,24.075,16.0,24.6,16.4
2023,3,PSA,Osseo Area Combined Schools,80.2,24.0,16.2,24.5,15.5
2023,3,PSA,Dassel-Cokato HS,76.4,22.8,14.9,23.5,15.2
2023,3,PSA,Elk River Combined Schools,75.15,22.05,15.0,23.3,14.8
2023,3,PSA,Buffalo HS,73.65,20.85,15.6,23.0,14.2
2023,3,PSA,Burnsville HS,72.401,21.0,15.4,21.1,14.9
2023,3,PSA,South St. Paul HS,68.651,20.25,14.5,20.4,13.5
2023,3,PSA,Rocori HS,67.501,18.6,14.0,21.2,13.7
2023,3,PSA,Anoka HS,62.301,18.0,12.6,18.6,13.1
2023,3,PIA,Rochester Lourdes Drumline,73.45,22.05,14.3,22.0,15.1
2023,3,PIA,Quad City Percussion,70.1,21.9,14.1,20.7,13.4
2023,3,PIA,St. Ambrose University Indoor Percussion,67.95,20.25,13.7,20.2,13.8
2023,3,PSO,Eden Prairie HS,80.45,24.15,15.8,24.8,15.7
2023,3,PIO,Crossroads Percussion,82.95,24.45,17.2,25.1,16.2
2023,3,PSW,Brandon Valley HS,80.1,24.9,14.8,25.4,15.0
2023,3,PIW,MBI Indoor Percussion,84.45,25.35,17.0,25.7,16.4
2023,3,PIW,River City Rhythm,81.45,24.15,16.4,25.3,15.6
2023,3,PSA,Alpharetta HS,84.15,25.65,16.7,25.3,16.5
2023,3,PSA,Warren Central HS,79.35,24.45,15.5,24.4,15.0
2023,3,PSA,Hewitt-Trussville HS,78.45,23.25,15.8,24.1,15.3
2023,3,PSA,Oak Grove HS,74.701,21.9,14.9,23.2,14.7
2023,3,PSA,North Forsyth HS,80.85,23.55,16.1,26.0,15.2
2023,3,PSO,Gulfport HS,83.25,25.95,18.5,22.6,16.2
2023,3,PSO,Forsyth Central HS,83.05,25.5,17.9,24.15,15.5
2023,3,PSO,South Forsyth HS,82.3,24.3,17.8,23.8,16.4
2023,3,PSO,Hillgrove HS,81.1,24.9,16.6,24.5,15.1
2023,3,PSO,Chattahoochee HS,79.4,23.4,17.2,24.2,14.6
2023,3,PSO,Dobyns-Bennett HS,77.651,23.25,15.8,22.9,15.7
2023,3,PSO,Gwinnett County Combined Schools,76.051,22.05,16.4,22.3,15.3
2023,3,PIO,Civitas Independent,86.7,26.4,17.5,25.1,17.7
2023,3,PIO,Mt. Juliet HS,80.4,24.3,16.1,23.2,16.8
2023,3,PIO,Q2,79.6,23.4,16.6,23.3,16.3
2023,3,PIO,Palmetto Indoor Theatre,73.3,21.9,15.2,21.3,14.9
2023,3,PSW,Dorman HS,84.3,25.2,17.2,24.7,17.2
2023,3,PSW,Milton HS,79.35,23.55,16.3,23.4,16.1
2023,3,PSW,Lambert HS,77.9,22.2,15.4,25.0,15.3
2023,3,PIW,Atlanta Quest,83.9,23.7,16.6,25.6,18.0
2023,3,PIW,Audio Theater,80.4,24.3,15.8,23.8,16.5
2023,3,PSA,Alpharetta HS,84.55,25.95,17.5,24.2,16.9
2023,3,PSA,Hewitt-Trussville HS,81.9,24.6,16.5,24.3,16.5
2023,3,PSA,North Forsyth HS,79.85,23.55,16.6,23.6,16.1
2023,3,PSA,Warren Central HS,77.55,22.5,16.9,22.95,15.2
2023,3,PSA,Oak Grove HS,75.675,22.575,14.8,22.5,15.8
2023,3,PSA,Rock Hill HS,75.001,21.9,15.4,23.1,14.6
2023,3,PSA,Choctawhatchee HS,74.601,21.6,14.6,22.8,15.6
2023,3,PSA,East Coweta HS,72.351,20.85,14.5,22.1,14.9
2023,3,PSA,Etowah HS,70.501,20.7,13.9,21.8,14.1
2023,3,PSO,Gulfport HS,83.15,27.45,17.3,21.7,16.7
2023,3,PSO,Forsyth Central HS,83.1,25.8,16.5,24.2,16.6
2023,3,PSO,South Forsyth HS,81.6,25.2,17.0,22.5,16.9
2023,3,PSO,Chattahoochee HS,80.25,26.55,17.5,21.5,14.7
2023,3,PSO,Hillgrove HS,79.1,22.8,16.9,23.3,16.1
2023,3,PSO,Dobyns-Bennett HS,78.851,23.1,16.7,22.55,16.5
2023,3,PSO,Gwinnett County Combined Schools,75.801,22.95,16.2,21.45,15.2
2023,3,PSO,Mauldin HS,75.551,23.25,16.4,20.6,15.3
2023,3,PSO,Collins Hill HS,74.601,22.2,15.8,22.4,14.2
2023,3,PIO,Civitas Independent,85.4,26.1,17.1,25.1,17.1
2023,3,PIO,Q2,82.1,24.6,16.8,24.1,16.6
2023,3,PIO,Mt. Juliet HS,81.15,24.75,16.5,23.8,16.1
2023,3,PIO,Palmetto Indoor Theatre,76.45,22.65,15.8,22.7,15.3
2023,3,PIW,Audio Theater,79.25,23.85,16.3,23.3,15.8
2023,3,PIW,Atlanta Quest,83.35,25.35,16.8,25.6,15.6
2023,3,PSA,Bellbrook HS,92.25,27.75,18.4,27.5,18.6
2023,3,PSA,Beavercreek HS,88.05,26.85,17.8,26.4,17.0
2023,3,PSA,Mars Area HS,87.8,27.6,17.5,26.2,16.5
2023,3,PSA,Kings HS,86.55,25.95,17.2,25.5,17.9
2023,3,PSA,Victor HS,82.1,24.9,16.9,24.2,16.1
2023,3,PSA,North Allegheny HS,82.001,24.3,16.6,24.5,16.6
2023,3,PSO,Kettering Fairmont HS,88.25,27.45,17.5,26.0,17.3
2023,3,PSO,Victor J. Andrew HS,88.025,27.225,17.7,25.7,17.4
2023,3,PSO,Milford HS (OH),82.0,24.9,16.1,24.8,16.2
2023,3,PSO,Central Crossing HS,77.05,23.55,15.3,23.5,14.7
2023,3,PIO,Cap City 2,85.95,26.85,16.3,26.0,16.8
2023,3,PIO,Matrix Open,83.75,26.25,16.5,24.6,16.4
2023,3,PIO,Nomad Indoor,80.75,25.05,15.6,25.1,15.0
2023,3,PIO,M3,80.7,24.9,15.5,25.0,15.3
2023,3,PSW,Centerville HS,83.75,26.25,16.1,24.7,16.7
2023,3,PIW,Rhythm X,92.35,28.35,18.6,26.9,18.5
2023,3,PIW,Matrix,87.425,26.925,17.6,25.3,17.6
2023,3,PIW,Cap City Percussion,87.275,27.225,17.3,25.6,17.15
2023,3,PIW,ConneXus,85.75,26.85,16.8,24.9,17.2
2023,4,PSA,Rex Putnam HS,83.75,25.5,16.15,25.4,16.7
2023,4,PSA,Glencoe HS Combined Schools,81.85,24.15,16.2,25.1,16.4
2023,4,PSA,Southridge HS,75.7,22.2,15.3,23.1,15.1
2023,4,PSA,Fruitland HS,75.1,21.75,15.35,22.8,15.2
2023,4,PSA,South Albany HS,72.001,21.0,14.9,22.2,13.9
2023,4,PSA,Westview HS,70.501,20.1,14.5,21.9,14.0
2023,4,PSA,Aloha HS,66.951,19.65,12.8,21.5,13.0
2023,4,PSA,Othello HS,66.301,19.8,13.0,20.1,13.4
2023,4,PIA,Viking Independent Percussion,70.6,22.5,14.5,19.9,13.7
2023,4,PSO,Sherwood HS,86.6,27.0,16.7,26.0,16.9
2023,4,PSO,Kamiak HS,85.75,26.25,17.8,25.2,16.5
2023,4,PIO,IMPACT Percussion,87.5,26.7,17.8,25.8,17.2
2023,4,PSA,Hudsonville HS,85.1,25.5,16.8,26.0,16.8
2023,4,PSA,Dakota Combined Schools,82.2,24.9,16.0,24.9,16.4
2023,4,PSA,Grand Blanc HS,80.25,24.45,15.8,24.8,15.2
2023,4,PIA,Huron Valley Percussion,83.0,25.2,16.3,25.3,16.2
2023,4,PIA,Vortex Percussion,80.0,24.6,15.0,24.8,15.6
2023,4,PIA,Fruitport Independent Percussion,75.75,22.65,15.4,22.6,15.1
2023,4,PIA,Shockwave,61.9,18.6,12.0,19.1,12.2
2023,4,PSO,Lake Orion HS,87.5,25.5,17.0,28.0,17.0
2023,4,PSO,Plymouth-Canton Educational Park,83.75,24.75,16.3,26.2,16.5
2023,4,PIO,Motor City Percussion,90.65,27.75,18.5,27.0,17.4
2023,4,PIO,Ascension Percussion,86.8,24.6,17.2,27.3,17.7
2023,4,PIO,Lake Effect Percussion,85.65,25.05,17.4,26.0,17.2
2023,4,PSW,Walled Lake Consolidated Schools,90.6,27.6,18.1,27.0,17.9
2023,4,PSA,Rex Putnam HS,82.35,24.75,15.7,25.2,16.7
2023,4,PSA,Glencoe HS Combined Schools,81.1,24.3,16.0,24.6,16.2
2023,4,PSA,Fruitland HS,76.15,22.35,15.3,23.0,15.5
2023,4,PSA,Southridge HS,75.45,22.05,14.6,23.8,15.0
2023,4,PSA,South Albany HS,72.1,21.6,14.8,21.9,13.8
2023,4,PSA,Westview HS,70.401,20.7,14.2,21.3,14.2
2023,4,PSA,Aloha HS,68.051,20.55,13.8,20.6,13.1
2023,4,PSA,Othello HS,66.501,20.4,13.2,19.6,13.3
2023,4,PSA,Liberty HS,64.901,19.8,12.7,19.0,13.4
2023,4,PIA,Viking Independent Percussion,70.15,22.35,14.3,19.7,13.8
2023,4,PSO,Sherwood HS,83.3,25.2,16.2,25.0,16.9
2023,4,PSO,Kamiak HS,82.95,25.65,17.0,24.1,16.2
2023,4,PIO,IMPACT Percussion,86.35,26.85,17.7,24.9,16.9
2023,4,PSA,Hudsonville HS,83.1,24.6,16.8,25.4,16.3
2023,4,PSA,Dakota Combined Schools,81.3,24.9,16.2,24.4,15.8
2023,4,PSA,Grand Blanc HS,78.95,24.15,15.7,24.6,14.5
2023,4,PIA,Huron Valley Percussion,81.5,24.6,16.6,25.3,15.0
2023,4,PIA,Vortex Percussion,79.8,24.9,15.2,24.8,14.9
2023,4,PIA,Fruitport Independent Percussion,76.0,23.1,15.7,23.0,14.2
2023,4,PIA,Shockwave,62.4,18.3,12.2,19.8,12.1
2023,4,PSO,Lake Orion HS,86.5,25.5,17.0,27.5,16.5
2023,4,PSO,Plymouth-Canton Educational Park,85.05,25.65,16.5,26.7,16.2
2023,4,PIO,Motor City Percussion,89.8,27.6,18.4,26.7,17.1
2023,4,PIO,Ascension Percussion,86.95,25.35,17.2,27.0,17.4
2023,4,PIO,Lake Effect Percussion,85.3,25.5,17.5,25.6,16.7
2023,4,PSW,Walled Lake Consolidated Schools,89.35,27.15,18.1,26.9,17.2
2023,4,PSA,Lewisville HS,84.8,26.4,16.7,24.3,17.4
2023,4,PSA,Jenks HS,83.35,26.25,16.8,23.5,16.8
2023,4,PSA,Sonia Sotomayor HS,81.9,25.5,16.3,23.0,17.1
2023,4,PSO,Bridgeland HS,87.15,27.15,17.8,25.2,17.0
2023,4,PSO,OConnor HS,85.9,26.4,17.5,25.8,16.2
2023,4,PSO,Burleson HS,81.3,24.6,16.8,24.7,15.2
2023,4,PSO,Chisholm Trail HS,80.95,24.45,16.7,24.1,15.7
2023,4,PSO,Southmoore HS,77.4,23.4,16.0,22.4,15.6
2023,4,PSO,Keller HS,77.101,22.8,14.6,23.2,16.5
2023,4,PSO,Forney HS,74.751,22.95,15.5,22.1,14.2
2023,4,PSO,John Marshall HS,74.001,22.2,15.0,22.7,14.1
2023,4,PIO,Resistance Indoor Percussion,80.3,24.6,16.3,24.4,15.0
2023,4,PIO,UTSA,84.2,25.2,16.5,25.7,16.8
2023,4,PIO,UTRGV Percussion,74.55,21.45,14.0,24.8,14.3
2023,4,PSW,Burleson Centennial HS,90.0,27.3,18.1,27.5,17.1
2023,4,PSW,Boswell HS,84.85,26.25,16.2,26.1,16.3
2023,4,PSW,Broken Arrow HS,84.35,25.05,17.2,24.9,17.2
2023,4,PSW,Petal HS,82.3,24.3,17.4,24.0,16.6
2023,4,PSW,Timber Creek HS,77.251,23.55,14.3,24.1,15.3
2023,4,PSW,Carroll Senior HS,72.751,20.55,13.8,23.6,14.8
2023,4,PIW,Vigilantes Indoor Percussion,84.5,24.9,16.6,26.0,17.0
2023,4,PIW,Rhythmic Force Percussion,80.1,23.7,15.4,24.6,16.4
2023,4,PSA,Chisholm Trail HS,85.55,26.85,17.8,24.7,16.2
2023,4,PSA,Lewisville HS,84.85,25.95,16.8,25.2,16.9
2023,4,PSA,Jenks HS,83.7,24.9,17.6,25.5,15.7
2023,4,PSA,Sonia Sotomayor HS,82.8,25.2,16.4,24.4,16.8
2023,4,PSA,Weatherford HS,81.6,25.5,15.8,24.2,16.1
2023,4,PSA,Southmoore HS,79.751,23.55,17.3,23.5,15.4
2023,4,PSA,Godley HS,74.251,21.75,14.2,23.2,15.1
2023,4,PSO,Bridgeland HS,88.35,26.85,17.8,26.3,17.4
2023,4,PSO,OConnor HS,83.65,24.75,16.7,25.3,16.9
2023,4,PSO,Burleson HS,81.7,24.3,17.0,24.5,15.9
2023,4,PSO,Keller HS,81.451,23.55,17.1,25.2,15.6
2023,4,PSO,Forney HS,78.751,24.45,15.2,24.0,15.1
2023,4,PSO,John Marshall HS,78.701,23.4,15.8,23.4,16.1
2023,4,PSO,Saginaw HS,78.651,23.25,16.0,24.2,15.2
2023,4,PSO,Union HS,86.75,25.35,17.7,26.2,17.5
2023,4,PIO,UTSA,80.85,23.85,15.9,25.5,15.6
2023,4,PIO,Resistance Indoor Percussion,80.7,22.5,16.1,25.8,16.3
2023,4,PIO,UTRGV Percussion,76.65,22.35,15.3,24.1,14.9
2023,4,PSW,Burleson Centennial HS,88.75,26.55,18.3,26.5,17.4
2023,4,PSW,Boswell HS,87.55,26.85,17.8,26.1,16.8
2023,4,PSW,Broken Arrow HS,86.85,25.35,17.9,26.4,17.2
2023,4,PSW,Petal HS,83.95,25.05,17.1,25.6,16.2
2023,4,PSW,Timber Creek HS,79.4,23.1,16.2,24.7,15.4
2023,4,PSW,Carroll Senior HS,78.751,23.25,16.5,24.2,14.8
2023,4,PIW,Vigilantes Indoor Percussion,83.95,24.15,16.5,26.3,17.0
2023,4,PIW,Rhythmic Force Percussion,82.7,24.6,16.0,26.0,16.1
2023,4,PSA,Arbor View HS,88.5,26.4,17.8,27.2,17.1
2023,4,PSA,Laguna Creek HS,82.8,24.9,15.3,28.0,14.6
2023,4,PSA,Williams Field HS,80.55,23.25,14.8,26.6,15.9
2023,4,PSA,Gilbert HS,79.25,22.8,16.0,25.9,14.55
2023,4,PSA,Carlsbad HS,76.4,24.3,14.0,23.7,14.4
2023,4,PSA,Pleasant Grove HS,75.601,22.05,14.9,24.9,13.75
2023,4,PSA,Selma HS,75.401,23.4,15.7,22.6,13.7
2023,4,PSA,Higley HS,72.801,21.9,13.8,22.3,14.8
2023,4,PSA,San Marcos HS,70.85,21.0,12.8,22.8,14.25
2023,4,PSA,Dorothy McElhinney MS,68.85,21.45,12.0,21.4,14.0
2023,4,PSA,Perry HS,73.751,22.95,11.8,25.8,13.2
2023,4,PIA,Rift Percussion,79.3,24.0,16.3,23.2,15.8
2023,4,PIA,Pace Percussion Ensemble,79.15,23.25,15.8,23.9,16.2
2023,4,PIA,Cornerstone Percussion,75.35,22.95,14.4,23.8,14.2
2023,4,PSO,Fountain Valley HS,86.5,27.9,16.3,25.5,16.8
2023,4,PSO,La Quinta HS,86.1,27.3,17.3,24.4,17.1
2023,4,PSO,Clovis West HS,85.65,25.95,16.2,25.6,17.9
2023,4,PSO,Foothill HS (NV),82.951,23.85,17.4,23.5,18.2
2023,4,PSO,Liberty HS,83.05,27.45,16.9,23.4,15.3
2023,4,PSO,Mission Hills HS,80.551,25.2,16.8,22.95,15.6
2023,4,PSO,La Canada HS,78.851,24.9,15.5,23.65,14.8
2023,4,PSO,Casa Grande HS,77.651,23.25,15.8,23.6,15.0
2023,4,PSO,Stockdale HS,77.501,23.1,16.1,22.5,15.8
2023,4,PSO,Lone Peak HS,76.2,24.0,15.0,21.5,15.7
2023,4,PIO,Meraki,91.45,27.45,17.5,28.4,18.1
2023,4,PIO,Bakersfield College,89.3,27.0,17.1,27.8,17.4
2023,4,PIO,Vision Percussion,85.75,25.35,17.8,24.9,17.7
2023,4,PIO,Breakthrough Indoor Percussion,84.6,25.2,16.7,25.6,17.1
2023,4,PIO,Elan Percussion,81.001,23.7,15.9,25.1,16.3
2023,4,PIO,Sac State Indoor,77.851,22.95,14.9,24.8,15.2
2023,4,PIO,Instinct,79.951,23.85,16.2,23.3,16.6
2023,4,PSW,Chino Hills HS,93.25,28.35,18.7,27.9,18.3
2023,4,PSW,Ayala HS,91.5,27.0,18.5,27.5,18.5
2023,4,PSW,Arcadia HS,90.15,27.45,18.2,26.5,18.0
2023,4,PSW,Clovis HS,84.751,24.6,16.6,27.25,16.3
2023,4,PSW,Homestead HS,84.201,25.2,17.5,23.8,17.7
2023,4,PSW,Gahr HS,83.201,24.45,15.9,26.05,16.8
2023,4,PSW,Great Oak HS,82.151,24.75,16.9,24.5,16.0
2023,4,PSW,West Ranch HS,80.451,23.55,15.5,25.0,16.4
2023,4,PIW,Pulse Percussion,94.35,28.35,19.2,28.0,18.8
2023,4,PIW,RCC,92.8,28.2,19.1,27.0,18.5
2023,4,PIW,Dark Sky,86.7,27.9,17.2,25.6,16.0
2023,4,PIW,POW Percussion,86.55,27.3,16.95,25.4,16.9
2023,4,PIW,Thesis,86.301,26.85,16.9,26.25,16.3
2023,4,PIW,Flux Indoor Percussion,84.676,26.925,16.7,25.75,15.3
2023,4,PIW,Broken City,91.45,27.75,18.7,27.3,17.7
2023,4,PIW,Red Wave Indoor,83.601,26.1,17.1,24.7,15.7
2023,4,PIW,Gold Indoor Percussion,85.451,26.25,17.6,25.0,16.6
2023,4,PSA,Arbor View HS,89.05,27.45,17.5,27.2,16.9
2023,4,PSA,Williams Field HS,85.25,25.65,17.3,25.7,16.6
2023,4,PSA,Laguna Creek HS,85.4,26.4,17.0,26.5,15.5
2023,4,PSA,Carlsbad HS,81.0,23.1,17.1,24.9,15.9
2023,4,PSA,Gilbert HS,80.35,24.75,15.7,24.7,15.2
2023,4,PSA,Pleasant Grove HS,78.001,22.5,16.6,24.2,14.7
2023,4,PIA,Rift Percussion,83.4,24.9,17.8,24.9,15.8
2023,4,PIA,Pace Percussion Ensemble,81.3,24.0,16.7,24.6,16.0
2023,4,PIA,Cornerstone Percussion,77.45,22.65,17.2,22.9,14.7
2023,4,PSO,Fountain Valley HS,88.55,26.85,17.5,26.7,17.5
2023,4,PSO,Clovis West HS,86.35,25.05,18.0,25.7,17.6
2023,4,PSO,La Quinta HS,85.9,26.55,17.2,25.25,16.9
2023,4,PSO,Foothill HS (NV),82.6,24.0,16.8,24.6,17.2
2023,4,PSO,Mission Hills HS,77.751,23.55,15.5,22.9,15.8
2023,4,PSO,La Canada HS,77.551,22.95,15.4,23.5,15.7
2023,4,PSO,Casa Grande HS,74.651,22.05,15.2,22.5,14.9
2023,4,PSO,Liberty HS,77.351,23.25,14.4,24.9,14.8
2023,4,PIO,Meraki,91.85,28.05,18.6,27.3,17.9
2023,4,PIO,Bakersfield College,90.2,27.3,18.4,27.4,17.1
2023,4,PIO,Vision Percussion,87.25,25.95,18.2,25.7,17.4
2023,4,PIO,Breakthrough Indoor Percussion,82.5,24.9,17.9,23.1,16.6
2023,4,PIO,Elan Percussion,81.35,24.45,17.3,23.3,16.3
2023,4,PSW,Chino Hills HS,93.45,28.2,18.6,28.3,18.35
2023,4,PSW,Ayala HS,92.475,28.275,18.3,27.5,18.4
2023,4,PSW,Arcadia HS,90.85,28.05,18.1,26.8,17.9
2023,4,PSW,Etiwanda HS,89.95,27.6,17.3,27.3,17.75
2023,4,PSW,Clovis HS,87.6,27.3,16.7,26.1,17.5
2023,4,PSW,Homestead HS,85.601,26.4,16.9,25.0,17.3
2023,4,PSW,Great Oak HS,84.351,25.95,16.5,25.2,16.7
2023,4,PSW,Gahr HS,83.651,25.8,16.6,25.05,16.2
2023,4,PSW,West Ranch HS,79.901,24.3,15.7,23.9,16.0
2023,4,PIW,Pulse Percussion,94.925,28.425,19.0,28.7,18.8
2023,4,PIW,RCC,93.3,28.2,18.8,27.8,18.5
2023,4,PIW,Broken City,92.5,27.6,18.2,28.3,18.4
2023,4,PIW,POW Percussion,88.55,25.95,18.1,27.0,17.5
2023,4,PIW,Thesis,86.951,25.35,17.2,26.8,17.6
2023,4,PIW,Dark Sky,86.876,25.875,16.5,27.65,16.85
2023,4,PIW,Flux Indoor Percussion,84.351,24.75,16.8,26.1,16.7
2023,4,PIW,Red Wave Indoor,84.101,24.9,16.4,26.0,16.8
2023,4,PIW,Gold Indoor Percussion,82.751,24.3,16.7,24.8,16.95
2023,4,PIW,Vessel,78.85,23.55,15.9,23.2,16.2
2023,8,PSW,Avon HS,95.775,28.725,19.45,28.4,19.2
2023,8,PSW,Dartmouth HS,93.625,28.425,19.0,28.0,18.2
2023,8,PSW,Cy-Fair HS,91.688,27.038,18.45,27.275,18.925
2023,8,PSW,Sparkman HS,90.725,27.525,17.3,27.9,18.0
2023,8,PSW,Walled Lake Consolidated Schools,89.876,26.625,18.225,26.925,18.1
2023,8,PSW,Boswell HS,89.551,27.075,17.9,26.9,17.675
2023,8,PSW,Burleson Centennial HS,89.076,26.925,17.8,26.5,17.85
2023,8,PSW,Milton HS,86.926,26.625,16.725,26.0,17.575
2023,8,PSW,Great Oak HS,86.764,26.138,17.2,26.325,17.1
2023,8,PSW,Dorman HS,86.75,26.4,17.425,25.725,17.2
2023,8,PSW,Homestead HS,86.263,25.613,17.3,25.975,17.375
2023,8,PSW,Centerville HS,85.9,26.175,17.7,24.45,17.575
2023,8,PSW,Fishers HS,83.65,24.975,16.55,25.375,16.75
2023,8,PSW,South County HS,82.913,24.938,16.725,25.1,16.15
2023,8,R,Avon HS,95.775,28.725,19.45,28.4,19.2
2023,8,R,Dartmouth HS,93.625,28.425,19.0,28.0,18.2
2023,8,R,Cy-Fair HS,91.688,27.038,18.45,27.275,18.925
2023,8,R,Sparkman HS,90.725,27.525,17.3,27.9,18.0
2023,8,R,Walled Lake Consolidated Schools,89.876,26.625,18.225,26.925,18.1
2023,8,R,Boswell HS,89.551,27.075,17.9,26.9,17.675
2023,8,R,Burleson Centennial HS,89.076,26.925,17.8,26.5,17.85
2023,8,R,Milton HS,86.926,26.625,16.725,26.0,17.575
2023,8,R,Great Oak HS,86.764,26.138,17.2,26.325,17.1
2023,8,R,Dorman HS,86.75,26.4,17.425,25.725,17.2
2023,8,R,Homestead HS,86.263,25.613,17.3,25.975,17.375
2023,8,R,Centerville HS,85.9,26.175,17.7,24.45,17.575
2023,8,R,Fishers HS,83.65,24.975,16.55,25.375,16.75
2023,8,R,South County HS,82.913,24.938,16.725,25.1,16.15
2023,8,PSW,Chino Hills HS,96.213,28.763,19.35,29.1,19.0
2023,8,PSW,Ayala HS,96.1,29.025,19.375,28.55,19.15
2023,8,PSW,Vista Murrieta HS,94.788,27.862,19.1,28.65,19.175
2023,8,PSW,Center Grove HS,93.3,28.35,18.325,28.25,18.375
2023,8,PSW,Broken Arrow HS,91.8,27.45,18.325,27.625,18.4
2023,8,PSW,Arcadia HS,91.526,27.075,18.55,27.8,18.1
2023,8,PSW,Clear Brook HS,90.951,27.75,18.175,26.575,18.45
2023,8,PSW,Clovis HS,90.664,27.263,17.975,28.0,17.425
2023,8,PSW,Franklin Central HS,90.039,27.337,18.275,26.675,17.75
2023,8,PSW,Old Bridge HS,88.985,27.075,17.9,26.66,17.35
2023,8,PSW,Petal HS,88.088,26.438,17.6,25.75,18.3
2023,8,PSW,Brandon Valley HS,87.213,25.763,17.05,26.725,17.675
2023,8,PSW,Fair Lawn HS,86.05,25.425,17.0,26.15,17.475
2023,8,PSW,Papillion-La Vista South HS,82.15,24.9,16.3,24.45,16.5
2023,8,R,Chino Hills HS,96.213,28.763,19.35,29.1,19.0
2023,8,R,Ayala HS,96.1,29.025,19.375,28.55,19.15
2023,8,R,Vista Murrieta HS,94.788,27.862,19.1,28.65,19.175
2023,8,R,Center Grove HS,93.3,28.35,18.325,28.25,18.375
2023,8,R,Broken Arrow HS,91.8,27.45,18.325,27.625,18.4
2023,8,R,Arcadia HS,91.526,27.075,18.55,27.8,18.1
2023,8,R,Clear Brook HS,90.951,27.75,18.175,26.575,18.45
2023,8,R,Clovis HS,90.664,27.263,17.975,28.0,17.425
2023,8,R,Franklin Central HS,90.039,27.337,18.275,26.675,17.75
2023,8,R,Old Bridge HS,88.985,27.075,17.9,26.66,17.35
2023,8,R,Petal HS,88.088,26.438,17.6,25.75,18.3
2023,8,R,Brandon Valley HS,87.213,25.763,17.05,26.725,17.675
2023,8,R,Fair Lawn HS,86.05,25.425,17.0,26.15,17.475
2023,8,R,Papillion-La Vista South HS,82.15,24.9,16.3,24.45,16.5
2023,8,PIO,IMPACT Percussion,93.675,27.825,18.6,28.5,18.75
2023,8,PIO,Spartans Indoor Percussion,91.438,27.487,18.2,27.825,17.925
2023,8,PIO,Bakersfield College,90.463,27.413,18.425,26.975,17.65
2023,8,PIO,Paradigm Percussion,88.5,26.85,18.15,25.9,17.6
2023,8,PIO,United Percussion 2,88.5,26.85,16.1,27.725,17.825
2023,8,PIO,Resistance Indoor Percussion,88.089,25.688,18.25,27.425,16.725
2023,8,PIO,Crossroads Percussion,87.951,25.125,18.05,27.5,17.275
2023,8,PIO,Cap City 2,86.751,24.75,17.3,26.7,18.0
2023,8,PIO,Matrix Open,86.026,26.025,16.85,25.9,17.25
2023,8,PIO,Breakthrough Indoor Percussion,85.525,24.525,16.4,26.025,18.575
2023,8,PIO,Old Line Independent Percussion,82.35,25.275,15.3,25.95,15.825
2023,8,PIO,Palmetto Indoor Theatre,82.1,24.0,16.0,25.95,16.15
2023,8,PIO,Empyrean Percussion,81.95,24.45,15.5,25.95,16.05
2023,8,PIO,Infinity 3,81.95,23.25,17.05,25.875,15.775
2023,8,PIO,UTRGV Percussion,79.3,22.5,15.3,26.15,15.35
2023,8,PIO,Lake Effect Percussion,78.5,23.1,15.95,23.7,15.75
2023,8,R,IMPACT Percussion,93.675,27.825,18.6,28.5,18.75
2023,8,R,Spartans Indoor Percussion,91.438,27.487,18.2,27.825,17.925
2023,8,R,Bakersfield College,90.463,27.413,18.425,26.975,17.65
2023,8,R,Paradigm Percussion,88.5,26.85,18.15,25.9,17.6
2023,8,R,United Percussion 2,88.5,26.85,16.1,27.725,17.825
2023,8,R,Resistance Indoor Percussion,88.089,25.688,18.25,27.425,16.725
2023,8,R,Crossroads Percussion,87.951,25.125,18.05,27.5,17.275
2023,8,R,Cap City 2,86.751,24.75,17.3,26.7,18.0
2023,8,R,Matrix Open,86.026,26.025,16.85,25.9,17.25
2023,8,R,Breakthrough Indoor Percussion,85.525,24.525,16.4,26.025,18.575
2023,8,R,Old Line Independent Percussion,82.35,25.275,15.3,25.95,15.825
2023,8,R,Palmetto Indoor Theatre,82.1,24.0,16.0,25.95,16.15
2023,8,R,Empyrean Percussion,81.95,24.45,15.5,25.95,16.05
2023,8,R,Infinity 3,81.95,23.25,17.05,25.875,15.775
2023,8,R,UTRGV Percussion,79.3,22.5,15.3,26.15,15.35
2023,8,R,Lake Effect Percussion,78.5,23.1,15.95,23.7,15.75
2023,8,PIO,Meraki,95.875,28.725,19.05,29.1,19.0
2023,8,PIO,Freedom Percussion,93.55,28.275,18.75,27.925,18.6
2023,8,PIO,Q2,91.95,27.75,18.1,27.8,18.3
2023,8,PIO,Civitas Independent,90.863,26.887,17.3,28.6,18.075
2023,8,PIO,Vision Percussion,89.326,26.85,18.05,26.975,17.45
2023,8,PIO,Motor City Percussion,87.351,25.95,17.65,26.6,17.15
2023,8,PIO,UTSA,85.551,25.05,15.6,28.3,16.6
2023,8,PIO,Gold Spike Percussion,83.776,24.15,17.55,26.0,16.075
2023,8,PIO,Sun City Independent,83.651,24.3,15.6,27.65,16.1
2023,8,PIO,M3,83.45,24.9,16.5,26.625,15.425
2023,8,PIO,Liberty University Indoor Drumline,82.35,23.625,16.1,26.625,16.0
2023,8,PIO,Atlas Percussion,82.225,25.275,14.95,26.2,15.8
2023,8,PIO,Mt. Juliet HS,81.85,23.925,15.3,26.05,16.575
2023,8,PIO,Instinct,81.8,23.175,15.8,26.35,16.475
2023,8,PIO,Nomad Indoor,81.6,22.65,16.65,26.3,16.0
2023,8,PIO,Ascension Percussion,79.1,22.65,16.35,24.85,15.25
2023,8,R,Meraki,95.875,28.725,19.05,29.1,19.0
2023,8,R,Freedom Percussion,93.55,28.275,18.75,27.925,18.6
2023,8,R,Q2,91.95,27.75,18.1,27.8,18.3
2023,8,R,Civitas Independent,90.863,26.887,17.3,28.6,18.075
2023,8,R,Vision Percussion,89.326,26.85,18.05,26.975,17.45
2023,8,R,Motor City Percussion,87.351,25.95,17.65,26.6,17.15
2023,8,R,UTSA,85.551,25.05,15.6,28.3,16.6
2023,8,R,Gold Spike Percussion,83.776,24.15,17.55,26.0,16.075
2023,8,R,Sun City Independent,83.651,24.3,15.6,27.65,16.1
2023,8,R,M3,83.45,24.9,16.5,26.625,15.425
2023,8,R,Liberty University Indoor Drumline,82.35,23.625,16.1,26.625,16.0
2023,8,R,Atlas Percussion,82.225,25.275,14.95,26.2,15.8
2023,8,R,Mt. Juliet HS,81.85,23.925,15.3,26.05,16.575
2023,8,R,Instinct,81.8,23.175,15.8,26.35,16.475
2023,8,R,Nomad Indoor,81.6,22.65,16.65,26.3,16.0
2023,8,R,Ascension Percussion,79.1,22.65,16.35,24.85,15.25
2023,8,PSO,Brownsburg HS,93.425,28.125,18.7,28.15,18.45
2023,8,PSO,Kettering Fairmont HS,89.363,27.113,17.25,27.3,17.7
2023,8,PSO,Decatur Central HS,87.638,26.512,17.2,26.625,17.3
2023,8,PSO,Foothill HS (NV),86.85,25.2,18.9,24.3,18.45
2023,8,PSO,Franklin Community HS,85.951,24.075,17.85,26.625,17.4
2023,8,PSO,Gulfport HS,84.826,25.35,17.9,24.775,16.8
2023,8,PSO,Milford HS (OH),84.826,25.95,16.5,25.55,16.825
2023,8,PSO,Stoneman Douglas HS,84.676,26.475,16.85,24.85,16.5
2023,8,PSO,Gwinnett County Combined Schools,81.801,23.25,16.8,25.25,16.5
2023,8,PSO,Olentangy Liberty HS,80.725,23.775,16.65,24.3,16.0
2023,8,R,Brownsburg HS,93.425,28.125,18.7,28.15,18.45
2023,8,R,Kettering Fairmont HS,89.363,27.113,17.25,27.3,17.7
2023,8,R,Decatur Central HS,87.638,26.512,17.2,26.625,17.3
2023,8,R,Foothill HS (NV),86.85,25.2,18.9,24.3,18.45
2023,8,R,Franklin Community HS,85.951,24.075,17.85,26.625,17.4
2023,8,R,Gulfport HS,84.826,25.35,17.9,24.775,16.8
2023,8,R,Milford HS (OH),84.826,25.95,16.5,25.55,16.825
2023,8,R,Stoneman Douglas HS,84.676,26.475,16.85,24.85,16.5
2023,8,R,Gwinnett County Combined Schools,81.801,23.25,16.8,25.25,16.5
2023,8,R,Olentangy Liberty HS,80.725,23.775,16.65,24.3,16.0
2023,8,PSO,Union HS,92.875,28.725,18.3,27.7,18.15
2023,8,PSO,Victor J. Andrew HS,90.288,27.337,18.35,26.6,18.0
2023,8,PSO,Kamiak HS,90.15,26.85,18.5,27.1,17.7
2023,8,PSO,Hernando HS,87.275,27.0,17.475,25.75,17.05
2023,8,PSO,Trumbull HS,84.175,25.575,17.325,24.025,17.25
2023,8,PSO,Hamilton Southeastern HS,83.301,25.5,16.475,24.4,16.925
2023,8,PSO,Central Dauphin HS,82.826,24.45,16.8,25.275,16.3
2023,8,PSO,La Canada HS,82.464,24.712,16.125,25.3,16.325
2023,8,PSO,Newsome HS,81.963,25.087,16.475,24.9,15.5
2023,8,PSO,J.W. Mitchell HS,81.2,24.375,16.2,24.575,16.05
2023,8,R,Union HS,92.875,28.725,18.3,27.7,18.15
2023,8,R,Victor J. Andrew HS,90.288,27.337,18.35,26.6,18.0
2023,8,R,Kamiak HS,90.15,26.85,18.5,27.1,17.7
2023,8,R,Hernando HS,87.275,27.0,17.475,25.75,17.05
2023,8,R,Trumbull HS,84.175,25.575,17.325,24.025,17.25
2023,8,R,Hamilton Southeastern HS,83.301,25.5,16.475,24.4,16.925
2023,8,R,Central Dauphin HS,82.826,24.45,16.8,25.275,16.3
2023,8,R,La Canada HS,82.464,24.712,16.125,25.3,16.325
2023,8,R,Newsome HS,81.963,25.087,16.475,24.9,15.5
2023,8,R,J.W. Mitchell HS,81.2,24.375,16.2,24.575,16.05
2023,8,PSO,Greenfield-Central HS,91.663,28.012,18.375,27.125,18.15
2023,8,PSO,Zionsville Community HS,91.5,28.275,18.625,26.9,17.7
2023,8,PSO,Pace HS,89.425,27.075,17.4,27.25,17.7
2023,8,PSO,Plymouth-Canton Educational Park,85.676,26.175,17.45,26.05,16.0
2023,8,PSO,New Milford HS,83.876,25.65,15.85,26.125,16.25
2023,8,R,Greenfield-Central HS,91.663,28.012,18.375,27.125,18.15
2023,8,R,Zionsville Community HS,91.5,28.275,18.625,26.9,17.7
2023,8,R,Pace HS,89.425,27.075,17.4,27.25,17.7
2023,8,R,Plymouth-Canton Educational Park,85.676,26.175,17.45,26.05,16.0
2023,8,R,New Milford HS,83.876,25.65,15.85,26.125,16.25
2023,8,PSO,Clover HS,94.875,28.95,19.3,28.125,18.5
2023,8,PSO,Plainfield HS,91.175,27.675,18.5,27.75,17.25
2023,8,PSO,Ravenwood HS,90.975,27.525,18.5,26.95,18.0
2023,8,PSO,Powhatan HS,88.788,26.812,17.75,26.425,17.8
2023,8,PSO,Bellbrook HS,87.126,26.25,17.85,25.775,17.25
2023,8,PSO,Pearl HS,86.676,26.925,16.5,26.8,16.45
2023,8,PSO,Eden Prairie HS,86.251,26.025,17.25,26.15,16.825
2023,8,PSO,Lake Orion HS,83.376,24.75,17.625,24.75,16.25
2023,8,PSO,Mansfield HS,82.976,24.975,15.9,25.85,16.25
2023,8,PSO,Sunlake HS,81.6,24.375,16.8,24.775,15.65
2023,8,PSO,Goshen HS,80.975,24.225,15.9,25.45,15.4
2023,8,R,Clover HS,94.875,28.95,19.3,28.125,18.5
2023,8,R,Plainfield HS,91.175,27.675,18.5,27.75,17.25
2023,8,R,Ravenwood HS,90.975,27.525,18.5,26.95,18.0
2023,8,R,Powhatan HS,88.788,26.812,17.75,26.425,17.8
2023,8,R,Bellbrook HS,87.126,26.25,17.85,25.775,17.25
2023,8,R,Pearl HS,86.676,26.925,16.5,26.8,16.45
2023,8,R,Eden Prairie HS,86.251,26.025,17.25,26.15,16.825
2023,8,R,Lake Orion HS,83.376,24.75,17.625,24.75,16.25
2023,8,R,Mansfield HS,82.976,24.975,15.9,25.85,16.25
2023,8,R,Sunlake HS,81.6,24.375,16.8,24.775,15.65
2023,8,R,Goshen HS,80.975,24.225,15.9,25.45,15.4
2023,8,PIA,Charles Towne Percussion,90.575,27.075,17.9,27.95,17.65
2023,8,PIA,Vortex Percussion,87.05,25.05,18.65,26.75,16.6
2023,8,PIA,Pi Percussion Inc.,89.275,26.475,19.15,26.85,16.8
2023,8,PIA,St. Ambrose University Indoor Percussion,83.075,24.075,16.95,26.0,16.05
2023,8,PIA,Fruitport Independent Percussion,82.725,24.825,16.5,24.85,16.55
2023,8,PIA,Quad City Percussion,82.439,25.388,16.5,25.5,15.05
2023,8,PIA,Kannapolis Independent,81.276,24.675,16.85,24.75,15.0
2023,8,PIA,Groove Pursuit,82.001,23.25,17.6,24.8,16.35
2023,8,R1,Charles Towne Percussion,90.575,27.075,17.9,27.95,17.65
2023,8,R1,Vortex Percussion,87.05,25.05,18.65,26.75,16.6
2023,8,R1,Pi Percussion Inc.,89.275,26.475,19.15,26.85,16.8
2023,8,R1,St. Ambrose University Indoor Percussion,83.075,24.075,16.95,26.0,16.05
2023,8,R1,Fruitport Independent Percussion,82.725,24.825,16.5,24.85,16.55
2023,8,R1,Quad City Percussion,82.439,25.388,16.5,25.5,15.05
2023,8,R1,Kannapolis Independent,81.276,24.675,16.85,24.75,15.0
2023,8,R1,Groove Pursuit,82.001,23.25,17.6,24.8,16.35
2023,8,PIA,Modulation Z,95.625,28.425,19.4,29.0,18.8
2023,8,PIA,St. Martin Independent,92.575,27.525,18.9,27.9,18.25
2023,8,PIA,North Star Independent,91.938,27.337,18.65,27.85,18.1
2023,8,PIA,Revelation,88.975,26.25,17.8,26.9,18.025
2023,8,PIA,Huron Valley Percussion,87.951,25.95,18.6,25.95,17.45
2023,8,PIA,Crystal Lake Thunder,85.201,25.125,16.95,26.425,16.7
2023,8,PIA,Shockwave,66.701,18.6,14.95,20.95,12.2
2023,8,R2,Modulation Z,95.625,28.425,19.4,29.0,18.8
2023,8,R2,St. Martin Independent,92.575,27.525,18.9,27.9,18.25
2023,8,R2,North Star Independent,91.938,27.337,18.65,27.85,18.1
2023,8,R2,Revelation,88.975,26.25,17.8,26.9,18.025
2023,8,R2,Huron Valley Percussion,87.951,25.95,18.6,25.95,17.45
2023,8,R2,Crystal Lake Thunder,85.201,25.125,16.95,26.425,16.7
2023,8,R2,Shockwave,66.701,18.6,14.95,20.95,12.2
2023,8,PSA,Irondale Combined Schools,92.525,26.925,19.1,28.35,18.15
2023,8,PSA,Longmont Combined Schools,90.825,26.775,18.05,27.85,18.15
2023,8,PSA,Unionville HS,90.525,26.475,18.55,27.6,17.9
2023,8,PSA,Cab Calloway Combined Schools,89.425,27.6,17.7,27.2,16.925
2023,8,PSA,Elk River Combined Schools,88.876,25.875,17.85,27.75,17.4
2023,8,PSA,Grand Blanc HS,88.426,25.725,18.7,26.7,17.3
2023,8,PSA,Hudsonville HS,86.264,24.863,17.45,26.25,17.7
2023,8,PSA,Salem HS,84.776,25.425,17.0,25.7,16.65
2023,8,PSA,John C. Birdlebough HS,84.676,25.125,17.95,25.2,16.4
2023,8,PSA,Albemarle County Combined Schools,81.175,23.175,17.4,24.4,16.2
2023,8,R,Irondale Combined Schools,92.525,26.925,19.1,28.35,18.15
2023,8,R,Longmont Combined Schools,90.825,26.775,18.05,27.85,18.15
2023,8,R,Unionville HS,90.525,26.475,18.55,27.6,17.9
2023,8,R,Cab Calloway Combined Schools,89.425,27.6,17.7,27.2,16.925
2023,8,R,Elk River Combined Schools,88.876,25.875,17.85,27.75,17.4
2023,8,R,Grand Blanc HS,88.426,25.725,18.7,26.7,17.3
2023,8,R,Hudsonville HS,86.264,24.863,17.45,26.25,17.7
2023,8,R,Salem HS,84.776,25.425,17.0,25.7,16.65
2023,8,R,John C. Birdlebough HS,84.676,25.125,17.95,25.2,16.4
2023,8,R,Albemarle County Combined Schools,81.175,23.175,17.4,24.4,16.2
2023,8,PSA,Vandebilt Catholic HS,91.888,26.137,18.8,28.25,18.7
2023,8,PSA,Everett HS,90.413,26.587,18.35,27.725,17.75
2023,8,PSA,Plainfield Combined School,89.95,25.8,18.45,27.55,18.15
2023,8,PSA,Kings HS,89.113,26.138,18.65,27.075,17.25
2023,8,PSA,Dakota Combined Schools,87.939,26.738,17.5,27.0,16.7
2023,8,PSA,Minooka Community HS,86.426,26.025,16.8,26.7,16.9
2023,8,PSA,West Milford HS,84.164,24.337,18.075,24.75,17.0
2023,8,PSA,Lakeway Christian Academy,83.326,24.675,17.55,24.8,16.3
2023,8,PSA,Lebanon HS,82.439,24.337,17.1,24.9,16.1
2023,8,R,Vandebilt Catholic HS,91.888,26.137,18.8,28.25,18.7
2023,8,R,Everett HS,90.413,26.587,18.35,27.725,17.75
2023,8,R,Plainfield Combined School,89.95,25.8,18.45,27.55,18.15
2023,8,R,Kings HS,89.113,26.138,18.65,27.075,17.25
2023,8,R,Dakota Combined Schools,87.939,26.738,17.5,27.0,16.7
2023,8,R,Minooka Community HS,86.426,26.025,16.8,26.7,16.9
2023,8,R,West Milford HS,84.164,24.337,18.075,24.75,17.0
2023,8,R,Lakeway Christian Academy,83.326,24.675,17.55,24.8,16.3
2023,8,R,Lebanon HS,82.439,24.337,17.1,24.9,16.1
2023,8,PSCA,Warren East HS,91.75,46.2,47.2,46.0,44.1
2023,8,PSCA,East Central HS,89.7,46.4,47.7,43.4,41.9
2023,8,PSCA,Newnan HS,87.6,45.1,44.9,43.8,41.4
2023,8,PSCA,West Clermont HS,87.05,45.2,45.6,40.5,42.8
2023,8,PSCA,Lewis Cass HS,84.951,43.7,44.4,40.9,40.9
2023,8,PSCA,Canton McKinley HS,83.601,44.8,43.9,38.1,40.4
2023,8,PSCA,Atoka HS,78.401,41.9,41.1,36.9,36.9
2023,8,PSCO,Cleveland HS,92.65,46.3,48.2,45.4,45.4
2023,8,PSCO,Penn-Trafford HS,91.05,45.6,46.4,44.2,45.9
2023,8,PSCO,Grassfield HS,89.4,44.6,45.9,41.9,46.4
2023,8,PSCO,Desoto Central HS,87.95,44.8,44.9,43.0,43.2
2023,8,PSCO,Powhatan HS,86.8,44.9,43.7,43.1,41.9
2023,8,PSCW,Fishers HS,94.7,47.9,46.9,48.0,46.6
2023,8,PSCW,Catawba Ridge HS,93.0,47.4,47.9,46.7,44.0
2023,8,PSCW,Ayala HS,92.75,45.4,47.4,47.1,45.6
2023,8,PSCW,Corinth Holders HS,88.8,44.4,44.9,45.0,43.3
2023,8,PSCW,Tunstall HS,84.3,41.9,42.4,41.9,42.4
2023,8,PSA,Noblesville HS,88.825,26.325,18.05,26.8,17.65
2023,8,PSA,Oak Ridge HS,88.2,26.55,17.05,27.65,16.95
2023,8,PSA,Warren Central HS,87.438,24.788,18.55,26.6,17.5
2023,8,PSA,Bellevue Combined Schools,86.325,25.575,17.4,26.55,16.8
2023,8,PSA,Sycamore HS,85.876,26.55,16.45,25.975,16.9
2023,8,PSA,Westfield HS,85.701,26.1,17.3,24.9,17.4
2023,8,PSA,Southport HS,83.901,26.325,16.45,24.975,16.15
2023,8,PSA,Chantilly HS,83.876,24.675,17.4,25.3,16.5
2023,8,PSA,Christiansburg Combined Schools,80.576,23.325,16.25,25.0,16.0
2023,8,PSA,Dawson Bryant HS,78.663,23.512,15.25,24.55,15.35
2023,8,R,Noblesville HS,88.825,26.325,18.05,26.8,17.65
2023,8,R,Oak Ridge HS,88.2,26.55,17.05,27.65,16.95
2023,8,R,Warren Central HS,87.438,24.788,18.55,26.6,17.5
2023,8,R,Bellevue Combined Schools,86.325,25.575,17.4,26.55,16.8
2023,8,R,Sycamore HS,85.876,26.55,16.45,25.975,16.9
2023,8,R,Westfield HS,85.701,26.1,17.3,24.9,17.4
2023,8,R,Southport HS,83.901,26.325,16.45,24.975,16.15
2023,8,R,Chantilly HS,83.876,24.675,17.4,25.3,16.5
2023,8,R,Christiansburg Combined Schools,80.576,23.325,16.25,25.0,16.0
2023,8,R,Dawson Bryant HS,78.663,23.512,15.25,24.55,15.35
2023,8,PSA,Beavercreek HS,91.25,26.7,18.8,27.4,18.35
2023,8,PSA,Hempfield HS,88.988,26.438,18.45,26.7,17.4
2023,8,PSA,Oak Grove HS (MS),88.4,27.0,17.95,26.45,17.0
2023,8,PSA,Gulf Breeze HS,88.325,25.725,18.4,26.45,17.75
2023,8,PSA,North Forsyth HS,87.425,26.55,16.65,26.7,17.525
2023,8,PSA,Mililani HS,85.976,24.825,17.05,27.2,16.9
2023,8,PSA,Perkiomen Valley HS,85.026,25.275,17.7,24.9,17.15
2023,8,PSA,Wapakoneta HS,80.65,23.85,16.2,24.9,15.7
2023,8,R,Beavercreek HS,91.25,26.7,18.8,27.4,18.35
2023,8,R,Hempfield HS,88.988,26.438,18.45,26.7,17.4
2023,8,R,Oak Grove HS (MS),88.4,27.0,17.95,26.45,17.0
2023,8,R,Gulf Breeze HS,88.325,25.725,18.4,26.45,17.75
2023,8,R,North Forsyth HS,87.425,26.55,16.65,26.7,17.525
2023,8,R,Mililani HS,85.976,24.825,17.05,27.2,16.9
2023,8,R,Perkiomen Valley HS,85.026,25.275,17.7,24.9,17.15
2023,8,R,Wapakoneta HS,80.65,23.85,16.2,24.9,15.7
2023,8,PIW,RCC,96.863,29.212,19.3,29.15,19.2
2023,8,PIW,Music City Mystique,95.388,28.837,18.95,28.8,18.8
2023,8,PIW,Matrix,92.55,28.05,18.55,27.8,18.15
2023,8,PIW,United Percussion,91.925,27.75,18.0,27.9,18.275
2023,8,PIW,POW Percussion,90.314,27.337,17.8,27.25,17.925
2023,8,PIW,Monarch Independent,89.326,26.775,17.85,26.9,17.8
2023,8,PIW,Atlanta Quest,87.364,26.888,16.5,26.875,17.1
2023,8,PIW,Infinity 2,86.651,26.25,17.45,25.8,17.15
2023,8,PIW,Dark Sky,85.325,25.725,16.8,26.3,16.5
2023,8,PIW,Red Wave Indoor,85.325,25.575,16.925,25.5,17.325
2023,8,PIW,Rhythmic Force Percussion,85.263,25.613,16.5,25.85,17.3
2023,8,PIW,Thesis,85.776,26.625,16.55,25.3,17.3
2023,8,PIW,STRYKE Percussion,83.888,25.762,16.6,25.075,16.45
2023,8,PIW,Rise Percussion,81.325,24.225,16.3,24.35,16.45
2023,8,PIW,Veritas,80.95,24.6,15.75,24.5,16.1
2023,8,R,RCC,96.863,29.212,19.3,29.15,19.2
2023,8,R,Music City Mystique,95.388,28.837,18.95,28.8,18.8
2023,8,R,Matrix,92.55,28.05,18.55,27.8,18.15
2023,8,R,United Percussion,91.925,27.75,18.0,27.9,18.275
2023,8,R,POW Percussion,90.314,27.337,17.8,27.25,17.925
2023,8,R,Monarch Independent,89.326,26.775,17.85,26.9,17.8
2023,8,R,Atlanta Quest,87.364,26.888,16.5,26.875,17.1
2023,8,R,Infinity 2,86.651,26.25,17.45,25.8,17.15
2023,8,R,Dark Sky,85.325,25.725,16.8,26.3,16.5
2023,8,R,Red Wave Indoor,85.325,25.575,16.925,25.5,17.325
2023,8,R,Rhythmic Force Percussion,85.263,25.613,16.5,25.85,17.3
2023,8,R,Thesis,85.776,26.625,16.55,25.3,17.3
2023,8,R,STRYKE Percussion,83.888,25.762,16.6,25.075,16.45
2023,8,R,Rise Percussion,81.325,24.225,16.3,24.35,16.45
2023,8,R,Veritas,80.95,24.6,15.75,24.5,16.1
2023,8,PIW,Pulse Percussion,97.063,29.288,19.325,29.25,19.2
2023,8,PIW,Rhythm X,96.9,29.475,19.35,29.575,18.5
2023,8,PIW,Broken City,96.0,28.875,19.05,29.175,18.9
2023,8,PIW,Infinity,92.125,27.525,17.95,28.45,18.2
2023,8,PIW,George Mason University,91.701,27.75,18.5,27.65,17.8
2023,8,PIW,ConneXus,89.301,27.525,17.55,26.875,17.35
2023,8,PIW,Cap City Percussion,87.101,27.0,17.5,24.75,17.85
2023,8,PIW,Vigilantes Indoor Percussion,87.051,25.65,17.25,27.05,17.1
2023,8,PIW,Blue Knights,86.351,25.65,16.3,27.05,17.35
2023,8,PIW,MBI Indoor Percussion,85.838,25.913,16.4,26.55,16.975
2023,8,PIW,Gold Indoor Percussion,84.75,26.25,16.45,25.05,17.0
2023,8,PIW,Flux Indoor Percussion,84.65,25.35,16.475,25.95,16.875
2023,8,PIW,Audio Theater,84.5,25.05,16.925,25.65,16.875
2023,8,PIW,River City Rhythm,84.075,25.125,16.05,26.55,16.35
2023,8,PIW,Redline,82.875,24.6,16.45,25.425,16.4
2023,8,PIW,Vessel,81.7,25.05,15.45,24.55,16.65
2023,8,R,Pulse Percussion,97.063,29.288,19.325,29.25,19.2
2023,8,R,Rhythm X,96.9,29.475,19.35,29.575,18.5
2023,8,R,Broken City,96.0,28.875,19.05,29.175,18.9
2023,8,R,Infinity,92.125,27.525,17.95,28.45,18.2
2023,8,R,George Mason University,91.701,27.75,18.5,27.65,17.8
2023,8,R,ConneXus,89.301,27.525,17.55,26.875,17.35
2023,8,R,Cap City Percussion,87.101,27.0,17.5,24.75,17.85
2023,8,R,Vigilantes Indoor Percussion,87.051,25.65,17.25,27.05,17.1
2023,8,R,Blue Knights,86.351,25.65,16.3,27.05,17.35
2023,8,R,MBI Indoor Percussion,85.838,25.913,16.4,26.55,16.975
2023,8,R,Gold Indoor Percussion,84.75,26.25,16.45,25.05,17.0
2023,8,R,Flux Indoor Percussion,84.65,25.35,16.475,25.95,16.875
2023,8,R,Audio Theater,84.5,25.05,16.925,25.65,16.875
2023,8,R,River City Rhythm,84.075,25.125,16.05,26.55,16.35
2023,8,R,Redline,82.875,24.6,16.45,25.425,16.4
2023,8,R,Vessel,81.7,25.05,15.45,24.55,16.65
2023,8,PIO,Meraki,95.813,29.138,19.125,28.65,18.9
2023,8,PIO,IMPACT Percussion,94.85,28.8,19.1,28.1,18.85
2023,8,PIO,Freedom Percussion,93.775,27.9,18.475,28.95,18.45
2023,8,PIO,Civitas Independent,93.763,28.312,18.65,28.45,18.35
2023,8,PIO,Q2,93.538,28.087,18.725,28.35,18.375
2023,8,PIO,Bakersfield College,92.176,27.675,18.35,27.525,18.625
2023,8,PIO,Spartans Indoor Percussion,91.914,28.087,18.25,27.5,18.075
2023,8,PIO,Vision Percussion,89.476,27.3,17.7,26.7,17.775
2023,8,PIO,Paradigm Percussion,88.225,27.15,17.575,26.1,17.4
2023,8,PIO,Resistance Indoor Percussion,87.425,26.325,17.475,26.25,17.375
2023,8,PIO,Cap City 2,87.363,26.363,17.3,26.05,17.65
2023,8,PIO,Crossroads Percussion,85.975,26.1,17.025,25.925,16.925
2023,8,PIO,Motor City Percussion,85.763,26.663,16.975,24.9,17.225
2023,8,PIO,Matrix Open,85.125,25.875,17.25,24.725,17.275
2023,8,PIO,UTSA,84.4,25.8,16.2,25.7,16.7
2023,8,PIO,Breakthrough Indoor Percussion,83.35,24.975,16.575,25.075,16.725
2023,8,PIO,Sun City Independent,79.625,23.85,15.65,24.0,16.125
2023,8,PIO,M3,79.275,24.225,15.65,23.3,16.1
2023,8,PSO,Union HS,94.663,28.163,18.9,28.5,19.1
2023,8,PSO,Brownsburg HS,95.55,28.575,19.15,28.4,19.425
2023,8,PSO,Victor J. Andrew HS,93.8,28.2,19.15,27.575,18.875
2023,8,PSO,Kettering Fairmont HS,92.125,27.825,18.55,27.35,18.4
2023,8,PSO,Kamiak HS,91.826,27.075,18.6,27.375,18.775
2023,8,PSO,Decatur Central HS,90.001,27.0,17.9,27.1,18.0
2023,8,PSO,Hernando HS,88.664,27.113,17.8,26.175,17.575
2023,8,PSO,Franklin Community HS,88.489,26.587,17.5,26.35,18.05
2023,8,PSO,Foothill HS (NV),87.714,25.688,17.8,25.6,18.625
2023,8,R,Union HS,94.663,28.163,18.9,28.5,19.1
2023,8,R,Brownsburg HS,95.55,28.575,19.15,28.4,19.425
2023,8,R,Victor J. Andrew HS,93.8,28.2,19.15,27.575,18.875
2023,8,R,Kettering Fairmont HS,92.125,27.825,18.55,27.35,18.4
2023,8,R,Kamiak HS,91.826,27.075,18.6,27.375,18.775
2023,8,R,Decatur Central HS,90.001,27.0,17.9,27.1,18.0
2023,8,R,Hernando HS,88.664,27.113,17.8,26.175,17.575
2023,8,R,Franklin Community HS,88.489,26.587,17.5,26.35,18.05
2023,8,R,Foothill HS (NV),87.714,25.688,17.8,25.6,18.625
2023,8,PSO,Clover HS,96.125,28.875,19.25,28.95,19.05
2023,8,PSO,Zionsville Community HS,93.825,27.975,18.7,27.95,19.2
2023,8,PSO,Greenfield-Central HS,93.35,28.05,18.6,28.4,18.3
2023,8,PSO,Plainfield HS,92.288,27.637,18.25,27.775,18.625
2023,8,PSO,Ravenwood HS,91.413,27.188,18.45,27.075,18.7
2023,8,PSO,Ninety Six HS,89.976,26.25,18.3,27.325,18.1
2023,8,PSO,Pace HS,89.001,26.25,17.7,27.2,17.85
2023,8,PSO,Northview HS,87.289,26.062,17.8,26.0,17.425
2023,8,PSO,Powhatan HS,85.801,25.8,17.3,25.85,16.85
2023,8,PSO,Norwalk Combined Schools,85.625,25.425,17.05,26.0,17.15
2023,8,PSO,Pearl HS,84.075,25.05,16.6,25.45,16.975
2023,8,PSO,Bellbrook HS,83.35,24.825,17.0,24.85,16.675
2023,8,R,Clover HS,96.125,28.875,19.25,28.95,19.05
2023,8,R,Zionsville Community HS,93.825,27.975,18.7,27.95,19.2
2023,8,R,Greenfield-Central HS,93.35,28.05,18.6,28.4,18.3
2023,8,R,Plainfield HS,92.288,27.637,18.25,27.775,18.625
2023,8,R,Ravenwood HS,91.413,27.188,18.45,27.075,18.7
2023,8,R,Ninety Six HS,89.976,26.25,18.3,27.325,18.1
2023,8,R,Pace HS,89.001,26.25,17.7,27.2,17.85
2023,8,R,Northview HS,87.289,26.062,17.8,26.0,17.425
2023,8,R,Powhatan HS,85.801,25.8,17.3,25.85,16.85
2023,8,R,Norwalk Combined Schools,85.625,25.425,17.05,26.0,17.15
2023,8,R,Pearl HS,84.075,25.05,16.6,25.45,16.975
2023,8,R,Bellbrook HS,83.35,24.825,17.0,24.85,16.675
2023,8,PIW,Pulse Percussion,98.513,29.737,19.675,29.35,19.75
2023,8,PIW,RCC,97.738,29.513,19.45,29.025,19.75
2023,8,PIW,Rhythm X,97.625,29.55,19.675,28.975,19.425
2023,8,PIW,Broken City,96.125,29.25,19.075,28.3,19.5
2023,8,PIW,Music City Mystique,95.475,28.8,18.875,28.675,19.125
2023,8,PIW,Infinity,95.226,28.8,19.125,28.425,18.875
2023,8,PIW,Matrix,93.439,28.387,19.1,27.35,18.6
2023,8,PIW,United Percussion,93.214,28.238,18.9,27.725,18.35
2023,8,PIW,George Mason University,92.876,27.975,18.875,27.5,18.525
2023,8,PIW,Monarch Independent,92.513,28.013,18.7,27.825,17.975
2023,8,PIW,POW Percussion,92.338,28.312,18.55,27.0,18.475
2023,8,PIW,ConneXus,91.138,27.863,18.125,26.775,18.375
2023,8,PIW,Atlanta Quest,90.9,27.45,17.85,27.5,18.1
2023,8,PIW,Vigilantes Indoor Percussion,89.463,26.663,17.4,27.45,17.95
2023,8,PIW,Cap City Percussion,88.825,27.075,17.875,26.475,17.4
2023,8,PIW,Infinity 2,87.888,27.188,18.225,25.025,17.45
2023,8,PIW,MBI Indoor Percussion,86.8,26.55,17.1,25.95,17.2
2023,8,PIW,Blue Knights,86.188,25.837,17.6,25.85,16.9
2023,8,PIW,Dark Sky,85.8,25.95,17.025,25.8,17.025
2023,8,PIW,Red Wave Indoor,84.05,25.8,16.55,25.2,16.5
2023,8,PIA,Modulation Z,96.05,29.55,19.225,28.375,18.9
2023,8,PIA,St. Martin Independent,94.025,28.35,18.875,28.25,18.55
2023,8,PIA,North Star Independent,91.9,28.2,18.5,27.25,17.95
2023,8,PIA,Charles Towne Percussion,89.813,27.413,17.6,27.5,17.3
2023,8,PIA,Pi Percussion Inc.,89.8,27.45,17.3,27.7,17.35
2023,8,PIA,Huron Valley Percussion,89.389,26.962,17.9,26.825,17.7
2023,8,PIA,Revelation,88.439,25.837,17.95,26.8,17.85
2023,8,PIA,Vortex Percussion,86.226,25.425,17.25,26.45,17.1
2023,8,PIA,Crystal Lake Thunder,86.064,26.062,16.7,26.75,16.55
2023,8,PIA,St. Ambrose University Indoor Percussion,83.925,25.575,16.2,25.7,16.45
2023,8,PIA,Kannapolis Independent,81.85,25.05,16.1,24.9,15.8
2023,8,PIA,Quad City Percussion,81.55,24.3,15.6,25.55,16.1
2023,8,PIA,Fruitport Independent Percussion,80.0,23.55,16.05,24.7,15.7
2023,8,PIA,Groove Pursuit,78.95,23.85,15.35,24.6,15.15
2023,8,PIA,Shockwave,70.05,21.75,14.5,20.1,13.7
2023,8,PSA,Irondale Combined Schools,95.625,28.725,19.2,28.6,19.1
2023,8,PSA,Beavercreek HS,94.8,29.325,18.85,28.375,18.25
2023,8,PSA,Vandebilt Catholic HS,93.5,28.425,18.25,28.7,18.125
2023,8,PSA,Noblesville HS,93.25,28.725,18.05,28.175,18.3
2023,8,PSA,Hempfield HS,93.025,27.975,19.0,27.9,18.15
2023,8,PSA,Longmont Combined Schools,92.864,28.613,17.95,27.875,18.425
2023,8,PSA,Oak Grove HS (MS),92.276,28.575,18.2,27.525,17.975
2023,8,PSA,Everett HS,89.776,27.075,17.35,27.075,18.275
2023,8,PSA,Gulf Breeze HS,88.689,26.737,17.7,26.825,17.425
2023,8,PSA,Oak Ridge HS,88.375,27.225,16.5,28.15,16.5
2023,8,PSA,Warren Central HS,87.525,26.85,17.05,26.75,16.875
2023,8,PSA,Unionville HS,87.425,26.475,17.6,26.3,17.05
2023,8,PSA,North Forsyth HS,85.675,25.575,16.3,26.85,16.95
2023,8,PSA,Plainfield Combined School,85.5,25.35,16.6,26.3,17.25
2023,8,PSA,Elk River Combined Schools,84.5,25.35,16.15,26.6,16.4
2023,8,PSW,Chino Hills HS,97.5,29.4,19.15,29.475,19.475
2023,8,PSW,Ayala HS,97.263,29.062,19.525,29.275,19.4
2023,8,PSW,Avon HS,96.825,29.025,19.375,29.45,18.975
2023,8,PSW,Vista Murrieta HS,96.613,28.837,19.5,28.85,19.425
2023,8,PSW,Dartmouth HS,94.788,28.612,18.675,28.375,19.125
2023,8,PSW,Center Grove HS,94.264,28.163,19.025,28.6,18.475
2023,8,PSW,Cy-Fair HS,92.739,27.263,18.6,27.875,19.0
2023,8,PSW,Broken Arrow HS,91.401,27.825,18.2,27.225,18.15
2023,8,PSW,Clear Brook HS,91.026,27.0,18.325,27.3,18.4
2023,8,PSW,Arcadia HS,90.663,26.812,18.325,27.575,17.95
2023,8,PSW,Sparkman HS,89.975,27.0,18.1,27.1,17.775
2023,8,PSW,Boswell HS,89.7,27.075,17.3,26.975,18.35
2023,8,PSW,Burleson Centennial HS,89.55,28.05,17.05,26.6,17.85
2023,8,PSW,Franklin Central HS,88.95,26.625,17.975,26.35,18.0
2023,8,PSW,Petal HS,87.225,25.875,19.0,24.65,17.7
2023,8,PSW,Clovis HS,86.738,25.988,17.15,26.35,17.25
2023,8,PSW,Old Bridge HS,86.475,26.625,17.4,25.5,16.95
2023,8,PSW,Walled Lake Consolidated Schools,86.4,25.725,17.4,26.25,17.025
2023,8,PSW,Milton HS,86.15,25.2,18.15,26.0,16.8
2023,8,PSW,Brandon Valley HS,84.113,24.863,16.65,25.7,16.9
2023,8,PSA,Irondale Combined Schools,93.875,27.9,18.85,28.425,18.7
2023,8,PSA,Vandebilt Catholic HS,92.45,27.3,18.35,28.65,18.15
2023,8,PSA,Longmont Combined Schools,91.55,27.6,17.95,28.4,17.6
2023,8,PSA,Everett HS,90.45,26.925,17.65,28.2,17.675
2023,8,PSA,Unionville HS,90.225,27.15,17.7,27.6,17.775
2023,8,PSA,Plainfield Combined School,86.726,24.975,17.1,27.15,17.5
2023,8,PSA,Elk River Combined Schools,86.001,25.95,16.2,26.95,16.9
2023,8,PSA,Dakota Combined Schools,84.176,25.575,16.05,26.6,15.95
2023,8,PSA,Kings HS,83.926,24.6,16.75,25.675,16.9
2023,8,PSA,Cab Calloway Combined Schools,82.788,24.863,15.25,26.425,16.25
2023,8,PSA,Grand Blanc HS,82.0,23.85,16.0,25.9,16.25
2023,8,PSA,Minooka Community HS,81.875,24.225,15.85,25.85,15.95
2023,8,R,Irondale Combined Schools,93.875,27.9,18.85,28.425,18.7
2023,8,R,Vandebilt Catholic HS,92.45,27.3,18.35,28.65,18.15
2023,8,R,Longmont Combined Schools,91.55,27.6,17.95,28.4,17.6
2023,8,R,Everett HS,90.45,26.925,17.65,28.2,17.675
2023,8,R,Unionville HS,90.225,27.15,17.7,27.6,17.775
2023,8,R,Plainfield Combined School,86.726,24.975,17.1,27.15,17.5
2023,8,R,Elk River Combined Schools,86.001,25.95,16.2,26.95,16.9
2023,8,R,Dakota Combined Schools,84.176,25.575,16.05,26.6,15.95
2023,8,R,Kings HS,83.926,24.6,16.75,25.675,16.9
2023,8,R,Cab Calloway Combined Schools,82.788,24.863,15.25,26.425,16.25
2023,8,R,Grand Blanc HS,82.0,23.85,16.0,25.9,16.25
2023,8,R,Minooka Community HS,81.875,24.225,15.85,25.85,15.95
2023,8,PSA,Beavercreek HS,93.1,28.125,18.625,27.975,18.375
2023,8,PSA,Noblesville HS,91.6,26.55,18.3,28.5,18.25
2023,8,PSA,Hempfield HS,91.263,27.188,18.225,28.1,17.75
2023,8,PSA,Oak Grove HS (MS),90.8,27.375,18.275,27.85,17.3
2023,8,PSA,Gulf Breeze HS,89.064,26.363,17.6,27.3,17.8
2023,8,PSA,Warren Central HS,88.251,26.625,17.0,27.475,17.15
2023,8,PSA,Oak Ridge HS,87.926,27.0,16.4,28.1,16.425
2023,8,PSA,North Forsyth HS,86.751,26.1,16.65,26.85,17.15
2023,8,PSA,Westfield HS,84.001,25.35,16.45,25.65,16.55
2023,8,PSA,Bellevue Combined Schools,82.05,24.225,15.95,25.35,16.525
2023,8,PSA,Sycamore HS,81.775,23.7,15.825,26.0,16.25
2023,8,PSA,Mililani HS,80.85,22.8,15.5,25.8,16.75
2023,8,R,Beavercreek HS,93.1,28.125,18.625,27.975,18.375
2023,8,R,Noblesville HS,91.6,26.55,18.3,28.5,18.25
2023,8,R,Hempfield HS,91.263,27.188,18.225,28.1,17.75
2023,8,R,Oak Grove HS (MS),90.8,27.375,18.275,27.85,17.3
2023,8,R,Gulf Breeze HS,89.064,26.363,17.6,27.3,17.8
2023,8,R,Warren Central HS,88.251,26.625,17.0,27.475,17.15
2023,8,R,Oak Ridge HS,87.926,27.0,16.4,28.1,16.425
2023,8,R,North Forsyth HS,86.751,26.1,16.65,26.85,17.15
2023,8,R,Westfield HS,84.001,25.35,16.45,25.65,16.55
2023,8,R,Bellevue Combined Schools,82.05,24.225,15.95,25.35,16.525
2023,8,R,Sycamore HS,81.775,23.7,15.825,26.0,16.25
2023,8,R,Mililani HS,80.85,22.8,15.5,25.8,16.75
2023,8,PSCA,Warren East HS,92.6,46.0,45.2,46.8,47.2
2023,8,PSCA,East Central HS,91.05,45.5,43.8,46.4,46.4
2023,8,PSCA,West Clermont HS,89.8,45.6,43.4,45.2,45.4
2023,8,PSCA,Newnan HS,87.65,44.2,42.5,44.9,43.7
2023,8,PSCO,Cleveland HS,95.15,48.1,46.7,46.0,49.5
2023,8,PSCO,Penn-Trafford HS,94.05,48.0,45.2,46.7,48.2
2023,8,PSCO,Grassfield HS,90.6,46.1,43.7,44.5,46.9
2023,8,PSCO,Desoto Central HS,88.5,45.1,43.3,43.2,45.4
2023,8,PSCO,Powhatan HS,87.65,44.1,43.6,43.4,44.2
2023,8,PSCW,Fishers HS,96.25,48.8,47.0,47.5,49.2
2023,8,PSCW,Catawba Ridge HS,94.35,48.7,45.8,46.7,47.5
2023,8,PSCW,Ayala HS,93.4,48.0,45.9,44.9,48.0
2023,8,PSCW,Corinth Holders HS,89.55,46.2,44.5,43.4,45.0
2023,8,PSCW,Tunstall HS,86.1,43.1,42.4,43.0,43.7
2023,8,PSO,Clover HS,97.863,29.512,19.7,29.425,19.225
2023,8,PSO,Union HS,96.775,29.475,19.2,28.85,19.25
2023,8,PSO,Brownsburg HS,96.3,29.175,19.25,28.7,19.175
2023,8,PSO,Zionsville Community HS,96.125,29.175,19.375,28.075,19.5
2023,8,PSO,Victor J. Andrew HS,94.201,28.275,18.925,28.225,18.775
2023,8,PSO,Kettering Fairmont HS,93.051,27.675,18.75,28.1,18.525
2023,8,PSO,Kamiak HS,91.401,27.3,18.35,27.225,18.525
2023,8,PSO,Greenfield-Central HS,91.076,27.375,18.475,27.2,18.025
2023,8,PSO,Pace HS,88.713,26.062,17.725,27.05,17.875
2023,8,PSO,Decatur Central HS,88.5,26.775,17.85,26.275,17.6
2023,8,PSO,Ninety Six HS,87.575,25.95,18.2,26.1,17.325
2023,8,PSO,Hernando HS,87.313,26.212,17.85,26.05,17.2
2023,8,PSO,Franklin Community HS,86.825,25.725,17.45,25.8,17.85
2023,8,PIW,Pulse Percussion,98.513,29.513,19.725,29.55,19.725
2023,8,PIW,RCC,98.475,29.625,19.75,29.2,19.9
2023,8,PIW,Rhythm X,97.088,29.663,19.55,28.425,19.45
2023,8,PIW,Broken City,95.625,28.8,19.1,28.275,19.45
2023,8,PIW,Infinity,95.576,28.95,19.2,28.55,18.875
2023,8,PIW,Music City Mystique,94.814,28.613,18.75,28.225,19.225
2023,8,PIW,United Percussion,94.164,28.237,19.025,28.5,18.4
2023,8,PIW,Monarch Independent,93.001,28.2,18.575,28.2,18.025
2023,8,PIW,Matrix,93.226,27.975,19.025,27.525,18.7
2023,8,PIW,George Mason University,91.45,27.6,18.8,27.0,18.05
2023,8,PIW,POW Percussion,90.35,27.0,18.175,27.1,18.075
2023,8,PIW,Atlanta Quest,90.25,27.225,17.7,27.45,17.875
2023,8,PIW,ConneXus,90.4,27.225,18.325,26.325,18.525
2023,8,PIW,Cap City Percussion,87.675,26.25,17.75,26.475,17.2
2023,8,PIW,Vigilantes Indoor Percussion,88.125,26.4,17.55,26.875,17.3
2023,8,PSW,Ayala HS,97.938,29.512,19.65,29.4,19.375
2023,8,PSW,Chino Hills HS,97.2,29.4,19.125,29.35,19.325
2023,8,PSW,Avon HS,96.738,29.363,19.275,29.025,19.075
2023,8,PSW,Vista Murrieta HS,96.113,28.612,19.4,28.6,19.5
2023,8,PSW,Center Grove HS,95.05,28.875,18.975,28.5,18.7
2023,8,PSW,Dartmouth HS,94.689,28.462,18.9,28.4,18.925
2023,8,PSW,Cy-Fair HS,93.414,28.013,19.2,27.15,19.05
2023,8,PSW,Broken Arrow HS,90.789,27.637,18.3,26.475,18.375
2023,8,PSW,Clear Brook HS,90.576,26.925,18.55,26.55,18.55
2023,8,PSW,Burleson Centennial HS,90.313,27.488,18.075,26.9,17.85
2023,8,PSW,Arcadia HS,89.888,26.812,17.85,27.425,17.8
2023,8,PSW,Boswell HS,89.2,27.375,17.25,26.375,18.2
2023,8,PSW,Sparkman HS,88.875,27.075,17.8,26.2,17.8
2023,8,PSW,Franklin Central HS,87.275,25.95,18.075,25.45,17.8
2023,8,PSW,Petal HS,86.475,26.025,18.15,25.05,17.25
2023,8,PIO,Meraki,97.088,29.288,19.7,28.85,19.25
2023,8,PIO,IMPACT Percussion,96.263,29.062,19.65,28.35,19.2
2023,8,PIO,Freedom Percussion,95.15,28.575,18.7,29.5,18.375
2023,8,PIO,Civitas Independent,94.888,28.163,19.1,28.775,18.85
2023,8,PIO,Q2,93.626,28.275,18.9,28.0,18.45
2023,8,PIO,Bakersfield College,92.876,27.825,18.725,27.4,18.925
2023,8,PIO,United Percussion 2,92.414,27.413,18.55,28.4,18.05
2023,8,PIO,Spartans Indoor Percussion,89.851,27.375,17.8,26.625,18.05
2023,8,PIO,Vision Percussion,89.151,26.925,17.65,26.6,17.975
2023,8,PIO,Cap City 2,88.3,26.85,17.55,26.25,17.65
2023,8,PIO,Paradigm Percussion,88.025,27.075,18.15,25.525,17.275
2023,8,PIO,Resistance Indoor Percussion,87.125,25.875,17.65,25.85,17.75
2023,8,PIO,Crossroads Percussion,85.075,25.725,16.85,25.65,16.85
2023,8,PIO,Matrix Open,84.238,25.238,16.9,24.9,17.2
2023,8,PIO,Motor City Percussion,84.175,25.8,16.9,24.5,16.975
2024,0,PSA,Minooka Community HS,78.45,24.45,15.8,23.5,14.7
2024,0,PSA,Plainfield Combined Schools,75.8,23.7,15.1,22.4,14.6
2024,0,PSA,Bay Port HS,72.35,22.65,14.4,21.7,13.6
2024,0,PSA,Lincoln-Way Community Schools,71.95,22.05,14.6,21.5,13.8
2024,0,PSA,Bloomington HS (IL),70.201,21.3,14.1,20.8,14.0
2024,0,PIA,Pi Percussion Inc.,76.9,23.4,15.0,23.5,15.0
2024,0,PIA,Timberland Indoor Percussion,72.15,21.45,14.3,22.4,14.0
2024,0,PSO,Victor J. Andrew HS,81.7,24.6,16.8,24.1,16.2
2024,0,PSO,Fort Zumwalt Combined Schools,77.85,23.55,15.8,23.2,15.3
2024,0,PSA,Minooka Community HS,77.3,24.0,15.7,23.2,14.4
2024,0,PSA,Plainfield Combined Schools,75.8,23.7,14.9,22.5,14.7
2024,0,PSA,Lincoln-Way Community Schools,71.25,21.75,14.4,21.9,13.2
2024,0,PSA,Bloomington HS (IL),68.951,20.85,13.9,21.2,13.0
2024,0,PIA,Pi Percussion Inc.,76.05,22.65,14.8,23.3,15.3
2024,0,PIA,Timberland Indoor Percussion,70.5,21.0,14.1,21.9,13.5
2024,0,PSO,Victor J. Andrew HS,80.45,24.75,16.3,23.6,15.8
2024,0,PSO,Fort Zumwalt Combined Schools,77.45,23.85,15.7,22.8,15.1
2024,0,PSA,Dobyns-Bennett HS,79.75,23.25,16.0,24.2,16.3
2024,0,PSA,Mt. Juliet Combined Schools,79.55,22.65,16.3,24.5,16.1
2024,0,PSA,Halls HS,76.9,21.9,15.1,23.7,16.2
2024,0,PSA,Oak Ridge HS (TN),72.75,22.05,13.5,22.2,15.0
2024,0,PSA,Lakeway Christian Academy,71.501,21.0,13.7,21.9,14.9
2024,0,PSA,Seymour HS,70.651,21.15,12.9,23.2,13.4
2024,0,PSA,Heritage HS (TN),67.951,19.95,13.4,20.9,13.7
2024,0,PSA,West HS,67.051,20.25,11.9,21.4,13.5
2024,0,PIA,Creekside Independent,73.45,21.45,15.0,20.8,16.2
2024,0,PSO,Hardin Valley Combined Schools,72.05,22.35,14.2,21.8,13.7
2024,0,PIW,Audio Theater,76.85,22.35,15.3,24.7,14.5
2024,0,PSA,Mt. Juliet Combined Schools,79.55,22.65,16.1,24.7,16.1
2024,0,PSA,Dobyns-Bennett HS,78.35,22.95,15.9,23.7,15.8
2024,0,PSA,Halls HS,75.5,21.6,14.8,23.4,15.7
2024,0,PSA,Lakeway Christian Academy,73.4,22.2,13.4,23.0,14.8
2024,0,PSA,Seymour HS,72.951,22.05,12.9,24.4,13.6
2024,0,PSA,Oak Ridge HS (TN),71.901,21.3,13.1,22.6,14.9
2024,0,PSA,Heritage HS (TN),68.751,20.55,13.2,21.5,13.5
2024,0,PSA,West HS,67.151,19.95,11.8,22.0,13.4
2024,0,PIA,Creekside Independent,73.3,21.3,14.9,21.2,15.9
2024,0,PSO,Hardin Valley Combined Schools,72.85,22.05,14.2,22.8,13.8
2024,0,PIW,Audio Theater,76.05,21.75,15.0,24.6,14.7
2024,0,PSA,Centerville HS,78.25,23.55,15.3,23.1,16.3
2024,0,PSA,Sycamore HS,75.9,21.9,14.8,23.8,15.4
2024,0,PSA,Kings HS,71.35,21.15,13.7,22.7,13.8
2024,0,PSA,North Allegheny HS,71.2,21.3,14.2,21.3,14.4
2024,0,PSA,Troy HS,69.8,20.1,13.4,22.0,14.3
2024,0,PSA,Bellbrook HS,68.001,21.0,12.9,20.2,13.9
2024,0,PSA,Dawson Bryant HS,66.101,20.4,12.5,20.5,12.7
2024,0,PIA,Impulse Drumline (OH),62.4,18.0,12.2,19.7,12.5
2024,0,PSO,Kettering Fairmont HS,77.0,24.0,14.6,23.5,14.9
2024,0,PSO,Beavercreek HS,72.85,22.05,13.9,22.4,14.5
2024,0,PSO,Olentangy Liberty HS,68.05,21.45,13.0,19.9,13.7
2024,0,PIO,Cap City 2,81.75,24.15,16.4,24.8,16.4
2024,0,PIW,Rhythm X,84.2,24.9,16.3,26.4,16.6
2024,0,PIW,Cap City,76.8,23.4,14.9,23.2,15.3
2024,0,PSA,Centerville HS,78.05,23.55,15.6,22.9,16.0
2024,0,PSA,Sycamore HS,75.5,21.9,15.1,23.7,14.8
2024,0,PSA,North Allegheny HS,70.6,20.7,14.3,21.2,14.4
2024,0,PSA,Kings HS,70.1,19.5,14.0,22.7,13.9
2024,0,PSA,Troy HS,68.15,19.35,13.7,21.3,13.8
2024,0,PSA,Bellbrook HS,66.501,19.8,13.0,20.0,13.7
2024,0,PSA,Dawson Bryant HS,66.251,19.95,12.4,21.4,12.5
2024,0,PIA,Impulse Drumline (OH),62.15,18.45,12.0,19.3,12.4
2024,0,PSO,Kettering Fairmont HS,76.1,23.4,14.9,23.2,14.6
2024,0,PSO,Beavercreek HS,71.05,21.15,13.8,21.9,14.2
2024,0,PSO,Olentangy Liberty HS,66.95,20.85,13.1,19.5,13.5
2024,0,PIO,Cap City 2,78.7,23.4,15.9,23.4,16.0
2024,0,PIW,Rhythm X,83.05,24.15,16.2,26.0,16.7
2024,0,PIW,Cap City,74.95,22.05,14.8,23.1,15.0
2024,1,PSA,Spring-Ford HS,84.45,25.65,17.5,24.5,16.8
2024,1,PSA,Mansfield HS,82.35,25.05,17.2,23.9,16.2
2024,1,PSA,Everett HS,79.2,24.45,16.7,23.15,14.9
2024,1,PSA,New Hartford HS,78.8,24.9,15.1,23.5,15.3
2024,1,PSA,Cranston Combined Schools,78.376,24.075,15.5,23.2,15.6
2024,1,PSA,West Milford HS,78.326,22.425,16.2,24.0,15.7
2024,1,PSA,Westhill HS,78.201,24.0,15.4,24.1,14.7
2024,1,PSA,Bridgewater Raritan HS,75.451,23.55,15.0,22.4,14.5
2024,1,PSA,Nutley HS,75.101,22.5,15.6,22.7,14.3
2024,1,PSO,Old Bridge HS,81.4,24.9,16.6,24.4,15.5
2024,1,PSO,Norwalk Combined Schools,77.9,23.4,16.3,22.4,15.8
2024,1,PSO,Trumbull HS,75.7,22.8,15.6,22.5,14.8
2024,1,PIO,Spartans Indoor Percussion,75.65,22.65,15.4,23.0,14.6
2024,1,PIO,United Percussion 2,73.1,21.3,15.0,21.9,14.9
2024,1,PSW,Dartmouth HS,87.5,26.4,17.8,25.9,17.4
2024,1,PIW,United Percussion,86.45,25.95,17.3,26.0,17.2
2024,1,PSA,Spring-Ford HS,83.4,25.5,17.1,24.0,16.8
2024,1,PSA,Mansfield HS,80.35,24.45,16.9,22.9,16.1
2024,1,PSA,Everett HS,79.2,23.7,17.2,23.5,14.8
2024,1,PSA,New Hartford HS,78.05,24.75,15.3,23.7,14.3
2024,1,PSA,Westhill HS,77.501,23.55,15.1,23.35,15.5
2024,1,PSA,West Milford HS,77.451,21.75,16.2,24.3,15.2
2024,1,PSA,Cranston Combined Schools,76.251,23.4,15.5,22.35,15.0
2024,1,PSA,Bridgewater Raritan HS,75.351,23.25,14.8,23.2,14.1
2024,1,PSA,New Milford HS,72.75,22.95,15.7,20.1,14.0
2024,1,PSA,Newtown HS,71.4,21.6,13.4,21.7,14.7
2024,1,PSA,Biddeford HS,71.85,21.45,14.4,20.9,15.1
2024,1,PSA,Southington HS,68.45,19.65,13.1,22.0,13.7
2024,1,PSA,Mohonasen HS,68.45,21.15,12.5,22.6,12.2
2024,1,PSA,Londonderry HS,66.1,19.8,13.0,20.8,12.5
2024,1,PSA,Central Dauphin East HS,65.1,19.5,13.8,19.8,12.0
2024,1,PSO,Old Bridge HS,79.8,24.3,16.0,23.8,15.7
2024,1,PSO,Norwalk Combined Schools,75.5,23.1,15.9,21.5,15.0
2024,1,PSO,Trumbull HS,74.4,21.9,15.4,22.3,14.8
2024,1,PIO,Spartans Indoor Percussion,75.1,22.2,15.4,23.0,14.5
2024,1,PIO,United Percussion 2,72.5,20.85,15.0,21.8,14.85
2024,1,PSW,Dartmouth HS,86.4,26.1,17.7,25.2,17.4
2024,1,PSW,Fair Lawn HS,75.65,22.95,15.1,23.0,14.6
2024,1,PIW,United Percussion,84.35,25.05,17.2,25.5,16.6
2024,1,PSA,Los Alamitos HS,81.35,23.85,16.2,24.9,16.4
2024,1,PSA,Carlsbad HS,78.5,22.95,15.9,23.7,15.95
2024,1,PSA,Chaparral HS (CA),78.1,22.8,16.0,23.8,15.5
2024,1,PSA,Mission Hills HS,75.6,22.5,14.9,22.9,15.3
2024,1,PSA,Rancho Alamitos HS,75.3,22.05,15.0,23.3,14.95
2024,1,PIA,Cornerstone Percussion,71.7,20.4,14.9,21.5,14.9
2024,1,PSO,Great Oak HS,80.775,24.525,16.5,23.5,16.25
2024,1,PSO,Rancho Cucamonga HS,79.65,24.45,16.4,22.6,16.2
2024,1,PSO,Cesar E Chavez HS,77.5,24.0,16.3,21.5,15.7
2024,1,PSO,Cleveland Charter HS,76.15,23.25,15.6,21.7,15.6
2024,1,PIO,Meraki,84.2,25.65,17.0,23.8,17.75
2024,1,PIO,Elan Percussion,78.7,24.0,16.4,22.0,16.3
2024,1,PSW,Chino Hills HS,90.35,27.15,18.4,26.3,18.5
2024,1,PSW,Vista Murrieta HS,85.15,25.05,17.9,24.8,17.4
2024,1,PIW,Pulse Percussion,92.4,27.9,18.5,27.5,18.5
2024,1,PIW,Broken City,90.0,27.15,18.1,26.6,18.15
2024,1,PIW,POW Percussion,84.925,24.825,17.3,25.2,17.6
2024,1,PIW,Dark Sky Percussion,83.15,25.05,17.0,24.0,17.1
2024,1,PIW,Vessel,76.1,22.8,16.1,21.7,15.5
2024,1,PSA,Los Alamitos HS,80.45,23.25,15.8,25.4,16.0
2024,1,PSA,Carlsbad HS,78.425,21.975,16.1,24.3,16.05
2024,1,PSA,Chaparral HS (CA),77.0,23.1,15.7,23.1,15.1
2024,1,PSA,Rancho Alamitos HS,76.675,22.425,15.4,24.2,14.65
2024,1,PSA,Mission Hills HS,76.15,22.05,15.0,23.8,15.3
2024,1,PSA,Dorothy McElhinney MS,73.501,22.2,15.2,22.7,13.4
2024,1,PSA,Orange HS,71.101,21.3,14.6,20.6,14.6
2024,1,PSA,Bloomington HS (CA),66.001,18.3,13.7,21.2,12.8
2024,1,PIA,Cornerstone Percussion,71.7,19.8,14.8,21.7,15.4
2024,1,PSO,Great Oak HS,79.65,24.6,15.8,23.3,15.95
2024,1,PSO,Rancho Cucamonga HS,79.25,25.35,15.7,22.7,15.5
2024,1,PSO,Cleveland Charter HS,77.65,24.75,15.5,21.5,15.9
2024,1,PIO,Meraki,83.65,26.25,17.0,22.9,17.5
2024,1,PIO,Elan Percussion,78.6,24.6,16.1,21.9,16.0
2024,1,PSW,Chino Hills HS,88.75,27.15,17.9,25.8,17.9
2024,1,PSW,Vista Murrieta HS,85.5,25.5,17.6,24.8,17.6
2024,1,PIW,Broken City,89.15,27.15,17.9,26.0,18.1
2024,1,PIW,POW Percussion,84.8,24.9,17.0,25.4,17.5
2024,1,PIW,Dark Sky Percussion,83.175,24.975,16.9,24.8,16.5
2024,1,PIW,Vessel,77.201,23.1,16.2,22.0,15.9
2024,1,PSA,Hialeah Gardens HS,77.15,24.45,15.5,22.8,14.4
2024,1,PSA,Oakleaf HS,71.85,22.35,15.0,19.9,14.6
2024,1,PSA,West Broward HS,70.5,22.8,14.3,19.6,13.8
2024,1,PIA,RPT PERCUSSION,72.5,23.7,13.6,21.0,14.2
2024,1,PIA,,72.5,23.7,13.6,21.0,14.2
2024,1,PSO,Stoneman Douglas HS,76.8,24.3,14.9,23.2,14.4
2024,1,PSO,Sunlake HS,73.25,23.25,14.3,21.9,13.8
2024,1,PSO,H.B. Plant HS,71.75,22.65,13.8,22.1,13.2
2024,1,PIO,Infinity 3,80.0,24.0,15.5,25.0,15.5
2024,1,PIO,Siege Percussion,77.1,23.7,14.5,24.3,14.6
2024,1,PIO,Newsome HS,75.2,22.5,14.8,23.9,14.0
2024,1,PIW,Infinity,87.4,27.0,16.6,26.8,17.0
2024,1,PIW,Infinity 2,80.65,24.75,14.9,25.3,15.7
2024,1,PIW,STRYKE Percussion,77.3,23.7,14.1,24.6,14.9
2024,1,PSA,Hialeah Gardens HS,76.7,23.7,15.6,22.6,14.8
2024,1,PSA,Oakleaf HS,75.05,23.25,15.7,21.5,14.6
2024,1,PSA,West Broward HS,70.75,22.05,15.0,20.0,13.7
2024,1,PSA,North Port HS,69.65,21.75,13.6,20.8,13.5
2024,1,PSA,Ponte Vedra Combined Schools,68.551,22.65,12.8,19.1,14.0
2024,1,PSA,Seminole Ridge HS,69.35,21.45,13.7,19.5,14.7
2024,1,PIA,RPT PERCUSSION,70.4,22.8,12.6,20.9,14.1
2024,1,PSO,Stoneman Douglas HS,75.55,22.35,15.6,23.8,13.8
2024,1,PSO,Sunlake HS,73.85,23.25,14.5,22.8,13.3
2024,1,PSO,H.B. Plant HS,70.85,22.05,13.8,22.0,13.0
2024,1,PIO,Infinity 3,79.05,25.05,15.8,22.7,15.5
2024,1,PIO,Siege Percussion,76.55,24.15,15.0,23.4,14.0
2024,1,PIO,Newsome HS,76.1,23.4,14.7,23.5,14.5
2024,1,PIW,Infinity,86.175,27.075,16.0,26.2,16.9
2024,1,PIW,Infinity 2,80.45,25.35,14.5,24.8,15.8
2024,1,PIW,STRYKE Percussion,76.75,24.45,13.9,24.0,14.4
2024,2,PSA,Hudsonville HS,78.95,23.85,16.6,23.5,15.0
2024,2,PSA,Dakota Combined Schools,78.1,23.4,15.7,24.4,14.6
2024,2,PSA,Victor HS,77.75,22.65,16.1,24.7,14.3
2024,2,PIA,M3,83.05,25.05,16.6,25.5,15.9
2024,2,PIA,Huron Valley Percussion,75.95,22.35,15.1,23.2,15.3
2024,2,PIA,Lake Effect Percussion,74.9,21.3,14.9,22.7,16.0
2024,2,PSO,Plymouth-Canton Educational Park,79.5,24.0,15.9,23.9,15.7
2024,2,PSO,Lake Orion HS,76.05,22.65,15.1,23.3,15.0
2024,2,PIO,Motor City Percussion,82.55,24.45,16.4,24.9,16.8
2024,2,PIO,Matrix Open,82.1,24.0,16.1,25.6,16.4
2024,2,PIO,Ascension Percussion,75.1,21.3,15.1,23.8,14.9
2024,2,PSW,Walled Lake Consolidated Schools,78.9,23.7,16.1,23.5,15.6
2024,2,PIW,Matrix,84.4,25.2,17.0,25.3,16.9
2024,2,PIW,Redline,81.05,24.15,16.3,24.6,16.0
2024,2,PSA,Hudsonville HS,76.75,23.55,16.4,22.8,14.0
2024,2,PSA,Dakota Combined Schools,75.7,21.9,14.9,24.6,14.3
2024,2,PSA,Victor HS,75.55,21.75,15.9,24.2,13.7
2024,2,PSA,Grand Blanc HS,71.15,20.85,13.9,23.4,13.0
2024,2,PSA,Marian Catholic HS,65.251,18.75,13.2,21.2,12.1
2024,2,PIA,M3,81.45,24.45,16.2,25.1,15.7
2024,2,PIA,Huron Valley Percussion,75.35,21.75,14.7,23.8,15.1
2024,2,PIA,Lake Effect Percussion,73.2,20.4,13.9,22.7,16.2
2024,2,PIA,Vortex Percussion,68.3,19.8,13.3,22.3,12.9
2024,2,PIA,Fruitport Independent Percussion,69.2,18.9,13.7,22.8,13.8
2024,2,PIA,Shockwave,62.251,18.15,12.0,20.2,11.9
2024,2,PSO,Plymouth-Canton Educational Park,77.85,23.85,15.0,23.2,15.8
2024,2,PSO,Lake Orion HS,75.3,22.5,14.2,23.9,14.7
2024,2,PIO,Motor City Percussion,82.55,24.75,16.6,24.2,17.0
2024,2,PIO,Matrix Open,80.65,23.55,15.8,25.2,16.1
2024,2,PIO,Ascension Percussion,73.05,21.15,14.4,23.2,14.3
2024,2,PSW,Walled Lake Consolidated Schools,77.0,23.4,15.3,23.1,15.2
2024,2,PIW,Matrix,82.5,24.6,16.5,25.0,16.4
2024,2,PIW,Redline,79.45,23.55,15.7,24.4,15.8
2024,2,PSA,Dobyns-Bennett HS,81.0,24.0,17.0,22.9,17.1
2024,2,PSA,Green Hope HS,75.55,21.15,15.9,22.3,16.2
2024,2,PSA,Karns HS,74.5,21.6,16.0,21.0,15.9
2024,2,PSA,Lakeway Christian Academy,73.1,21.9,14.7,21.4,15.1
2024,2,PSA,Rock Hill HS,72.85,20.85,15.5,21.5,15.0
2024,2,PIA,Charles Towne Percussion,79.35,22.95,16.8,23.5,16.1
2024,2,PIA,Revelation,76.95,22.35,16.3,21.5,16.8
2024,2,PIA,Trilogy Independent,76.45,22.05,15.6,23.4,15.4
2024,2,PIA,Carolina Storm Indoor Percussion,69.75,20.25,14.1,20.5,14.9
2024,2,PSO,Bob Jones HS,77.4,21.6,16.0,22.9,16.9
2024,2,PSO,Ninety Six HS,76.7,22.5,16.1,22.0,16.1
2024,2,PSO,Mauldin HS,76.7,21.0,15.6,23.4,16.7
2024,2,PSO,T.L. Hanna HS,73.2,21.3,14.8,21.3,15.8
2024,2,PSO,North Paulding Combined Schools,72.8,19.8,15.1,22.3,15.6
2024,2,PIO,Q2,83.35,24.45,17.1,25.1,16.7
2024,2,PIO,Civitas Independent,82.05,23.25,16.8,24.4,17.6
2024,2,PIO,Paradigm Percussion,77.45,22.35,16.0,22.7,16.4
2024,2,PIO,Palmetto Indoor Theatre,73.2,20.4,15.0,22.0,15.8
2024,2,PSW,Dorman HS,78.15,23.55,15.5,24.1,15.0
2024,2,PIW,Atlanta Quest,79.85,23.55,16.5,23.2,16.6
2024,2,PSA,Horizon Combined Schools,83.65,25.2,18.4,23.65,16.4
2024,2,PSA,Arbor View HS,81.3,23.85,17.25,23.5,16.7
2024,2,PSA,Williams Field HS,80.075,23.175,17.5,23.1,16.3
2024,2,PSA,Campo Verde HS,77.475,21.825,17.4,22.85,15.4
2024,2,PSA,Millennium HS,77.451,23.25,16.1,22.0,16.1
2024,2,PSA,Buckeye Union HS,75.851,22.35,16.7,22.4,14.4
2024,2,PSA,Gilbert HS,73.876,21.975,14.9,22.8,14.2
2024,2,PSA,Cesar Chavez HS (AZ),72.501,21.9,14.8,21.7,14.1
2024,2,PSA,Agua Fria HS,72.151,21.15,15.8,20.7,14.5
2024,2,PSA,Peoria Unified School District,71.5,21.0,14.4,22.6,13.5
2024,2,PIA,Pinnacle Percussion,74.6,22.2,16.5,21.5,14.4
2024,2,PIA,Convergence Indoor Percussion,75.45,21.45,16.3,23.4,14.3
2024,2,PSO,Basha HS,77.65,22.05,15.8,24.3,15.5
2024,2,PSO,Casa Grande HS,76.7,21.9,16.5,23.2,15.1
2024,2,PIO,Vision Percussion,85.0,25.5,18.0,24.9,16.6
2024,2,PIO,Breakthrough Indoor Percussion,83.2,25.05,16.8,25.55,15.8
2024,2,PIO,LINEA,74.6,21.9,15.5,23.2,14.0
2024,2,PIW,Flux Indoor Percussion,83.65,24.6,16.9,25.35,16.8
2024,2,PSA,Horizon Combined Schools,82.1,25.2,17.8,23.2,15.9
2024,2,PSA,Williams Field HS,79.95,24.15,17.2,22.0,16.6
2024,2,PSA,Millennium HS,78.3,24.3,15.5,22.3,16.2
2024,2,PSA,Campo Verde HS,77.9,23.55,17.1,21.55,15.7
2024,2,PSA,Buckeye Union HS,76.451,23.85,16.6,20.8,15.2
2024,2,PSA,Gilbert HS,75.351,22.2,15.05,23.8,14.3
2024,2,PSA,Cesar Chavez HS (AZ),72.951,22.65,14.9,20.7,14.7
2024,2,PSA,Agua Fria HS,71.601,20.85,15.4,20.3,15.05
2024,2,PSA,Peoria Unified School District,71.601,21.45,14.35,22.2,13.6
2024,2,PSA,Ironwood Ridge HS,71.275,19.875,14.3,22.25,14.85
2024,2,PSA,Sandra Day OConnor HS,70.95,21.6,14.1,21.35,13.9
2024,2,PSA,Perry Combined Schools,70.5,22.35,13.4,19.65,15.1
2024,2,PSA,University HS,68.825,19.425,13.1,22.1,14.2
2024,2,PSA,Higley HS,68.65,19.2,16.0,19.4,14.05
2024,2,PSA,Sabino HS,66.2,20.7,12.9,18.9,13.7
2024,2,PSA,Estrella Foothills HS,62.9,18.6,12.6,18.3,13.4
2024,2,PSA,Young Women's Academy,60.8,18.0,12.4,18.4,12.0
2024,2,PIA,Pinnacle Percussion,75.0,22.2,16.7,21.0,15.1
2024,2,PIA,Convergence Indoor Percussion,74.55,21.15,16.1,23.3,14.0
2024,2,PSO,Basha HS,77.9,22.8,15.6,24.4,15.1
2024,2,PSO,Casa Grande HS,76.65,22.95,16.1,22.6,15.0
2024,2,PIO,Vision Percussion,85.45,25.65,17.3,25.6,16.9
2024,2,PIO,Breakthrough Indoor Percussion,83.1,25.5,16.6,24.8,16.2
2024,2,PIO,LINEA,75.0,22.5,15.5,23.0,14.0
2024,2,PIW,Flux Indoor Percussion,83.7,24.9,16.9,25.3,16.6
2024,2,PSA,Green Hope HS,76.6,21.6,15.8,22.6,16.6
2024,2,PSA,Karns HS,75.1,21.3,16.3,21.5,16.0
2024,2,PSA,Rock Hill HS,75.25,22.05,15.3,22.5,15.4
2024,2,PSA,Lakeway Christian Academy,71.45,21.15,14.4,21.0,14.9
2024,2,PIA,Charles Towne Percussion,81.6,23.4,16.9,24.4,16.9
2024,2,PIA,Revelation,80.05,23.85,16.3,23.1,16.8
2024,2,PIA,Trilogy Independent,77.7,22.2,15.8,23.5,16.2
2024,2,PIA,Carolina Storm Indoor Percussion,70.7,20.7,14.5,20.6,14.9
2024,2,PSO,Ninety Six HS,81.15,24.45,16.4,23.8,16.5
2024,2,PSO,Dobyns-Bennett HS,80.4,23.7,16.5,23.2,17.0
2024,2,PSO,Bob Jones HS,79.7,22.95,16.3,23.55,16.9
2024,2,PSO,Mauldin HS,76.8,21.6,15.6,23.5,16.1
2024,2,PSO,T.L. Hanna HS,75.55,21.75,15.1,22.3,16.4
2024,2,PSO,North Paulding Combined Schools,72.651,19.95,15.5,21.8,15.4
2024,2,PIO,Q2,83.2,24.9,16.9,24.5,16.9
2024,2,PIO,Civitas Independent,82.15,23.25,17.2,24.4,17.3
2024,2,PIO,Paradigm Percussion,78.55,22.35,16.5,22.9,16.8
2024,2,PIO,Palmetto Indoor Theatre,74.6,21.3,15.4,21.8,16.1
2024,2,PSW,Dorman HS,79.75,24.15,15.9,24.5,15.2
2024,2,PIW,Atlanta Quest,82.5,24.3,16.7,24.4,17.1
2024,2,PSA,Noblesville HS,85.8,25.5,18.1,25.1,17.1
2024,2,PSA,Greenwood HS,83.25,24.75,17.3,23.3,17.9
2024,2,PSA,Kickapoo HS,82.0,24.9,16.4,24.4,16.3
2024,2,PSA,Westfield HS (IN),81.0,23.4,17.1,24.3,16.2
2024,2,PSA,Greenfield-Central HS,80.9,23.7,16.9,23.9,16.4
2024,2,PSA,Thomas Worthington HS,74.201,22.2,15.4,21.6,15.0
2024,2,PSA,Perry Meridian HS,73.65,22.35,14.4,22.5,14.4
2024,2,PSA,Lincoln-Way Community Schools,72.45,21.15,14.2,22.9,14.2
2024,2,PSA,Decatur Central HS,70.85,21.45,13.9,20.7,14.8
2024,2,PSA,Bloomington HS (IL),69.3,20.4,14.0,21.0,13.9
2024,2,PIA,Crystal Lake Thunder,76.1,22.8,15.6,22.6,15.1
2024,2,PIA,Pi Percussion Inc.,73.0,22.2,14.6,22.0,14.2
2024,2,PIA,IGNITE Winter Percussion,67.8,20.4,12.8,21.2,13.4
2024,2,PSO,Victor J. Andrew HS,85.95,26.1,17.3,25.45,17.1
2024,2,PSO,Brownsburg HS,83.9,25.2,15.9,26.4,16.4
2024,2,PSO,Zionsville Community HS,83.1,25.05,16.9,25.3,15.85
2024,2,PSO,Plainfield HS (IN),82.7,26.7,16.0,25.0,15.0
2024,2,PSO,Fishers HS,82.4,24.6,16.3,25.8,15.7
2024,2,PSO,Goshen HS,82.251,25.95,16.2,25.9,14.2
2024,2,PSO,Franklin Community HS,82.101,24.75,16.6,24.95,15.8
2024,2,PSO,Northview HS,80.501,24.0,15.2,24.7,16.6
2024,2,PSO,Carroll HS (IN),79.276,24.375,15.6,24.1,15.2
2024,2,PSO,Summit HS (TN),76.9,22.8,15.0,22.6,16.5
2024,2,PSO,Ravenwood HS,76.25,22.95,15.1,22.8,15.4
2024,2,PSO,Hamilton Southeastern HS,77.4,24.3,14.0,24.5,14.6
2024,2,PIO,Cap City 2,81.7,24.6,16.0,24.6,16.5
2024,2,PIO,Veritas,80.55,24.15,15.8,24.7,15.9
2024,2,PIO,Freedom Percussion,78.9,22.8,16.4,24.4,15.3
2024,2,PSW,Avon HS,86.95,25.95,18.0,26.0,17.0
2024,2,PSW,Center Grove HS,82.9,25.5,15.7,25.0,16.7
2024,2,PSW,Franklin Central HS,77.3,22.5,15.4,24.2,15.2
2024,2,PIW,Music City Mystique,87.35,26.25,17.8,26.1,17.2
2024,2,PIW,Cap City,83.35,25.65,16.6,24.5,16.6
2024,2,PIW,ConneXus,82.5,25.2,16.2,25.1,16.0
2024,2,PSA,Lewisville HS,83.65,24.15,16.7,26.0,16.8
2024,2,PSA,E.D. White Catholic HS,78.45,22.05,16.6,24.0,15.8
2024,2,PSA,Highland Park HS,76.85,21.45,15.4,24.3,15.7
2024,2,PSO,Glenn HS,84.0,25.2,16.8,24.9,17.1
2024,2,PSO,Azle HS,81.35,25.05,16.4,23.8,16.1
2024,2,PSO,Burleson HS,80.25,24.75,15.7,25.0,14.8
2024,2,PSO,Fossil Ridge HS (TX),77.3,23.4,14.4,23.5,16.0
2024,2,PSO,Southmoore HS,76.951,24.15,15.3,22.9,14.6
2024,2,PSO,Keller HS,76.501,24.3,14.6,22.6,15.0
2024,2,PSO,Chisholm Trail HS,75.401,23.7,14.5,22.1,15.1
2024,2,PIO,Vaquero Percussion,74.5,22.5,14.9,22.3,14.8
2024,2,PSW,Burleson Centennial HS,85.45,25.35,16.7,26.5,16.9
2024,2,PSW,Boswell HS,82.15,24.15,16.4,25.3,16.3
2024,2,PSW,Bridgeland HS,80.45,23.85,16.6,24.1,15.9
2024,2,PSW,Broken Arrow HS,80.45,24.75,16.3,23.4,16.0
2024,2,PSW,Pearland HS,78.9,23.7,15.6,24.5,15.1
2024,2,PIW,Rhythmic Force Percussion,82.9,24.6,16.5,25.2,16.6
2024,2,PIW,Vigilantes Indoor Percussion,83.05,24.75,16.3,25.0,17.0
2024,2,PSA,Lewisville HS,83.6,24.3,16.3,26.5,16.5
2024,2,PSA,E.D. White Catholic HS,81.15,22.35,16.4,26.1,16.3
2024,2,PSA,Highland Park HS,77.15,20.85,15.2,26.0,15.1
2024,2,PSA,Weatherford HS,76.7,22.2,15.6,23.6,15.3
2024,2,PSA,Godley HS,71.3,19.2,14.1,24.5,13.5
2024,2,PSA,Central HS (TX),71.101,18.9,15.1,22.9,14.2
2024,2,PSO,Bridgeland HS,88.25,25.95,18.3,26.0,18.0
2024,2,PSO,Glenn HS,81.65,24.15,17.3,23.2,17.0
2024,2,PSO,Azle HS,79.95,24.75,16.6,23.5,15.1
2024,2,PSO,Burleson HS,79.9,24.6,15.7,25.2,14.4
2024,2,PSO,Fossil Ridge HS (TX),77.651,23.55,14.4,23.7,16.0
2024,2,PSO,Keller HS,77.8,23.4,15.1,23.8,15.5
2024,2,PSO,Southmoore HS,76.701,23.7,15.4,23.0,14.6
2024,2,PSO,Chisholm Trail HS,74.951,22.95,14.9,22.9,14.2
2024,2,PSO,Pflugerville HS,74.0,22.5,14.6,21.5,15.4
2024,2,PSO,John Marshall HS,74.501,22.8,16.0,21.4,14.3
2024,2,PIO,Vaquero Percussion,74.45,22.65,14.4,23.0,14.4
2024,2,PSW,Burleson Centennial HS,84.65,25.95,16.7,25.4,16.6
2024,2,PSW,Boswell HS,81.45,24.75,16.2,24.4,16.1
2024,2,PSW,Broken Arrow HS,80.6,24.6,16.1,23.9,16.0
2024,2,PSW,Pearland HS,77.9,23.4,15.4,23.6,15.5
2024,2,PIW,Vigilantes Indoor Percussion,83.7,24.6,15.8,26.2,17.1
2024,2,PIW,Rhythmic Force Percussion,81.45,24.15,16.4,24.5,16.4
2024,2,PSA,Noblesville HS,87.05,25.65,17.8,25.9,17.7
2024,2,PSA,Greenwood HS,84.2,26.1,16.4,24.5,17.2
2024,2,PSA,Kickapoo HS,83.6,25.2,17.0,25.1,16.3
2024,2,PSA,Westfield HS (IN),81.0,24.3,16.2,24.8,15.7
2024,2,PSA,Halls HS,79.001,24.6,15.0,23.0,16.4
2024,2,PSA,Greenfield-Central HS,78.601,24.0,15.4,23.3,15.9
2024,2,PSA,Warren Central HS (IN),77.251,23.25,15.8,22.8,15.4
2024,2,PIA,Crystal Lake Thunder,75.8,23.4,14.8,21.9,15.7
2024,2,PIA,Pi Percussion Inc.,73.95,21.75,15.0,22.0,15.2
2024,2,PIA,IGNITE Winter Percussion,68.6,21.0,13.0,20.8,13.8
2024,2,PSO,Victor J. Andrew HS,85.65,25.95,17.2,25.5,17.0
2024,2,PSO,Brownsburg HS,84.1,25.5,16.4,25.6,16.6
2024,2,PSO,Zionsville Community HS,83.45,25.05,16.7,25.2,16.5
2024,2,PSO,Fishers HS,81.5,24.9,15.4,25.1,16.1
2024,2,PSO,Franklin Community HS,77.201,23.4,14.4,24.1,15.3
2024,2,PSO,Northview HS,77.051,22.65,15.1,23.6,15.7
2024,2,PSO,Goshen HS,76.801,23.1,14.6,24.6,14.5
2024,2,PSO,Plainfield HS (IN),75.501,22.5,14.2,24.0,14.8
2024,2,PSO,Carroll HS (IN),74.301,21.9,14.7,22.8,14.9
2024,2,PIO,Cap City 2,83.1,24.9,16.2,25.4,16.6
2024,2,PIO,Veritas,79.4,23.7,15.0,24.7,16.0
2024,2,PIO,Freedom Percussion,77.55,23.55,14.6,24.2,15.2
2024,2,PSW,Avon HS,85.7,26.4,17.2,25.1,17.0
2024,2,PSW,Center Grove HS,83.55,25.35,16.4,25.4,16.4
2024,2,PSW,Franklin Central HS,77.45,23.25,15.8,23.5,14.9
2024,2,PIW,Music City Mystique,88.35,26.55,18.0,26.1,17.7
2024,2,PIW,Cap City,84.25,25.65,17.1,25.1,16.4
2024,2,PIW,ConneXus,82.95,25.05,16.2,25.0,16.7
2024,3,PSA,Germantown HS,87.325,26.325,18.2,25.0,17.8
2024,3,PSA,Clinton HS,84.45,26.25,17.6,24.1,16.5
2024,3,PSA,Pearl HS,82.8,24.6,17.0,24.4,16.8
2024,3,PSA,Center Hill HS,81.65,24.45,17.3,23.5,16.4
2024,3,PSA,West Harrison HS,81.05,25.05,16.8,24.2,15.0
2024,3,PSA,Bryant HS,78.401,23.7,16.3,22.7,15.7
2024,3,PSA,South Jones HS,77.451,23.25,15.6,23.8,14.8
2024,3,PSO,Pace HS,87.075,26.475,17.4,25.3,17.9
2024,3,PSO,Hernando HS,86.7,26.4,17.5,25.6,17.2
2024,3,PSO,Oak Grove HS (MS),83.575,25.875,16.8,24.7,16.2
2024,3,PSO,Gulfport HS,83.15,25.95,16.3,24.8,16.1
2024,3,PSO,Harrison Central HS,81.65,24.75,16.6,23.9,16.4
2024,3,PSO,DeSoto Central HS,78.551,24.15,15.8,23.6,15.0
2024,3,PIO,Lafourche Indoor Percussion,80.35,24.45,16.4,23.2,16.3
2024,3,PIO,Lotus Indoor Percussion,75.3,23.1,15.1,22.2,14.9
2024,3,PSA,Germantown HS,86.8,25.8,18.2,25.2,17.6
2024,3,PSA,Clinton HS,82.275,26.025,16.7,23.65,15.9
2024,3,PSA,Center Hill HS,80.7,23.1,17.4,23.9,16.3
2024,3,PSA,West Harrison HS,79.401,23.85,16.6,24.1,14.85
2024,3,PSA,Pearl HS,80.325,24.675,14.8,24.05,16.8
2024,3,PSA,Bryant HS,76.651,22.95,16.3,22.9,14.5
2024,3,PSA,South Jones HS,75.926,23.025,15.6,23.3,14.0
2024,3,PSA,Dutchtown HS (LA),78.901,24.9,15.2,23.0,15.8
2024,3,PSA,Warren Central HS (MS),79.65,24.15,16.4,24.2,14.9
2024,3,PSA,Harrison HS,73.55,22.05,15.8,22.3,13.4
2024,3,PSA,Southaven HS,73.35,21.15,14.9,21.6,15.7
2024,3,PSA,Columbus HS (MS),72.825,23.325,14.6,21.9,13.0
2024,3,PSA,Hancock HS,73.25,22.35,16.0,21.3,13.6
2024,3,PSA,New Hope HS,72.1,21.0,14.2,22.8,14.1
2024,3,PSO,Pace HS,85.55,25.35,17.0,25.3,17.9
2024,3,PSO,Hernando HS,82.65,24.75,17.2,23.7,17.0
2024,3,PSO,Gulfport HS,81.8,25.5,16.2,24.0,16.1
2024,3,PSO,Oak Grove HS (MS),81.75,25.65,16.0,24.2,15.9
2024,3,PSO,Harrison Central HS,79.9,24.6,16.5,23.8,15.0
2024,3,PSO,DeSoto Central HS,77.626,24.225,15.7,22.9,14.8
2024,3,PSO,Tupelo HS,75.451,23.55,15.4,22.3,14.2
2024,3,PSO,Petal HS,73.051,23.25,14.5,21.3,14.0
2024,3,PIO,Lafourche Indoor Percussion,80.1,24.3,16.2,23.5,16.1
2024,3,PIO,Lotus Indoor Percussion,75.5,22.8,15.0,22.6,15.1
2024,3,PSA,Chantilly HS,86.05,25.95,18.4,24.8,16.9
2024,3,PSA,Hempfield HS,83.95,25.05,17.7,24.7,16.5
2024,3,PSA,Hickory HS,83.75,25.95,17.5,24.5,15.8
2024,3,PSA,Central Dauphin HS,83.6,25.2,17.2,25.3,15.9
2024,3,PSA,Enloe Magnet HS,80.6,24.0,17.1,23.4,16.1
2024,3,PSA,West Shore School District,77.501,24.15,15.0,22.95,15.4
2024,3,PSA,Green Level HS,75.951,21.6,15.5,23.65,15.2
2024,3,PSA,Downingtown East HS,75.801,21.9,15.9,23.1,14.9
2024,3,PIA,Apex Friendship HS,74.15,20.85,15.4,22.9,15.0
2024,3,PSO,Thomas Jefferson HS,86.15,25.35,17.6,25.7,17.5
2024,3,PSO,South County HS,85.55,26.85,16.2,24.7,17.8
2024,3,PSO,Panther Creek HS,82.3,25.2,16.5,24.1,16.5
2024,3,PSO,Freedom HS (VA),80.15,25.05,16.4,23.0,15.7
2024,3,PIO,Spectre Percussion,84.9,25.2,17.6,24.7,17.4
2024,3,PIO,Old Line Independent Percussion,82.25,23.85,16.7,25.1,16.6
2024,3,PIW,George Mason University,86.25,25.95,17.4,25.6,17.3
2024,3,PSA,Chantilly HS,85.125,26.625,18.2,23.8,16.5
2024,3,PSA,Hempfield HS,83.8,26.1,17.3,24.8,15.6
2024,3,PSA,Central Dauphin HS,83.4,25.8,17.1,25.1,15.4
2024,3,PSA,Hickory HS,85.95,26.55,17.7,25.9,15.8
2024,3,PSA,Enloe Magnet HS,81.3,24.9,16.5,23.3,16.6
2024,3,PSA,West Shore School District,79.601,25.2,14.3,24.8,15.3
2024,3,PSA,Downingtown East HS,78.001,24.0,15.9,23.4,14.7
2024,3,PSA,Green Level HS,74.351,20.85,14.9,23.7,14.9
2024,3,PSA,Ocean Lakes HS,74.701,22.5,16.4,22.2,13.6
2024,3,PSA,Powhatan HS,72.8,21.15,13.8,23.25,14.6
2024,3,PSA,Clarke County HS,71.5,19.35,15.2,22.55,14.4
2024,3,PSA,South Lakes HS,71.1,20.4,13.1,22.4,15.2
2024,3,PSA,Albemarle County Combined Schools,71.25,21.3,15.3,20.85,13.8
2024,3,PSA,Jefferson Forest HS,71.0,20.7,12.6,22.9,14.8
2024,3,PSA,Carlisle HS,69.95,19.65,13.5,20.8,16.0
2024,3,PIA,Apex Friendship HS,74.7,21.3,15.5,22.3,15.6
2024,3,PSO,Thomas Jefferson HS,84.6,24.6,17.4,25.3,17.3
2024,3,PSO,South County HS,84.1,25.8,16.9,23.8,17.6
2024,3,PSO,Freedom HS (VA),80.0,25.5,16.7,22.4,15.4
2024,3,PSO,Panther Creek HS,79.3,24.0,15.4,23.7,16.2
2024,3,PIO,Spectre Percussion,85.3,25.5,17.6,24.5,17.7
2024,3,PIO,Old Line Independent Percussion,83.7,24.9,16.6,25.3,16.9
2024,3,PIW,George Mason University,85.15,25.65,16.8,25.5,17.2
2024,3,PSA,Mountain Ridge HS (UT),82.65,24.15,16.6,25.5,16.4
2024,3,PSA,Nebo School District Combined Schools,79.45,23.85,16.4,24.9,14.3
2024,3,PSA,Copper Hills HS,79.325,23.925,16.0,23.1,16.3
2024,3,PSA,Bingham HS,76.75,22.95,15.2,23.0,15.6
2024,3,PSA,Provo City School District,76.15,23.55,15.8,21.5,15.3
2024,3,PIA,North Star Independent,81.85,24.75,17.1,22.7,17.3
2024,3,PIA,Ogden HS,79.35,24.15,16.5,23.0,15.7
2024,3,PIA,Canyons School District Combined Schools,77.55,22.65,15.3,23.6,16.0
2024,3,PIA,Horizon Percussion,76.7,22.2,16.0,21.6,16.9
2024,3,PSO,Davis HS,75.5,23.1,15.3,22.6,14.5
2024,3,PSO,Alpine Combined Schools,75.0,22.5,14.2,23.4,14.9
2024,3,PSO,Farmington HS,71.6,21.6,13.4,22.3,14.3
2024,3,PIO,Gold Spike Percussion,82.75,24.45,16.9,24.4,17.0
2024,3,PIO,Rift Percussion,78.95,23.25,16.4,23.4,15.9
2024,3,PSA,Mountain Ridge HS (UT),78.8,22.5,16.5,24.8,15.0
2024,3,PSA,Copper Hills HS,78.2,22.8,16.0,23.3,16.1
2024,3,PSA,Nebo School District Combined Schools,77.3,24.3,17.0,22.4,13.6
2024,3,PSA,Bingham HS,75.65,23.25,15.0,22.1,15.3
2024,3,PSA,Pleasant Grove HS,72.451,21.45,14.8,21.9,14.3
2024,3,PSA,Herriman HS,69.551,20.85,14.0,20.5,14.2
2024,3,PSA,Wasatch Combined Schools,62.001,18.3,12.2,19.3,12.2
2024,3,PIA,North Star Independent,80.15,24.75,16.9,21.9,16.6
2024,3,PIA,Ogden HS,78.3,24.0,16.3,22.3,15.7
2024,3,PIA,Canyons School District Combined Schools,76.45,22.05,15.4,23.6,15.4
2024,3,PIA,Horizon Percussion,76.45,22.65,15.6,21.4,16.8
2024,3,PSO,Davis HS,73.4,22.5,15.0,21.4,14.5
2024,3,PSO,Alpine Combined Schools,72.2,21.3,14.0,22.1,14.8
2024,3,PSO,Farmington HS,69.3,21.0,13.2,21.0,14.1
2024,3,PIO,Gold Spike Percussion,81.75,23.85,16.9,24.1,16.9
2024,3,PIO,Rift Percussion,77.05,22.65,15.9,22.9,15.6
2024,3,PIA,Sun City Independent A,75.1,22.2,15.0,22.6,15.3
2024,3,PSA,Centaurus HS,84.45,25.05,16.9,25.5,17.0
2024,3,PSA,Longmont Combined Schools,80.95,23.85,16.2,24.3,16.6
2024,3,PSA,Columbus HS,75.8,21.3,15.5,23.5,15.5
2024,3,PSA,Monarch Combined Schools,73.7,21.0,14.9,22.9,14.9
2024,3,PSO,Legacy Winter Percussion Ensemble,81.2,24.3,16.2,24.2,16.5
2024,3,PSO,Loveland HS,78.65,23.85,15.8,23.7,15.3
2024,3,PSO,Academy District 20 Combined Schools,76.5,22.2,14.6,24.3,15.4
2024,3,PSO,Fossil Ridge HS (CO),74.65,22.05,15.0,22.8,14.8
2024,3,PIO,BKO,76.7,22.5,14.8,24.4,15.0
2024,3,PIO,Sun City Independent,73.8,21.9,14.2,23.1,14.6
2024,3,PIW,Blue Knights,82.65,24.45,16.6,24.8,16.8
2024,3,PIW,Rise Percussion,76.4,22.5,15.8,23.0,15.1
2024,3,PIA,Sun City Independent A,74.9,21.9,14.2,24.0,14.8
2024,3,PSA,Centaurus HS,83.45,24.45,16.8,25.5,16.7
2024,3,PSA,Longmont Combined Schools,79.1,23.4,16.0,23.6,16.1
2024,3,PSA,Columbus HS,75.65,22.05,15.4,23.0,15.2
2024,3,PSA,Monarch Combined Schools,72.85,21.45,14.6,22.3,14.5
2024,3,PSO,Legacy Winter Percussion Ensemble,78.45,22.95,15.6,24.1,15.8
2024,3,PSO,Loveland HS,77.1,23.4,15.3,23.4,15.0
2024,3,PSO,Academy District 20 Combined Schools,75.65,21.75,14.4,24.6,14.9
2024,3,PSO,Fossil Ridge HS (CO),72.45,21.15,13.9,22.8,14.6
2024,3,PIO,BKO,76.2,21.9,14.6,25.0,14.7
2024,3,PIO,Sun City Independent,74.55,22.65,14.0,23.3,14.6
2024,3,PIW,Blue Knights,83.55,24.75,16.6,25.5,16.7
2024,3,PIW,Rise Percussion,76.4,23.1,15.7,22.6,15.0
2024,4,PSA,Rex Putnam Combined Schools,83.2,25.2,16.4,24.6,17.0
2024,4,PSA,Glencoe HS Combined Schools,78.05,22.05,15.6,23.7,16.7
2024,4,PSA,University HS (WA),77.85,23.25,15.8,23.2,15.6
2024,4,PSA,Liberty HS (OR),76.1,23.1,15.9,21.8,15.3
2024,4,PSA,Southridge HS,75.451,22.35,15.2,22.2,15.7
2024,4,PSA,Skyview HS,73.701,21.3,15.1,22.9,14.4
2024,4,PSA,Orting HS,73.076,22.275,14.5,22.7,13.6
2024,4,PSA,Sherwood Middle School,73.051,21.75,15.4,21.1,14.8
2024,4,PSA,Westview HS,72.401,21.0,13.3,23.8,14.3
2024,4,PSA,South Albany HS,70.15,20.55,14.9,21.7,13.0
2024,4,PSA,Crater HS,68.75,20.25,14.3,20.9,13.3
2024,4,PSA,Othello HS,63.3,18.9,12.5,20.0,11.9
2024,4,PIA,Viking Independent Percussion,69.95,21.45,15.3,19.2,14.0
2024,4,PSO,Kamiak HS,85.25,25.65,17.0,25.5,17.1
2024,4,PSO,Sherwood HS,83.3,25.2,16.6,24.7,16.8
2024,4,PSO,Ridgeline HS,79.35,23.85,15.3,24.0,16.2
2024,4,PIO,IMPACT Percussion,86.2,25.8,17.5,25.3,17.6
2024,4,PSA,Rex Putnam Combined Schools,84.15,25.65,16.3,24.9,17.3
2024,4,PSA,Glencoe HS Combined Schools,79.2,23.4,15.5,23.7,16.6
2024,4,PSA,University HS (WA),77.75,23.25,15.6,23.3,15.6
2024,4,PSA,Skyview HS,75.4,22.8,15.0,22.8,14.8
2024,4,PSA,Orting HS,73.151,22.05,14.6,22.2,14.3
2024,4,PSA,Liberty HS (OR),75.275,22.275,15.4,22.1,15.5
2024,4,PIA,Viking Independent Percussion,69.85,20.85,15.2,19.8,14.0
2024,4,PSO,Kamiak HS,87.25,26.55,17.7,25.6,17.4
2024,4,PSO,Sherwood HS,83.65,25.35,16.7,24.7,16.9
2024,4,PSO,Ridgeline HS,80.1,24.6,15.6,23.6,16.3
2024,4,PIO,IMPACT Percussion,86.7,26.1,17.5,25.8,17.3
2024,4,PSA,Elk River Combined Schools,85.6,25.8,17.6,25.0,17.2
2024,4,PSA,Osseo Area Combined Schools,83.45,25.05,17.3,24.4,16.7
2024,4,PSA,Burnsville HS,82.05,25.35,16.7,23.5,16.5
2024,4,PSA,Dassel-Cokato HS,82.0,24.6,16.8,24.9,15.7
2024,4,PIA,Groove Pursuit,81.5,24.3,16.8,24.1,16.3
2024,4,PIA,Rochester Lourdes Drumline,76.9,23.1,15.8,23.2,14.8
2024,4,PIA,Quad City Percussion,74.2,21.3,15.7,22.7,14.5
2024,4,PSO,Eden Prairie HS,88.45,26.85,17.8,26.5,17.3
2024,4,PSO,Irondale Combined Schools,85.45,26.55,17.6,24.8,16.5
2024,4,PIO,River City Rhythm,86.35,26.55,18.0,24.3,17.5
2024,4,PIO,Crossroads Percussion,85.25,25.35,17.1,25.9,16.9
2024,4,PIW,MBI Indoor Percussion,83.9,25.2,17.0,25.1,16.6
2024,4,PSA,Elk River Combined Schools,83.95,25.35,17.1,24.6,16.9
2024,4,PSA,Osseo Area Combined Schools,81.95,24.75,17.2,23.4,16.6
2024,4,PSA,Burnsville HS,80.75,24.15,16.6,24.1,15.9
2024,4,PSA,Dassel-Cokato HS,80.6,24.6,16.5,23.8,15.7
2024,4,PSA,Brookings HS,75.951,22.65,14.8,22.9,15.6
2024,4,PSA,Rocori HS,69.701,21.3,15.1,19.2,14.1
2024,4,PSA,Buffalo HS,68.501,20.4,14.2,20.2,13.7
2024,4,PSA,South St. Paul HS,66.601,19.8,13.5,20.1,13.2
2024,4,PIA,Rochester Lourdes Drumline,77.75,24.15,15.6,23.3,14.7
2024,4,PIA,Groove Pursuit,79.7,22.2,16.7,24.5,16.3
2024,4,PIA,Quad City Percussion,74.9,21.6,15.5,23.2,14.6
2024,4,PIO,Crossroads Percussion,83.2,24.6,17.1,25.0,16.5
2024,4,PIO,River City Rhythm,85.4,26.4,17.8,23.8,17.4
2024,4,PIW,MBI Indoor Percussion,83.5,24.9,16.7,25.2,16.7
2024,4,PSA,Bellevue Combined Schools,75.85,24.15,14.7,22.5,14.5
2024,4,PSA,Lees Summit HS,72.55,23.55,13.9,20.7,14.4
2024,4,PSO,Papillion-La Vista South HS,72.15,21.45,14.2,22.0,14.5
2024,4,PIW,Resistance Indoor Percussion,74.85,22.05,15.3,22.3,15.2
2024,4,PSA,Bellevue Combined Schools,77.4,24.3,15.1,23.3,14.7
2024,4,PSA,Lees Summit HS,75.1,23.7,14.8,22.1,14.5
2024,4,PSO,Papillion-La Vista South HS,73.35,22.05,14.4,22.5,14.4
2024,4,PIW,Resistance Indoor Percussion,76.05,22.35,15.4,23.0,15.3
2024,4,PSA,E.D. White Catholic HS,86.9,27.15,17.7,23.75,18.3
2024,4,PSA,La Porte HS,86.8,26.4,18.2,24.9,17.3
2024,4,PSA,Sonia Sotomayor HS,84.65,25.8,16.7,24.35,17.8
2024,4,PSA,Morton Ranch HS,82.85,25.65,14.9,25.5,16.8
2024,4,PSA,Warren Central HS (MS),81.751,24.75,16.9,23.6,16.5
2024,4,PSA,Judson HS,81.201,24.0,16.0,24.8,16.4
2024,4,PSA,Weatherford HS,80.176,24.075,15.8,24.5,15.8
2024,4,PSA,Edinburg North HS,79.351,23.55,15.6,24.2,16.0
2024,4,PSA,Jenks HS,78.326,23.175,16.5,23.2,15.45
2024,4,PSA,John B Alexander HS,76.0,23.1,14.8,22.6,15.5
2024,4,PSA,Seguin HS,74.55,22.05,14.5,23.0,15.0
2024,4,PSA,Robert Vela HS,73.9,21.45,14.4,23.25,14.8
2024,4,PSA,Edinburg HS,73.0,21.9,13.4,23.1,14.6
2024,4,PSO,Glenn HS,89.35,27.45,18.4,24.9,18.6
2024,4,PSO,Cypress Park HS,86.4,27.0,17.8,23.7,17.9
2024,4,PSO,Pflugerville HS,83.9,25.5,16.9,25.4,16.1
2024,4,PSO,Seven Lakes HS,80.95,24.45,16.1,24.2,16.2
2024,4,PSO,Keller HS,78.9,24.3,14.6,23.4,16.6
2024,4,PSO,C.E. King HS,77.251,23.25,15.7,23.1,15.2
2024,4,PSO,John Marshall HS,74.501,22.2,14.9,22.5,14.9
2024,4,PIO,UTSA,87.3,26.7,17.6,25.4,17.6
2024,4,PIO,Paragon,84.5,25.5,17.5,24.0,17.5
2024,4,PSW,Clear Brook HS,90.05,27.15,17.0,27.8,18.1
2024,4,PSW,Cy-Fair HS,86.2,26.4,17.6,24.6,17.6
2024,4,PSW,Pearland HS,85.65,26.25,16.0,25.7,17.7
2024,4,PIW,Monarch Independent,90.45,26.85,17.7,28.1,17.8
2024,4,PIW,Rhythmic Force Percussion,86.1,25.8,17.2,25.7,17.4
2024,5,PSCA,Williams Field HS,88.3,45.8,43.9,43.3,43.6
2024,5,PSCW,West Ranch HS,92.9,46.4,45.5,46.8,47.1
2024,5,PSCW,Ayala HS,90.75,45.3,44.8,45.6,45.8
2024,5,PSCW,Woodbridge HS,79.75,42.6,42.1,36.4,38.4
2024,5,PIA,Horizon Percussion,82.45,23.85,17.4,24.0,17.2
2024,5,PIA,Cornerstone Percussion,80.8,23.1,17.0,24.1,16.6
2024,5,PIA,ECR Independent,80.05,22.95,17.3,23.9,15.9
2024,5,PSA,Temple City HS,89.2,27.15,18.35,26.6,17.1
2024,5,PSA,Los Alamitos HS,84.9,24.3,16.7,27.6,16.3
2024,5,PSA,Williams Field HS,84.4,25.5,17.3,24.3,17.3
2024,5,PSA,Arbor View HS,83.75,24.45,18.0,23.8,17.5
2024,5,PSA,Selma HS,82.775,23.175,15.4,27.0,17.2
2024,5,PSA,Gilbert HS,81.701,24.6,15.7,25.9,15.5
2024,5,PSA,Laguna Creek HS,78.926,22.725,16.8,24.0,15.4
2024,5,PSA,Aliso Niguel HS,76.101,23.1,14.4,24.3,14.3
2024,5,PSA,Merced Union High School District,75.826,22.125,15.5,22.6,15.6
2024,5,PSA,Rancho Alamitos HS,75.35,22.5,14.75,23.0,15.1
2024,5,PSA,Ridgeview HS,74.3,21.9,14.7,23.3,14.4
2024,5,PSA,Orange HS,72.55,20.55,14.7,22.8,14.5
2024,5,PSA,Bloomington HS (CA),69.6,20.4,13.4,22.5,13.3
2024,5,PSO,Kamiak HS,87.95,27.75,18.5,24.7,17.0
2024,5,PSO,Great Oak HS,88.65,26.25,18.1,26.2,18.1
2024,5,PSO,Pacifica HS,84.6,25.8,16.3,25.2,17.3
2024,5,PSO,Stockdale HS,83.1,26.1,17.1,24.1,15.8
2024,5,PSO,Cleveland Charter HS,82.8,25.2,16.2,25.2,16.2
2024,5,PSO,El Dorado HS,82.701,24.6,16.8,23.9,17.4
2024,5,PSO,Fountain Valley HS,80.851,23.85,16.9,23.2,16.9
2024,5,PSO,Casa Grande HS,78.451,22.95,17.6,22.0,15.9
2024,5,PSO,Amador Valley HS,80.026,23.025,15.9,25.7,15.4
2024,5,PSO,Mission Viejo HS,78.0,23.7,16.0,23.2,15.1
2024,5,PSO,Liberty HS (CA),77.325,24.225,15.8,22.4,14.9
2024,5,PIO,Meraki,91.85,28.35,18.7,26.2,18.6
2024,5,PIO,Orange County Independent,86.45,26.7,18.35,24.7,16.7
2024,5,PIO,Breakthrough Indoor Percussion,84.75,25.5,17.2,25.0,17.05
2024,5,PIO,Bakersfield College,84.65,26.55,16.8,23.8,17.5
2024,5,PIO,Vision Percussion,84.55,25.95,17.4,23.5,17.7
2024,5,PIO,Instinct,82.601,23.7,17.9,24.4,16.6
2024,5,PIO,Elan Percussion,81.876,24.225,16.65,24.0,17.0
2024,5,PIO,Tri-City Percussion,69.301,20.1,13.2,22.4,13.6
2024,5,PSW,Chino Hills HS,93.9,28.5,19.1,28.0,18.3
2024,5,PSW,Ayala HS,92.9,27.9,18.9,27.2,18.9
2024,5,PSW,Etiwanda HS,86.5,25.8,18.0,25.3,17.4
2024,5,PSW,Arcadia HS,85.85,25.95,17.2,26.1,16.6
2024,5,PSW,Gahr HS,84.9,24.6,17.4,26.2,16.7
2024,5,PSW,Homestead HS,84.351,25.35,17.0,25.2,16.8
2024,5,PSW,Saratoga HS,81.451,24.15,16.4,23.8,17.1
2024,5,PSW,Cupertino HS,80.001,23.7,15.6,24.7,16.0
2024,5,PSW,West Ranch HS,75.451,22.05,15.1,23.4,14.9
2024,5,PIW,Pulse Percussion,94.45,28.05,19.0,28.6,18.8
2024,5,PIW,Broken City,92.8,27.75,18.6,28.35,18.1
2024,5,PIW,RCC,92.15,27.15,18.5,27.9,18.6
2024,5,PIW,POW Percussion,89.1,27.0,18.2,26.9,17.0
2024,5,PIW,Gold Indoor Percussion,85.4,25.8,17.5,25.0,17.1
2024,5,PIW,Flux Indoor Percussion,84.201,25.5,17.0,25.1,16.6
2024,5,PIW,Thesis,83.051,24.45,16.7,25.2,16.7
2024,5,PIW,Dark Sky Percussion,82.451,24.75,16.4,25.2,16.1
2024,5,PIW,Red Wave Indoor,80.901,24.6,16.0,24.0,16.3
2024,5,PIA,Toms River Percussion,75.25,22.65,16.1,22.6,13.9
2024,5,PSA,Spring-Ford HS,88.65,25.05,18.2,27.3,18.1
2024,5,PSA,Unionville HS,87.75,27.0,16.55,26.6,17.6
2024,5,PSA,Everett HS,85.2,26.1,17.2,25.8,16.1
2024,5,PSA,Lower Dauphin HS,84.75,26.25,16.55,25.4,16.55
2024,5,PSA,Nutley HS,84.4,23.55,17.9,25.5,17.45
2024,5,PSA,Bridgewater Raritan HS,84.201,26.25,15.35,25.6,17.0
2024,5,PSA,Westhill HS,83.451,26.55,15.5,25.1,16.3
2024,5,PSA,Elizabeth HS,83.801,26.1,16.8,25.7,15.2
2024,5,PSA,John C. Birdlebough HS,82.801,25.8,15.8,23.9,17.3
2024,5,PSA,Jordan-Elbridge HS,82.5,25.05,16.4,24.8,16.25
2024,5,PSA,West Milford HS,81.95,24.15,17.5,24.1,16.2
2024,5,PSA,Paul V. Moore HS,81.45,25.05,16.95,23.0,16.45
2024,5,PSA,Owen J Roberts HS,80.3,25.2,14.2,23.75,17.15
2024,5,PSA,Green Level HS,79.15,24.15,15.9,24.5,14.6
2024,5,PSA,Perkiomen Valley HS,78.5,23.25,16.6,22.6,16.05
2024,5,PSA,Quakertown HS,78.35,24.75,14.4,24.4,14.8
2024,5,PSA,Liverpool HS,77.35,24.75,13.5,24.0,15.1
2024,5,PSA,Hopewell Valley Central HS,79.25,24.75,15.4,24.7,14.4
2024,5,PSA,Appoquinimink HS,77.05,24.0,14.8,23.1,15.15
2024,5,PSA,North Penn HS,75.45,24.0,13.6,23.2,14.65
2024,5,PSA,Edison HS (NJ),75.8,25.2,13.2,23.7,13.7
2024,5,PSA,Phoenixville Area HS,74.4,22.8,13.7,21.9,16.0
2024,5,PSA,Marple Newtown HS,73.55,22.95,13.9,22.9,13.8
2024,5,PSA,Parkland HS,73.15,22.5,13.95,22.5,14.2
2024,5,PSA,John P. Stevens HS,69.75,22.35,12.9,21.5,13.0
2024,5,PSO,Old Bridge HS,88.2,26.7,17.4,26.4,17.7
2024,5,PSO,Highland Regional HS,81.8,23.7,16.6,25.0,16.5
2024,5,PIO,United Percussion 2,85.4,25.2,18.3,24.5,17.4
2024,5,PIO,Spartans Indoor Percussion,85.35,24.45,17.7,25.1,18.1
2024,5,PSW,Dartmouth HS,91.95,27.75,18.5,26.9,18.8
2024,5,PSW,Fair Lawn HS,81.35,23.55,16.8,24.5,16.5
2024,5,PIW,United Percussion,89.85,26.85,18.5,25.6,18.9
2024,5,PIW,George Mason University,86.35,25.95,17.9,24.6,17.9
2024,5,PSA,Spring-Ford HS,90.938,26.812,18.7,27.4,18.025
2024,5,PSA,Unionville HS,89.238,26.663,18.2,26.8,17.575
2024,5,PSA,Everett HS,87.975,26.4,18.175,26.2,17.2
2024,5,PSA,Nutley HS,86.488,25.988,18.4,24.7,17.4
2024,5,PSA,Lower Dauphin HS,86.013,25.762,17.35,25.675,17.225
2024,5,PSA,Bridgewater Raritan HS,83.776,25.2,16.85,25.6,16.125
2024,5,PSA,Jordan-Elbridge HS,82.701,24.3,17.1,24.85,16.45
2024,5,PSA,Owen J Roberts HS,82.576,24.525,16.5,25.55,16.0
2024,5,PSA,Elizabeth HS,82.463,25.163,16.7,24.85,15.75
2024,5,PSA,West Milford HS,81.638,24.038,17.025,23.625,16.95
2024,5,PSA,Green Level HS,79.1,23.25,15.85,24.55,15.45
2024,5,PSA,Paul V. Moore HS,78.8,23.7,16.5,23.3,15.3
2024,5,PIA,Toms River Percussion,73.775,22.425,15.6,21.7,14.05
2024,5,PSCA,Monroe Township HS,84.25,41.4,41.9,43.3,41.9
2024,5,PSCA,Hatboro-Horsham HS,81.05,39.9,40.0,41.6,40.6
2024,5,PSCA,Northern Valley Regional HS at Old Tappan,78.55,38.6,40.2,39.4,38.9
2024,5,PSCO,Grassfield HS,86.15,43.2,43.6,42.9,42.6
2024,5,PSO,Old Bridge HS,89.275,27.225,17.65,27.2,17.2
2024,5,PSO,Highland Regional HS,82.475,24.525,17.0,25.05,15.9
2024,5,PIO,United Percussion 2,86.6,25.5,17.95,25.85,17.3
2024,5,PIO,Spartans Indoor Percussion,84.525,24.975,17.5,25.1,16.95
2024,5,PSW,Dartmouth HS,92.95,27.75,18.8,27.8,18.6
2024,5,PSW,Fair Lawn HS,80.6,24.3,16.25,24.15,15.9
2024,5,PIW,United Percussion,90.225,26.775,18.85,26.25,18.35
2024,5,PIW,George Mason University,87.625,26.025,18.1,26.0,17.5
2024,5,PSA,Temple City HS,90.425,26.925,18.45,27.3,17.75
2024,5,PSA,Los Alamitos HS,88.2,26.4,18.2,26.4,17.2
2024,5,PSA,Williams Field HS,84.775,24.975,17.45,25.2,17.15
2024,5,PSA,Arbor View HS,84.725,25.275,17.5,24.85,17.1
2024,5,PSA,Selma HS,82.3,23.85,16.45,25.55,16.45
2024,5,PSA,Laguna Creek HS,80.776,23.925,16.7,23.8,16.35
2024,5,PSA,Gilbert HS,80.351,23.1,16.3,24.7,16.25
2024,5,PIA,Horizon Percussion,81.8,24.3,16.3,24.5,16.7
2024,5,PIA,Cornerstone Percussion,80.05,23.55,15.65,24.6,16.25
2024,5,PIA,ECR Independent,77.925,22.725,15.65,23.15,16.4
2024,5,PSO,Kamiak HS,90.925,27.675,18.65,26.8,17.8
2024,5,PSO,Great Oak HS,89.225,26.775,18.15,26.9,17.4
2024,5,PSO,Stockdale HS,85.975,25.275,17.35,26.55,16.8
2024,5,PSO,Pacifica HS,85.9,25.5,18.4,24.75,17.25
2024,5,PSO,El Dorado HS,83.775,24.825,17.05,25.45,16.45
2024,5,PSO,Casa Grande HS,80.076,23.175,16.55,23.95,16.4
2024,5,PSO,Fountain Valley HS,80.051,23.25,16.6,23.35,16.85
2024,5,PSO,Amador Valley HS,77.426,22.725,15.25,24.1,15.35
2024,5,PSO,Cleveland Charter HS,82.151,24.45,16.5,24.95,16.25
2024,5,PIO,Meraki,94.075,28.425,19.1,27.85,18.7
2024,5,PIO,Bakersfield College,88.75,26.55,17.9,26.8,17.5
2024,5,PIO,Breakthrough Indoor Percussion,85.875,25.725,17.15,25.95,17.05
2024,5,PIO,Vision Percussion,85.3,24.75,17.5,25.8,17.25
2024,5,PIO,Elan Percussion,81.801,23.85,16.55,25.0,16.4
2024,5,PIO,Instinct,80.426,23.325,16.45,24.35,16.3
2024,5,PIO,Tri-City Percussion,73.926,21.975,14.75,22.0,15.2
2024,5,PSW,Chino Hills HS,94.7,28.575,18.875,28.35,18.9
2024,5,PSW,Ayala HS,92.375,27.525,18.65,27.75,18.45
2024,5,PSW,Arcadia HS,89.625,26.475,17.95,27.45,17.75
2024,5,PSW,Etiwanda HS,88.325,26.55,17.925,26.5,17.35
2024,5,PSW,Gahr HS,86.225,25.725,16.85,26.6,17.05
2024,5,PSW,Homestead HS,85.876,25.725,17.25,25.9,17.0
2024,5,PSW,Saratoga HS,81.201,24.75,15.8,24.95,15.7
2024,5,PSW,Cupertino HS,78.226,23.325,15.2,23.65,16.05
2024,5,PSW,West Ranch HS,72.726,21.375,14.1,22.8,14.45
2024,5,PIW,Pulse Percussion,95.3,28.95,19.0,28.2,19.15
2024,5,PIW,RCC,93.2,28.2,18.9,27.75,18.35
2024,5,PIW,Broken City,92.85,28.2,18.8,27.35,18.5
2024,5,PIW,POW Percussion,89.725,27.075,17.95,26.7,18.0
2024,5,PIW,Flux Indoor Percussion,86.751,26.1,18.0,25.85,16.8
2024,5,PIW,Dark Sky Percussion,84.976,25.275,17.25,25.65,16.8
2024,5,PIW,Gold Indoor Percussion,83.601,24.9,16.825,25.275,16.6
2024,5,PIW,Thesis,82.926,25.125,16.45,25.15,16.2
2024,5,PIW,Red Wave Indoor,78.151,24.0,14.85,23.95,15.35
2024,9,PSCW,Catawba Ridge HS,94.1,47.0,46.0,49.1,46.1
2024,9,PSCW,Ayala HS,93.65,45.9,46.8,48.4,46.2
2024,9,PSCW,Clover HS,91.9,44.7,44.6,49.2,45.3
2024,9,PSCW,Corinth Holders HS,88.9,43.6,43.6,46.4,44.2
2024,9,PSCW,Tunstall HS,85.6,42.9,42.0,44.6,41.7
2024,9,PSA,Pearl HS,92.25,27.0,18.75,27.75,18.75
2024,9,PSA,Greenfield-Central HS,91.5,27.3,18.65,26.85,18.7
2024,9,PSA,Central Dauphin HS,89.1,27.0,17.8,26.3,18.0
2024,9,PSA,Westfield HS (IN),89.05,26.25,18.2,26.35,18.25
2024,9,PSA,Owen J Roberts HS,86.564,25.763,17.7,25.9,17.2
2024,9,PSA,Grand Blanc HS,84.901,25.2,17.3,25.5,16.9
2024,9,PSA,Springboro HS,82.501,24.6,17.05,23.55,17.3
2024,9,PSA,Decatur Central HS,81.551,23.475,16.35,25.15,16.575
2024,9,PSA,Albemarle County Combined Schools,79.801,23.85,16.4,23.4,16.15
2024,9,PSA,Lakeway Christian Academy,78.375,22.725,15.95,23.55,16.15
2024,9,PSA,Dennis-Yarmouth HS,75.688,22.163,15.8,22.1,15.625
2024,9,R3,Pearl HS,92.25,27.0,18.75,27.75,18.75
2024,9,R3,Greenfield-Central HS,91.5,27.3,18.65,26.85,18.7
2024,9,R3,Central Dauphin HS,89.1,27.0,17.8,26.3,18.0
2024,9,R3,Westfield HS (IN),89.05,26.25,18.2,26.35,18.25
2024,9,R3,Owen J Roberts HS,86.564,25.763,17.7,25.9,17.2
2024,9,R3,Grand Blanc HS,84.901,25.2,17.3,25.5,16.9
2024,9,R3,Springboro HS,82.501,24.6,17.05,23.55,17.3
2024,9,R3,Decatur Central HS,81.551,23.475,16.35,25.15,16.575
2024,9,R3,Albemarle County Combined Schools,79.801,23.85,16.4,23.4,16.15
2024,9,R3,Lakeway Christian Academy,78.375,22.725,15.95,23.55,16.15
2024,9,R3,Dennis-Yarmouth HS,75.688,22.163,15.8,22.1,15.625
2024,9,PSA,Spring-Ford HS,92.038,28.087,18.55,26.8,18.6
2024,9,PSA,Cranston Combined Schools,87.913,26.887,17.2,25.9,17.925
2024,9,PSA,Longmont Combined Schools,87.189,26.137,17.25,26.45,17.35
2024,9,PSA,Rex Putnam Combined Schools,86.339,25.988,18.05,24.75,17.55
2024,9,PSA,New Milford HS,88.088,27.263,17.5,26.3,17.025
2024,9,PSA,Dakota Combined Schools,87.25,26.25,17.4,26.3,17.3
2024,9,PSA,Minooka Community HS,85.151,25.35,16.95,25.5,17.35
2024,9,PSA,John C. Birdlebough HS,83.651,25.8,16.825,23.55,17.475
2024,9,PSA,Hudsonville HS,83.151,24.45,17.15,23.3,18.25
2024,9,PSA,Perry Meridian HS,79.775,24.0,16.225,23.5,16.05
2024,9,R4,Spring-Ford HS,92.038,28.087,18.55,26.8,18.6
2024,9,R4,Cranston Combined Schools,87.913,26.887,17.2,25.9,17.925
2024,9,R4,Longmont Combined Schools,87.189,26.137,17.25,26.45,17.35
2024,9,R4,Rex Putnam Combined Schools,86.339,25.988,18.05,24.75,17.55
2024,9,R4,New Milford HS,88.088,27.263,17.5,26.3,17.025
2024,9,R4,Dakota Combined Schools,87.25,26.25,17.4,26.3,17.3
2024,9,R4,Minooka Community HS,85.151,25.35,16.95,25.5,17.35
2024,9,R4,John C. Birdlebough HS,83.651,25.8,16.825,23.55,17.475
2024,9,R4,Hudsonville HS,83.151,24.45,17.15,23.3,18.25
2024,9,R4,Perry Meridian HS,79.775,24.0,16.225,23.5,16.05
2024,9,PSCA,Eagle HS,88.7,45.8,43.9,43.0,44.7
2024,9,PSCA,East Central HS,88.05,45.9,42.9,44.1,43.2
2024,9,PSCA,Lewis Cass HS,86.6,43.2,44.2,42.2,43.6
2024,9,PSCA,Price Charter School,86.0,42.9,41.9,45.2,42.0
2024,9,PSCA,Canton McKinley HS,85.701,43.6,43.2,43.1,41.5
2024,9,PSCA,Clayton HS,82.751,40.4,41.6,43.8,39.7
2024,9,PSCO,Corona del Sol HS,94.0,46.5,47.7,47.1,46.7
2024,9,PSCO,Grassfield HS,92.025,46.0,46.9,46.8,44.35
2024,9,PSCO,Penn-Trafford HS,90.4,43.8,44.1,47.4,45.5
2024,9,PSCO,Timber Creek HS (FL),90.225,44.6,43.0,46.85,46.0
2024,9,PSCO,West Clermont HS,89.876,43.1,45.8,46.75,44.1
2024,9,PSCO,Cleveland HS,88.901,43.9,42.3,47.6,44.0
2024,9,PSCO,Broadneck HS,87.751,43.3,42.8,44.4,45.0
2024,9,PSCO,Enka HS,85.251,40.3,42.4,45.1,42.7
2024,9,PSCO,Warren East HS,84.751,40.8,40.4,45.2,43.1
2024,9,PSCO,Desoto Central HS,84.7,42.0,40.9,43.9,42.6
2024,9,PSW,Chino Hills HS,96.95,29.4,19.4,28.75,19.4
2024,9,PSW,Avon HS,95.463,28.462,19.15,28.8,19.05
2024,9,PSW,Center Grove HS,94.175,29.175,18.1,28.85,18.05
2024,9,PSW,Burleson Centennial HS,92.538,28.688,17.8,27.9,18.15
2024,9,PSW,Bridgeland HS,92.525,28.275,18.4,27.15,18.7
2024,9,PSW,Broken Arrow HS,89.051,27.45,17.4,26.6,17.6
2024,9,PSW,Brownsburg HS,88.701,27.3,17.15,26.9,17.35
2024,9,PSW,Dorman HS,87.326,27.075,16.725,26.3,17.225
2024,9,PSW,Franklin Central HS,86.926,26.175,17.15,26.1,17.5
2024,9,PSW,James Logan HS,85.163,26.212,16.95,24.75,17.25
2024,9,PSW,Hernando HS,85.05,26.4,16.1,25.45,17.1
2024,9,PSW,Fair Lawn HS,84.75,26.1,16.5,25.7,16.45
2024,9,R1,Chino Hills HS,96.95,29.4,19.4,28.75,19.4
2024,9,R1,Avon HS,95.463,28.462,19.15,28.8,19.05
2024,9,R1,Center Grove HS,94.175,29.175,18.1,28.85,18.05
2024,9,R1,Burleson Centennial HS,92.538,28.688,17.8,27.9,18.15
2024,9,R1,Bridgeland HS,92.525,28.275,18.4,27.15,18.7
2024,9,R1,Broken Arrow HS,89.051,27.45,17.4,26.6,17.6
2024,9,R1,Brownsburg HS,88.701,27.3,17.15,26.9,17.35
2024,9,R1,Dorman HS,87.326,27.075,16.725,26.3,17.225
2024,9,R1,Franklin Central HS,86.926,26.175,17.15,26.1,17.5
2024,9,R1,James Logan HS,85.163,26.212,16.95,24.75,17.25
2024,9,R1,Hernando HS,85.05,26.4,16.1,25.45,17.1
2024,9,R1,Fair Lawn HS,84.75,26.1,16.5,25.7,16.45
2024,9,PSW,Ayala HS,97.1,28.95,19.75,29.0,19.4
2024,9,PSW,Dartmouth HS,96.025,29.025,18.975,28.85,19.175
2024,9,PSW,Sparkman HS,93.05,28.35,18.6,28.5,17.6
2024,9,PSW,Clear Brook HS,90.625,27.975,17.55,27.5,17.6
2024,9,PSW,Boswell HS,90.576,27.375,17.025,27.875,18.3
2024,9,PSW,Saratoga HS,90.276,27.525,16.975,28.05,17.725
2024,9,PSW,Arcadia HS,89.326,26.475,18.15,26.15,18.55
2024,9,PSW,Walled Lake Consolidated Schools,88.976,27.3,18.5,25.5,17.675
2024,9,PSW,Homestead HS,88.689,26.587,17.1,27.05,17.95
2024,9,PSW,Cypress Park HS,87.0,25.575,17.275,26.2,17.95
2024,9,PSW,Cesar E Chavez HS,85.575,25.95,17.325,24.6,17.7
2024,9,PSW,Lambert HS,84.088,25.688,16.05,25.4,16.95
2024,9,R2,Ayala HS,97.1,28.95,19.75,29.0,19.4
2024,9,R2,Dartmouth HS,96.025,29.025,18.975,28.85,19.175
2024,9,R2,Sparkman HS,93.05,28.35,18.6,28.5,17.6
2024,9,R2,Clear Brook HS,90.625,27.975,17.55,27.5,17.6
2024,9,R2,Boswell HS,90.576,27.375,17.025,27.875,18.3
2024,9,R2,Saratoga HS,90.276,27.525,16.975,28.05,17.725
2024,9,R2,Arcadia HS,89.326,26.475,18.15,26.15,18.55
2024,9,R2,Walled Lake Consolidated Schools,88.976,27.3,18.5,25.5,17.675
2024,9,R2,Homestead HS,88.689,26.587,17.1,27.05,17.95
2024,9,R2,Cypress Park HS,87.0,25.575,17.275,26.2,17.95
2024,9,R2,Cesar E Chavez HS,85.575,25.95,17.325,24.6,17.7
2024,9,R2,Lambert HS,84.088,25.688,16.05,25.4,16.95
2024,9,PIW,RCC,96.725,29.175,19.4,28.95,19.2
2024,9,PIW,Broken City,96.263,29.062,19.35,28.675,19.175
2024,9,PIW,Infinity,94.175,28.5,18.775,28.1,18.8
2024,9,PIW,POW Percussion,91.45,27.6,18.6,27.2,18.05
2024,9,PIW,United Percussion,91.35,27.75,18.35,26.85,18.4
2024,9,PIW,Atlanta Quest,89.289,26.887,18.175,27.025,17.2
2024,9,PIW,Rhythmic Force Percussion,87.714,26.738,17.5,25.975,17.5
2024,9,PIW,Dark Sky Percussion,86.801,26.475,17.95,25.4,16.975
2024,9,PIW,Flux Indoor Percussion,85.789,26.138,17.25,25.225,17.175
2024,9,PIW,STRYKE Percussion,85.613,26.362,17.45,25.0,16.8
2024,9,PIW,Blue Knights,83.938,25.387,17.3,24.4,16.85
2024,9,PIW,Gold Indoor Percussion,82.45,24.75,16.75,24.575,16.375
2024,9,PIW,Rise Percussion,81.55,24.375,17.175,23.3,16.7
2024,9,PIW,Vessel,81.525,25.275,16.9,23.55,15.8
2024,9,PIW,Audio Theater,82.625,25.275,16.6,24.6,16.15
2024,9,R1,RCC,96.725,29.175,19.4,28.95,19.2
2024,9,R1,Broken City,96.263,29.062,19.35,28.675,19.175
2024,9,R1,Infinity,94.175,28.5,18.775,28.1,18.8
2024,9,R1,POW Percussion,91.45,27.6,18.6,27.2,18.05
2024,9,R1,United Percussion,91.35,27.75,18.35,26.85,18.4
2024,9,R1,Atlanta Quest,89.289,26.887,18.175,27.025,17.2
2024,9,R1,Rhythmic Force Percussion,87.714,26.738,17.5,25.975,17.5
2024,9,R1,Dark Sky Percussion,86.801,26.475,17.95,25.4,16.975
2024,9,R1,Flux Indoor Percussion,85.789,26.138,17.25,25.225,17.175
2024,9,R1,STRYKE Percussion,85.613,26.362,17.45,25.0,16.8
2024,9,R1,Blue Knights,83.938,25.387,17.3,24.4,16.85
2024,9,R1,Gold Indoor Percussion,82.45,24.75,16.75,24.575,16.375
2024,9,R1,Rise Percussion,81.55,24.375,17.175,23.3,16.7
2024,9,R1,Vessel,81.525,25.275,16.9,23.55,15.8
2024,9,R1,Audio Theater,82.625,25.275,16.6,24.6,16.15
2024,9,PIW,Pulse Percussion,97.7,29.475,19.325,29.3,19.6
2024,9,PIW,Rhythm X,96.225,29.1,19.425,28.8,18.9
2024,9,PIW,Music City Mystique,95.275,28.35,19.2,28.65,19.075
2024,9,PIW,Monarch Independent,91.2,28.425,18.7,26.325,17.75
2024,9,PIW,Matrix,91.025,28.5,18.85,26.1,17.575
2024,9,PIW,George Mason University,90.776,27.9,18.025,26.8,18.05
2024,9,PIW,Cap City,89.251,26.625,18.125,26.5,18.0
2024,9,PIW,ConneXus,88.814,26.962,18.4,26.05,17.4
2024,9,PIW,Vigilantes Indoor Percussion,86.514,26.062,17.4,25.75,17.3
2024,9,PIW,Infinity 2,85.375,25.95,17.4,25.075,16.95
2024,9,PIW,Thesis,85.125,25.125,17.9,25.3,16.8
2024,9,PIW,Redline,84.825,25.65,17.775,24.55,16.85
2024,9,PIW,MBI Indoor Percussion,84.3,26.025,17.275,24.75,16.25
2024,9,PIW,Red Wave Indoor,81.075,24.675,17.15,23.7,15.55
2024,9,PIW,Resistance Indoor Percussion,81.15,24.75,17.05,23.25,16.1
2024,9,R2,Pulse Percussion,97.7,29.475,19.325,29.3,19.6
2024,9,R2,Rhythm X,96.225,29.1,19.425,28.8,18.9
2024,9,R2,Music City Mystique,95.275,28.35,19.2,28.65,19.075
2024,9,R2,Monarch Independent,91.2,28.425,18.7,26.325,17.75
2024,9,R2,Matrix,91.025,28.5,18.85,26.1,17.575
2024,9,R2,George Mason University,90.776,27.9,18.025,26.8,18.05
2024,9,R2,Cap City,89.251,26.625,18.125,26.5,18.0
2024,9,R2,ConneXus,88.814,26.962,18.4,26.05,17.4
2024,9,R2,Vigilantes Indoor Percussion,86.514,26.062,17.4,25.75,17.3
2024,9,R2,Infinity 2,85.375,25.95,17.4,25.075,16.95
2024,9,R2,Thesis,85.125,25.125,17.9,25.3,16.8
2024,9,R2,Redline,84.825,25.65,17.775,24.55,16.85
2024,9,R2,MBI Indoor Percussion,84.3,26.025,17.275,24.75,16.25
2024,9,R2,Red Wave Indoor,81.075,24.675,17.15,23.7,15.55
2024,9,R2,Resistance Indoor Percussion,81.15,24.75,17.05,23.25,16.1
2024,9,PSA,Osseo Area Combined Schools,88.513,27.188,17.375,27.35,16.6
2024,9,PSA,Centaurus HS,88.25,26.4,17.6,27.5,16.75
2024,9,PSA,Everett HS,87.638,26.438,17.65,26.8,16.75
2024,9,PSA,Kings HS,86.85,26.1,17.05,25.9,17.8
2024,9,PSA,Lower Dauphin HS,84.4,24.6,16.25,27.75,15.8
2024,9,PSA,North Allegheny HS,82.376,26.55,16.475,23.85,15.5
2024,9,PSA,Bellbrook HS,82.251,24.9,16.25,25.15,15.95
2024,9,PSA,Horizon Combined Schools,81.851,24.75,16.3,24.5,16.3
2024,9,PSA,Francis Howell HS,80.626,25.275,15.45,24.2,15.7
2024,9,PSA,Columbus HS (MS),73.325,21.075,14.0,24.3,13.95
2024,9,R1,Osseo Area Combined Schools,88.513,27.188,17.375,27.35,16.6
2024,9,R1,Centaurus HS,88.25,26.4,17.6,27.5,16.75
2024,9,R1,Everett HS,87.638,26.438,17.65,26.8,16.75
2024,9,R1,Kings HS,86.85,26.1,17.05,25.9,17.8
2024,9,R1,Lower Dauphin HS,84.4,24.6,16.25,27.75,15.8
2024,9,R1,North Allegheny HS,82.376,26.55,16.475,23.85,15.5
2024,9,R1,Bellbrook HS,82.251,24.9,16.25,25.15,15.95
2024,9,R1,Horizon Combined Schools,81.851,24.75,16.3,24.5,16.3
2024,9,R1,Francis Howell HS,80.626,25.275,15.45,24.2,15.7
2024,9,R1,Columbus HS (MS),73.325,21.075,14.0,24.3,13.95
2024,9,PSA,Kickapoo HS,91.975,27.525,18.15,27.5,18.8
2024,9,PSA,New Hartford HS,90.613,27.712,18.05,26.45,18.4
2024,9,PSA,Sycamore HS,88.75,27.3,18.05,26.05,17.35
2024,9,PSA,Unionville HS,88.6,27.0,17.9,27.45,16.25
2024,9,PSA,Centerville HS,87.275,26.925,17.5,25.9,16.95
2024,9,PSA,Perkiomen Valley HS,84.776,25.575,17.25,25.35,16.6
2024,9,PSA,West Shore School District,85.151,25.35,16.55,26.6,16.65
2024,9,PSA,Powhatan HS,82.176,24.825,16.0,26.05,15.3
2024,9,PSA,Liverpool HS,80.751,23.175,15.95,25.725,15.9
2024,9,PSA,Central HS (TX),79.85,23.7,15.3,24.7,16.15
2024,9,PSA,Lincoln-Way Community Schools,76.575,22.425,14.8,24.15,15.2
2024,9,R2,Kickapoo HS,91.975,27.525,18.15,27.5,18.8
2024,9,R2,New Hartford HS,90.613,27.712,18.05,26.45,18.4
2024,9,R2,Sycamore HS,88.75,27.3,18.05,26.05,17.35
2024,9,R2,Unionville HS,88.6,27.0,17.9,27.45,16.25
2024,9,R2,Centerville HS,87.275,26.925,17.5,25.9,16.95
2024,9,R2,Perkiomen Valley HS,84.776,25.575,17.25,25.35,16.6
2024,9,R2,West Shore School District,85.151,25.35,16.55,26.6,16.65
2024,9,R2,Powhatan HS,82.176,24.825,16.0,26.05,15.3
2024,9,R2,Liverpool HS,80.751,23.175,15.95,25.725,15.9
2024,9,R2,Central HS (TX),79.85,23.7,15.3,24.7,16.15
2024,9,R2,Lincoln-Way Community Schools,76.575,22.425,14.8,24.15,15.2
2024,9,PSW,Chino Hills HS,96.95,29.4,19.4,28.75,19.4
2024,9,PSW,Avon HS,95.463,28.462,19.15,28.8,19.05
2024,9,PSW,Center Grove HS,94.175,29.175,18.1,28.85,18.05
2024,9,PSW,Burleson Centennial HS,92.538,28.688,17.8,27.9,18.15
2024,9,PSW,Bridgeland HS,92.525,28.275,18.4,27.15,18.7
2024,9,PSW,Broken Arrow HS,89.051,27.45,17.4,26.6,17.6
2024,9,PSW,Brownsburg HS,88.701,27.3,17.15,26.9,17.35
2024,9,PSW,Dorman HS,87.326,27.075,16.725,26.3,17.225
2024,9,PSW,Franklin Central HS,86.926,26.175,17.15,26.1,17.5
2024,9,PSW,James Logan HS,85.163,26.212,16.95,24.75,17.25
2024,9,PSW,Hernando HS,85.05,26.4,16.1,25.45,17.1
2024,9,PSW,Fair Lawn HS,84.75,26.1,16.5,25.7,16.45
2024,9,R1,Chino Hills HS,96.95,29.4,19.4,28.75,19.4
2024,9,R1,Avon HS,95.463,28.462,19.15,28.8,19.05
2024,9,R1,Center Grove HS,94.175,29.175,18.1,28.85,18.05
2024,9,R1,Burleson Centennial HS,92.538,28.688,17.8,27.9,18.15
2024,9,R1,Bridgeland HS,92.525,28.275,18.4,27.15,18.7
2024,9,R1,Broken Arrow HS,89.051,27.45,17.4,26.6,17.6
2024,9,R1,Brownsburg HS,88.701,27.3,17.15,26.9,17.35
2024,9,R1,Dorman HS,87.326,27.075,16.725,26.3,17.225
2024,9,R1,Franklin Central HS,86.926,26.175,17.15,26.1,17.5
2024,9,R1,James Logan HS,85.163,26.212,16.95,24.75,17.25
2024,9,R1,Hernando HS,85.05,26.4,16.1,25.45,17.1
2024,9,R1,Fair Lawn HS,84.75,26.1,16.5,25.7,16.45
2024,9,PSW,Ayala HS,97.1,28.95,19.75,29.0,19.4
2024,9,PSW,Dartmouth HS,96.025,29.025,18.975,28.85,19.175
2024,9,PSW,Sparkman HS,93.05,28.35,18.6,28.5,17.6
2024,9,PSW,Clear Brook HS,90.625,27.975,17.55,27.5,17.6
2024,9,PSW,Boswell HS,90.576,27.375,17.025,27.875,18.3
2024,9,PSW,Saratoga HS,90.276,27.525,16.975,28.05,17.725
2024,9,PSW,Arcadia HS,89.326,26.475,18.15,26.15,18.55
2024,9,PSW,Walled Lake Consolidated Schools,88.976,27.3,18.5,25.5,17.675
2024,9,PSW,Homestead HS,88.689,26.587,17.1,27.05,17.95
2024,9,PSW,Cypress Park HS,87.0,25.575,17.275,26.2,17.95
2024,9,PSW,Cesar E Chavez HS,85.575,25.95,17.325,24.6,17.7
2024,9,PSW,Lambert HS,84.088,25.688,16.05,25.4,16.95
2024,9,R2,Ayala HS,97.1,28.95,19.75,29.0,19.4
2024,9,R2,Dartmouth HS,96.025,29.025,18.975,28.85,19.175
2024,9,R2,Sparkman HS,93.05,28.35,18.6,28.5,17.6
2024,9,R2,Clear Brook HS,90.625,27.975,17.55,27.5,17.6
2024,9,R2,Boswell HS,90.576,27.375,17.025,27.875,18.3
2024,9,R2,Saratoga HS,90.276,27.525,16.975,28.05,17.725
2024,9,R2,Arcadia HS,89.326,26.475,18.15,26.15,18.55
2024,9,R2,Walled Lake Consolidated Schools,88.976,27.3,18.5,25.5,17.675
2024,9,R2,Homestead HS,88.689,26.587,17.1,27.05,17.95
2024,9,R2,Cypress Park HS,87.0,25.575,17.275,26.2,17.95
2024,9,R2,Cesar E Chavez HS,85.575,25.95,17.325,24.6,17.7
2024,9,R2,Lambert HS,84.088,25.688,16.05,25.4,16.95
2024,9,PIW,RCC,96.725,29.175,19.4,28.95,19.2
2024,9,PIW,Broken City,96.263,29.062,19.35,28.675,19.175
2024,9,PIW,Infinity,94.175,28.5,18.775,28.1,18.8
2024,9,PIW,POW Percussion,91.45,27.6,18.6,27.2,18.05
2024,9,PIW,United Percussion,91.35,27.75,18.35,26.85,18.4
2024,9,PIW,Atlanta Quest,89.289,26.887,18.175,27.025,17.2
2024,9,PIW,Rhythmic Force Percussion,87.714,26.738,17.5,25.975,17.5
2024,9,PIW,Dark Sky Percussion,86.801,26.475,17.95,25.4,16.975
2024,9,PIW,Flux Indoor Percussion,85.789,26.138,17.25,25.225,17.175
2024,9,PIW,STRYKE Percussion,85.613,26.362,17.45,25.0,16.8
2024,9,PIW,Blue Knights,83.938,25.387,17.3,24.4,16.85
2024,9,PIW,Gold Indoor Percussion,82.45,24.75,16.75,24.575,16.375
2024,9,PIW,Rise Percussion,81.55,24.375,17.175,23.3,16.7
2024,9,PIW,Vessel,81.525,25.275,16.9,23.55,15.8
2024,9,PIW,Audio Theater,82.625,25.275,16.6,24.6,16.15
2024,9,R1,RCC,96.725,29.175,19.4,28.95,19.2
2024,9,R1,Broken City,96.263,29.062,19.35,28.675,19.175
2024,9,R1,Infinity,94.175,28.5,18.775,28.1,18.8
2024,9,R1,POW Percussion,91.45,27.6,18.6,27.2,18.05
2024,9,R1,United Percussion,91.35,27.75,18.35,26.85,18.4
2024,9,R1,Atlanta Quest,89.289,26.887,18.175,27.025,17.2
2024,9,R1,Rhythmic Force Percussion,87.714,26.738,17.5,25.975,17.5
2024,9,R1,Dark Sky Percussion,86.801,26.475,17.95,25.4,16.975
2024,9,R1,Flux Indoor Percussion,85.789,26.138,17.25,25.225,17.175
2024,9,R1,STRYKE Percussion,85.613,26.362,17.45,25.0,16.8
2024,9,R1,Blue Knights,83.938,25.387,17.3,24.4,16.85
2024,9,R1,Gold Indoor Percussion,82.45,24.75,16.75,24.575,16.375
2024,9,R1,Rise Percussion,81.55,24.375,17.175,23.3,16.7
2024,9,R1,Vessel,81.525,25.275,16.9,23.55,15.8
2024,9,R1,Audio Theater,82.625,25.275,16.6,24.6,16.15
2024,9,PIW,Pulse Percussion,97.7,29.475,19.325,29.3,19.6
2024,9,PIW,Rhythm X,96.225,29.1,19.425,28.8,18.9
2024,9,PIW,Music City Mystique,95.275,28.35,19.2,28.65,19.075
2024,9,PIW,Monarch Independent,91.2,28.425,18.7,26.325,17.75
2024,9,PIW,Matrix,91.025,28.5,18.85,26.1,17.575
2024,9,PIW,George Mason University,90.776,27.9,18.025,26.8,18.05
2024,9,PIW,Cap City,89.251,26.625,18.125,26.5,18.0
2024,9,PIW,ConneXus,88.814,26.962,18.4,26.05,17.4
2024,9,PIW,Vigilantes Indoor Percussion,86.514,26.062,17.4,25.75,17.3
2024,9,PIW,Infinity 2,85.375,25.95,17.4,25.075,16.95
2024,9,PIW,Thesis,85.125,25.125,17.9,25.3,16.8
2024,9,PIW,Redline,84.825,25.65,17.775,24.55,16.85
2024,9,PIW,MBI Indoor Percussion,84.3,26.025,17.275,24.75,16.25
2024,9,PIW,Red Wave Indoor,81.075,24.675,17.15,23.7,15.55
2024,9,PIW,Resistance Indoor Percussion,81.15,24.75,17.05,23.25,16.1
2024,9,R2,Pulse Percussion,97.7,29.475,19.325,29.3,19.6
2024,9,R2,Rhythm X,96.225,29.1,19.425,28.8,18.9
2024,9,R2,Music City Mystique,95.275,28.35,19.2,28.65,19.075
2024,9,R2,Monarch Independent,91.2,28.425,18.7,26.325,17.75
2024,9,R2,Matrix,91.025,28.5,18.85,26.1,17.575
2024,9,R2,George Mason University,90.776,27.9,18.025,26.8,18.05
2024,9,R2,Cap City,89.251,26.625,18.125,26.5,18.0
2024,9,R2,ConneXus,88.814,26.962,18.4,26.05,17.4
2024,9,R2,Vigilantes Indoor Percussion,86.514,26.062,17.4,25.75,17.3
2024,9,R2,Infinity 2,85.375,25.95,17.4,25.075,16.95
2024,9,R2,Thesis,85.125,25.125,17.9,25.3,16.8
2024,9,R2,Redline,84.825,25.65,17.775,24.55,16.85
2024,9,R2,MBI Indoor Percussion,84.3,26.025,17.275,24.75,16.25
2024,9,R2,Red Wave Indoor,81.075,24.675,17.15,23.7,15.55
2024,9,R2,Resistance Indoor Percussion,81.15,24.75,17.05,23.25,16.1
2024,9,PIO,Q2,94.275,28.425,19.1,28.45,18.3
2024,9,PIO,Cap City 2,91.775,27.675,18.95,26.45,18.7
2024,9,PIO,Paradigm Percussion,88.8,25.8,18.2,27.15,17.65
2024,9,PIO,Motor City Percussion,86.826,26.175,18.05,25.35,17.25
2024,9,PIO,Elan Percussion,86.651,26.4,17.8,24.9,17.55
2024,9,PIO,River City Rhythm,87.0,26.7,17.3,26.1,16.9
2024,9,PIO,Nomad Indoor,83.689,24.488,17.2,25.4,16.6
2024,9,PIO,Crystal Lake Thunder,81.976,24.375,16.9,24.1,16.6
2024,9,PIO,Timberland Indoor Percussion,80.451,24.75,16.75,22.85,16.1
2024,9,R1,Q2,94.275,28.425,19.1,28.45,18.3
2024,9,R1,Cap City 2,91.775,27.675,18.95,26.45,18.7
2024,9,R1,Paradigm Percussion,88.8,25.8,18.2,27.15,17.65
2024,9,R1,Motor City Percussion,86.826,26.175,18.05,25.35,17.25
2024,9,R1,Elan Percussion,86.651,26.4,17.8,24.9,17.55
2024,9,R1,River City Rhythm,87.0,26.7,17.3,26.1,16.9
2024,9,R1,Nomad Indoor,83.689,24.488,17.2,25.4,16.6
2024,9,R1,Crystal Lake Thunder,81.976,24.375,16.9,24.1,16.6
2024,9,R1,Timberland Indoor Percussion,80.451,24.75,16.75,22.85,16.1
2024,9,PIO,IMPACT Percussion,92.638,27.788,18.25,28.35,18.25
2024,9,PIO,Civitas Independent,91.913,26.888,19.075,27.5,18.45
2024,9,PIO,Infinity 3,87.763,26.812,18.375,25.125,17.45
2024,9,PIO,Old Line Independent Percussion,86.013,25.762,17.25,26.1,16.9
2024,9,PIO,Desert Vox,84.126,25.575,16.85,25.35,16.35
2024,9,PIO,Instinct,83.489,24.487,17.125,24.9,16.975
2024,9,PIO,Gold Spike Percussion,83.576,24.9,17.575,24.15,16.95
2024,9,PIO,Palmetto Indoor Theatre,81.539,24.637,17.6,23.0,16.3
2024,9,PIO,Ascension Percussion,79.425,24.225,15.95,22.7,16.55
2024,9,R2,IMPACT Percussion,92.638,27.788,18.25,28.35,18.25
2024,9,R2,Civitas Independent,91.913,26.888,19.075,27.5,18.45
2024,9,R2,Infinity 3,87.763,26.812,18.375,25.125,17.45
2024,9,R2,Old Line Independent Percussion,86.013,25.762,17.25,26.1,16.9
2024,9,R2,Desert Vox,84.126,25.575,16.85,25.35,16.35
2024,9,R2,Instinct,83.489,24.487,17.125,24.9,16.975
2024,9,R2,Gold Spike Percussion,83.576,24.9,17.575,24.15,16.95
2024,9,R2,Palmetto Indoor Theatre,81.539,24.637,17.6,23.0,16.3
2024,9,R2,Ascension Percussion,79.425,24.225,15.95,22.7,16.55
2024,9,PIO,UTSA,89.888,26.888,18.25,26.95,17.8
2024,9,PIO,Veritas,88.875,26.925,18.0,26.8,17.15
2024,9,PIO,Matrix Open,88.075,26.325,18.675,25.525,17.55
2024,9,PIO,Orange County Independent,87.8,26.1,18.6,25.25,17.85
2024,9,PIO,Spartans Indoor Percussion,87.701,26.1,18.275,26.25,17.075
2024,9,PIO,Crossroads Percussion,85.851,25.725,18.0,24.875,17.25
2024,9,PIO,Siege Percussion,82.726,24.675,16.8,24.75,16.5
2024,9,PIO,Pi Percussion Inc.,81.376,24.375,16.65,24.0,16.35
2024,9,PIO,Sun City Independent,79.401,24.15,16.2,23.35,15.7
2024,9,PIO,RPT PERCUSSION,76.75,22.95,15.7,22.35,15.75
2024,9,R3,UTSA,89.888,26.888,18.25,26.95,17.8
2024,9,R3,Veritas,88.875,26.925,18.0,26.8,17.15
2024,9,R3,Matrix Open,88.075,26.325,18.675,25.525,17.55
2024,9,R3,Orange County Independent,87.8,26.1,18.6,25.25,17.85
2024,9,R3,Spartans Indoor Percussion,87.701,26.1,18.275,26.25,17.075
2024,9,R3,Crossroads Percussion,85.851,25.725,18.0,24.875,17.25
2024,9,R3,Siege Percussion,82.726,24.675,16.8,24.75,16.5
2024,9,R3,Pi Percussion Inc.,81.376,24.375,16.65,24.0,16.35
2024,9,R3,Sun City Independent,79.401,24.15,16.2,23.35,15.7
2024,9,R3,RPT PERCUSSION,76.75,22.95,15.7,22.35,15.75
2024,9,PIO,Meraki,96.2,28.95,19.6,28.4,19.25
2024,9,PIO,Breakthrough Indoor Percussion,90.5,27.45,18.4,26.15,18.5
2024,9,PIO,Bakersfield College,90.288,26.512,18.325,27.6,17.85
2024,9,PIO,United Percussion 2,90.225,26.4,18.8,27.0,18.025
2024,9,PIO,Vision Percussion,89.126,25.425,19.05,26.45,18.2
2024,9,PIO,Freedom Percussion,84.676,24.825,16.5,26.45,16.9
2024,9,PIO,Huron Valley Percussion,81.189,24.038,17.45,22.95,16.75
2024,9,PIO,Vaquero Percussion,80.089,23.363,16.975,23.6,16.15
2024,9,PIO,Rift Percussion,79.775,23.925,16.5,23.0,16.35
2024,9,R4,Meraki,96.2,28.95,19.6,28.4,19.25
2024,9,R4,Breakthrough Indoor Percussion,90.5,27.45,18.4,26.15,18.5
2024,9,R4,Bakersfield College,90.288,26.512,18.325,27.6,17.85
2024,9,R4,United Percussion 2,90.225,26.4,18.8,27.0,18.025
2024,9,R4,Vision Percussion,89.126,25.425,19.05,26.45,18.2
2024,9,R4,Freedom Percussion,84.676,24.825,16.5,26.45,16.9
2024,9,R4,Huron Valley Percussion,81.189,24.038,17.45,22.95,16.75
2024,9,R4,Vaquero Percussion,80.089,23.363,16.975,23.6,16.15
2024,9,R4,Rift Percussion,79.775,23.925,16.5,23.0,16.35
2024,9,PIA,Charles Towne Percussion,94.25,28.65,18.65,28.15,18.8
2024,9,PIA,Revelation,92.875,28.125,18.15,27.9,18.7
2024,9,PIA,M3,92.1,28.275,18.0,27.875,17.95
2024,9,PIA,North Star Independent,89.425,26.925,17.95,26.6,17.95
2024,9,PIA,Vortex Percussion,87.976,26.325,17.1,27.1,17.45
2024,9,PIA,Lake Effect Percussion,86.389,26.288,17.525,24.5,18.075
2024,9,PIA,Quad City Percussion,85.626,26.025,17.15,25.95,16.5
2024,9,PIA,Carolina Storm Indoor Percussion,83.476,24.975,16.5,25.9,16.1
2024,9,PIA,Fruitport Independent Percussion,83.338,25.388,16.65,24.6,16.7
2024,9,PIA,Impulse Drumline (OH),81.975,24.375,16.85,24.15,16.6
2024,9,PIA,Groove Pursuit,89.076,26.55,18.35,25.875,18.3
2024,9,PIA,Columbus Saints Indoor Percussion Ensemble,80.263,24.413,15.65,24.45,15.75
2024,9,PIA,IGNITE Winter Percussion,79.963,24.112,15.75,24.0,16.1
2024,9,PIA,Shockwave,76.075,23.475,15.05,22.6,14.95
2024,9,PSO,Fort Zumwalt Combined Schools,91.225,28.2,17.35,28.25,17.425
2024,9,PSO,Noblesville HS,88.8,27.15,17.75,26.85,17.05
2024,9,PSO,Thomas Jefferson HS,88.65,26.325,17.675,27.85,16.8
2024,9,PSO,Irondale Combined Schools,87.375,26.625,18.425,25.7,16.625
2024,9,PSO,Stoneman Douglas HS,86.425,27.15,16.675,26.75,15.85
2024,9,PSO,Eden Prairie HS,85.676,26.775,16.45,26.2,16.25
2024,9,PSO,Northview HS,84.101,24.75,16.7,25.0,17.65
2024,9,PSO,Mt. Juliet Combined Schools,83.526,25.575,15.75,25.95,16.25
2024,9,PSO,Chantilly HS,81.451,24.225,15.475,26.75,15.0
2024,9,PSO,Papillion-La Vista South HS,77.675,22.425,15.55,24.25,15.45
2024,9,PSO,Olentangy Liberty HS,76.85,22.05,15.75,23.9,15.15
2024,9,R1,Fort Zumwalt Combined Schools,91.225,28.2,17.35,28.25,17.425
2024,9,R1,Noblesville HS,88.8,27.15,17.75,26.85,17.05
2024,9,R1,Thomas Jefferson HS,88.65,26.325,17.675,27.85,16.8
2024,9,R1,Irondale Combined Schools,87.375,26.625,18.425,25.7,16.625
2024,9,R1,Stoneman Douglas HS,86.425,27.15,16.675,26.75,15.85
2024,9,R1,Eden Prairie HS,85.676,26.775,16.45,26.2,16.25
2024,9,R1,Northview HS,84.101,24.75,16.7,25.0,17.65
2024,9,R1,Mt. Juliet Combined Schools,83.526,25.575,15.75,25.95,16.25
2024,9,R1,Chantilly HS,81.451,24.225,15.475,26.75,15.0
2024,9,R1,Papillion-La Vista South HS,77.675,22.425,15.55,24.25,15.45
2024,9,R1,Olentangy Liberty HS,76.85,22.05,15.75,23.9,15.15
2024,9,PSO,Zionsville Community HS,91.925,27.975,17.7,28.1,18.15
2024,9,PSO,Franklin Community HS,90.075,26.775,18.1,27.4,17.8
2024,9,PSO,Norwalk Combined Schools,88.95,26.7,17.05,27.45,17.75
2024,9,PSO,Beavercreek HS,87.8,27.15,17.85,26.05,16.75
2024,9,PSO,Bob Jones HS,86.225,26.1,16.925,26.6,16.6
2024,9,PSO,Gulfport HS,85.976,26.55,15.725,27.7,16.0
2024,9,PSO,Goshen HS,81.701,24.0,15.7,25.1,16.9
2024,9,PSO,Oak Grove HS (MS),78.989,23.288,14.95,25.5,15.25
2024,9,PSO,Trumbull HS,78.651,22.275,15.275,24.35,16.75
2024,9,PSO,Lake Orion HS,78.55,22.95,15.1,24.35,16.15
2024,9,PSO,DeSoto Central HS,77.975,22.125,14.75,26.15,14.95
2024,9,R2,Zionsville Community HS,91.925,27.975,17.7,28.1,18.15
2024,9,R2,Franklin Community HS,90.075,26.775,18.1,27.4,17.8
2024,9,R2,Norwalk Combined Schools,88.95,26.7,17.05,27.45,17.75
2024,9,R2,Beavercreek HS,87.8,27.15,17.85,26.05,16.75
2024,9,R2,Bob Jones HS,86.225,26.1,16.925,26.6,16.6
2024,9,R2,Gulfport HS,85.976,26.55,15.725,27.7,16.0
2024,9,R2,Goshen HS,81.701,24.0,15.7,25.1,16.9
2024,9,R2,Oak Grove HS (MS),78.989,23.288,14.95,25.5,15.25
2024,9,R2,Trumbull HS,78.651,22.275,15.275,24.35,16.75
2024,9,R2,Lake Orion HS,78.55,22.95,15.1,24.35,16.15
2024,9,R2,DeSoto Central HS,77.975,22.125,14.75,26.15,14.95
2024,9,PSO,Kettering Fairmont HS,93.125,28.425,18.55,28.1,18.05
2024,9,PSO,Pace HS,92.725,27.6,18.35,28.225,18.55
2024,9,PSO,Milton HS,88.85,25.725,16.8,28.025,18.3
2024,9,PSO,Chattahoochee HS,87.625,26.925,17.4,26.7,16.6
2024,9,PSO,Plymouth-Canton Educational Park,86.4,26.1,17.3,25.85,17.15
2024,9,PSO,Plainfield HS (IN),85.951,25.725,17.55,26.225,16.45
2024,9,PSO,Milford HS (OH),85.426,25.725,16.8,26.15,16.75
2024,9,PSO,Plainfield Combined Schools,84.301,25.275,16.525,25.725,16.775
2024,9,PSO,Harrison Central HS,83.776,24.225,17.0,25.25,17.3
2024,9,PSO,Victor HS,82.725,24.45,16.325,25.45,16.5
2024,9,PSO,Hardin Valley Combined Schools,80.8,24.6,16.0,24.0,16.2
2024,9,R3,Kettering Fairmont HS,93.125,28.425,18.55,28.1,18.05
2024,9,R3,Pace HS,92.725,27.6,18.35,28.225,18.55
2024,9,R3,Milton HS,88.85,25.725,16.8,28.025,18.3
2024,9,R3,Chattahoochee HS,87.625,26.925,17.4,26.7,16.6
2024,9,R3,Plymouth-Canton Educational Park,86.4,26.1,17.3,25.85,17.15
2024,9,R3,Plainfield HS (IN),85.951,25.725,17.55,26.225,16.45
2024,9,R3,Milford HS (OH),85.426,25.725,16.8,26.15,16.75
2024,9,R3,Plainfield Combined Schools,84.301,25.275,16.525,25.725,16.775
2024,9,R3,Harrison Central HS,83.776,24.225,17.0,25.25,17.3
2024,9,R3,Victor HS,82.725,24.45,16.325,25.45,16.5
2024,9,R3,Hardin Valley Combined Schools,80.8,24.6,16.0,24.0,16.2
2024,9,PSO,Victor J. Andrew HS,93.2,28.275,18.55,27.775,18.6
2024,9,PSO,Old Bridge HS,92.7,28.35,18.15,28.0,18.2
2024,9,PSO,Fishers HS,92.225,27.525,18.6,27.7,18.4
2024,9,PSO,Azle HS,90.45,26.1,17.65,28.25,18.45
2024,9,PSO,Burleson HS,89.501,26.4,17.9,27.2,18.0
2024,9,PSO,Mauldin HS,87.339,27.038,17.325,26.625,16.35
2024,9,PSO,South County HS,87.176,26.85,16.6,26.825,16.9
2024,9,PSO,Hempfield HS,85.876,25.875,17.1,26.65,16.25
2024,9,PSO,Hialeah Gardens HS,85.876,25.875,16.8,26.35,16.85
2024,9,PSO,Hamilton Southeastern HS,85.425,25.5,16.9,25.85,17.175
2024,9,PSO,Tupelo HS,81.125,24.225,16.0,24.55,16.35
2024,9,R4,Victor J. Andrew HS,93.2,28.275,18.55,27.775,18.6
2024,9,R4,Old Bridge HS,92.7,28.35,18.15,28.0,18.2
2024,9,R4,Fishers HS,92.225,27.525,18.6,27.7,18.4
2024,9,R4,Azle HS,90.45,26.1,17.65,28.25,18.45
2024,9,R4,Burleson HS,89.501,26.4,17.9,27.2,18.0
2024,9,R4,Mauldin HS,87.339,27.038,17.325,26.625,16.35
2024,9,R4,South County HS,87.176,26.85,16.6,26.825,16.9
2024,9,R4,Hempfield HS,85.876,25.875,17.1,26.65,16.25
2024,9,R4,Hialeah Gardens HS,85.876,25.875,16.8,26.35,16.85
2024,9,R4,Hamilton Southeastern HS,85.425,25.5,16.9,25.85,17.175
2024,9,R4,Tupelo HS,81.125,24.225,16.0,24.55,16.35
2024,9,PSCA,Eagle HS,92.0,45.8,45.6,45.9,46.7
2024,9,PSCA,East Central HS,91.35,46.1,45.0,46.2,45.4
2024,9,PSCA,Lewis Cass HS,90.0,44.4,45.4,44.9,45.3
2024,9,PSCO,Grassfield HS,95.425,47.2,48.15,48.9,46.6
2024,9,PSCO,Corona del Sol HS,94.8,45.4,47.8,49.3,47.1
2024,9,PSCO,Timber Creek HS (FL),94.05,46.5,46.1,48.8,46.7
2024,9,PSCO,West Clermont HS,91.35,43.8,46.6,47.2,45.1
2024,9,PSCO,Cleveland HS,89.751,45.1,42.2,47.6,44.6
2024,9,PSCO,Penn-Trafford HS,89.701,43.7,44.6,46.1,45.0
2024,9,PSCO,Broadneck HS,88.101,42.6,44.2,45.3,44.1
2024,9,PSCO,Enka HS,87.301,41.2,43.5,46.2,43.7
2024,9,PSCW,Catawba Ridge HS,95.35,46.1,47.4,49.7,47.5
2024,9,PSCW,Clover HS,94.075,46.0,47.45,49.0,45.7
2024,9,PSCW,Ayala HS,93.6,45.6,46.9,47.7,47.0
2024,9,PSCW,Corinth Holders HS,90.0,43.8,45.4,46.3,44.5
2024,9,PSCW,Tunstall HS,86.8,42.4,43.1,44.6,43.5
2024,9,PSW,Chino Hills HS,98.025,29.4,19.625,29.4,19.6
2024,9,PSW,Ayala HS,97.288,29.062,19.625,28.95,19.65
2024,9,PSW,Avon HS,95.513,28.462,19.25,28.7,19.1
2024,9,PSW,Dartmouth HS,95.0,28.275,19.225,28.225,19.275
2024,9,PSW,Center Grove HS,94.088,28.013,18.95,28.375,18.75
2024,9,PSW,Sparkman HS,93.126,27.9,18.75,27.85,18.625
2024,9,PSW,Burleson Centennial HS,92.076,27.6,18.6,27.375,18.5
2024,9,PSW,Clear Brook HS,90.364,26.438,18.125,27.55,18.25
2024,9,PSW,Saratoga HS,90.15,27.075,17.9,27.325,17.85
2024,9,PSW,Boswell HS,89.313,27.112,18.025,26.5,17.675
2024,9,PSW,Bridgeland HS,91.089,27.413,18.425,27.05,18.2
2024,9,PSW,Arcadia HS,88.713,26.663,17.85,26.425,17.775
2024,9,PSW,Broken Arrow HS,87.125,26.175,17.25,25.975,17.725
2024,9,PSW,Walled Lake Consolidated Schools,86.988,25.837,17.5,26.25,17.4
2024,9,PSW,Brownsburg HS,86.863,25.612,17.325,26.55,17.375
2024,9,PSW,Homestead HS,86.538,25.613,17.2,25.65,18.075
2024,9,PSW,Cypress Park HS,84.963,25.613,17.325,24.75,17.275
2024,9,PSW,Dorman HS,84.475,25.425,16.85,25.65,16.55
2024,9,PSW,Cesar E Chavez HS,83.05,25.275,16.675,24.55,16.55
2024,9,PSW,Franklin Central HS,82.525,24.45,16.575,24.95,16.55
2024,9,PIW,Pulse Percussion,98.15,29.625,19.65,29.375,19.5
2024,9,PIW,Rhythm X,97.375,29.625,19.4,29.375,18.975
2024,9,PIW,Music City Mystique,95.064,28.763,19.275,28.35,18.675
2024,9,PIW,United Percussion,93.276,28.125,18.875,28.0,18.275
2024,9,PIW,POW Percussion,91.101,27.45,18.15,27.225,18.275
2024,9,PIW,Matrix,90.863,27.637,18.475,26.7,18.05
2024,9,PIW,Atlanta Quest,88.875,27.15,17.3,26.9,17.525
2024,9,PIW,George Mason University,88.725,26.4,18.25,26.35,17.725
2024,9,PIW,Cap City,87.9,26.775,17.825,25.75,17.55
2024,9,PIW,ConneXus,87.65,26.55,17.8,26.1,17.2
2024,9,PIW,Rhythmic Force Percussion,87.225,26.1,17.75,25.675,17.7
2024,9,PIW,Dark Sky Percussion,85.025,25.725,17.75,24.85,16.7
2024,9,PIW,Flux Indoor Percussion,84.55,25.425,16.9,25.475,16.75
2024,9,PIW,Vigilantes Indoor Percussion,83.65,24.75,17.1,24.725,17.075
2024,9,PIW,STRYKE Percussion,83.013,25.012,16.65,24.25,17.1
2024,9,PIW,Infinity 2,82.975,25.275,16.85,24.35,16.5
2024,9,PSW,Chino Hills HS,98.025,29.4,19.625,29.4,19.6
2024,9,PSW,Ayala HS,97.288,29.062,19.625,28.95,19.65
2024,9,PSW,Avon HS,95.513,28.462,19.25,28.7,19.1
2024,9,PSW,Dartmouth HS,95.0,28.275,19.225,28.225,19.275
2024,9,PSW,Center Grove HS,94.088,28.013,18.95,28.375,18.75
2024,9,PSW,Sparkman HS,93.126,27.9,18.75,27.85,18.625
2024,9,PSW,Burleson Centennial HS,92.076,27.6,18.6,27.375,18.5
2024,9,PSW,Clear Brook HS,90.364,26.438,18.125,27.55,18.25
2024,9,PSW,Saratoga HS,90.15,27.075,17.9,27.325,17.85
2024,9,PSW,Boswell HS,89.313,27.112,18.025,26.5,17.675
2024,9,PSW,Bridgeland HS,91.089,27.413,18.425,27.05,18.2
2024,9,PSW,Arcadia HS,88.713,26.663,17.85,26.425,17.775
2024,9,PSW,Broken Arrow HS,87.125,26.175,17.25,25.975,17.725
2024,9,PSW,Walled Lake Consolidated Schools,86.988,25.837,17.5,26.25,17.4
2024,9,PSW,Brownsburg HS,86.863,25.612,17.325,26.55,17.375
2024,9,PSW,Homestead HS,86.538,25.613,17.2,25.65,18.075
2024,9,PSW,Cypress Park HS,84.963,25.613,17.325,24.75,17.275
2024,9,PSW,Dorman HS,84.475,25.425,16.85,25.65,16.55
2024,9,PSW,Cesar E Chavez HS,83.05,25.275,16.675,24.55,16.55
2024,9,PSW,Franklin Central HS,82.525,24.45,16.575,24.95,16.55
2024,9,PIW,Pulse Percussion,98.15,29.625,19.65,29.375,19.5
2024,9,PIW,Rhythm X,97.375,29.625,19.4,29.375,18.975
2024,9,PIW,Music City Mystique,95.064,28.763,19.275,28.35,18.675
2024,9,PIW,United Percussion,93.276,28.125,18.875,28.0,18.275
2024,9,PIW,POW Percussion,91.101,27.45,18.15,27.225,18.275
2024,9,PIW,Matrix,90.863,27.637,18.475,26.7,18.05
2024,9,PIW,Atlanta Quest,88.875,27.15,17.3,26.9,17.525
2024,9,PIW,George Mason University,88.725,26.4,18.25,26.35,17.725
2024,9,PIW,Cap City,87.9,26.775,17.825,25.75,17.55
2024,9,PIW,ConneXus,87.65,26.55,17.8,26.1,17.2
2024,9,PIW,Rhythmic Force Percussion,87.225,26.1,17.75,25.675,17.7
2024,9,PIW,Dark Sky Percussion,85.025,25.725,17.75,24.85,16.7
2024,9,PIW,Flux Indoor Percussion,84.55,25.425,16.9,25.475,16.75
2024,9,PIW,Vigilantes Indoor Percussion,83.65,24.75,17.1,24.725,17.075
2024,9,PIW,STRYKE Percussion,83.013,25.012,16.65,24.25,17.1
2024,9,PIW,Infinity 2,82.975,25.275,16.85,24.35,16.5
2024,9,PIA,M3,93.425,28.275,18.5,28.35,18.3
2024,9,PIA,Charles Towne Percussion,93.038,28.688,18.55,27.9,17.9
2024,9,PIA,Revelation,92.113,27.113,18.95,27.55,18.5
2024,9,PIA,North Star Independent,89.65,27.45,17.9,26.8,17.5
2024,9,PIA,Lake Effect Percussion,89.55,27.6,17.55,27.6,16.8
2024,9,PIA,Groove Pursuit,85.664,26.288,16.2,26.025,17.15
2024,9,PIA,Fruitport Independent Percussion,83.901,25.65,16.85,25.1,16.3
2024,9,PIA,Vortex Percussion,82.726,25.125,15.9,25.55,16.15
2024,9,PIA,Carolina Storm Indoor Percussion,81.501,24.9,16.65,24.45,15.5
2024,9,PIA,Quad City Percussion,81.125,24.225,16.4,24.65,15.85
2024,9,PIA,Impulse Drumline (OH),78.8,23.85,15.9,23.5,15.55
2024,9,PIA,Columbus Saints Indoor Percussion Ensemble,77.725,23.775,15.15,23.75,15.05
2024,9,PIA,IGNITE Winter Percussion,74.75,22.5,14.95,22.4,14.9
2024,9,PIA,Shockwave,70.975,20.625,14.55,21.8,14.0
2024,9,PSA,Centerville HS,94.55,28.425,19.3,28.15,18.675
2024,9,PSA,New Hartford HS,90.276,27.525,18.4,26.925,17.425
2024,9,PSA,Sycamore HS,90.076,26.775,18.3,27.15,17.85
2024,9,PSA,Centaurus HS,89.351,26.7,17.45,27.5,17.7
2024,9,PSA,Everett HS,89.238,26.288,18.85,26.675,17.425
2024,9,PSA,Central Dauphin HS,89.163,26.062,17.625,27.35,18.125
2024,9,PSA,Westfield HS (IN),88.663,26.663,17.625,26.8,17.575
2024,9,PSA,Rex Putnam Combined Schools,86.925,25.575,17.775,26.075,17.5
2024,9,PSA,Osseo Area Combined Schools,86.838,25.987,17.4,25.85,17.6
2024,9,PSA,Longmont Combined Schools,85.075,25.125,16.95,26.0,17.0
2024,9,PIA,M3,93.425,28.275,18.5,28.35,18.3
2024,9,PIA,Charles Towne Percussion,93.038,28.688,18.55,27.9,17.9
2024,9,PIA,Revelation,92.113,27.113,18.95,27.55,18.5
2024,9,PIA,North Star Independent,89.65,27.45,17.9,26.8,17.5
2024,9,PIA,Lake Effect Percussion,89.55,27.6,17.55,27.6,16.8
2024,9,PIA,Groove Pursuit,85.664,26.288,16.2,26.025,17.15
2024,9,PIA,Fruitport Independent Percussion,83.901,25.65,16.85,25.1,16.3
2024,9,PIA,Vortex Percussion,82.726,25.125,15.9,25.55,16.15
2024,9,PIA,Carolina Storm Indoor Percussion,81.501,24.9,16.65,24.45,15.5
2024,9,PIA,Quad City Percussion,81.125,24.225,16.4,24.65,15.85
2024,9,PIA,Impulse Drumline (OH),78.8,23.85,15.9,23.5,15.55
2024,9,PIA,Columbus Saints Indoor Percussion Ensemble,77.725,23.775,15.15,23.75,15.05
2024,9,PIA,IGNITE Winter Percussion,74.75,22.5,14.95,22.4,14.9
2024,9,PIA,Shockwave,70.975,20.625,14.55,21.8,14.0
2024,9,PSA,Centerville HS,94.55,28.425,19.3,28.15,18.675
2024,9,PSA,New Hartford HS,90.276,27.525,18.4,26.925,17.425
2024,9,PSA,Sycamore HS,90.076,26.775,18.3,27.15,17.85
2024,9,PSA,Centaurus HS,89.351,26.7,17.45,27.5,17.7
2024,9,PSA,Everett HS,89.238,26.288,18.85,26.675,17.425
2024,9,PSA,Central Dauphin HS,89.163,26.062,17.625,27.35,18.125
2024,9,PSA,Westfield HS (IN),88.663,26.663,17.625,26.8,17.575
2024,9,PSA,Rex Putnam Combined Schools,86.925,25.575,17.775,26.075,17.5
2024,9,PSA,Osseo Area Combined Schools,86.838,25.987,17.4,25.85,17.6
2024,9,PSA,Longmont Combined Schools,85.075,25.125,16.95,26.0,17.0
2024,9,PIO,IMPACT Percussion,95.375,28.575,19.15,28.65,19.0
2024,9,PIO,Q2,95.188,28.837,19.2,28.3,18.85
2024,9,PIO,Civitas Independent,92.95,27.975,18.225,28.1,18.65
2024,9,PIO,Cap City 2,92.788,27.712,18.7,27.9,18.475
2024,9,PIO,Paradigm Percussion,88.364,27.188,17.775,26.6,16.8
2024,9,PIO,Spectre Percussion,88.326,26.625,17.7,26.1,17.9
2024,9,PIO,Infinity 3,88.276,27.15,18.25,25.8,17.075
2024,9,PIO,Motor City Percussion,85.514,26.363,16.8,25.25,17.1
2024,9,PIO,Elan Percussion,84.789,26.138,17.1,24.7,16.85
2024,9,PIO,River City Rhythm,82.85,25.725,16.35,24.5,16.275
2024,9,PIO,Old Line Independent Percussion,81.55,25.05,15.95,24.0,16.55
2024,9,PIO,Desert Vox,80.1,24.45,16.45,23.5,15.7
2024,9,R1,IMPACT Percussion,95.375,28.575,19.15,28.65,19.0
2024,9,R1,Q2,95.188,28.837,19.2,28.3,18.85
2024,9,R1,Civitas Independent,92.95,27.975,18.225,28.1,18.65
2024,9,R1,Cap City 2,92.788,27.712,18.7,27.9,18.475
2024,9,R1,Paradigm Percussion,88.364,27.188,17.775,26.6,16.8
2024,9,R1,Spectre Percussion,88.326,26.625,17.7,26.1,17.9
2024,9,R1,Infinity 3,88.276,27.15,18.25,25.8,17.075
2024,9,R1,Motor City Percussion,85.514,26.363,16.8,25.25,17.1
2024,9,R1,Elan Percussion,84.789,26.138,17.1,24.7,16.85
2024,9,R1,River City Rhythm,82.85,25.725,16.35,24.5,16.275
2024,9,R1,Old Line Independent Percussion,81.55,25.05,15.95,24.0,16.55
2024,9,R1,Desert Vox,80.1,24.45,16.45,23.5,15.7
2024,9,PIO,Meraki,97.525,29.325,19.45,29.25,19.5
2024,9,PIO,Bakersfield College,91.863,27.862,18.65,27.2,18.15
2024,9,PIO,UTSA,91.663,28.087,18.05,28.0,17.525
2024,9,PIO,Breakthrough Indoor Percussion,91.513,27.413,18.125,27.45,18.525
2024,9,PIO,Veritas,89.475,26.4,17.8,28.05,17.225
2024,9,PIO,Vision Percussion,88.464,27.188,17.95,25.825,17.5
2024,9,PIO,Orange County Independent,88.064,27.113,18.0,26.25,16.7
2024,9,PIO,Matrix Open,84.501,25.65,16.4,25.75,16.7
2024,9,PIO,Crossroads Percussion,83.1,25.725,16.65,24.45,16.275
2024,9,PIO,Spartans Indoor Percussion,82.488,25.237,16.6,24.55,16.1
2024,9,R2,Meraki,97.525,29.325,19.45,29.25,19.5
2024,9,R2,Bakersfield College,91.863,27.862,18.65,27.2,18.15
2024,9,R2,UTSA,91.663,28.087,18.05,28.0,17.525
2024,9,R2,Breakthrough Indoor Percussion,91.513,27.413,18.125,27.45,18.525
2024,9,R2,Veritas,89.475,26.4,17.8,28.05,17.225
2024,9,R2,Vision Percussion,88.464,27.188,17.95,25.825,17.5
2024,9,R2,Orange County Independent,88.064,27.113,18.0,26.25,16.7
2024,9,R2,Matrix Open,84.501,25.65,16.4,25.75,16.7
2024,9,R2,Crossroads Percussion,83.1,25.725,16.65,24.45,16.275
2024,9,R2,Spartans Indoor Percussion,82.488,25.237,16.6,24.55,16.1
2024,9,PSO,Zionsville Community HS,94.95,28.8,19.05,27.65,19.45
2024,9,PSO,Fort Zumwalt Combined Schools,92.95,28.05,18.85,27.5,18.55
2024,9,PSO,Noblesville HS,92.75,27.975,18.3,27.6,18.875
2024,9,PSO,Norwalk Combined Schools,92.563,28.012,18.225,27.825,18.5
2024,9,PSO,Franklin Community HS,90.489,27.112,18.025,26.85,18.5
2024,9,PSO,Beavercreek HS,87.126,26.7,17.1,25.525,17.8
2024,9,PSO,Stoneman Douglas HS,85.801,26.25,17.4,25.125,17.025
2024,9,PSO,Eden Prairie HS,84.438,25.988,16.55,25.1,16.8
2024,9,PSO,Bob Jones HS,84.275,25.95,16.55,24.65,17.125
2024,9,PSO,Gulfport HS,83.163,25.612,16.25,24.4,16.9
2024,9,PSO,Irondale Combined Schools,88.001,27.075,17.85,25.3,17.775
2024,9,R1,Zionsville Community HS,94.95,28.8,19.05,27.65,19.45
2024,9,R1,Fort Zumwalt Combined Schools,92.95,28.05,18.85,27.5,18.55
2024,9,R1,Noblesville HS,92.75,27.975,18.3,27.6,18.875
2024,9,R1,Norwalk Combined Schools,92.563,28.012,18.225,27.825,18.5
2024,9,R1,Franklin Community HS,90.489,27.112,18.025,26.85,18.5
2024,9,R1,Beavercreek HS,87.126,26.7,17.1,25.525,17.8
2024,9,R1,Stoneman Douglas HS,85.801,26.25,17.4,25.125,17.025
2024,9,R1,Eden Prairie HS,84.438,25.988,16.55,25.1,16.8
2024,9,R1,Bob Jones HS,84.275,25.95,16.55,24.65,17.125
2024,9,R1,Gulfport HS,83.163,25.612,16.25,24.4,16.9
2024,9,R1,Irondale Combined Schools,88.001,27.075,17.85,25.3,17.775
2024,9,PSO,Victor J. Andrew HS,95.638,28.837,19.35,28.35,19.1
2024,9,PSO,Kettering Fairmont HS,94.588,28.688,19.25,27.85,18.8
2024,9,PSO,Fishers HS,94.013,28.163,18.65,28.2,19.0
2024,9,PSO,Old Bridge HS,92.838,27.938,18.2,28.225,18.475
2024,9,PSO,Pace HS,92.838,27.862,18.6,28.0,18.375
2024,9,PSO,Azle HS,90.076,27.675,17.5,27.15,17.75
2024,9,PSO,Burleson HS,89.676,27.3,18.025,26.45,17.9
2024,9,PSO,Milton HS,87.626,27.075,17.6,25.55,17.4
2024,9,PSO,Mauldin HS,86.964,27.263,17.35,24.9,17.45
2024,9,PSO,Chattahoochee HS,84.763,26.212,16.85,24.6,17.1
2024,9,PSO,South County HS,83.8,25.95,16.05,24.85,16.95
2024,9,PSO,Plymouth-Canton Educational Park,83.25,26.1,16.5,24.0,16.65
2024,9,R2,Victor J. Andrew HS,95.638,28.837,19.35,28.35,19.1
2024,9,R2,Kettering Fairmont HS,94.588,28.688,19.25,27.85,18.8
2024,9,R2,Fishers HS,94.013,28.163,18.65,28.2,19.0
2024,9,R2,Old Bridge HS,92.838,27.938,18.2,28.225,18.475
2024,9,R2,Pace HS,92.838,27.862,18.6,28.0,18.375
2024,9,R2,Azle HS,90.076,27.675,17.5,27.15,17.75
2024,9,R2,Burleson HS,89.676,27.3,18.025,26.45,17.9
2024,9,R2,Milton HS,87.626,27.075,17.6,25.55,17.4
2024,9,R2,Mauldin HS,86.964,27.263,17.35,24.9,17.45
2024,9,R2,Chattahoochee HS,84.763,26.212,16.85,24.6,17.1
2024,9,R2,South County HS,83.8,25.95,16.05,24.85,16.95
2024,9,R2,Plymouth-Canton Educational Park,83.25,26.1,16.5,24.0,16.65
2024,9,PSA,Kickapoo HS,91.613,27.712,18.3,27.125,18.475
2024,9,PSA,Unionville HS,91.213,27.188,18.425,27.525,18.075
2024,9,PSA,Centerville HS,91.15,26.85,18.6,27.95,17.75
2024,9,PSA,New Hartford HS,90.925,27.675,18.525,27.15,17.575
2024,9,PSA,Sycamore HS,90.138,26.737,17.9,27.2,18.3
2024,9,PSA,Centaurus HS,88.601,26.175,17.85,27.075,17.5
2024,9,PSA,Everett HS,88.426,26.025,18.6,26.7,17.1
2024,9,PSA,Osseo Area Combined Schools,87.864,26.363,17.55,25.85,18.1
2024,9,PSA,Kings HS,84.864,25.237,16.9,25.975,16.75
2024,9,PSA,West Shore School District,83.6,24.975,16.25,26.0,16.375
2024,9,PSA,Perkiomen Valley HS,83.575,24.15,16.975,25.5,16.95
2024,9,PSA,Lower Dauphin HS,83.3,24.675,16.85,25.325,16.45
2024,9,R1,Kickapoo HS,91.613,27.712,18.3,27.125,18.475
2024,9,R1,Unionville HS,91.213,27.188,18.425,27.525,18.075
2024,9,R1,Centerville HS,91.15,26.85,18.6,27.95,17.75
2024,9,R1,New Hartford HS,90.925,27.675,18.525,27.15,17.575
2024,9,R1,Sycamore HS,90.138,26.737,17.9,27.2,18.3
2024,9,R1,Centaurus HS,88.601,26.175,17.85,27.075,17.5
2024,9,R1,Everett HS,88.426,26.025,18.6,26.7,17.1
2024,9,R1,Osseo Area Combined Schools,87.864,26.363,17.55,25.85,18.1
2024,9,R1,Kings HS,84.864,25.237,16.9,25.975,16.75
2024,9,R1,West Shore School District,83.6,24.975,16.25,26.0,16.375
2024,9,R1,Perkiomen Valley HS,83.575,24.15,16.975,25.5,16.95
2024,9,R1,Lower Dauphin HS,83.3,24.675,16.85,25.325,16.45
2024,9,PSA,Spring-Ford HS,93.3,27.675,19.35,27.55,18.725
2024,9,PSA,Greenfield-Central HS,92.075,27.375,18.525,27.575,18.6
2024,9,PSA,Pearl HS,91.875,27.375,18.775,27.875,17.85
2024,9,PSA,Westfield HS (IN),89.775,26.7,18.225,26.9,17.95
2024,9,PSA,Central Dauphin HS,89.025,25.8,18.225,27.1,17.9
2024,9,PSA,Rex Putnam Combined Schools,86.726,25.65,17.675,25.5,17.9
2024,9,PSA,Longmont Combined Schools,86.614,25.988,17.625,25.575,17.425
2024,9,PSA,New Milford HS,84.789,25.163,17.7,25.4,16.525
2024,9,PSA,Owen J Roberts HS,84.775,25.125,17.0,25.6,17.05
2024,9,PSA,Dakota Combined Schools,84.488,25.387,16.3,26.2,16.6
2024,9,PSA,Cranston Combined Schools,86.776,25.575,17.475,26.525,17.2
2024,9,PSA,Minooka Community HS,82.3,24.6,16.15,25.6,15.95
2024,9,R2,Spring-Ford HS,93.3,27.675,19.35,27.55,18.725
2024,9,R2,Greenfield-Central HS,92.075,27.375,18.525,27.575,18.6
2024,9,R2,Pearl HS,91.875,27.375,18.775,27.875,17.85
2024,9,R2,Westfield HS (IN),89.775,26.7,18.225,26.9,17.95
2024,9,R2,Central Dauphin HS,89.025,25.8,18.225,27.1,17.9
2024,9,R2,Rex Putnam Combined Schools,86.726,25.65,17.675,25.5,17.9
2024,9,R2,Longmont Combined Schools,86.614,25.988,17.625,25.575,17.425
2024,9,R2,New Milford HS,84.789,25.163,17.7,25.4,16.525
2024,9,R2,Owen J Roberts HS,84.775,25.125,17.0,25.6,17.05
2024,9,R2,Dakota Combined Schools,84.488,25.387,16.3,26.2,16.6
2024,9,R2,Cranston Combined Schools,86.776,25.575,17.475,26.525,17.2
2024,9,R2,Minooka Community HS,82.3,24.6,16.15,25.6,15.95
2024,9,PSW,Chino Hills HS,98.638,29.663,19.8,29.5,19.675
2024,9,PSW,Ayala HS,97.538,29.212,19.6,29.075,19.65
2024,9,PSW,Avon HS,96.113,28.612,19.525,28.775,19.2
2024,9,PSW,Dartmouth HS,95.7,28.5,19.275,28.5,19.425
2024,9,PSW,Sparkman HS,94.338,28.163,18.875,28.525,18.775
2024,9,PSW,Burleson Centennial HS,92.426,27.675,18.625,27.5,18.625
2024,9,PSW,Clear Brook HS,91.101,27.3,18.2,27.6,18.0
2024,9,PSW,Bridgeland HS,90.764,27.413,18.4,26.5,18.45
2024,9,PSW,Saratoga HS,89.613,26.738,18.15,27.35,17.375
2024,9,PSW,Center Grove HS,93.614,28.163,18.85,27.75,18.85
2024,9,PSW,Boswell HS,88.975,27.0,17.9,26.525,17.55
2024,9,PSW,Broken Arrow HS,88.25,26.475,17.425,26.5,17.85
2024,9,PSW,Arcadia HS,87.725,26.4,17.525,26.4,17.4
2024,9,PSW,Brownsburg HS,86.713,25.762,17.1,26.575,17.275
2024,9,PSW,Walled Lake Consolidated Schools,84.925,25.425,17.2,25.35,16.95
2024,9,PIW,Pulse Percussion,98.5,29.775,19.6,29.575,19.55
2024,9,PIW,Rhythm X,98.4,29.775,19.7,29.6,19.325
2024,9,PIW,RCC,97.4,29.475,19.6,29.15,19.175
2024,9,PIW,Broken City,96.15,28.95,19.35,28.65,19.2
2024,9,PIW,Music City Mystique,95.213,28.462,19.275,28.625,18.85
2024,9,PIW,Infinity,94.726,28.95,18.85,28.225,18.7
2024,9,PIW,United Percussion,93.701,28.5,18.725,28.1,18.375
2024,9,PIW,Monarch Independent,92.089,28.312,18.175,27.675,17.925
2024,9,PIW,Matrix,91.351,27.825,18.625,26.9,18.0
2024,9,PIW,POW Percussion,90.688,27.487,17.95,27.0,18.25
2024,9,PIW,George Mason University,89.013,26.962,17.95,26.35,17.75
2024,9,PIW,Atlanta Quest,88.388,26.512,17.425,27.175,17.275
2024,9,PIW,Cap City,86.138,26.138,17.65,24.925,17.425
2024,9,PIW,ConneXus,86.05,26.325,17.475,25.15,17.1
2024,9,PIW,Rhythmic Force Percussion,85.95,25.8,17.45,25.5,17.2
2024,9,PSW,Chino Hills HS,98.638,29.663,19.8,29.5,19.675
2024,9,PSW,Ayala HS,97.538,29.212,19.6,29.075,19.65
2024,9,PSW,Avon HS,96.113,28.612,19.525,28.775,19.2
2024,9,PSW,Dartmouth HS,95.7,28.5,19.275,28.5,19.425
2024,9,PSW,Sparkman HS,94.338,28.163,18.875,28.525,18.775
2024,9,PSW,Burleson Centennial HS,92.426,27.675,18.625,27.5,18.625
2024,9,PSW,Clear Brook HS,91.101,27.3,18.2,27.6,18.0
2024,9,PSW,Bridgeland HS,90.764,27.413,18.4,26.5,18.45
2024,9,PSW,Saratoga HS,89.613,26.738,18.15,27.35,17.375
2024,9,PSW,Center Grove HS,93.614,28.163,18.85,27.75,18.85
2024,9,PSW,Boswell HS,88.975,27.0,17.9,26.525,17.55
2024,9,PSW,Broken Arrow HS,88.25,26.475,17.425,26.5,17.85
2024,9,PSW,Arcadia HS,87.725,26.4,17.525,26.4,17.4
2024,9,PSW,Brownsburg HS,86.713,25.762,17.1,26.575,17.275
2024,9,PSW,Walled Lake Consolidated Schools,84.925,25.425,17.2,25.35,16.95
2024,9,PIW,Pulse Percussion,98.5,29.775,19.6,29.575,19.55
2024,9,PIW,Rhythm X,98.4,29.775,19.7,29.6,19.325
2024,9,PIW,RCC,97.4,29.475,19.6,29.15,19.175
2024,9,PIW,Broken City,96.15,28.95,19.35,28.65,19.2
2024,9,PIW,Music City Mystique,95.213,28.462,19.275,28.625,18.85
2024,9,PIW,Infinity,94.726,28.95,18.85,28.225,18.7
2024,9,PIW,United Percussion,93.701,28.5,18.725,28.1,18.375
2024,9,PIW,Monarch Independent,92.089,28.312,18.175,27.675,17.925
2024,9,PIW,Matrix,91.351,27.825,18.625,26.9,18.0
2024,9,PIW,POW Percussion,90.688,27.487,17.95,27.0,18.25
2024,9,PIW,George Mason University,89.013,26.962,17.95,26.35,17.75
2024,9,PIW,Atlanta Quest,88.388,26.512,17.425,27.175,17.275
2024,9,PIW,Cap City,86.138,26.138,17.65,24.925,17.425
2024,9,PIW,ConneXus,86.05,26.325,17.475,25.15,17.1
2024,9,PIW,Rhythmic Force Percussion,85.95,25.8,17.45,25.5,17.2
2024,9,PSO,Victor J. Andrew HS,97.563,29.587,19.625,28.825,19.525
2024,9,PSO,Fishers HS,97.113,29.288,18.925,29.3,19.6
2024,9,PSO,Kettering Fairmont HS,96.45,29.325,19.5,28.8,18.825
2024,9,PSO,Zionsville Community HS,95.875,29.175,19.4,27.65,19.65
2024,9,PSO,Fort Zumwalt Combined Schools,93.763,28.312,18.925,27.725,18.8
2024,9,PSO,Noblesville HS,93.251,28.35,18.35,27.5,19.05
2024,9,PSO,Pace HS,91.951,27.9,18.425,27.5,18.125
2024,9,PSO,Old Bridge HS,91.801,27.3,18.075,27.975,18.45
2024,9,PSO,Norwalk Combined Schools,90.939,27.938,17.85,26.6,18.55
2024,9,PSO,Franklin Community HS,88.525,26.85,17.125,26.45,18.1
2024,9,PSO,Burleson HS,88.05,26.85,17.5,25.7,18.0
2024,9,PSO,Thomas Jefferson HS,87.588,26.962,16.975,26.15,17.5
2024,9,PSO,Azle HS,87.263,26.962,16.75,25.975,17.575
2024,9,PSO,Milton HS,85.5,25.95,16.95,25.1,17.5
2024,9,PSO,Beavercreek HS,83.725,25.425,16.75,24.45,17.1
2024,9,PIO,Meraki,98.488,29.587,19.75,29.3,19.85
2024,9,PIO,Q2,95.65,29.025,19.325,28.75,18.55
2024,9,PIO,Cap City 2,93.95,28.05,19.1,28.05,18.75
2024,9,PIO,IMPACT Percussion,96.35,28.875,19.375,28.8,19.3
2024,9,PIO,Civitas Independent,93.35,28.05,18.675,27.6,19.025
2024,9,PIO,UTSA,92.689,28.388,17.975,28.1,18.225
2024,9,PIO,Bakersfield College,91.214,27.488,18.575,26.775,18.375
2024,9,PIO,Veritas,90.914,26.962,17.9,28.2,17.85
2024,9,PIO,Breakthrough Indoor Percussion,89.026,26.4,18.025,26.8,17.8
2024,9,PIO,Vision Percussion,88.863,27.263,18.175,26.25,17.175
2024,9,PIO,United Percussion 2,88.55,26.325,17.5,27.4,17.325
2024,9,PIO,Spectre Percussion,88.125,25.725,18.175,26.925,17.3
2024,9,PIO,Orange County Independent,85.8,25.35,17.95,25.8,16.7
2024,9,PIO,Infinity 3,85.275,25.575,17.5,25.85,16.35
2024,9,PIO,Paradigm Percussion,85.013,25.538,17.275,25.95,16.25
2024,9,PSO,Victor J. Andrew HS,97.563,29.587,19.625,28.825,19.525
2024,9,PSO,Fishers HS,97.113,29.288,18.925,29.3,19.6
2024,9,PSO,Kettering Fairmont HS,96.45,29.325,19.5,28.8,18.825
2024,9,PSO,Zionsville Community HS,95.875,29.175,19.4,27.65,19.65
2024,9,PSO,Fort Zumwalt Combined Schools,93.763,28.312,18.925,27.725,18.8
2024,9,PSO,Noblesville HS,93.251,28.35,18.35,27.5,19.05
2024,9,PSO,Pace HS,91.951,27.9,18.425,27.5,18.125
2024,9,PSO,Old Bridge HS,91.801,27.3,18.075,27.975,18.45
2024,9,PSO,Norwalk Combined Schools,90.939,27.938,17.85,26.6,18.55
2024,9,PSO,Franklin Community HS,88.525,26.85,17.125,26.45,18.1
2024,9,PSO,Burleson HS,88.05,26.85,17.5,25.7,18.0
2024,9,PSO,Thomas Jefferson HS,87.588,26.962,16.975,26.15,17.5
2024,9,PSO,Azle HS,87.263,26.962,16.75,25.975,17.575
2024,9,PSO,Milton HS,85.5,25.95,16.95,25.1,17.5
2024,9,PSO,Beavercreek HS,83.725,25.425,16.75,24.45,17.1
2024,9,PIO,Meraki,98.488,29.587,19.75,29.3,19.85
2024,9,PIO,Q2,95.65,29.025,19.325,28.75,18.55
2024,9,PIO,Cap City 2,93.95,28.05,19.1,28.05,18.75
2024,9,PIO,IMPACT Percussion,96.35,28.875,19.375,28.8,19.3
2024,9,PIO,Civitas Independent,93.35,28.05,18.675,27.6,19.025
2024,9,PIO,UTSA,92.689,28.388,17.975,28.1,18.225
2024,9,PIO,Bakersfield College,91.214,27.488,18.575,26.775,18.375
2024,9,PIO,Veritas,90.914,26.962,17.9,28.2,17.85
2024,9,PIO,Breakthrough Indoor Percussion,89.026,26.4,18.025,26.8,17.8
2024,9,PIO,Vision Percussion,88.863,27.263,18.175,26.25,17.175
2024,9,PIO,United Percussion 2,88.55,26.325,17.5,27.4,17.325
2024,9,PIO,Spectre Percussion,88.125,25.725,18.175,26.925,17.3
2024,9,PIO,Orange County Independent,85.8,25.35,17.95,25.8,16.7
2024,9,PIO,Infinity 3,85.275,25.575,17.5,25.85,16.35
2024,9,PIO,Paradigm Percussion,85.013,25.538,17.275,25.95,16.25
2025,0,PSA,Plainfield Combined Schools,74.7,22.8,14.5,22.8,14.6
2025,0,PSA,Lake Central HS,69.45,22.05,13.4,21.2,12.8
2025,0,PSA,Bay Port HS,67.7,20.4,13.6,20.0,13.7
2025,0,PSA,Lincoln-Way Community Schools,67.25,20.85,13.0,20.3,13.1
2025,0,PSO,Victor J. Andrew HS,76.55,22.95,15.4,23.3,14.9
2025,0,PSO,Minooka Community HS,69.4,22.2,12.1,21.3,13.8
2025,0,PIO,Pi Percussion Inc.,75.4,22.8,14.7,23.2,14.7
2025,0,PIO,Crystal Lake Thunder,70.85,21.15,14.9,21.0,13.8
2025,1,PSA,Mission Hills HS,76.95,24.45,15.9,21.3,15.3
2025,1,PSA,Rancho Alamitos HS,73.4,23.7,14.8,20.3,14.6
2025,1,PSA,Dorothy McElhinney MS,72.65,23.55,14.2,20.2,14.7
2025,1,PIA,Cornerstone Percussion,74.65,23.25,15.2,21.5,14.7
2025,1,PSO,Basha HS,81.25,25.65,16.4,23.6,15.6
2025,1,PSO,Rancho Cucamonga HS,80.7,24.9,16.5,23.0,16.3
2025,1,PSO,Great Oak HS,79.25,24.75,16.3,22.7,15.5
2025,1,PSO,Los Alamitos HS,75.25,24.15,14.2,21.9,15.0
2025,1,PSO,Carlsbad HS,74.351,23.55,14.8,21.5,14.5
2025,1,PSO,Chaparral HS (CA),74.65,23.85,15.3,20.9,14.6
2025,1,PSO,El Toro HS,70.751,22.65,14.1,20.0,14.0
2025,1,PIO,Elan Percussion,79.15,24.75,16.2,23.4,14.8
2025,1,PSW,Chino Hills HS,87.275,25.875,17.8,25.8,17.8
2025,1,PIW,RCC,89.75,27.0,18.35,26.4,18.0
2025,1,PIW,Pulse Percussion,89.475,27.075,18.2,26.3,17.9
2025,1,PIW,POW Percussion,83.75,25.65,16.4,25.3,16.4
2025,1,PIW,Meraki,81.55,25.05,16.3,24.2,16.0
2025,1,PIW,Dark Sky Percussion,80.451,24.45,16.9,22.5,16.6
2025,1,PIW,Red Wave Indoor,78.401,23.7,16.2,23.1,15.4
2025,1,PIW,Instinct,73.751,22.65,15.2,21.0,14.9
2025,1,PSA,Mission Hills HS,76.85,24.15,15.9,21.8,15.0
2025,1,PSA,Rancho Alamitos HS,72.65,23.55,15.0,20.0,14.1
2025,1,PSA,Dorothy McElhinney MS,72.5,23.7,15.2,19.1,14.5
2025,1,PSA,Selma HS,71.1,22.5,14.7,20.3,13.6
2025,1,PSA,Orange HS,74.8,22.8,15.3,20.8,15.9
2025,1,PIA,Cornerstone Percussion,72.65,22.95,15.5,19.3,14.9
2025,1,PSO,Basha HS,78.8,24.6,15.7,23.2,15.3
2025,1,PSO,Rancho Cucamonga HS,79.05,23.85,16.5,22.3,16.4
2025,1,PSO,Great Oak HS,78.35,24.15,15.9,22.7,15.6
2025,1,PSO,Los Alamitos HS,72.85,23.25,13.5,21.4,14.7
2025,1,PSO,Chaparral HS (CA),74.95,23.55,15.0,21.8,14.6
2025,1,PSO,Carlsbad HS,72.001,22.8,14.3,20.8,14.1
2025,1,PSO,El Toro HS,69.901,22.2,14.0,20.3,13.4
2025,1,PIO,Elan Percussion,76.7,24.3,15.8,21.7,14.9
2025,1,PSW,Chino Hills HS,86.75,26.25,17.5,25.3,17.7
2025,1,PIW,Pulse Percussion,88.15,26.85,18.0,25.4,17.9
2025,1,PIW,RCC,86.55,25.95,17.7,25.1,17.8
2025,1,PIW,POW Percussion,82.25,25.35,16.2,24.5,16.2
2025,1,PIW,Meraki,80.1,24.6,16.4,23.2,15.9
2025,1,PIW,Dark Sky Percussion,79.15,24.15,16.6,22.3,16.1
2025,1,PIW,Red Wave Indoor,77.001,23.1,15.7,22.7,15.5
2025,1,PIW,Instinct,75.151,23.55,15.2,21.5,14.9
2025,1,PSA,River Ridge HS,80.175,24.975,16.3,22.6,16.3
2025,1,PSA,Fleming Island HS,79.75,25.05,16.0,22.3,16.4
2025,1,PSA,Ponte Vedra Combined Schools,78.0,24.9,15.8,21.6,15.7
2025,1,PSA,Sunlake HS,77.25,24.75,15.2,21.7,15.6
2025,1,PSA,Riverview HS,75.8,24.0,14.9,22.7,14.2
2025,1,PIA,Legacy Percussion,72.4,21.9,14.0,22.0,14.5
2025,1,PSO,Hialeah Gardens HS,74.7,21.3,14.1,24.1,15.2
2025,1,PSO,Oakleaf HS,73.35,20.55,13.7,23.6,15.5
2025,1,PSO,North Port HS,70.15,19.35,13.2,22.7,14.9
2025,1,PSO,University HS,70.0,20.1,12.9,22.8,14.2
2025,1,PSO,Stoneman Douglas HS,66.65,19.05,12.7,22.3,12.6
2025,1,PIO,Infinity 3,77.4,22.8,15.2,24.3,15.1
2025,1,PIO,Siege Percussion,77.05,23.25,13.8,24.6,15.4
2025,1,PIO,Frontier Percussion,71.3,21.3,14.1,21.8,14.1
2025,1,PIW,Infinity,86.05,26.25,17.4,24.6,17.8
2025,1,PIW,Infinity 2,79.85,24.15,16.3,23.3,16.1
2025,1,PIW,STRYKE Percussion,77.0,24.0,15.3,22.6,15.1
2025,1,PSA,Oakleaf HS,80.9,23.1,17.0,23.8,17.0
2025,1,PSA,River Ridge HS,79.1,24.9,16.5,21.9,15.8
2025,1,PSA,Fleming Island HS,76.85,23.4,15.5,21.85,16.1
2025,1,PSA,Ponte Vedra Combined Schools,76.75,23.55,16.0,21.5,15.7
2025,1,PSA,Sunlake HS,75.876,22.875,15.1,22.3,15.6
2025,1,PSA,Riverview HS,75.051,24.45,14.9,22.2,13.5
2025,1,PSA,Lakewood Ranch HS,72.901,22.5,15.2,20.3,14.9
2025,1,PSA,Newsome HS,72.051,22.05,14.3,21.8,13.9
2025,1,PSA,Seminole Ridge HS,70.351,21.15,14.2,18.7,16.3
2025,1,PSA,West Orange HS,68.45,21.75,14.0,19.6,13.1
2025,1,PSA,John I. Leonard HS,65.2,21.0,14.1,18.2,11.9
2025,1,PIA,Frontier Percussion,73.5,22.2,14.0,21.5,15.8
2025,1,PIA,Legacy Percussion,71.65,21.75,13.7,21.8,14.4
2025,1,PSO,Hialeah Gardens HS,72.7,21.0,14.3,22.5,14.9
2025,1,PSO,North Port HS,70.4,19.5,13.1,22.2,15.6
2025,1,PSO,University HS,67.85,19.95,13.0,21.1,13.8
2025,1,PSO,Stoneman Douglas HS,64.55,18.15,12.2,21.7,12.5
2025,1,PIO,Infinity 3,77.15,22.65,15.0,23.7,15.8
2025,1,PIO,Siege Percussion,72.5,20.7,13.9,23.2,14.7
2025,1,PIW,Infinity,85.2,25.8,17.3,24.4,17.7
2025,1,PIW,Infinity 2,79.25,24.15,16.2,22.8,16.1
2025,1,PIW,STRYKE Percussion,77.15,23.55,15.6,22.9,15.1
2025,2,PSA,Terry HS,81.15,24.45,16.8,23.9,16.0
2025,2,PSA,John Jay HS,79.25,21.75,17.1,23.5,16.9
2025,2,PSA,Morton Ranch HS,79.05,23.85,15.0,23.2,17.0
2025,2,PSA,Deer Park HS,78.35,23.25,15.7,23.3,16.1
2025,2,PSA,Cypress Falls HS,75.6,23.4,15.4,21.9,14.9
2025,2,PSA,Langham Creek HS,75.151,22.35,16.1,21.2,15.5
2025,2,PSO,Forney HS,85.25,25.65,16.2,26.6,16.8
2025,2,PSO,La Porte HS,84.95,25.35,16.5,26.9,16.2
2025,2,PSO,Glenn HS,84.7,26.4,16.0,26.5,15.8
2025,2,PSO,Jordan HS,81.6,24.6,15.6,25.1,16.3
2025,2,PSO,Cypress Ranch HS,76.85,21.45,14.5,25.7,15.2
2025,2,PSO,C.E. King HS,75.001,24.0,14.7,22.8,13.5
2025,2,PSO,Angleton HS,74.001,21.9,15.2,21.9,15.0
2025,2,PSO,Pflugerville HS,73.901,23.7,14.1,21.4,14.7
2025,2,PSO,John Marshall HS,69.85,20.85,13.6,22.1,13.3
2025,2,PSO,Ridge Point HS,73.601,21.6,15.0,22.4,14.6
2025,2,PSW,Bridgeland HS,84.3,25.5,17.5,24.8,16.5
2025,2,PSW,Clear Brook HS,83.675,25.575,17.0,24.0,17.1
2025,2,PSW,Cy-Fair HS,83.35,25.35,17.4,23.8,16.8
2025,2,PSW,Cypress Park HS,77.751,23.85,16.6,22.2,15.1
2025,2,PSW,Pearland HS,80.5,24.6,16.3,23.3,16.3
2025,2,PIW,Monarch Independent,82.75,25.05,16.4,25.1,16.2
2025,2,PIW,Rhythmic Force Percussion,81.75,23.55,17.4,24.3,16.5
2025,2,PSA,Hewitt-Trussville HS,80.95,25.35,16.3,23.0,16.3
2025,2,PSA,Hardin Valley Academy,77.6,24.3,15.5,22.1,15.7
2025,2,PSA,Harrison HS,76.65,23.25,15.1,22.4,15.9
2025,2,PSA,Oak Ridge HS (TN),75.5,22.5,14.9,22.8,15.3
2025,2,PSA,Lakeway Christian Academy,74.451,22.35,15.4,21.3,15.4
2025,2,PSO,Ravenwood HS,79.7,24.3,15.9,23.6,15.9
2025,2,PSO,Buckhorn HS,78.45,23.85,15.7,23.8,15.1
2025,2,PSO,Summit HS (TN),75.1,22.5,15.1,22.8,14.7
2025,2,PSO,Spring Hill HS,74.3,22.8,15.4,21.3,14.8
2025,2,PSO,Bob Jones HS,71.3,21.3,14.4,21.4,14.2
2025,2,PIO,Q2,83.8,25.2,16.6,25.3,16.7
2025,2,PSW,Sparkman HS,80.4,24.3,16.5,23.3,16.3
2025,2,PSW,Mt. Juliet Combined Schools,74.3,22.2,15.1,22.4,14.6
2025,2,PSW,T.L. Hanna HS,70.4,20.7,14.7,20.7,14.3
2025,2,PIW,Atlanta Quest,84.55,25.35,16.6,25.9,16.7
2025,2,PIW,Audio Theater,78.45,23.25,15.0,24.9,15.3
2025,2,PSA,Spring Hill HS,81.9,24.9,16.3,23.8,16.9
2025,2,PSA,Hewitt-Trussville HS,80.35,25.05,16.2,22.6,16.5
2025,2,PSA,Hardin Valley Academy,77.4,24.0,15.3,22.2,15.9
2025,2,PSA,Oak Ridge HS (TN),74.951,21.75,14.9,22.8,15.5
2025,2,PSA,Harrison HS,76.55,22.65,15.1,22.7,16.1
2025,2,PSA,Lakeway Christian Academy,74.451,21.45,15.5,21.5,16.0
2025,2,PSA,Heritage HS,69.201,20.7,14.6,20.5,13.4
2025,2,PSA,Karns HS,66.551,19.65,13.1,20.8,13.0
2025,2,PSA,West HS,64.801,18.3,14.3,19.0,13.2
2025,2,PSA,Alcoa HS,64.65,18.45,14.0,19.6,12.6
2025,2,PSO,Ravenwood HS,77.85,23.55,15.5,23.5,15.3
2025,2,PSO,Buckhorn HS,75.35,22.35,14.9,23.4,14.7
2025,2,PSO,Summit HS (TN),74.05,22.05,14.6,22.8,14.6
2025,2,PSO,Bob Jones HS,71.05,20.85,14.3,22.1,13.8
2025,2,PIO,Q2,82.5,24.9,16.4,25.0,16.2
2025,2,PSW,Sparkman HS,79.3,24.3,16.1,22.8,16.1
2025,2,PSW,Mt. Juliet Combined Schools,72.8,22.2,14.7,21.3,14.6
2025,2,PSW,T.L. Hanna HS,70.1,20.7,14.6,20.7,14.1
2025,2,PIW,Atlanta Quest,83.65,25.05,16.5,25.6,16.5
2025,2,PIW,Audio Theater,79.85,23.25,15.9,25.0,15.7
2025,2,PSA,Arbor View HS,84.25,25.65,16.7,24.9,17.0
2025,2,PSA,Gilbert HS,80.15,24.15,15.7,24.5,15.8
2025,2,PSA,Campo Verde HS,77.85,23.85,16.0,23.0,15.0
2025,2,PSA,Horizon Combined Schools,77.3,23.4,15.3,22.7,15.9
2025,2,PSA,Higley HS,73.501,22.5,15.1,21.3,14.6
2025,2,PSA,University HS,72.451,22.35,14.1,21.7,14.3
2025,2,PSA,Perry HS,70.051,20.25,14.6,20.3,14.9
2025,2,PSA,Agua Fria HS,69.801,20.7,14.4,20.8,13.9
2025,2,PSA,American Leadership Academy Gilbert North,64.401,18.9,13.1,18.8,13.6
2025,2,PIA,Estrella Foothills HS,65.15,19.65,13.4,19.4,12.7
2025,2,PIA,Granite Mountain Indoor Percussion,60.7,18.3,12.8,17.2,12.4
2025,2,PSO,Basha HS,82.9,25.2,16.3,25.4,16.0
2025,2,PSO,Williams Field HS,80.25,23.55,15.7,24.5,16.5
2025,2,PSO,Foothill HS (NV),75.7,23.4,15.9,20.9,15.5
2025,2,PSO,Buckeye Union HS,74.7,22.2,14.9,22.2,15.4
2025,2,PIO,Breakthrough Indoor Percussion,83.15,24.75,16.0,25.8,16.6
2025,2,PIO,Vision Percussion,79.75,23.85,15.6,24.3,16.0
2025,2,PIO,Convergence Indoor Percussion,76.5,23.7,14.8,23.3,14.7
2025,2,PIO,LINEA,74.25,22.35,14.4,22.1,15.4
2025,2,PIW,Flux Indoor Percussion,81.85,24.15,15.5,25.2,17.0
2025,2,PSA,Catawba Ridge HS,83.45,24.75,16.9,25.0,16.8
2025,2,PSA,Rock Hill HS,81.0,24.0,16.5,24.7,15.8
2025,2,PSA,Green Level HS,77.4,23.1,15.7,23.7,14.9
2025,2,PSA,Fort Mill HS,75.15,22.35,14.7,22.7,15.4
2025,2,PIA,Charles Towne Percussion,85.7,25.2,16.8,26.9,16.8
2025,2,PIA,Revelation,82.85,24.75,16.5,24.9,16.7
2025,2,PIA,Kannapolis Independent,78.9,24.3,15.8,23.6,15.2
2025,2,PSO,Ninety Six HS,79.2,25.5,14.8,24.2,14.7
2025,2,PIO,Civitas Independent,86.35,25.95,16.8,26.8,16.8
2025,2,PIO,Palmetto Indoor Theatre,78.45,25.35,14.8,24.0,14.3
2025,2,PSW,Dorman HS,82.7,25.8,16.2,25.2,15.5
2025,2,PSW,Clover HS,78.9,25.2,14.8,24.3,14.6
2025,2,PSA,Catawba Ridge HS,82.45,24.45,16.8,24.1,17.1
2025,2,PSA,Rock Hill HS,81.65,23.85,16.2,25.1,16.5
2025,2,PSA,Green Level HS,77.5,22.5,15.6,23.8,15.6
2025,2,PSA,Fort Mill HS,75.1,23.1,14.8,22.2,15.0
2025,2,PSA,Green Hope HS,73.751,20.55,15.2,22.8,15.2
2025,2,PSA,Woodmont HS,69.101,20.7,13.6,21.1,13.7
2025,2,PSA,Midland Valley HS,67.801,19.5,14.0,20.9,13.4
2025,2,PSA,Palisades HS (NC),66.401,18.9,14.1,19.5,13.9
2025,2,PIA,Charles Towne Percussion,84.7,24.6,16.8,26.6,16.7
2025,2,PIA,Revelation,82.05,25.05,16.1,24.7,16.2
2025,2,PIA,Kannapolis Independent,78.15,24.15,15.4,23.9,14.7
2025,2,PIA,Carolina Storm Indoor Percussion,72.8,21.9,14.4,22.0,14.5
2025,2,PIA,Myrtle Beatz Independent Percussion,70.001,21.3,13.9,21.2,13.6
2025,2,PSO,Ninety Six HS,78.15,25.05,14.7,24.0,14.4
2025,2,PIO,Civitas Independent,85.15,25.95,16.0,26.7,16.5
2025,2,PIO,Palmetto Indoor Theatre,78.0,25.2,14.5,24.4,13.9
2025,2,PSW,Dorman HS,80.8,24.6,15.5,25.4,15.3
2025,2,PSW,Clover HS,76.95,24.45,14.4,23.9,14.2
2025,2,PSA,Bryant HS,77.35,24.15,15.7,22.5,15.0
2025,2,PSA,Lake Hamilton HS,73.2,22.8,14.8,21.6,14.0
2025,2,PSA,Paragould HS,71.15,22.65,14.0,21.3,13.2
2025,2,PSA,Rogers Heritage HS,65.9,21.3,12.8,19.3,12.5
2025,2,PSO,Union HS,82.25,25.65,16.9,23.4,16.3
2025,2,PSO,Keller Central HS,75.5,24.0,14.4,23.7,13.4
2025,2,PIO,Lotus Indoor Percussion,76.6,24.9,14.7,22.6,14.4
2025,2,PSW,Broken Arrow HS,81.45,24.75,16.2,24.8,15.7
2025,2,PIW,Resistance Indoor Percussion,71.55,22.95,12.8,23.0,12.8
2025,2,PSA,Bryant HS,76.15,23.85,15.4,22.1,14.8
2025,2,PSA,Lake Hamilton HS,72.6,22.8,14.6,21.1,14.1
2025,2,PSA,Paragould HS,70.9,22.2,13.8,21.2,13.7
2025,2,PSA,Rogers Heritage HS,65.05,20.85,12.6,19.2,12.4
2025,2,PSO,Union HS,81.5,25.5,16.5,23.0,16.5
2025,2,PSO,Keller Central HS,74.9,23.4,14.2,23.8,13.5
2025,2,PIO,Lotus Indoor Percussion,76.6,24.6,14.7,22.8,14.5
2025,2,PSW,Broken Arrow HS,80.45,24.15,16.2,24.7,15.4
2025,2,PIW,Resistance Indoor Percussion,71.0,21.9,12.8,23.3,13.0
2025,2,PSA,Greenwood HS,87.95,27.15,17.7,25.5,17.6
2025,2,PSA,Greenfield-Central HS,87.7,27.3,17.0,26.1,17.3
2025,2,PSA,Northview HS,87.275,27.225,17.35,25.75,16.95
2025,2,PSA,Hamilton Southeastern HS,84.7,27.0,17.75,24.45,15.5
2025,2,PSA,Halls HS,84.35,24.45,17.5,25.4,17.0
2025,2,PSA,Ben Davis HS,83.051,24.0,18.0,24.75,16.3
2025,2,PSA,Westfield HS (IN),82.726,26.625,15.1,25.55,15.45
2025,2,PSA,Kickapoo HS,80.301,24.6,15.5,24.8,15.4
2025,2,PSA,Hampton Township HS,79.051,24.9,15.75,23.85,14.55
2025,2,PSA,Lawrence Township School District,77.925,23.775,14.4,24.4,15.35
2025,2,PSA,Decatur Central HS,77.575,24.225,14.9,24.55,13.9
2025,2,PSA,Whiteland HS,77.2,23.85,15.0,22.2,16.15
2025,2,PSA,Bloomington HS (IL),74.3,22.5,13.9,23.4,14.5
2025,2,PSA,Perry Meridian HS,74.125,20.775,16.3,22.45,14.6
2025,2,PSA,New Palestine HS,71.3,21.75,13.8,22.25,13.5
2025,2,PSA,Xenia HS,68.9,20.55,13.95,20.8,13.6
2025,2,PSA,Lincoln-Way Community Schools,70.05,20.1,14.15,22.4,13.4
2025,2,PIA,Nomad Indoor,82.4,24.6,16.8,24.2,16.8
2025,2,PIA,IGNITE Winter Percussion,69.45,20.25,14.1,20.6,14.5
2025,2,PSO,Victor J. Andrew HS,82.9,24.3,15.9,26.5,16.2
2025,2,PSO,Fishers HS,80.9,23.55,16.1,25.9,15.35
2025,2,PSO,Noblesville HS,80.0,23.1,15.7,25.6,15.6
2025,2,PSO,Zionsville Community HS,79.95,24.45,16.6,22.9,16.0
2025,2,PSO,Goshen HS,78.1,22.5,15.2,25.3,15.1
2025,2,PSO,Carroll HS (IN),77.851,25.05,15.3,23.3,14.2
2025,2,PSO,Franklin Community HS,76.701,22.8,16.2,22.5,15.2
2025,2,PSO,Warren Central HS (IN),74.201,24.0,14.3,22.0,13.9
2025,2,PIO,Cap City 2,85.45,25.65,17.4,25.5,16.9
2025,2,PIO,Veritas,83.85,24.75,17.3,25.4,16.4
2025,2,PIO,Freedom Percussion,82.85,24.45,16.0,26.6,15.8
2025,2,PIO,Pi Percussion Inc.,78.9,23.4,15.9,24.8,14.8
2025,2,PIO,Crystal Lake Thunder,73.951,22.95,15.0,21.6,14.4
2025,2,PSW,Walled Lake Consolidated Schools,79.2,24.6,15.2,23.9,15.5
2025,2,PSW,Franklin Central HS,79.45,23.85,16.0,24.7,14.9
2025,2,PSW,Brownsburg HS,77.55,24.15,14.8,24.4,14.2
2025,2,PSW,Kettering Fairmont HS,74.851,23.55,14.7,22.2,14.4
2025,2,PIW,Rhythm X,88.85,25.95,18.1,26.8,18.0
2025,2,PIW,Music City Mystique,86.5,25.2,17.4,26.5,17.4
2025,2,PIW,Cap City,84.2,24.9,16.8,25.9,16.6
2025,2,PIW,ConneXus,80.55,23.85,16.0,25.3,15.4
2025,2,PSA,Terry HS,81.95,25.05,17.0,24.8,15.1
2025,2,PSA,John Jay HS,80.9,24.6,16.5,23.5,16.3
2025,2,PSA,Deer Park HS,79.6,24.9,15.6,23.8,15.3
2025,2,PSA,Morton Ranch HS,77.7,23.7,16.2,22.6,15.2
2025,2,PSO,Forney HS,84.55,25.35,17.3,25.5,16.4
2025,2,PSO,Glenn HS,82.25,24.45,16.2,24.5,17.1
2025,2,PSO,La Porte HS,81.05,24.75,16.7,22.9,16.7
2025,2,PSO,Jordan HS,80.6,24.6,15.6,24.7,15.7
2025,2,PSO,Cypress Ranch HS,76.35,22.65,15.4,22.8,15.5
2025,2,PSO,Angleton HS,74.301,23.1,14.8,21.5,14.9
2025,2,PSO,C.E. King HS,73.951,21.45,14.6,23.7,14.2
2025,2,PSO,Pflugerville HS,71.701,21.6,14.2,21.9,14.0
2025,2,PSW,Bridgeland HS,87.05,27.15,17.8,25.8,16.3
2025,2,PSW,Clear Brook HS,85.0,27.0,17.2,24.7,16.1
2025,2,PSW,Cypress Park HS,81.2,25.8,16.2,24.0,15.2
2025,2,PSW,Cy-Fair HS,81.15,25.35,16.9,23.2,15.7
2025,2,PSW,Pearland HS,79.4,24.0,16.1,23.7,15.6
2025,2,PIW,Monarch Independent,82.9,25.2,16.7,24.8,16.2
2025,2,PIW,Rhythmic Force Percussion,82.65,25.65,16.5,24.0,16.5
2025,2,PSA,Ben Davis HS,83.7,25.8,16.5,24.6,16.8
2025,2,PSA,Hamilton Southeastern HS,82.95,25.35,16.4,25.1,16.1
2025,2,PSA,Hampton Township HS,77.9,24.0,16.2,22.4,15.3
2025,2,PSA,Kickapoo HS,77.5,23.4,16.0,22.1,16.0
2025,2,PSA,Lawrence Township School District,77.35,24.15,15.1,23.2,14.9
2025,2,PSA,Decatur Central HS,76.551,24.75,14.6,22.7,14.5
2025,2,PIA,Nomad Indoor,81.85,24.75,16.9,23.9,16.3
2025,2,PIA,IGNITE Winter Percussion,70.4,22.2,14.0,20.6,13.6
2025,2,PSO,Fishers HS,86.2,25.95,17.2,25.75,17.3
2025,2,PSO,Victor J. Andrew HS,85.7,26.4,16.95,24.85,17.5
2025,2,PSO,Noblesville HS,84.95,25.35,17.6,26.1,15.9
2025,2,PSO,Greenwood HS,83.2,24.75,16.6,24.75,17.1
2025,2,PSO,Zionsville Community HS,82.401,24.15,17.25,24.7,16.3
2025,2,PSO,Northview HS,80.501,23.1,16.5,24.5,16.4
2025,2,PSO,Halls HS,77.501,21.9,16.7,23.3,15.6
2025,2,PSO,Goshen HS,77.101,22.2,14.5,24.9,15.5
2025,2,PSO,Westfield HS (IN),76.45,22.65,14.8,23.8,15.2
2025,2,PSO,Carroll HS (IN),75.85,22.05,15.2,23.9,14.7
2025,2,PIO,Cap City 2,86.95,26.55,17.1,25.9,17.4
2025,2,PIO,Veritas,83.7,25.2,16.6,24.9,17.0
2025,2,PIO,Freedom Percussion,81.05,25.35,16.1,24.4,15.2
2025,2,PIO,Pi Percussion Inc.,76.2,24.0,15.3,22.4,14.5
2025,2,PIO,Crystal Lake Thunder,72.701,22.5,14.4,21.8,14.0
2025,2,PIW,Rhythm X,89.75,26.7,18.5,27.25,17.3
2025,2,PIW,Music City Mystique,86.5,25.2,17.5,26.7,17.1
2025,2,PIW,Cap City,85.85,25.65,17.8,25.4,17.0
2025,2,PIW,ConneXus,81.45,23.25,17.1,25.5,15.6
2025,3,PSA,Westhill HS,87.3,27.3,16.9,26.0,17.1
2025,3,PSA,Jordan-Elbridge HS,83.725,24.825,17.0,24.9,17.0
2025,3,PSA,Cranston Combined Schools,82.5,25.65,16.6,24.2,16.05
2025,3,PSA,New Milford HS,82.2,25.8,16.3,25.3,14.8
2025,3,PSA,Mansfield HS,82.001,25.35,16.1,24.75,15.8
2025,3,PSA,Dover HS,77.201,23.1,15.6,22.9,15.6
2025,3,PSA,Dennis-Yarmouth HS,74.551,22.65,15.1,21.8,15.0
2025,3,PSA,Mohonasen HS,73.401,21.9,15.3,22.0,14.2
2025,3,PIA,Biddeford BlackOut Percussion,73.4,21.6,14.6,22.6,14.6
2025,3,PSO,Norwalk HS,87.05,27.15,16.8,26.7,16.4
2025,3,PSO,Trumbull HS,80.95,25.05,15.7,25.0,15.2
2025,3,PIO,United Percussion 2,80.1,23.7,15.6,25.5,15.3
2025,3,PSW,Dartmouth HS,87.05,25.95,17.4,26.4,17.3
2025,3,PIW,United Percussion,87.6,25.8,17.3,26.9,17.6
2025,3,PSA,Westhill HS,88.0,27.0,17.3,26.5,17.2
2025,3,PSA,Cranston Combined Schools,83.775,25.575,16.8,24.8,16.6
2025,3,PSA,Jordan-Elbridge HS,83.75,25.5,16.9,24.95,16.4
2025,3,PSA,New Milford HS,82.0,24.9,16.3,25.5,15.3
2025,3,PIA,Biddeford BlackOut Percussion,73.1,21.9,14.7,22.5,14.0
2025,3,PSO,Norwalk HS,88.0,27.3,17.2,26.6,16.9
2025,3,PSO,Trumbull HS,81.6,24.9,15.8,25.2,15.7
2025,3,PIO,United Percussion 2,80.95,24.15,15.6,25.6,15.6
2025,3,PSW,Dartmouth HS,87.7,26.4,17.5,26.3,17.5
2025,3,PIW,United Percussion,87.85,26.25,17.3,27.0,17.3
2025,3,PSA,Canyons School District Combined Schools,82.8,25.8,17.3,23.4,16.3
2025,3,PSA,Mountain Ridge HS (UT),82.55,25.35,16.6,23.9,16.7
2025,3,PSA,Provo City School District,76.65,22.35,16.7,21.9,15.7
2025,3,PSA,Bingham HS,72.95,21.45,15.3,21.8,14.4
2025,3,PSA,Herriman HS,68.1,19.5,14.2,20.4,14.0
2025,3,PSA,Copper Hills HS,67.601,19.8,14.5,19.7,13.6
2025,3,PSA,West Jordan HS,65.901,20.4,13.8,18.9,12.8
2025,3,PIA,North Star Independent,80.2,24.3,15.9,23.5,16.5
2025,3,PIA,Horizon Percussion,78.05,22.05,17.2,21.9,16.9
2025,3,PIA,Ogden HS,77.4,22.8,16.5,22.1,16.0
2025,3,PSO,Farmington HS,78.85,22.95,16.9,22.5,16.5
2025,3,PSO,Davis HS,77.85,23.55,15.5,23.3,15.5
2025,3,PIO,Rift Percussion,78.2,23.1,16.4,22.4,16.3
2025,3,PIO,Gold Spike Percussion,80.75,24.45,16.6,23.2,16.5
2025,3,PSA,West Shore School District,84.1,25.2,16.4,26.3,16.2
2025,3,PSA,Lower Dauphin HS,83.6,24.6,17.2,26.2,15.6
2025,3,PSA,Ocean Lakes HS,82.3,24.9,16.8,23.9,16.7
2025,3,PSA,Albemarle County Combined Schools,79.15,24.15,15.5,23.8,15.7
2025,3,PSA,Central Dauphin HS,76.251,23.55,14.7,23.0,15.0
2025,3,PIA,EPIC Indoor Percussion,80.1,22.5,15.7,25.6,16.3
2025,3,PSO,South County Combined Schools,83.9,24.3,16.4,26.6,16.6
2025,3,PSO,Thomas Jefferson HS,82.75,24.45,15.6,26.5,16.2
2025,3,PSO,Panther Creek HS,81.65,24.75,16.2,24.4,16.3
2025,3,PSO,Hickory HS,76.7,21.6,14.9,24.9,15.3
2025,3,PSO,Chantilly HS,76.35,22.05,15.0,23.5,15.8
2025,3,PSO,Mechanicsburg HS,73.801,21.3,14.3,23.3,14.9
2025,3,PSO,Freedom HS (VA),68.851,21.45,12.8,21.2,13.4
2025,3,PIO,Spectre Percussion,88.7,27.3,17.5,26.5,17.4
2025,3,PIW,George Mason University,88.0,27.0,17.4,26.6,17.0
2025,3,PSA,West Shore School District,84.05,25.05,16.2,27.1,15.7
2025,3,PSA,Lower Dauphin HS,84.0,24.9,17.1,26.2,15.8
2025,3,PSA,Ocean Lakes HS,82.4,24.3,16.9,24.7,16.5
2025,3,PSA,Albemarle County Combined Schools,80.75,24.45,15.4,25.6,15.3
2025,3,PSA,Central Dauphin HS,79.175,24.675,14.6,25.0,14.9
2025,3,PSA,Enloe Magnet HS,78.051,23.55,14.1,25.3,15.1
2025,3,PSA,Lightridge HS,76.451,22.95,15.2,23.7,14.6
2025,3,PSA,Carlisle HS,72.101,22.8,14.0,21.1,14.2
2025,3,PSA,Forest Park High School Combined,72.351,21.75,14.4,22.3,13.9
2025,3,PSA,Centreville Combined Schools,65.7,19.2,12.6,20.5,13.4
2025,3,PIA,EPIC Indoor Percussion,80.25,23.25,15.6,25.5,15.9
2025,3,PSO,South County Combined Schools,82.3,24.0,15.2,26.3,16.8
2025,3,PSO,Thomas Jefferson HS,81.35,24.15,14.9,26.2,16.1
2025,3,PSO,Panther Creek HS,79.8,24.6,15.4,24.0,15.8
2025,3,PSO,Hickory HS,78.65,23.85,14.8,25.1,14.9
2025,3,PSO,Chantilly HS,78.001,23.4,14.6,24.5,15.5
2025,3,PSO,Mechanicsburg HS,74.501,22.5,14.2,22.8,15.0
2025,3,PSO,Freedom HS (VA),68.951,21.45,13.0,21.3,13.2
2025,3,PIO,Spectre Percussion,86.55,25.95,17.4,25.8,17.4
2025,3,PSA,Clinton HS,91.8,27.9,18.8,26.9,18.2
2025,3,PSA,E.D. White Catholic HS,87.1,26.4,17.9,25.2,17.6
2025,3,PSA,Pearl HS,86.925,25.425,18.1,26.4,17.0
2025,3,PSA,Choctawhatchee HS,86.7,25.8,17.7,25.3,17.9
2025,3,PSA,Bryant HS,84.05,25.95,17.5,24.2,16.4
2025,3,PSA,Warren Central HS (MS),80.401,22.8,17.4,23.5,16.7
2025,3,PSA,West Harrison HS,80.801,24.9,17.0,22.9,16.0
2025,3,PSA,Jenks HS,78.001,22.5,17.1,22.7,15.7
2025,3,PSO,Germantown HS,85.65,25.8,18.2,24.55,17.1
2025,3,PSO,Gulfport HS,82.75,24.75,16.3,25.1,16.6
2025,3,PSO,Pace HS,82.4,24.6,16.2,24.8,16.8
2025,3,PSO,Hernando HS,79.75,23.55,16.0,24.2,16.0
2025,3,PSO,Dutchtown HS (LA),75.85,22.65,15.5,22.1,15.6
2025,3,PSO,South Jones HS,75.501,23.4,14.3,22.8,15.0
2025,3,PSA,Clinton HS,88.55,27.75,18.6,25.2,17.0
2025,3,PSA,Pearl HS,87.0,26.55,17.5,25.25,17.7
2025,3,PSA,E.D. White Catholic HS,86.025,26.325,18.1,24.4,17.2
2025,3,PSA,Choctawhatchee HS,85.4,25.2,17.7,24.7,17.8
2025,3,PSA,Bryant HS,82.451,25.05,16.9,23.9,16.6
2025,3,PSA,Jenks HS,78.901,22.2,18.0,22.95,15.75
2025,3,PSA,West Harrison HS,81.151,26.1,17.6,23.0,14.45
2025,3,PSA,Warren Central HS (MS),78.451,21.75,17.3,23.45,15.95
2025,3,PSA,Destrehan HS,76.751,24.75,14.6,21.5,15.9
2025,3,PSA,Starkville HS,75.25,21.6,16.2,23.75,13.7
2025,3,PSA,Center Hill HS,73.05,22.35,13.6,21.8,15.3
2025,3,PSA,Olive Branch HS,72.525,22.425,15.4,22.4,12.3
2025,3,PSA,Columbus HS (MS),72.05,18.75,16.5,22.1,14.7
2025,3,PSA,Lafayette HS (MS),71.95,19.65,14.9,23.2,14.2
2025,3,PSA,Petal HS,72.5,19.5,15.7,22.9,14.4
2025,3,PSA,Southaven HS,70.5,19.2,13.4,23.6,14.3
2025,3,PSO,Germantown HS,85.1,26.1,17.9,24.2,16.9
2025,3,PSO,Gulfport HS,82.7,25.05,16.1,24.35,17.2
2025,3,PSO,Pace HS,80.6,24.6,15.8,23.6,16.6
2025,3,PSO,Hernando HS,78.05,21.75,15.7,24.9,15.7
2025,3,PSO,Dutchtown HS (LA),77.451,22.35,16.3,22.6,16.2
2025,3,PSO,South Jones HS,74.851,22.95,14.1,23.1,14.7
2025,3,PSO,Terrebonne Parish Combined Schools,73.551,20.85,14.0,23.9,14.8
2025,3,PSO,Tupelo HS,72.826,21.825,13.8,23.2,14.0
2025,3,PSA,Elk River Combined Schools,82.65,25.2,16.4,24.2,16.85
2025,3,PSA,Dassel-Cokato HS,81.15,23.85,17.1,23.4,16.8
2025,3,PSA,Columbus HS,79.3,23.7,16.2,23.0,16.4
2025,3,PSA,Buffalo HS,73.85,22.05,15.6,20.9,15.3
2025,3,PIA,Rochester Lourdes Drumline,81.35,24.15,16.9,23.7,16.6
2025,3,PIA,Lakeville Area Percussion,77.3,23.4,15.7,22.7,15.5
2025,3,PIA,Quad City Percussion,71.65,22.65,14.3,20.8,13.9
2025,3,PSO,Irondale Combined Schools,83.9,25.5,17.1,24.4,16.9
2025,3,PSO,Brandon Valley HS,80.2,24.9,15.7,23.9,15.7
2025,3,PIO,River City Rhythm,83.7,26.1,16.3,24.8,16.5
2025,3,PIW,MBI Indoor Percussion,82.1,24.9,16.5,24.2,16.5
2025,3,PSA,Elk River Combined Schools,80.7,24.9,16.1,23.1,16.6
2025,3,PSA,Dassel-Cokato HS,80.3,23.7,17.0,22.6,17.0
2025,3,PSA,Columbus HS,78.15,23.55,15.6,22.9,16.1
2025,3,PSA,Buffalo HS,74.55,22.65,15.9,20.4,15.6
2025,3,PSA,Roosevelt HS (IA),71.951,22.95,13.4,21.5,14.1
2025,3,PSA,Brookings HS,71.901,22.2,13.6,20.9,15.2
2025,3,PSA,Onalaska High School,70.901,21.6,14.3,20.5,14.5
2025,3,PIA,Rochester Lourdes Drumline,80.1,23.4,16.7,23.5,16.5
2025,3,PIA,Lakeville Area Percussion,76.75,24.15,15.8,21.4,15.4
2025,3,PIA,Quad City Percussion,72.3,21.9,15.2,20.6,14.6
2025,3,PSO,Irondale Combined Schools,81.4,24.9,16.6,23.1,16.8
2025,3,PSO,Brandon Valley HS,80.75,24.75,16.2,23.7,16.1
2025,3,PIO,River City Rhythm,82.05,25.35,16.1,24.1,16.5
2025,3,PIW,MBI Indoor Percussion,81.0,25.5,16.1,23.1,16.3
2025,3,PSA,Dakota Combined Schools,84.75,25.05,17.0,25.5,17.2
2025,3,PSA,Grand Blanc HS,79.8,23.4,15.3,25.1,16.0
2025,3,PSA,Olentangy Liberty HS,77.85,23.55,14.5,24.2,15.6
2025,3,PIA,M3,83.75,25.05,17.2,25.2,16.3
2025,3,PIA,Lake Effect Percussion,78.5,24.3,16.6,22.0,15.6
2025,3,PIA,Vortex Percussion,77.2,24.9,15.0,22.2,15.1
2025,3,PIA,Breakwater Performing Arts,75.15,23.55,14.5,22.1,15.0
2025,3,PSO,Plymouth-Canton Educational Park,82.15,24.75,16.6,24.0,16.8
2025,3,PSO,Hudsonville HS,81.3,24.9,14.8,25.3,16.3
2025,3,PSO,Lake Orion HS,77.6,23.7,15.8,23.1,15.0
2025,3,PIO,Matrix Open,84.4,24.9,17.1,25.3,17.1
2025,3,PIO,Motor City Percussion,82.0,24.3,16.9,24.0,16.8
2025,3,PIO,Huron Valley Percussion,78.9,23.7,16.4,23.2,15.6
2025,3,PIW,Matrix,88.35,26.85,18.1,25.3,18.1
2025,3,PIW,Redline,83.95,25.35,15.9,25.2,17.5
2025,3,PSA,Dakota Combined Schools,81.95,23.85,16.3,25.0,16.8
2025,3,PSA,Grand Blanc HS,78.05,23.25,15.3,23.8,15.7
2025,3,PSA,Olentangy Liberty HS,76.35,22.95,14.3,23.2,15.9
2025,3,PIA,M3,81.35,24.15,16.4,25.0,15.8
2025,3,PIA,Vortex Percussion,77.75,23.85,14.9,24.0,15.0
2025,3,PIA,Lake Effect Percussion,77.8,23.7,16.0,22.7,15.4
2025,3,PIA,Breakwater Performing Arts,74.8,23.1,14.6,21.9,15.2
2025,3,PSO,Plymouth-Canton Educational Park,78.45,23.85,15.5,23.0,16.1
2025,3,PSO,Hudsonville HS,78.65,24.75,14.8,23.2,15.9
2025,3,PSO,Lake Orion HS,76.05,22.95,15.8,22.3,15.0
2025,3,PIO,Matrix Open,82.85,24.45,16.8,24.8,16.8
2025,3,PIO,Huron Valley Percussion,77.55,23.25,15.8,22.9,15.6
2025,3,PIO,Motor City Percussion,80.25,23.85,16.5,23.3,16.6
2025,3,PIW,Redline,79.75,24.45,15.8,22.0,17.5
2025,3,PIW,Matrix,85.05,26.55,16.7,24.0,17.8
2025,3,PSA,Canyons School District Combined Schools,80.9,25.5,16.5,22.9,16.0
2025,3,PSA,Mountain Ridge HS (UT),80.9,24.9,16.4,23.1,16.5
2025,3,PSA,Provo City School District,76.25,22.65,16.6,21.6,15.4
2025,3,PSA,Bingham HS,72.3,21.0,14.9,22.4,14.0
2025,3,PSA,Herriman HS,68.9,21.3,13.7,20.8,13.1
2025,3,PSA,Copper Hills HS,66.401,19.2,14.3,20.1,12.8
2025,3,PSA,West Jordan HS,64.151,19.95,13.0,18.9,12.3
2025,3,PIA,North Star Independent,79.3,23.7,15.8,23.3,16.5
2025,3,PIA,Horizon Percussion,77.85,22.05,17.1,22.3,16.4
2025,3,PIA,Ogden HS,77.2,23.1,16.4,22.1,15.6
2025,3,PSO,Farmington HS,78.7,23.4,16.6,22.2,16.5
2025,3,PSO,Davis HS,74.85,22.35,15.2,22.4,14.9
2025,3,PIO,Gold Spike Percussion,80.3,24.0,16.6,23.3,16.4
2025,3,PIO,Rift Percussion,77.75,22.65,16.4,22.7,16.0
2025,4,PSA,Fremont HS (CA),74.85,22.05,14.9,23.2,14.7
2025,4,PSA,Central Valley HS,72.9,21.3,13.8,22.3,15.5
2025,4,PSA,Benicia HS,68.75,19.95,13.0,21.7,14.1
2025,4,PSA,Los Gatos HS,70.55,21.15,13.4,20.8,15.2
2025,4,PSA,Benicia MS,62.651,18.75,12.6,19.8,11.5
2025,4,PSO,Branham HS,85.5,24.6,16.8,27.2,16.9
2025,4,PSO,Clovis East HS,85.0,25.2,16.3,26.3,17.2
2025,4,PSO,West Park HS,82.6,24.45,15.5,26.25,16.4
2025,4,PSO,Dublin HS,82.15,24.15,16.1,25.7,16.2
2025,4,PSO,Liberty Union High Combined Schools,81.001,23.55,15.9,24.95,16.6
2025,4,PSO,Foothill HS (CA),77.851,22.95,14.9,24.4,15.6
2025,4,PSO,Granite Bay HS,77.251,21.75,15.2,24.2,16.1
2025,4,PSO,Rodriguez HS,73.851,21.45,14.4,23.1,14.9
2025,4,PIO,Sparta Indoor Percussion,83.15,24.45,15.8,26.4,16.5
2025,4,PIO,Tri-City Percussion,79.9,22.5,16.2,25.2,16.0
2025,4,PSW,James Logan HS,85.7,24.6,16.7,26.6,17.8
2025,4,PSW,Cupertino HS,84.3,25.5,17.0,25.1,16.7
2025,4,PSW,Saratoga HS,86.45,25.35,16.2,27.4,17.5
2025,4,PIW,Thesis,83.7,24.9,16.4,25.4,17.0
2025,4,PSA,Glencoe Combined Schools,82.5,25.2,16.2,25.1,16.0
2025,4,PSA,Rex Putnam Combined Schools,80.45,24.45,16.1,24.6,15.3
2025,4,PSA,South Albany HS,78.9,23.4,15.8,23.9,15.8
2025,4,PSA,Central Valley Combined Schools,72.85,22.05,14.0,23.4,13.4
2025,4,PSA,Beaverton HS,72.451,21.75,14.5,22.0,14.2
2025,4,PSA,Southridge HS,77.05,23.85,15.0,23.9,14.3
2025,4,PSA,Liberty HS (OR),69.651,21.3,13.2,21.65,13.5
2025,4,PSA,Crater HS,69.301,20.1,13.8,22.5,12.9
2025,4,PSA,Skyview HS,66.501,19.8,12.6,21.6,12.5
2025,4,PSO,Kamiak HS,83.2,24.6,17.3,24.9,16.4
2025,4,PSO,Ridgeline HS,81.05,25.05,16.5,24.4,15.1
2025,4,PSO,Century HS,75.1,22.5,14.8,23.4,14.4
2025,4,PIW,IMPACT Percussion,78.15,23.55,16.0,23.2,15.4
2025,4,PSA,Rex Putnam Combined Schools,80.7,24.6,15.9,24.9,15.3
2025,4,PSA,Glencoe Combined Schools,80.05,24.75,15.8,24.1,15.4
2025,4,PSA,South Albany HS,77.25,22.65,14.9,23.8,15.9
2025,4,PSA,Southridge HS,77.0,24.3,15.1,23.0,14.6
2025,4,PSA,Crater HS,70.251,20.85,13.7,22.2,13.5
2025,4,PSA,Liberty HS (OR),68.901,21.0,12.9,21.7,13.3
2025,4,PSA,Beaverton HS,70.701,21.3,14.3,20.9,14.2
2025,4,PSA,Skyview HS,67.251,20.25,12.2,22.8,12.0
2025,4,PSA,Central Valley Combined Schools,51.001,15.0,10.0,16.0,10.0
2025,4,PSO,Kamiak HS,81.25,24.15,16.7,24.0,16.4
2025,4,PSO,Ridgeline HS,77.65,23.25,15.6,23.9,14.9
2025,4,PSO,Century HS,72.4,21.3,14.3,23.2,13.6
2025,4,PSA,Centaurus HS,80.7,24.6,16.2,24.1,15.8
2025,4,PSA,Monarch HS,77.15,22.95,15.9,23.2,15.1
2025,4,PSA,Standley Lake HS,76.7,23.1,15.7,22.7,15.2
2025,4,PIA,Frederick HS,74.0,21.6,15.1,22.5,14.8
2025,4,PSO,Fossil Ridge HS (CO),81.85,24.45,17.2,23.9,16.3
2025,4,PSO,Loveland HS,80.0,23.4,17.1,23.6,15.9
2025,4,PSO,Academy District 20 Combined Schools,78.05,23.25,16.6,22.8,15.4
2025,4,PIO,BKO,72.55,21.15,14.4,22.1,14.9
2025,4,PIW,Blue Knights,82.2,25.5,17.6,22.9,16.2
2025,4,PIW,Rise Percussion,79.05,23.25,16.6,23.1,16.1
2025,4,PSA,Centaurus HS,79.5,25.2,15.5,23.2,15.6
2025,4,PSA,Monarch HS,76.95,24.45,15.0,22.7,14.8
2025,4,PSA,Standley Lake HS,76.6,24.3,15.4,22.0,14.9
2025,4,PIA,Frederick HS,73.7,22.8,14.5,22.0,14.4
2025,4,PSO,Fossil Ridge HS (CO),78.2,22.5,16.9,22.4,16.4
2025,4,PSO,Loveland HS,78.0,22.2,17.0,22.5,16.3
2025,4,PSO,Academy District 20 Combined Schools,75.75,22.35,16.1,21.8,15.5
2025,4,PIO,BKO,71.35,20.85,14.0,21.3,15.2
2025,4,PIW,Blue Knights,81.4,25.2,17.6,22.6,16.0
2025,4,PIW,Rise Percussion,77.15,23.85,16.4,20.8,16.1
2025,4,PSA,Fremont HS (CA),74.95,22.35,14.6,22.8,15.2
2025,4,PSA,Central Valley HS,71.6,21.6,13.7,21.2,15.1
2025,4,PSO,Clovis East HS,87.35,25.65,16.8,27.3,17.6
2025,4,PSO,Branham HS,86.85,25.05,17.2,27.9,16.7
2025,4,PSO,West Park HS,83.45,24.15,16.3,25.9,17.1
2025,4,PSO,Dublin HS,80.95,24.75,16.2,23.6,16.4
2025,4,PSO,Liberty Union High Combined Schools,78.05,23.25,15.7,22.6,16.5
2025,4,PSO,Foothill HS (CA),76.401,22.8,14.0,23.8,15.8
2025,4,PIO,Sparta Indoor Percussion,83.95,24.75,16.6,25.9,16.7
2025,4,PIO,Tri-City Percussion,78.8,22.5,16.0,24.1,16.2
2025,4,PSW,James Logan HS,88.325,25.125,17.4,27.7,18.1
2025,4,PSW,Saratoga HS,86.65,25.05,16.5,27.3,17.8
2025,4,PSW,Cupertino HS,85.2,24.9,17.1,26.0,17.2
2025,4,PIW,Thesis,85.25,24.75,16.6,26.2,17.7
2025,5,PSA,Warren Central HS (MS),84.05,25.95,16.7,24.7,16.7
2025,5,PSA,Weatherford HS,80.7,24.9,16.0,24.1,15.7
2025,5,PSA,Godley HS,79.8,24.3,15.6,23.9,16.0
2025,5,PSO,Glenn HS,88.1,25.95,18.0,27.1,17.05
2025,5,PSO,Chisholm Trail HS,85.4,25.2,17.3,26.2,16.7
2025,5,PSO,Saginaw HS,83.9,24.6,16.9,25.6,16.8
2025,5,PSO,Burleson HS,80.425,24.075,15.85,24.6,15.9
2025,5,PSO,Keller Central HS,79.501,23.7,15.6,24.9,15.3
2025,5,PSO,Highland Park HS,77.901,23.1,15.8,23.9,15.1
2025,5,PSO,Southmoore HS,77.451,22.35,16.1,23.4,15.6
2025,5,PSO,Lewisville HS,76.151,22.95,15.1,23.7,14.4
2025,5,PSO,John Marshall HS,73.901,21.9,15.3,22.4,14.3
2025,5,PIO,UTSA,88.2,26.4,17.8,26.3,17.7
2025,5,PIO,Synergy,83.8,24.9,17.1,25.1,16.7
2025,5,PIO,Paragon,81.75,24.45,16.5,24.4,16.4
2025,5,PIO,Sun City Independent,79.8,23.7,16.0,24.0,16.1
2025,5,PSW,Burleson Centennial HS,90.55,27.15,18.0,26.8,18.6
2025,5,PSW,Bridgeland HS,89.75,27.45,17.6,26.5,18.2
2025,5,PSW,Pearland HS,86.8,25.5,17.8,25.8,17.7
2025,5,PSW,Boswell HS,82.85,25.65,16.2,24.8,16.2
2025,5,PIW,Rhythmic Force Percussion,89.45,26.85,18.1,26.6,17.9
2025,5,PIW,Vigilantes Indoor Percussion,85.8,25.5,17.1,25.7,17.5
2025,5,PIW,Resistance Indoor Percussion,78.85,24.15,15.5,23.5,15.7
2025,5,PSA,Warren Central HS (MS),80.7,23.7,16.3,24.0,16.7
2025,5,PSA,Godley HS,78.25,23.55,15.8,22.6,16.3
2025,5,PSA,Weatherford HS,81.25,24.75,16.5,24.9,15.1
2025,5,PSA,Central HS (TX),77.8,22.8,16.4,22.7,15.9
2025,5,PSA,Young Women's Academy,68.6,21.6,13.2,20.6,13.2
2025,5,PSO,Glenn HS,87.7,27.6,17.6,25.1,17.4
2025,5,PSO,Chisholm Trail HS,87.1,26.25,17.4,25.8,17.65
2025,5,PSO,Saginaw HS,84.95,26.85,16.5,25.0,16.6
2025,5,PSO,Burleson HS,82.4,24.3,16.4,24.4,17.3
2025,5,PSO,Keller Central HS,82.1,25.2,16.8,23.6,16.5
2025,5,PSO,Southmoore HS,79.951,24.6,16.7,22.6,16.05
2025,5,PSO,Highland Park HS,80.401,25.5,15.5,23.4,16.0
2025,5,PSO,John Marshall HS,78.451,25.05,15.7,22.3,15.4
2025,5,PSO,Lewisville HS,78.201,22.8,15.4,24.3,15.7
2025,5,PSO,Pflugerville HS,76.0,23.1,15.1,22.8,15.0
2025,5,PSO,Southlake Carroll HS,77.85,24.15,14.8,24.2,14.7
2025,5,PIO,UTSA,87.5,26.7,17.8,25.3,17.7
2025,5,PIO,Synergy,84.35,25.65,16.9,24.5,17.3
2025,5,PIO,Paragon,80.55,24.75,16.3,23.4,16.1
2025,5,PIO,Sun City Independent,80.5,24.0,16.8,24.0,15.7
2025,5,PSW,Burleson Centennial HS,89.45,27.15,18.3,25.9,18.1
2025,5,PSW,Bridgeland HS,89.4,27.0,17.9,26.0,18.5
2025,5,PSW,Pearland HS,85.35,25.95,17.1,25.0,17.3
2025,5,PSW,Boswell HS,84.9,26.1,17.2,24.7,16.9
2025,5,PIW,Rhythmic Force Percussion,89.75,27.15,18.0,26.5,18.1
2025,5,PIW,Vigilantes Indoor Percussion,86.4,26.4,17.3,25.2,17.5
2025,5,PIW,Resistance Indoor Percussion,78.05,23.55,15.5,23.4,15.6
2025,5,PSA,Bellevue Combined Schools,80.05,22.95,16.3,23.5,17.3
2025,5,PSO,Brandon Valley HS,83.8,24.9,17.0,24.8,17.1
2025,5,PSO,Papillion-La Vista South HS,81.9,24.3,15.9,25.7,16.0
2025,5,PSO,Lees Summit HS,76.85,22.65,15.5,23.4,15.3
2025,5,PSA,Bellevue Combined Schools,79.85,22.65,16.2,23.9,17.1
2025,5,PSO,Brandon Valley HS,84.0,24.6,16.9,25.7,16.8
2025,5,PSO,Papillion-La Vista South HS,81.7,24.0,16.0,26.0,15.7
2025,5,PSO,Lees Summit HS,76.75,22.95,15.5,23.3,15.0
2025,5,PSA,Unionville HS,88.625,24.825,18.8,27.1,17.9
2025,5,PSA,North Penn HS,88.375,25.425,17.65,27.6,17.7
2025,5,PSA,Owen J Roberts HS,88.1,26.7,16.4,27.2,17.8
2025,5,PSA,Appoquinimink HS,87.25,25.05,17.0,27.9,17.3
2025,5,PSA,West Milford HS,85.776,26.925,17.6,25.15,16.1
2025,5,PSA,Mars Area HS,85.651,23.85,18.4,24.9,18.5
2025,5,PSA,Paul V. Moore HS,84.101,25.2,17.8,25.8,15.3
2025,5,PSA,Elizabeth HS,87.1,24.9,18.0,25.8,18.4
2025,5,PSA,Quakertown HS,80.201,23.4,15.5,26.1,15.2
2025,5,PSA,Hopewell Valley Central HS,80.05,23.25,16.0,24.8,16.0
2025,5,PSA,Nutley HS,79.9,21.3,17.2,26.0,15.4
2025,5,PSA,Perkiomen Valley HS,79.1,23.1,13.95,25.65,16.4
2025,5,PSA,John C. Birdlebough HS,78.95,24.75,16.1,23.9,14.2
2025,5,PSA,Southern Regional HS,78.3,22.35,15.85,24.3,15.8
2025,5,PSA,Liverpool HS,76.35,21.75,15.4,24.1,15.1
2025,5,PSA,Edison HS (NJ),75.85,22.95,14.8,21.6,16.5
2025,5,PSA,Bridgewater Raritan HS,74.8,22.2,14.2,23.4,15.0
2025,5,PSA,Downingtown East HS,74.6,22.5,15.1,21.1,15.9
2025,5,PSA,Highland Regional HS,74.125,21.075,13.9,24.55,14.6
2025,5,PSA,John P. Stevens HS,72.3,21.6,13.8,22.5,14.4
2025,5,PSA,Methacton HS,70.85,21.45,14.0,21.8,13.6
2025,5,PIA,Toms River Percussion,70.5,21.3,14.0,21.2,14.0
2025,5,PSO,Spring-Ford HS,86.95,27.15,16.6,26.7,16.5
2025,5,PSO,Old Bridge HS,86.2,25.5,16.5,26.9,17.3
2025,5,PSO,Hempfield HS,85.2,25.2,17.6,26.4,16.0
2025,5,PSO,Westhill HS,82.4,24.0,17.9,24.4,16.1
2025,5,PSO,Downingtown West HS,82.8,24.6,17.3,25.6,15.3
2025,5,PSO,Trumbull HS,82.251,24.15,17.0,25.5,15.6
2025,5,PSO,Victor HS,80.651,25.65,16.0,23.3,15.7
2025,5,PIO,Imperial Dynasty,88.3,27.0,17.0,27.4,16.9
2025,5,PIO,United Percussion 2,86.55,25.35,18.1,26.4,16.7
2025,5,PIO,Old Line Independent Percussion,85.2,26.4,17.3,25.6,15.9
2025,5,PSW,Clover HS,89.05,26.25,18.8,27.2,16.8
2025,5,PSW,Fair Lawn HS,82.0,24.6,17.7,24.1,15.6
2025,5,PIW,United Percussion,90.15,26.25,18.6,27.2,18.1
2025,5,PSA,Temple City HS,88.75,26.4,17.8,26.25,18.3
2025,5,PSA,Campo Verde HS,87.075,25.425,17.35,26.55,17.75
2025,5,PSA,Orange HS,83.1,24.45,16.55,25.35,16.75
2025,5,PSA,Gilbert HS,82.925,24.825,16.3,24.8,17.0
2025,5,PSA,Selma HS,82.314,24.637,15.7,25.15,16.825
2025,5,PSA,Ridgeview HS,80.526,23.925,15.5,24.85,16.25
2025,5,PSA,Rancho Alamitos HS,80.276,24.375,16.025,24.075,15.8
2025,5,PSA,Lemoore HS,79.701,23.775,15.15,25.625,15.15
2025,5,PSA,Merced HS,79.164,23.737,15.425,23.3,16.7
2025,5,PSA,Higley HS,77.913,23.512,15.65,23.05,15.7
2025,5,PSA,Sahuarita Combined Schools,77.2,22.95,14.7,24.3,15.25
2025,5,PSCA,Selma HS,84.85,41.1,40.9,44.3,43.4
2025,5,PSCW,Ayala HS,92.6,46.2,45.4,46.9,46.7
2025,5,PSCW,West Ranch HS,88.25,43.7,42.2,45.9,44.7
2025,5,PSCW,Bloomington HS (CA),83.8,42.4,39.1,43.2,42.9
2025,5,PSO,El Dorado HS,89.95,25.95,17.95,27.7,18.35
2025,5,PSO,Casa Grande HS,88.675,25.5,17.875,27.55,17.75
2025,5,PSO,Great Oak HS,88.538,26.212,18.25,25.625,18.45
2025,5,PSO,Dublin HS,85.988,25.462,16.8,26.8,16.925
2025,5,PSO,Pacifica HS,85.213,25.762,16.725,25.525,17.2
2025,5,PSO,Liberty HS (CA),84.614,24.712,17.0,26.45,16.45
2025,5,PSO,Williams Field HS,84.189,25.087,16.85,25.3,16.95
2025,5,PSO,Chino HS,83.701,24.225,16.425,26.3,16.75
2025,5,PSO,Los Alamitos HS,83.1,24.6,16.35,25.8,16.35
2025,5,PSO,Torres HS,83.239,24.262,16.3,26.0,16.675
2025,5,PSO,Amador Valley HS,79.775,23.775,15.4,24.7,15.9
2025,5,PSO,Laguna Creek HS,77.288,23.288,15.05,24.05,14.9
2025,5,PSO,Bloomington HS (CA),76.0,22.2,14.9,24.4,14.5
2025,5,PSW,Ayala HS,93.975,28.725,19.15,27.4,18.7
2025,5,PSW,Chino Hills HS,93.3,28.05,18.85,27.85,18.55
2025,5,PSW,Vista Murrieta HS,92.075,27.825,18.35,27.4,18.5
2025,5,PSW,Arcadia HS,89.775,26.625,17.75,27.75,17.65
2025,5,PSW,Etiwanda HS,87.413,26.513,17.05,26.5,17.35
2025,5,PSW,Homestead HS (CA),85.176,25.875,17.5,25.3,16.5
2025,5,PSW,Stockdale HS,84.439,25.087,16.85,25.8,16.7
2025,5,PSW,Gahr HS,83.926,25.875,16.5,26.1,15.45
2025,5,PSW,Foothill HS (NV),82.051,25.35,16.8,24.3,15.6
2025,5,PSW,West Ranch HS,79.45,24.0,16.0,24.65,14.8
2025,5,PSW,Clovis HS,77.525,23.475,15.65,23.9,14.5
2025,5,PIA,Horizon Percussion,82.7,25.2,16.7,24.2,16.6
2025,5,PIA,Cornerstone Percussion,79.85,24.45,15.65,23.7,16.05
2025,5,PIA,ECR Independent,81.15,25.2,15.75,24.5,15.7
2025,5,PIO,OCI,89.575,27.375,18.0,26.5,17.7
2025,5,PIO,Vision Percussion,85.1,25.5,17.25,26.2,16.15
2025,5,PIO,Elan Percussion,83.626,25.725,16.85,24.95,16.1
2025,5,PIW,RCC,94.2,28.2,19.0,28.05,18.95
2025,5,PIW,Pulse Percussion,93.825,28.575,18.85,27.55,18.85
2025,5,PIW,Broken City,93.35,28.2,18.5,28.25,18.4
2025,5,PIW,POW Percussion,89.55,27.15,17.95,26.85,17.6
2025,5,PIW,Meraki,86.425,26.325,17.45,25.4,17.25
2025,5,PIW,Dark Sky Percussion,85.351,25.8,17.25,25.75,16.55
2025,5,PIW,Thesis,85.526,25.65,16.9,26.1,16.875
2025,5,PIW,Red Wave Indoor,84.376,25.425,16.85,25.3,16.8
2025,5,PIW,Flux Indoor Percussion,83.451,24.75,16.5,25.3,16.9
2025,5,PIW,Instinct,79.55,24.15,15.9,23.75,15.75
2025,5,PSA,Unionville HS,92.063,27.788,18.65,27.425,18.2
2025,5,PSA,North Penn HS,90.438,26.663,18.4,27.025,18.35
2025,5,PSA,Appoquinimink HS,89.825,27.3,17.575,27.9,17.05
2025,5,PSA,Owen J Roberts HS,88.825,26.7,17.65,26.575,17.9
2025,5,PSA,West Milford HS,87.388,27.113,17.6,25.375,17.3
2025,5,PSA,Elizabeth HS,86.726,25.425,17.6,26.55,17.15
2025,5,PSA,Paul V. Moore HS,84.826,26.325,17.0,24.55,16.95
2025,5,PSA,Quakertown HS,83.276,24.675,16.6,25.95,16.05
2025,5,PSA,Mars Area HS,83.114,24.413,18.05,23.9,16.75
2025,5,PSA,Perkiomen Valley HS,81.9,24.225,16.175,24.65,16.85
2025,5,PSA,Nutley HS,81.825,23.475,17.15,25.05,16.15
2025,5,PSA,Hopewell Valley Central HS,80.225,24.375,16.15,23.55,16.15
2025,5,PIA,Toms River Percussion,71.375,21.525,14.65,21.2,14.0
2025,5,PSCA,Monroe Township HS,87.5,44.1,41.7,43.2,46.0
2025,5,PSCA,Everett HS,85.425,44.1,40.7,39.7,46.35
2025,5,PSCA,Hatboro-Horsham HS,82.4,41.9,40.6,39.3,43.0
2025,5,PSCO,Spring-Ford HS,76.8,38.1,38.4,36.8,40.3
2025,5,PSCW,Grassfield HS,94.65,48.7,48.8,46.1,45.7
2025,5,PSO,Spring-Ford HS,90.525,27.375,18.1,27.25,17.8
2025,5,PSO,Old Bridge HS,89.725,27.075,18.3,26.45,17.9
2025,5,PSO,Hempfield HS,85.85,25.8,17.45,26.15,16.45
2025,5,PSO,Westhill HS,83.825,25.275,17.3,24.4,16.85
2025,5,PSO,Downingtown West HS,82.65,24.15,16.5,25.65,16.35
2025,5,PSO,Trumbull HS,82.026,24.375,16.75,24.85,16.05
2025,5,PSO,Victor HS,81.176,25.125,16.3,23.65,16.1
2025,5,PIO,Imperial Dynasty,90.05,27.3,18.15,26.95,17.65
2025,5,PIO,United Percussion 2,88.95,26.85,17.9,26.8,17.4
2025,5,PIO,Old Line Independent Percussion,84.838,25.837,17.1,25.3,16.6
2025,5,PSW,Clover HS,91.1,27.9,18.45,27.25,17.5
2025,5,PSW,Fair Lawn HS,83.625,25.575,16.85,24.95,16.25
2025,5,PIW,United Percussion,92.5,28.05,18.65,27.4,18.4
2025,8,PSA,Unionville HS,91.7,27.45,19.1,26.8,18.35
2025,8,PSA,Lakeway Christian Academy,88.775,27.3,17.85,26.5,17.125
2025,8,PSA,Hamilton Southeastern HS,87.725,26.55,18.0,26.025,17.15
2025,8,PSA,Springboro HS,86.475,26.625,17.7,25.0,17.15
2025,8,PSA,Perkiomen Valley HS,85.8,25.725,16.8,26.175,17.1
2025,8,PSA,West Milford HS,85.076,25.05,17.775,25.6,16.65
2025,8,PSA,Cranston Combined Schools,84.901,25.5,17.05,25.65,16.7
2025,8,PSA,Francis Howell Combined Schools,84.289,26.137,16.25,24.2,17.7
2025,8,PSA,Central Crossing HS,84.276,24.15,17.35,25.825,16.95
2025,8,PSA,Nutley HS,83.3,24.9,16.3,25.425,16.675
2025,8,PSA,Oak Ridge HS (TN),83.163,24.788,15.85,25.3,17.225
2025,8,PSA,Kickapoo HS,81.55,24.375,16.65,24.0,16.525
2025,8,PSA,John C. Birdlebough HS,79.975,24.075,16.05,23.55,16.3
2025,8,R1,Unionville HS,91.7,27.45,19.1,26.8,18.35
2025,8,R1,Lakeway Christian Academy,88.775,27.3,17.85,26.5,17.125
2025,8,R1,Hamilton Southeastern HS,87.725,26.55,18.0,26.025,17.15
2025,8,R1,Springboro HS,86.475,26.625,17.7,25.0,17.15
2025,8,R1,Perkiomen Valley HS,85.8,25.725,16.8,26.175,17.1
2025,8,R1,West Milford HS,85.076,25.05,17.775,25.6,16.65
2025,8,R1,Cranston Combined Schools,84.901,25.5,17.05,25.65,16.7
2025,8,R1,Francis Howell Combined Schools,84.289,26.137,16.25,24.2,17.7
2025,8,R1,Central Crossing HS,84.276,24.15,17.35,25.825,16.95
2025,8,R1,Nutley HS,83.3,24.9,16.3,25.425,16.675
2025,8,R1,Oak Ridge HS (TN),83.163,24.788,15.85,25.3,17.225
2025,8,R1,Kickapoo HS,81.55,24.375,16.65,24.0,16.525
2025,8,R1,John C. Birdlebough HS,79.975,24.075,16.05,23.55,16.3
2025,8,PSA,Plainfield Combined Schools,91.363,27.263,18.6,27.15,18.35
2025,8,PSA,Temple City HS,88.775,27.075,18.8,25.35,17.55
2025,8,PSA,Pearl HS,88.138,26.288,17.3,26.6,17.95
2025,8,PSA,Bellevue Combined Schools,86.925,25.725,17.825,25.8,17.575
2025,8,PSA,Olentangy Liberty HS,85.614,24.562,17.5,27.0,16.55
2025,8,PSA,Enloe Magnet HS,85.451,25.125,16.2,27.175,16.95
2025,8,PSA,Hewitt-Trussville HS,85.314,25.163,17.1,25.65,17.4
2025,8,PSA,Mars Area HS,85.026,24.975,17.4,25.5,17.15
2025,8,PSA,Bellbrook HS,84.876,25.575,18.05,24.65,16.6
2025,8,PSA,Sunlake HS,82.725,24.375,16.55,24.95,16.85
2025,8,PSA,Columbus HS (MS),80.925,23.175,16.0,25.425,16.325
2025,8,PSA,Albemarle County Combined Schools,80.9,24.15,16.75,23.55,16.45
2025,8,PSA,South Albany HS,78.825,23.775,16.05,23.1,15.9
2025,8,R2,Plainfield Combined Schools,91.363,27.263,18.6,27.15,18.35
2025,8,R2,Temple City HS,88.775,27.075,18.8,25.35,17.55
2025,8,R2,Pearl HS,88.138,26.288,17.3,26.6,17.95
2025,8,R2,Bellevue Combined Schools,86.925,25.725,17.825,25.8,17.575
2025,8,R2,Olentangy Liberty HS,85.614,24.562,17.5,27.0,16.55
2025,8,R2,Enloe Magnet HS,85.451,25.125,16.2,27.175,16.95
2025,8,R2,Hewitt-Trussville HS,85.314,25.163,17.1,25.65,17.4
2025,8,R2,Mars Area HS,85.026,24.975,17.4,25.5,17.15
2025,8,R2,Bellbrook HS,84.876,25.575,18.05,24.65,16.6
2025,8,R2,Sunlake HS,82.725,24.375,16.55,24.95,16.85
2025,8,R2,Columbus HS (MS),80.925,23.175,16.0,25.425,16.325
2025,8,R2,Albemarle County Combined Schools,80.9,24.15,16.75,23.55,16.45
2025,8,R2,South Albany HS,78.825,23.775,16.05,23.1,15.9
2025,8,PSCW,Ayala HS,96.3,48.3,48.2,47.9,48.2
2025,8,PSCW,Grassfield HS,92.65,45.6,46.0,46.5,47.2
2025,8,PSCW,Corona del Sol HS,91.4,47.5,45.0,44.9,45.4
2025,8,PSCW,Plainfield HS (IN),90.6,44.0,45.3,46.6,45.3
2025,8,PSCW,Corinth Holders Combined Schools,86.9,43.2,42.7,43.0,44.9
2025,8,PSCW,Tunstall HS,83.701,40.9,41.7,43.4,41.4
2025,8,PSCA,Everett HS,92.55,46.1,45.2,45.0,48.8
2025,8,PSCA,Selma HS,92.0,46.5,47.5,43.2,46.8
2025,8,PSCA,Hatboro-Horsham HS,87.0,44.3,42.0,41.5,46.2
2025,8,PSCA,Newnan HS,86.5,40.8,41.3,43.1,47.8
2025,8,PSCA,Canton McKinley HS,82.901,40.1,44.5,38.4,42.8
2025,8,PSCA,Lowell HS,83.201,41.4,40.0,39.4,45.6
2025,8,PSCA,Atoka HS,72.251,34.8,33.4,36.9,39.4
2025,8,PSO,Zionsville Community HS,92.85,28.65,19.0,28.25,16.95
2025,8,PSO,Goshen HS,90.563,27.262,18.2,27.15,17.95
2025,8,PSO,Union HS,89.3,27.45,18.2,25.5,18.15
2025,8,PSO,Old Bridge HS,88.575,27.15,18.125,26.95,16.35
2025,8,PSO,Ninety Six HS,87.064,25.312,17.6,26.8,17.35
2025,8,PSO,Franklin Community HS,86.739,25.988,17.1,25.5,18.15
2025,8,PSO,Rock Hill HS,86.051,25.35,17.4,25.35,17.95
2025,8,PSO,Northview HS,85.764,25.913,17.0,25.7,17.15
2025,8,PSO,Papillion-La Vista South HS,82.351,24.825,16.85,24.45,16.225
2025,8,PSO,Chantilly HS,80.25,23.4,16.75,24.2,15.9
2025,8,PSO,Lake Orion HS,79.9,24.0,15.8,24.25,15.85
2025,8,PSO,John Marshall HS,78.4,23.1,15.65,24.6,15.05
2025,8,PSO,Minooka Community HS,76.975,22.575,15.4,22.65,16.35
2025,8,R1,Zionsville Community HS,92.85,28.65,19.0,28.25,16.95
2025,8,R1,Goshen HS,90.563,27.262,18.2,27.15,17.95
2025,8,R1,Union HS,89.3,27.45,18.2,25.5,18.15
2025,8,R1,Old Bridge HS,88.575,27.15,18.125,26.95,16.35
2025,8,R1,Ninety Six HS,87.064,25.312,17.6,26.8,17.35
2025,8,R1,Franklin Community HS,86.739,25.988,17.1,25.5,18.15
2025,8,R1,Rock Hill HS,86.051,25.35,17.4,25.35,17.95
2025,8,R1,Northview HS,85.764,25.913,17.0,25.7,17.15
2025,8,R1,Papillion-La Vista South HS,82.351,24.825,16.85,24.45,16.225
2025,8,R1,Chantilly HS,80.25,23.4,16.75,24.2,15.9
2025,8,R1,Lake Orion HS,79.9,24.0,15.8,24.25,15.85
2025,8,R1,John Marshall HS,78.4,23.1,15.65,24.6,15.05
2025,8,R1,Minooka Community HS,76.975,22.575,15.4,22.65,16.35
2025,8,PSO,Fishers HS,94.175,28.425,18.85,28.5,18.4
2025,8,PSO,Fort Zumwalt Combined Schools,93.225,28.65,18.075,27.75,18.75
2025,8,PSO,Pace HS,91.425,26.775,18.1,27.75,18.8
2025,8,PSO,Basha HS,89.513,26.812,18.25,26.85,17.6
2025,8,PSO,Eden Prairie HS,87.876,26.7,18.525,26.25,16.4
2025,8,PSO,Irondale Combined Schools,86.989,25.462,17.65,26.0,17.875
2025,8,PSO,Gulfport HS,85.551,26.25,17.85,25.05,16.4
2025,8,PSO,South Forsyth HS,85.251,25.65,18.2,25.2,16.2
2025,8,PSO,Brandon Valley HS,84.951,25.35,17.05,24.95,17.6
2025,8,PSO,Downingtown West HS,83.05,25.275,16.525,24.95,16.3
2025,8,PSO,Dutchtown HS (LA),81.9,24.225,16.7,24.175,16.8
2025,8,PSO,Lees Summit HS,81.85,25.2,16.65,24.1,15.9
2025,8,PSO,Spring Hill HS,81.463,24.413,16.15,25.2,15.7
2025,8,PSO,Plymouth-Canton Educational Park,81.825,24.225,16.275,25.075,16.25
2025,8,R2,Fishers HS,94.175,28.425,18.85,28.5,18.4
2025,8,R2,Fort Zumwalt Combined Schools,93.225,28.65,18.075,27.75,18.75
2025,8,R2,Pace HS,91.425,26.775,18.1,27.75,18.8
2025,8,R2,Basha HS,89.513,26.812,18.25,26.85,17.6
2025,8,R2,Eden Prairie HS,87.876,26.7,18.525,26.25,16.4
2025,8,R2,Irondale Combined Schools,86.989,25.462,17.65,26.0,17.875
2025,8,R2,Gulfport HS,85.551,26.25,17.85,25.05,16.4
2025,8,R2,South Forsyth HS,85.251,25.65,18.2,25.2,16.2
2025,8,R2,Brandon Valley HS,84.951,25.35,17.05,24.95,17.6
2025,8,R2,Downingtown West HS,83.05,25.275,16.525,24.95,16.3
2025,8,R2,Dutchtown HS (LA),81.9,24.225,16.7,24.175,16.8
2025,8,R2,Lees Summit HS,81.85,25.2,16.65,24.1,15.9
2025,8,R2,Spring Hill HS,81.463,24.413,16.15,25.2,15.7
2025,8,R2,Plymouth-Canton Educational Park,81.825,24.225,16.275,25.075,16.25
2025,8,PSO,Victor J. Andrew HS,93.825,27.825,19.2,27.65,19.15
2025,8,PSO,Greenfield-Central HS,90.8,27.15,18.5,26.7,18.45
2025,8,PSO,Beavercreek HS,88.8,26.7,18.35,25.25,18.5
2025,8,PSO,Spring-Ford HS,88.438,26.137,17.75,26.65,17.9
2025,8,PSO,Westfield HS (IN),87.951,26.325,17.975,26.275,17.375
2025,8,PSO,South Jones HS,87.864,26.663,17.3,26.8,17.1
2025,8,PSO,Noblesville HS,87.851,26.4,18.0,25.8,17.65
2025,8,PSO,Hempfield HS,87.689,26.137,17.65,26.0,17.9
2025,8,PSO,Westhill HS,86.264,26.363,16.7,25.7,17.5
2025,8,PSO,Trumbull HS,84.95,26.25,16.9,25.05,16.75
2025,8,PSO,Pacifica HS,83.325,24.375,17.75,24.5,16.7
2025,8,PSO,Centerville HS,82.05,24.525,17.4,23.6,16.525
2025,8,PSO,Southlake Carroll HS,81.125,24.075,16.05,24.7,16.3
2025,8,PSO,North Port HS,80.85,23.55,16.3,23.25,17.75
2025,8,R3,Victor J. Andrew HS,93.825,27.825,19.2,27.65,19.15
2025,8,R3,Greenfield-Central HS,90.8,27.15,18.5,26.7,18.45
2025,8,R3,Beavercreek HS,88.8,26.7,18.35,25.25,18.5
2025,8,R3,Spring-Ford HS,88.438,26.137,17.75,26.65,17.9
2025,8,R3,Westfield HS (IN),87.951,26.325,17.975,26.275,17.375
2025,8,R3,South Jones HS,87.864,26.663,17.3,26.8,17.1
2025,8,R3,Noblesville HS,87.851,26.4,18.0,25.8,17.65
2025,8,R3,Hempfield HS,87.689,26.137,17.65,26.0,17.9
2025,8,R3,Westhill HS,86.264,26.363,16.7,25.7,17.5
2025,8,R3,Trumbull HS,84.95,26.25,16.9,25.05,16.75
2025,8,R3,Pacifica HS,83.325,24.375,17.75,24.5,16.7
2025,8,R3,Centerville HS,82.05,24.525,17.4,23.6,16.525
2025,8,R3,Southlake Carroll HS,81.125,24.075,16.05,24.7,16.3
2025,8,R3,North Port HS,80.85,23.55,16.3,23.25,17.75
2025,8,PSO,Rancho Cucamonga HS,92.288,27.413,18.9,26.975,19.0
2025,8,PSO,Great Oak HS,90.55,27.6,18.1,26.8,18.05
2025,8,PSO,Kamiak HS,90.038,27.262,18.25,26.15,18.375
2025,8,PSO,Germantown HS,89.5,26.7,17.85,26.7,18.25
2025,8,PSO,Chisholm Trail HS,88.913,26.062,17.3,27.75,17.8
2025,8,PSO,Saginaw HS,88.864,26.663,18.15,26.375,17.675
2025,8,PSO,Timberland Combined Schools,87.839,26.363,17.425,26.65,17.4
2025,8,PSO,Hernando HS,87.001,27.15,16.5,25.95,17.4
2025,8,PSO,Hudsonville HS,85.601,25.8,16.55,25.95,17.3
2025,8,PSO,South County Combined Schools,85.488,26.362,16.85,25.375,16.9
2025,8,PSO,Buckhorn HS,85.325,25.725,17.15,25.2,17.25
2025,8,PSO,Bob Jones HS,84.075,24.975,17.0,25.3,16.8
2025,8,PSO,Hickory HS,83.2,24.525,16.55,25.75,16.375
2025,8,PSO,Warren Central HS (IN),81.938,25.087,16.25,23.9,16.7
2025,8,PSO,New Milford HS,80.575,24.525,15.55,24.35,16.15
2025,8,R4,Rancho Cucamonga HS,92.288,27.413,18.9,26.975,19.0
2025,8,R4,Great Oak HS,90.55,27.6,18.1,26.8,18.05
2025,8,R4,Kamiak HS,90.038,27.262,18.25,26.15,18.375
2025,8,R4,Germantown HS,89.5,26.7,17.85,26.7,18.25
2025,8,R4,Chisholm Trail HS,88.913,26.062,17.3,27.75,17.8
2025,8,R4,Saginaw HS,88.864,26.663,18.15,26.375,17.675
2025,8,R4,Timberland Combined Schools,87.839,26.363,17.425,26.65,17.4
2025,8,R4,Hernando HS,87.001,27.15,16.5,25.95,17.4
2025,8,R4,Hudsonville HS,85.601,25.8,16.55,25.95,17.3
2025,8,R4,South County Combined Schools,85.488,26.362,16.85,25.375,16.9
2025,8,R4,Buckhorn HS,85.325,25.725,17.15,25.2,17.25
2025,8,R4,Bob Jones HS,84.075,24.975,17.0,25.3,16.8
2025,8,R4,Hickory HS,83.2,24.525,16.55,25.75,16.375
2025,8,R4,Warren Central HS (IN),81.938,25.087,16.25,23.9,16.7
2025,8,R4,New Milford HS,80.575,24.525,15.55,24.35,16.15
2025,8,PSCO,Tomball HS,95.0,47.2,47.0,47.4,48.4
2025,8,PSCO,North Forney HS,94.5,45.5,47.7,47.5,48.3
2025,8,PSCO,Campbell County HS,90.35,44.7,44.1,45.8,46.1
2025,8,PSCO,Muscle Shoals HS,90.15,46.0,43.4,46.2,44.7
2025,8,PSCO,Penn-Trafford HS,88.451,45.1,45.5,42.6,43.7
2025,8,PSCO,Milford HS (OH),88.201,41.2,44.8,43.9,46.5
2025,8,PSCO,West Clermont HS,86.251,43.8,42.4,42.3,44.0
2025,8,PSCO,Broadneck HS,83.701,40.4,42.9,42.5,41.6
2025,8,PSCO,Spring-Ford HS,79.801,39.9,39.9,40.4,39.4
2025,8,PSW,Chino Hills HS,94.875,28.575,19.1,28.35,18.85
2025,8,PSW,Burleson Centennial HS,93.9,28.575,19.475,27.6,18.25
2025,8,PSW,Dartmouth HS,92.45,27.825,18.95,27.3,18.375
2025,8,PSW,Center Grove HS,90.725,27.6,19.05,26.1,17.975
2025,8,PSW,Cy-Fair HS,89.888,27.637,18.25,26.0,18.0
2025,8,PSW,Boswell HS,89.651,27.45,17.65,27.025,17.525
2025,8,PSW,Dorman HS,88.351,26.25,17.8,26.55,17.75
2025,8,PSW,Broken Arrow HS,88.901,26.625,17.625,26.95,17.7
2025,8,PSW,Cupertino HS,84.789,26.062,16.75,25.375,16.6
2025,8,PSW,Norwalk HS,83.8,24.9,16.6,25.6,16.7
2025,8,PSW,Foothill HS (NV),83.175,24.6,16.8,25.2,16.575
2025,8,PSW,Franklin Central HS,83.1,24.975,16.95,24.575,16.6
2025,8,PSW,North Gwinnett HS,82.925,25.125,16.4,24.45,16.95
2025,8,R1,Chino Hills HS,94.875,28.575,19.1,28.35,18.85
2025,8,R1,Burleson Centennial HS,93.9,28.575,19.475,27.6,18.25
2025,8,R1,Dartmouth HS,92.45,27.825,18.95,27.3,18.375
2025,8,R1,Center Grove HS,90.725,27.6,19.05,26.1,17.975
2025,8,R1,Cy-Fair HS,89.888,27.637,18.25,26.0,18.0
2025,8,R1,Boswell HS,89.651,27.45,17.65,27.025,17.525
2025,8,R1,Dorman HS,88.351,26.25,17.8,26.55,17.75
2025,8,R1,Broken Arrow HS,88.901,26.625,17.625,26.95,17.7
2025,8,R1,Cupertino HS,84.789,26.062,16.75,25.375,16.6
2025,8,R1,Norwalk HS,83.8,24.9,16.6,25.6,16.7
2025,8,R1,Foothill HS (NV),83.175,24.6,16.8,25.2,16.575
2025,8,R1,Franklin Central HS,83.1,24.975,16.95,24.575,16.6
2025,8,R1,North Gwinnett HS,82.925,25.125,16.4,24.45,16.95
2025,8,PSW,Ayala HS,97.55,29.25,19.65,29.15,19.5
2025,8,PSW,Bridgeland HS,95.0,28.8,19.15,28.3,18.75
2025,8,PSW,Avon HS,93.85,28.575,19.25,27.425,18.6
2025,8,PSW,Arcadia HS,92.088,27.188,18.2,28.4,18.3
2025,8,PSW,Clear Brook HS,91.4,27.6,18.55,27.05,18.2
2025,8,PSW,Walled Lake Consolidated Schools,88.714,26.812,17.3,26.9,17.7
2025,8,PSW,Brownsburg HS,87.689,26.363,17.7,25.775,17.85
2025,8,PSW,Homestead HS (CA),86.889,25.913,17.7,25.825,17.45
2025,8,PSW,Sparkman HS,86.576,26.325,17.2,26.65,16.4
2025,8,PSW,Milton HS,84.775,25.425,17.275,24.95,17.125
2025,8,PSW,Mt. Juliet Combined Schools,84.088,25.237,17.05,25.25,16.55
2025,8,PSW,Kettering Fairmont HS,84.038,25.462,16.9,25.4,16.275
2025,8,PSW,Fair Lawn HS,83.9,25.8,16.75,24.925,16.425
2025,8,PSW,Clovis HS,81.813,24.562,16.15,25.25,15.85
2025,8,R2,Ayala HS,97.55,29.25,19.65,29.15,19.5
2025,8,R2,Bridgeland HS,95.0,28.8,19.15,28.3,18.75
2025,8,R2,Avon HS,93.85,28.575,19.25,27.425,18.6
2025,8,R2,Arcadia HS,92.088,27.188,18.2,28.4,18.3
2025,8,R2,Clear Brook HS,91.4,27.6,18.55,27.05,18.2
2025,8,R2,Walled Lake Consolidated Schools,88.714,26.812,17.3,26.9,17.7
2025,8,R2,Brownsburg HS,87.689,26.363,17.7,25.775,17.85
2025,8,R2,Homestead HS (CA),86.889,25.913,17.7,25.825,17.45
2025,8,R2,Sparkman HS,86.576,26.325,17.2,26.65,16.4
2025,8,R2,Milton HS,84.775,25.425,17.275,24.95,17.125
2025,8,R2,Mt. Juliet Combined Schools,84.088,25.237,17.05,25.25,16.55
2025,8,R2,Kettering Fairmont HS,84.038,25.462,16.9,25.4,16.275
2025,8,R2,Fair Lawn HS,83.9,25.8,16.75,24.925,16.425
2025,8,R2,Clovis HS,81.813,24.562,16.15,25.25,15.85
2025,8,PSW,Chino Hills HS,94.875,28.575,19.1,28.35,18.85
2025,8,PSW,Burleson Centennial HS,93.9,28.575,19.475,27.6,18.25
2025,8,PSW,Dartmouth HS,92.45,27.825,18.95,27.3,18.375
2025,8,PSW,Center Grove HS,90.725,27.6,19.05,26.1,17.975
2025,8,PSW,Cy-Fair HS,89.888,27.637,18.25,26.0,18.0
2025,8,PSW,Boswell HS,89.651,27.45,17.65,27.025,17.525
2025,8,PSW,Dorman HS,88.351,26.25,17.8,26.55,17.75
2025,8,PSW,Broken Arrow HS,88.901,26.625,17.625,26.95,17.7
2025,8,PSW,Cupertino HS,84.789,26.062,16.75,25.375,16.6
2025,8,PSW,Norwalk HS,83.8,24.9,16.6,25.6,16.7
2025,8,PSW,Foothill HS (NV),83.175,24.6,16.8,25.2,16.575
2025,8,PSW,Franklin Central HS,83.1,24.975,16.95,24.575,16.6
2025,8,PSW,North Gwinnett HS,82.925,25.125,16.4,24.45,16.95
2025,8,R1,Chino Hills HS,94.875,28.575,19.1,28.35,18.85
2025,8,R1,Burleson Centennial HS,93.9,28.575,19.475,27.6,18.25
2025,8,R1,Dartmouth HS,92.45,27.825,18.95,27.3,18.375
2025,8,R1,Center Grove HS,90.725,27.6,19.05,26.1,17.975
2025,8,R1,Cy-Fair HS,89.888,27.637,18.25,26.0,18.0
2025,8,R1,Boswell HS,89.651,27.45,17.65,27.025,17.525
2025,8,R1,Dorman HS,88.351,26.25,17.8,26.55,17.75
2025,8,R1,Broken Arrow HS,88.901,26.625,17.625,26.95,17.7
2025,8,R1,Cupertino HS,84.789,26.062,16.75,25.375,16.6
2025,8,R1,Norwalk HS,83.8,24.9,16.6,25.6,16.7
2025,8,R1,Foothill HS (NV),83.175,24.6,16.8,25.2,16.575
2025,8,R1,Franklin Central HS,83.1,24.975,16.95,24.575,16.6
2025,8,R1,North Gwinnett HS,82.925,25.125,16.4,24.45,16.95
2025,8,PSW,Ayala HS,97.55,29.25,19.65,29.15,19.5
2025,8,PSW,Bridgeland HS,95.0,28.8,19.15,28.3,18.75
2025,8,PSW,Avon HS,93.85,28.575,19.25,27.425,18.6
2025,8,PSW,Arcadia HS,92.088,27.188,18.2,28.4,18.3
2025,8,PSW,Clear Brook HS,91.4,27.6,18.55,27.05,18.2
2025,8,PSW,Walled Lake Consolidated Schools,88.714,26.812,17.3,26.9,17.7
2025,8,PSW,Brownsburg HS,87.689,26.363,17.7,25.775,17.85
2025,8,PSW,Homestead HS (CA),86.889,25.913,17.7,25.825,17.45
2025,8,PSW,Sparkman HS,86.576,26.325,17.2,26.65,16.4
2025,8,PSW,Milton HS,84.775,25.425,17.275,24.95,17.125
2025,8,PSW,Mt. Juliet Combined Schools,84.088,25.237,17.05,25.25,16.55
2025,8,PSW,Kettering Fairmont HS,84.038,25.462,16.9,25.4,16.275
2025,8,PSW,Fair Lawn HS,83.9,25.8,16.75,24.925,16.425
2025,8,PSW,Clovis HS,81.813,24.562,16.15,25.25,15.85
2025,8,R2,Ayala HS,97.55,29.25,19.65,29.15,19.5
2025,8,R2,Bridgeland HS,95.0,28.8,19.15,28.3,18.75
2025,8,R2,Avon HS,93.85,28.575,19.25,27.425,18.6
2025,8,R2,Arcadia HS,92.088,27.188,18.2,28.4,18.3
2025,8,R2,Clear Brook HS,91.4,27.6,18.55,27.05,18.2
2025,8,R2,Walled Lake Consolidated Schools,88.714,26.812,17.3,26.9,17.7
2025,8,R2,Brownsburg HS,87.689,26.363,17.7,25.775,17.85
2025,8,R2,Homestead HS (CA),86.889,25.913,17.7,25.825,17.45
2025,8,R2,Sparkman HS,86.576,26.325,17.2,26.65,16.4
2025,8,R2,Milton HS,84.775,25.425,17.275,24.95,17.125
2025,8,R2,Mt. Juliet Combined Schools,84.088,25.237,17.05,25.25,16.55
2025,8,R2,Kettering Fairmont HS,84.038,25.462,16.9,25.4,16.275
2025,8,R2,Fair Lawn HS,83.9,25.8,16.75,24.925,16.425
2025,8,R2,Clovis HS,81.813,24.562,16.15,25.25,15.85
2025,8,PIO,Veritas,94.538,28.388,19.3,27.875,18.975
2025,8,PIO,Civitas Independent,93.55,28.35,18.35,28.3,18.55
2025,8,PIO,OCI,92.775,28.5,18.55,27.1,18.625
2025,8,PIO,Freedom Percussion,92.538,28.087,18.5,27.475,18.475
2025,8,PIO,Q2,92.35,27.825,18.15,27.8,18.575
2025,8,PIO,Paradigm Percussion,90.864,27.113,18.025,27.6,18.125
2025,8,PIO,Bakersfield College,90.614,27.413,17.825,27.1,18.275
2025,8,PIO,Infinity 3,88.089,26.137,17.75,26.9,17.3
2025,8,PIO,Motor City Percussion,88.076,26.025,18.05,26.575,17.425
2025,8,PIO,Synergy,85.225,26.175,16.35,25.05,17.65
2025,8,PIO,Lotus Indoor Percussion,85.175,25.725,16.05,26.25,17.15
2025,8,PIO,Gold Spike Percussion,84.25,25.8,17.0,24.375,17.075
2025,8,PIO,Revelation,83.788,26.137,17.075,24.05,16.525
2025,8,PIO,Desert Vox,82.3,25.5,16.75,23.9,16.15
2025,8,PIO,Convergence Indoor Percussion,79.425,24.3,14.85,23.65,16.625
2025,8,PIO,Tri-City Percussion,79.0,24.6,15.25,23.0,16.15
2025,8,PIO,Crystal Lake Thunder,77.275,24.15,15.575,22.15,15.4
2025,8,R1,Veritas,94.538,28.388,19.3,27.875,18.975
2025,8,R1,Civitas Independent,93.55,28.35,18.35,28.3,18.55
2025,8,R1,OCI,92.775,28.5,18.55,27.1,18.625
2025,8,R1,Freedom Percussion,92.538,28.087,18.5,27.475,18.475
2025,8,R1,Q2,92.35,27.825,18.15,27.8,18.575
2025,8,R1,Paradigm Percussion,90.864,27.113,18.025,27.6,18.125
2025,8,R1,Bakersfield College,90.614,27.413,17.825,27.1,18.275
2025,8,R1,Infinity 3,88.089,26.137,17.75,26.9,17.3
2025,8,R1,Motor City Percussion,88.076,26.025,18.05,26.575,17.425
2025,8,R1,Synergy,85.225,26.175,16.35,25.05,17.65
2025,8,R1,Lotus Indoor Percussion,85.175,25.725,16.05,26.25,17.15
2025,8,R1,Gold Spike Percussion,84.25,25.8,17.0,24.375,17.075
2025,8,R1,Revelation,83.788,26.137,17.075,24.05,16.525
2025,8,R1,Desert Vox,82.3,25.5,16.75,23.9,16.15
2025,8,R1,Convergence Indoor Percussion,79.425,24.3,14.85,23.65,16.625
2025,8,R1,Tri-City Percussion,79.0,24.6,15.25,23.0,16.15
2025,8,R1,Crystal Lake Thunder,77.275,24.15,15.575,22.15,15.4
2025,8,PIO,UTSA,92.825,27.675,18.05,28.75,18.35
2025,8,PIO,Cap City 2,92.213,27.638,18.0,28.1,18.475
2025,8,PIO,River City Rhythm,92.175,27.375,18.25,28.075,18.475
2025,8,PIO,United Percussion 2,91.563,26.812,18.7,27.95,18.1
2025,8,PIO,Spectre Percussion,90.775,26.475,18.9,26.95,18.45
2025,8,PIO,Imperial Dynasty,90.139,27.038,17.175,27.75,18.175
2025,8,PIO,Matrix Open,89.164,26.962,17.55,27.4,17.25
2025,8,PIO,Breakthrough Indoor Percussion,87.464,25.763,18.2,26.05,17.45
2025,8,PIO,Huron Valley Percussion,86.239,25.913,17.55,25.9,16.875
2025,8,PIO,Sun City Independent,85.538,26.212,16.825,25.7,16.8
2025,8,PIO,Vision Percussion,85.288,24.562,16.95,27.225,16.55
2025,8,PIO,Old Line Independent Percussion,85.075,26.025,17.2,24.55,17.3
2025,8,PIO,Palmetto Indoor Theatre,83.85,26.475,15.675,24.85,16.85
2025,8,PIO,Charles Towne Percussion,82.613,25.012,16.55,24.9,16.15
2025,8,PIO,Pi Percussion Inc.,82.388,24.788,16.5,24.95,16.15
2025,8,PIO,Siege Percussion,81.875,24.975,16.1,24.65,16.15
2025,8,PIO,Rift Percussion,81.475,25.2,15.4,24.75,16.125
2025,8,R2,UTSA,92.825,27.675,18.05,28.75,18.35
2025,8,R2,Cap City 2,92.213,27.638,18.0,28.1,18.475
2025,8,R2,River City Rhythm,92.175,27.375,18.25,28.075,18.475
2025,8,R2,United Percussion 2,91.563,26.812,18.7,27.95,18.1
2025,8,R2,Spectre Percussion,90.775,26.475,18.9,26.95,18.45
2025,8,R2,Imperial Dynasty,90.139,27.038,17.175,27.75,18.175
2025,8,R2,Matrix Open,89.164,26.962,17.55,27.4,17.25
2025,8,R2,Breakthrough Indoor Percussion,87.464,25.763,18.2,26.05,17.45
2025,8,R2,Huron Valley Percussion,86.239,25.913,17.55,25.9,16.875
2025,8,R2,Sun City Independent,85.538,26.212,16.825,25.7,16.8
2025,8,R2,Vision Percussion,85.288,24.562,16.95,27.225,16.55
2025,8,R2,Old Line Independent Percussion,85.075,26.025,17.2,24.55,17.3
2025,8,R2,Palmetto Indoor Theatre,83.85,26.475,15.675,24.85,16.85
2025,8,R2,Charles Towne Percussion,82.613,25.012,16.55,24.9,16.15
2025,8,R2,Pi Percussion Inc.,82.388,24.788,16.5,24.95,16.15
2025,8,R2,Siege Percussion,81.875,24.975,16.1,24.65,16.15
2025,8,R2,Rift Percussion,81.475,25.2,15.4,24.75,16.125
2025,8,PSO,Zionsville Community HS,92.85,28.65,19.0,28.25,16.95
2025,8,PSO,Goshen HS,90.563,27.262,18.2,27.15,17.95
2025,8,PSO,Union HS,89.3,27.45,18.2,25.5,18.15
2025,8,PSO,Old Bridge HS,88.575,27.15,18.125,26.95,16.35
2025,8,PSO,Ninety Six HS,87.064,25.312,17.6,26.8,17.35
2025,8,PSO,Franklin Community HS,86.739,25.988,17.1,25.5,18.15
2025,8,PSO,Rock Hill HS,86.051,25.35,17.4,25.35,17.95
2025,8,PSO,Northview HS,85.764,25.913,17.0,25.7,17.15
2025,8,PSO,Papillion-La Vista South HS,82.351,24.825,16.85,24.45,16.225
2025,8,PSO,Chantilly HS,80.25,23.4,16.75,24.2,15.9
2025,8,PSO,Lake Orion HS,79.9,24.0,15.8,24.25,15.85
2025,8,PSO,John Marshall HS,78.4,23.1,15.65,24.6,15.05
2025,8,PSO,Minooka Community HS,76.975,22.575,15.4,22.65,16.35
2025,8,R1,Zionsville Community HS,92.85,28.65,19.0,28.25,16.95
2025,8,R1,Goshen HS,90.563,27.262,18.2,27.15,17.95
2025,8,R1,Union HS,89.3,27.45,18.2,25.5,18.15
2025,8,R1,Old Bridge HS,88.575,27.15,18.125,26.95,16.35
2025,8,R1,Ninety Six HS,87.064,25.312,17.6,26.8,17.35
2025,8,R1,Franklin Community HS,86.739,25.988,17.1,25.5,18.15
2025,8,R1,Rock Hill HS,86.051,25.35,17.4,25.35,17.95
2025,8,R1,Northview HS,85.764,25.913,17.0,25.7,17.15
2025,8,R1,Papillion-La Vista South HS,82.351,24.825,16.85,24.45,16.225
2025,8,R1,Chantilly HS,80.25,23.4,16.75,24.2,15.9
2025,8,R1,Lake Orion HS,79.9,24.0,15.8,24.25,15.85
2025,8,R1,John Marshall HS,78.4,23.1,15.65,24.6,15.05
2025,8,R1,Minooka Community HS,76.975,22.575,15.4,22.65,16.35
2025,8,PSO,Fishers HS,94.175,28.425,18.85,28.5,18.4
2025,8,PSO,Fort Zumwalt Combined Schools,93.225,28.65,18.075,27.75,18.75
2025,8,PSO,Pace HS,91.425,26.775,18.1,27.75,18.8
2025,8,PSO,Basha HS,89.513,26.812,18.25,26.85,17.6
2025,8,PSO,Eden Prairie HS,87.876,26.7,18.525,26.25,16.4
2025,8,PSO,Irondale Combined Schools,86.989,25.462,17.65,26.0,17.875
2025,8,PSO,Gulfport HS,85.551,26.25,17.85,25.05,16.4
2025,8,PSO,South Forsyth HS,85.251,25.65,18.2,25.2,16.2
2025,8,PSO,Brandon Valley HS,84.951,25.35,17.05,24.95,17.6
2025,8,PSO,Downingtown West HS,83.05,25.275,16.525,24.95,16.3
2025,8,PSO,Dutchtown HS (LA),81.9,24.225,16.7,24.175,16.8
2025,8,PSO,Lees Summit HS,81.85,25.2,16.65,24.1,15.9
2025,8,PSO,Spring Hill HS,81.463,24.413,16.15,25.2,15.7
2025,8,PSO,Plymouth-Canton Educational Park,81.825,24.225,16.275,25.075,16.25
2025,8,R2,Fishers HS,94.175,28.425,18.85,28.5,18.4
2025,8,R2,Fort Zumwalt Combined Schools,93.225,28.65,18.075,27.75,18.75
2025,8,R2,Pace HS,91.425,26.775,18.1,27.75,18.8
2025,8,R2,Basha HS,89.513,26.812,18.25,26.85,17.6
2025,8,R2,Eden Prairie HS,87.876,26.7,18.525,26.25,16.4
2025,8,R2,Irondale Combined Schools,86.989,25.462,17.65,26.0,17.875
2025,8,R2,Gulfport HS,85.551,26.25,17.85,25.05,16.4
2025,8,R2,South Forsyth HS,85.251,25.65,18.2,25.2,16.2
2025,8,R2,Brandon Valley HS,84.951,25.35,17.05,24.95,17.6
2025,8,R2,Downingtown West HS,83.05,25.275,16.525,24.95,16.3
2025,8,R2,Dutchtown HS (LA),81.9,24.225,16.7,24.175,16.8
2025,8,R2,Lees Summit HS,81.85,25.2,16.65,24.1,15.9
2025,8,R2,Spring Hill HS,81.463,24.413,16.15,25.2,15.7
2025,8,R2,Plymouth-Canton Educational Park,81.825,24.225,16.275,25.075,16.25
2025,8,PSO,Victor J. Andrew HS,93.825,27.825,19.2,27.65,19.15
2025,8,PSO,Greenfield-Central HS,90.8,27.15,18.5,26.7,18.45
2025,8,PSO,Beavercreek HS,88.8,26.7,18.35,25.25,18.5
2025,8,PSO,Spring-Ford HS,88.438,26.137,17.75,26.65,17.9
2025,8,PSO,Westfield HS (IN),87.951,26.325,17.975,26.275,17.375
2025,8,PSO,South Jones HS,87.864,26.663,17.3,26.8,17.1
2025,8,PSO,Noblesville HS,87.851,26.4,18.0,25.8,17.65
2025,8,PSO,Hempfield HS,87.689,26.137,17.65,26.0,17.9
2025,8,PSO,Westhill HS,86.264,26.363,16.7,25.7,17.5
2025,8,PSO,Trumbull HS,84.95,26.25,16.9,25.05,16.75
2025,8,PSO,Pacifica HS,83.325,24.375,17.75,24.5,16.7
2025,8,PSO,Centerville HS,82.05,24.525,17.4,23.6,16.525
2025,8,PSO,Southlake Carroll HS,81.125,24.075,16.05,24.7,16.3
2025,8,PSO,North Port HS,80.85,23.55,16.3,23.25,17.75
2025,8,R3,Victor J. Andrew HS,93.825,27.825,19.2,27.65,19.15
2025,8,R3,Greenfield-Central HS,90.8,27.15,18.5,26.7,18.45
2025,8,R3,Beavercreek HS,88.8,26.7,18.35,25.25,18.5
2025,8,R3,Spring-Ford HS,88.438,26.137,17.75,26.65,17.9
2025,8,R3,Westfield HS (IN),87.951,26.325,17.975,26.275,17.375
2025,8,R3,South Jones HS,87.864,26.663,17.3,26.8,17.1
2025,8,R3,Noblesville HS,87.851,26.4,18.0,25.8,17.65
2025,8,R3,Hempfield HS,87.689,26.137,17.65,26.0,17.9
2025,8,R3,Westhill HS,86.264,26.363,16.7,25.7,17.5
2025,8,R3,Trumbull HS,84.95,26.25,16.9,25.05,16.75
2025,8,R3,Pacifica HS,83.325,24.375,17.75,24.5,16.7
2025,8,R3,Centerville HS,82.05,24.525,17.4,23.6,16.525
2025,8,R3,Southlake Carroll HS,81.125,24.075,16.05,24.7,16.3
2025,8,R3,North Port HS,80.85,23.55,16.3,23.25,17.75
2025,8,PSO,Rancho Cucamonga HS,92.288,27.413,18.9,26.975,19.0
2025,8,PSO,Great Oak HS,90.55,27.6,18.1,26.8,18.05
2025,8,PSO,Kamiak HS,90.038,27.262,18.25,26.15,18.375
2025,8,PSO,Germantown HS,89.5,26.7,17.85,26.7,18.25
2025,8,PSO,Chisholm Trail HS,88.913,26.062,17.3,27.75,17.8
2025,8,PSO,Saginaw HS,88.864,26.663,18.15,26.375,17.675
2025,8,PSO,Timberland Combined Schools,87.839,26.363,17.425,26.65,17.4
2025,8,PSO,Hernando HS,87.001,27.15,16.5,25.95,17.4
2025,8,PSO,Hudsonville HS,85.601,25.8,16.55,25.95,17.3
2025,8,PSO,South County Combined Schools,85.488,26.362,16.85,25.375,16.9
2025,8,PSO,Buckhorn HS,85.325,25.725,17.15,25.2,17.25
2025,8,PSO,Bob Jones HS,84.075,24.975,17.0,25.3,16.8
2025,8,PSO,Hickory HS,83.2,24.525,16.55,25.75,16.375
2025,8,PSO,Warren Central HS (IN),81.938,25.087,16.25,23.9,16.7
2025,8,PSO,New Milford HS,80.575,24.525,15.55,24.35,16.15
2025,8,R4,Rancho Cucamonga HS,92.288,27.413,18.9,26.975,19.0
2025,8,R4,Great Oak HS,90.55,27.6,18.1,26.8,18.05
2025,8,R4,Kamiak HS,90.038,27.262,18.25,26.15,18.375
2025,8,R4,Germantown HS,89.5,26.7,17.85,26.7,18.25
2025,8,R4,Chisholm Trail HS,88.913,26.062,17.3,27.75,17.8
2025,8,R4,Saginaw HS,88.864,26.663,18.15,26.375,17.675
2025,8,R4,Timberland Combined Schools,87.839,26.363,17.425,26.65,17.4
2025,8,R4,Hernando HS,87.001,27.15,16.5,25.95,17.4
2025,8,R4,Hudsonville HS,85.601,25.8,16.55,25.95,17.3
2025,8,R4,South County Combined Schools,85.488,26.362,16.85,25.375,16.9
2025,8,R4,Buckhorn HS,85.325,25.725,17.15,25.2,17.25
2025,8,R4,Bob Jones HS,84.075,24.975,17.0,25.3,16.8
2025,8,R4,Hickory HS,83.2,24.525,16.55,25.75,16.375
2025,8,R4,Warren Central HS (IN),81.938,25.087,16.25,23.9,16.7
2025,8,R4,New Milford HS,80.575,24.525,15.55,24.35,16.15
2025,8,PSCO,Tomball HS,95.0,47.2,47.0,47.4,48.4
2025,8,PSCO,North Forney HS,94.5,45.5,47.7,47.5,48.3
2025,8,PSCO,Campbell County HS,90.35,44.7,44.1,45.8,46.1
2025,8,PSCO,Muscle Shoals HS,90.15,46.0,43.4,46.2,44.7
2025,8,PSCO,Penn-Trafford HS,88.451,45.1,45.5,42.6,43.7
2025,8,PSCO,Milford HS (OH),88.201,41.2,44.8,43.9,46.5
2025,8,PSCO,West Clermont HS,86.251,43.8,42.4,42.3,44.0
2025,8,PSCO,Broadneck HS,83.701,40.4,42.9,42.5,41.6
2025,8,PSCO,Spring-Ford HS,79.801,39.9,39.9,40.4,39.4
2025,8,PIA,M3,92.575,28.875,18.55,27.3,17.85
2025,8,PIA,Nomad Indoor,90.7,27.15,18.65,26.05,18.85
2025,8,PIA,North Star Independent,87.575,26.475,17.8,25.15,18.15
2025,8,PIA,Lake Effect Percussion,86.825,26.925,17.55,25.25,17.1
2025,8,PIA,Kannapolis Independent,86.1,26.25,16.9,25.4,17.55
2025,8,PIA,Lakeville Area Percussion,85.339,26.138,16.9,25.1,17.2
2025,8,PIA,Rochester Lourdes Drumline,81.651,25.65,15.65,24.0,16.35
2025,8,PIA,Vortex Percussion,81.201,24.9,16.05,23.9,16.35
2025,8,PIA,Breakwater Performing Arts,78.95,24.9,15.7,23.5,14.85
2025,8,PIA,Legacy Percussion,83.201,24.75,16.5,24.925,17.025
2025,8,PIA,Carolina Storm Indoor Percussion,77.3,23.7,14.9,23.95,14.75
2025,8,PIA,Quad City Percussion,76.475,23.25,15.6,23.325,14.3
2025,8,PSA,Dakota Combined Schools,91.125,27.075,18.6,27.0,18.45
2025,8,PSA,Kings HS,89.55,27.75,17.55,26.075,18.175
2025,8,PSA,North Penn HS,89.075,27.375,17.8,26.125,17.775
2025,8,PSA,Owen J Roberts HS,88.3,26.025,17.85,26.225,18.2
2025,8,PSA,Warren Central HS (MS),86.939,26.137,17.55,25.0,18.25
2025,8,PSA,Mountain Ridge HS (UT),86.851,25.125,18.1,26.325,17.3
2025,8,PSA,Lawrence Township School District,85.739,25.462,17.25,25.225,17.8
2025,8,PSA,Decatur Central HS,84.176,24.15,16.6,26.575,16.85
2025,8,PSA,Paul V. Moore HS,84.101,24.15,17.8,25.4,16.75
2025,8,PSA,Troy HS,83.325,23.7,16.85,25.4,17.375
2025,8,PSA,Central Dauphin HS,82.55,26.325,15.95,24.725,15.55
2025,8,PSA,Starkville HS,81.475,24.0,16.4,24.4,16.675
2025,8,PSA,Xenia HS,73.975,22.125,15.0,22.1,14.75
2025,8,R3,Dakota Combined Schools,91.125,27.075,18.6,27.0,18.45
2025,8,R3,Kings HS,89.55,27.75,17.55,26.075,18.175
2025,8,R3,North Penn HS,89.075,27.375,17.8,26.125,17.775
2025,8,R3,Owen J Roberts HS,88.3,26.025,17.85,26.225,18.2
2025,8,R3,Warren Central HS (MS),86.939,26.137,17.55,25.0,18.25
2025,8,R3,Mountain Ridge HS (UT),86.851,25.125,18.1,26.325,17.3
2025,8,R3,Lawrence Township School District,85.739,25.462,17.25,25.225,17.8
2025,8,R3,Decatur Central HS,84.176,24.15,16.6,26.575,16.85
2025,8,R3,Paul V. Moore HS,84.101,24.15,17.8,25.4,16.75
2025,8,R3,Troy HS,83.325,23.7,16.85,25.4,17.375
2025,8,R3,Central Dauphin HS,82.55,26.325,15.95,24.725,15.55
2025,8,R3,Starkville HS,81.475,24.0,16.4,24.4,16.675
2025,8,R3,Xenia HS,73.975,22.125,15.0,22.1,14.75
2025,8,PSA,Clinton HS,95.575,28.725,19.05,28.5,19.3
2025,8,PSA,Choctawhatchee HS,91.575,27.975,18.15,26.7,18.75
2025,8,PSA,E.D. White Catholic HS,90.925,26.175,18.75,27.75,18.25
2025,8,PSA,Sycamore HS,90.838,27.188,18.45,26.925,18.275
2025,8,PSA,Lower Dauphin HS,88.751,27.525,16.95,26.375,17.9
2025,8,PSA,Catawba Ridge HS,87.076,25.575,17.6,26.25,17.65
2025,8,PSA,Dassel-Cokato HS,86.126,24.225,18.15,25.3,18.45
2025,8,PSA,Grand Blanc HS,85.226,25.875,16.95,25.7,16.7
2025,8,PSA,Elk River Combined Schools,83.764,25.163,16.8,25.2,16.6
2025,8,PSA,Whiteland HS,81.988,24.038,16.6,23.9,17.45
2025,8,PSA,Green Level HS,79.8,23.55,15.75,24.55,15.95
2025,8,PSA,Highland Regional HS,79.6,23.25,16.25,24.75,15.35
2025,8,R4,Clinton HS,95.575,28.725,19.05,28.5,19.3
2025,8,R4,Choctawhatchee HS,91.575,27.975,18.15,26.7,18.75
2025,8,R4,E.D. White Catholic HS,90.925,26.175,18.75,27.75,18.25
2025,8,R4,Sycamore HS,90.838,27.188,18.45,26.925,18.275
2025,8,R4,Lower Dauphin HS,88.751,27.525,16.95,26.375,17.9
2025,8,R4,Catawba Ridge HS,87.076,25.575,17.6,26.25,17.65
2025,8,R4,Dassel-Cokato HS,86.126,24.225,18.15,25.3,18.45
2025,8,R4,Grand Blanc HS,85.226,25.875,16.95,25.7,16.7
2025,8,R4,Elk River Combined Schools,83.764,25.163,16.8,25.2,16.6
2025,8,R4,Whiteland HS,81.988,24.038,16.6,23.9,17.45
2025,8,R4,Green Level HS,79.8,23.55,15.75,24.55,15.95
2025,8,R4,Highland Regional HS,79.6,23.25,16.25,24.75,15.35
2025,8,PSCA,Everett HS,91.2,45.7,45.6,45.9,45.2
2025,8,PSCA,Selma HS,91.2,44.7,46.0,46.0,45.7
2025,8,PSCA,Hatboro-Horsham HS,87.7,43.3,44.5,44.4,43.2
2025,8,PSCA,Newnan HS,85.9,42.1,43.2,42.6,43.9
2025,8,PSCA,Canton McKinley HS,83.65,40.7,41.0,42.9,42.7
2025,8,PSCA,Lowell HS,81.001,39.6,40.6,40.1,41.7
2025,8,PSCA,Atoka HS,72.551,34.8,36.2,37.9,36.2
2025,8,PSCO,North Forney HS,96.35,47.5,48.7,47.7,48.8
2025,8,PSCO,Tomball HS,96.825,48.0,48.35,48.4,48.9
2025,8,PSCO,Campbell County HS,91.85,46.0,44.7,45.8,47.2
2025,8,PSCO,Muscle Shoals HS,91.55,45.5,45.4,46.0,46.2
2025,8,PSCO,Penn-Trafford HS,87.501,44.7,44.6,42.5,43.2
2025,8,PSCO,Milford HS (OH),86.876,43.7,43.7,43.4,42.95
2025,8,PSCO,West Clermont HS,83.151,42.1,42.0,41.4,40.8
2025,8,PSCO,Broadneck HS,83.501,41.4,43.2,42.6,39.8
2025,8,PSCO,Spring-Ford HS,77.551,39.7,39.3,38.4,37.7
2025,8,PSCW,Ayala HS,97.85,48.5,48.5,49.0,49.7
2025,8,PSCW,Grassfield HS,94.85,47.6,46.5,46.9,48.7
2025,8,PSCW,Plainfield HS (IN),93.45,45.2,47.5,47.0,47.2
2025,8,PSCW,Corona del Sol HS,92.4,47.7,44.8,46.2,46.1
2025,8,PSCW,Corinth Holders Combined Schools,87.751,43.7,42.7,43.1,46.0
2025,8,PSCW,Tunstall HS,81.851,40.4,41.7,41.6,40.0
2025,8,PSW,Ayala HS,98.175,29.625,19.8,29.05,19.7
2025,8,PSW,Bridgeland HS,96.05,28.65,19.475,28.55,19.375
2025,8,PSW,Chino Hills HS,95.425,28.875,19.05,28.475,19.025
2025,8,PSW,Burleson Centennial HS,94.35,28.35,18.8,27.95,19.25
2025,8,PSW,Avon HS,94.138,28.087,19.3,27.975,18.775
2025,8,PSW,Arcadia HS,92.576,27.975,18.05,28.1,18.45
2025,8,PSW,Dartmouth HS,91.389,27.488,18.175,27.6,18.125
2025,8,PSW,Clear Brook HS,90.589,27.263,17.975,26.95,18.4
2025,8,PSW,Cy-Fair HS,90.176,27.3,17.825,26.6,18.45
2025,8,PSW,Center Grove HS,89.763,26.663,18.0,27.175,17.925
2025,8,PSW,Boswell HS,87.488,26.212,17.65,26.075,17.55
2025,8,PSW,Broken Arrow HS,86.95,25.425,17.175,26.55,17.8
2025,8,PSW,Dorman HS,85.263,25.312,17.0,25.65,17.3
2025,8,PSW,Brownsburg HS,85.075,25.35,17.1,25.675,16.95
2025,8,PSW,Walled Lake Consolidated Schools,84.85,25.65,17.45,24.575,17.175
2025,8,PSW,Homestead HS (CA),84.1,25.05,16.95,25.05,17.05
2025,8,PSW,Sparkman HS,82.55,24.75,16.65,24.75,16.4
2025,8,PSW,Cupertino HS,81.625,23.7,16.5,24.1,17.325
2025,8,PSW,Mt. Juliet Combined Schools,80.275,23.775,16.2,23.95,16.35
2025,8,PSW,Milton HS,79.9,23.55,15.85,24.1,16.4
2025,8,PIW,RCC,98.575,29.775,19.775,29.35,19.675
2025,8,PIW,Rhythm X,98.45,29.775,19.65,29.225,19.8
2025,8,PIW,Broken City,97.075,29.4,19.375,28.925,19.375
2025,8,PIW,Pulse Percussion,96.575,29.325,19.025,28.9,19.325
2025,8,PIW,Infinity,95.038,28.837,18.725,28.675,18.8
2025,8,PIW,Music City Mystique,94.339,28.837,18.625,28.05,18.825
2025,8,PIW,George Mason University,93.826,28.35,19.15,27.525,18.8
2025,8,PIW,Cap City,92.114,28.237,18.25,27.1,18.525
2025,8,PIW,Matrix,91.3,28.2,19.35,25.725,18.025
2025,8,PIW,POW Percussion,90.788,27.637,18.1,26.85,18.2
2025,8,PIW,Atlanta Quest,90.425,27.525,17.6,27.6,17.7
2025,8,PIW,Rhythmic Force Percussion,89.075,27.0,18.0,26.175,17.9
2025,8,PIW,Monarch Independent,88.875,26.925,17.425,26.925,17.6
2025,8,PIW,Meraki,86.763,26.438,17.375,25.4,17.55
2025,8,PIW,Dark Sky Percussion,85.925,25.8,17.45,25.225,17.45
2025,8,PIW,ConneXus,84.913,26.288,17.05,24.75,16.825
2025,8,PIW,Redline,84.8,25.8,16.55,26.1,16.35
2025,8,PIW,Vigilantes Indoor Percussion,84.65,25.575,16.55,25.675,16.85
2025,8,PIW,STRYKE Percussion,82.975,25.65,16.65,24.5,16.175
2025,8,PSW,Ayala HS,98.175,29.625,19.8,29.05,19.7
2025,8,PSW,Bridgeland HS,96.05,28.65,19.475,28.55,19.375
2025,8,PSW,Chino Hills HS,95.425,28.875,19.05,28.475,19.025
2025,8,PSW,Burleson Centennial HS,94.35,28.35,18.8,27.95,19.25
2025,8,PSW,Avon HS,94.138,28.087,19.3,27.975,18.775
2025,8,PSW,Arcadia HS,92.576,27.975,18.05,28.1,18.45
2025,8,PSW,Dartmouth HS,91.389,27.488,18.175,27.6,18.125
2025,8,PSW,Clear Brook HS,90.589,27.263,17.975,26.95,18.4
2025,8,PSW,Cy-Fair HS,90.176,27.3,17.825,26.6,18.45
2025,8,PSW,Center Grove HS,89.763,26.663,18.0,27.175,17.925
2025,8,PSW,Boswell HS,87.488,26.212,17.65,26.075,17.55
2025,8,PSW,Broken Arrow HS,86.95,25.425,17.175,26.55,17.8
2025,8,PSW,Dorman HS,85.263,25.312,17.0,25.65,17.3
2025,8,PSW,Brownsburg HS,85.075,25.35,17.1,25.675,16.95
2025,8,PSW,Walled Lake Consolidated Schools,84.85,25.65,17.45,24.575,17.175
2025,8,PSW,Homestead HS (CA),84.1,25.05,16.95,25.05,17.05
2025,8,PSW,Sparkman HS,82.55,24.75,16.65,24.75,16.4
2025,8,PSW,Cupertino HS,81.625,23.7,16.5,24.1,17.325
2025,8,PSW,Mt. Juliet Combined Schools,80.275,23.775,16.2,23.95,16.35
2025,8,PSW,Milton HS,79.9,23.55,15.85,24.1,16.4
2025,8,PIW,RCC,98.575,29.775,19.775,29.35,19.675
2025,8,PIW,Rhythm X,98.45,29.775,19.65,29.225,19.8
2025,8,PIW,Broken City,97.075,29.4,19.375,28.925,19.375
2025,8,PIW,Pulse Percussion,96.575,29.325,19.025,28.9,19.325
2025,8,PIW,Infinity,95.038,28.837,18.725,28.675,18.8
2025,8,PIW,Music City Mystique,94.339,28.837,18.625,28.05,18.825
2025,8,PIW,George Mason University,93.826,28.35,19.15,27.525,18.8
2025,8,PIW,Cap City,92.114,28.237,18.25,27.1,18.525
2025,8,PIW,Matrix,91.3,28.2,19.35,25.725,18.025
2025,8,PIW,POW Percussion,90.788,27.637,18.1,26.85,18.2
2025,8,PIW,Atlanta Quest,90.425,27.525,17.6,27.6,17.7
2025,8,PIW,Rhythmic Force Percussion,89.075,27.0,18.0,26.175,17.9
2025,8,PIW,Monarch Independent,88.875,26.925,17.425,26.925,17.6
2025,8,PIW,Meraki,86.763,26.438,17.375,25.4,17.55
2025,8,PIW,Dark Sky Percussion,85.925,25.8,17.45,25.225,17.45
2025,8,PIW,ConneXus,84.913,26.288,17.05,24.75,16.825
2025,8,PIW,Redline,84.8,25.8,16.55,26.1,16.35
2025,8,PIW,Vigilantes Indoor Percussion,84.65,25.575,16.55,25.675,16.85
2025,8,PIW,STRYKE Percussion,82.975,25.65,16.65,24.5,16.175
2025,8,PSO,Fishers HS,94.925,28.8,18.7,28.6,18.825
2025,8,PSO,Zionsville Community HS,94.513,28.312,18.7,28.6,18.9
2025,8,PSO,Pace HS,93.038,28.312,17.9,28.6,18.225
2025,8,PSO,Union HS,91.451,27.0,18.9,27.1,18.45
2025,8,PSO,Fort Zumwalt Combined Schools,93.2,27.6,18.7,28.5,18.4
2025,8,PSO,Basha HS,90.464,27.712,17.75,27.6,17.4
2025,8,PSO,Goshen HS,90.276,27.0,17.575,27.8,17.9
2025,8,PSO,Old Bridge HS,89.489,26.887,17.525,27.6,17.475
2025,8,PSO,Eden Prairie HS,88.651,26.925,17.275,27.175,17.275
2025,8,PSO,Franklin Community HS,86.888,26.363,17.2,25.675,17.65
2025,8,PSO,Ninety Six HS,86.863,26.062,16.9,26.575,17.325
2025,8,PSO,Irondale Combined Schools,86.825,25.35,17.45,26.0,18.025
2025,8,PSO,Northview HS,84.725,24.9,16.925,25.95,16.95
2025,8,PSO,Rock Hill HS,83.725,25.275,16.5,25.15,16.8
2025,8,PSO,Gulfport HS,82.975,25.125,16.5,25.05,16.3
2025,8,PSO,South Forsyth HS,82.125,24.225,16.1,24.8,17.0
2025,8,R1,Fishers HS,94.925,28.8,18.7,28.6,18.825
2025,8,R1,Zionsville Community HS,94.513,28.312,18.7,28.6,18.9
2025,8,R1,Pace HS,93.038,28.312,17.9,28.6,18.225
2025,8,R1,Union HS,91.451,27.0,18.9,27.1,18.45
2025,8,R1,Fort Zumwalt Combined Schools,93.2,27.6,18.7,28.5,18.4
2025,8,R1,Basha HS,90.464,27.712,17.75,27.6,17.4
2025,8,R1,Goshen HS,90.276,27.0,17.575,27.8,17.9
2025,8,R1,Old Bridge HS,89.489,26.887,17.525,27.6,17.475
2025,8,R1,Eden Prairie HS,88.651,26.925,17.275,27.175,17.275
2025,8,R1,Franklin Community HS,86.888,26.363,17.2,25.675,17.65
2025,8,R1,Ninety Six HS,86.863,26.062,16.9,26.575,17.325
2025,8,R1,Irondale Combined Schools,86.825,25.35,17.45,26.0,18.025
2025,8,R1,Northview HS,84.725,24.9,16.925,25.95,16.95
2025,8,R1,Rock Hill HS,83.725,25.275,16.5,25.15,16.8
2025,8,R1,Gulfport HS,82.975,25.125,16.5,25.05,16.3
2025,8,R1,South Forsyth HS,82.125,24.225,16.1,24.8,17.0
2025,8,PSO,Victor J. Andrew HS,95.325,28.65,19.15,28.325,19.2
2025,8,PSO,Rancho Cucamonga HS,95.313,28.688,19.15,28.6,18.875
2025,8,PSO,Greenfield-Central HS,94.338,28.988,18.8,27.75,18.8
2025,8,PSO,Great Oak HS,92.7,27.975,18.5,27.975,18.25
2025,8,PSO,Kamiak HS,91.663,27.788,17.75,28.05,18.075
2025,8,PSO,Chisholm Trail HS,90.689,27.638,17.45,27.9,17.7
2025,8,PSO,Saginaw HS,90.464,27.487,17.075,27.75,18.15
2025,8,PSO,Germantown HS,90.364,27.263,17.975,27.225,17.9
2025,8,PSO,Beavercreek HS,89.501,26.25,18.2,26.95,18.1
2025,8,PSO,Noblesville HS,86.838,25.988,16.4,26.7,17.75
2025,8,PSO,Spring-Ford HS,85.988,25.688,16.95,26.075,17.275
2025,8,PSO,South Jones HS,85.438,24.938,16.35,27.15,17.0
2025,8,PSO,Westfield HS (IN),84.488,24.413,16.6,26.425,17.05
2025,8,PSO,Hempfield HS,83.0,25.05,16.6,25.0,16.35
2025,8,PSO,Hernando HS,82.563,24.712,15.8,25.4,16.65
2025,8,PSO,Timberland Combined Schools,82.3,24.15,15.35,26.3,16.5
2025,8,R2,Victor J. Andrew HS,95.325,28.65,19.15,28.325,19.2
2025,8,R2,Rancho Cucamonga HS,95.313,28.688,19.15,28.6,18.875
2025,8,R2,Greenfield-Central HS,94.338,28.988,18.8,27.75,18.8
2025,8,R2,Great Oak HS,92.7,27.975,18.5,27.975,18.25
2025,8,R2,Kamiak HS,91.663,27.788,17.75,28.05,18.075
2025,8,R2,Chisholm Trail HS,90.689,27.638,17.45,27.9,17.7
2025,8,R2,Saginaw HS,90.464,27.487,17.075,27.75,18.15
2025,8,R2,Germantown HS,90.364,27.263,17.975,27.225,17.9
2025,8,R2,Beavercreek HS,89.501,26.25,18.2,26.95,18.1
2025,8,R2,Noblesville HS,86.838,25.988,16.4,26.7,17.75
2025,8,R2,Spring-Ford HS,85.988,25.688,16.95,26.075,17.275
2025,8,R2,South Jones HS,85.438,24.938,16.35,27.15,17.0
2025,8,R2,Westfield HS (IN),84.488,24.413,16.6,26.425,17.05
2025,8,R2,Hempfield HS,83.0,25.05,16.6,25.0,16.35
2025,8,R2,Hernando HS,82.563,24.712,15.8,25.4,16.65
2025,8,R2,Timberland Combined Schools,82.3,24.15,15.35,26.3,16.5
2025,8,PIO,Veritas,96.775,29.55,19.6,28.6,19.025
2025,8,PIO,Civitas Independent,95.863,28.837,19.3,29.0,18.725
2025,8,PIO,UTSA,95.388,28.987,18.7,28.75,18.95
2025,8,PIO,Freedom Percussion,95.113,28.612,18.9,29.2,18.4
2025,8,PIO,OCI,94.1,28.575,19.0,28.1,18.425
2025,8,PIO,Q2,93.951,28.575,19.0,27.825,18.55
2025,8,PIO,Cap City 2,93.714,28.238,18.25,28.4,18.825
2025,8,PIO,Spectre Percussion,93.014,28.012,18.55,27.375,19.075
2025,8,PIO,United Percussion 2,91.539,27.337,18.525,27.8,17.875
2025,8,PIO,Paradigm Percussion,90.975,27.225,18.35,27.325,18.075
2025,8,PIO,River City Rhythm,90.923,27.038,18.335,27.275,18.275
2025,8,PIO,Bakersfield College,89.2,27.225,17.8,26.65,17.525
2025,8,PIO,Imperial Dynasty,88.175,26.25,17.8,26.525,17.6
2025,8,PIO,Matrix Open,87.813,26.212,17.525,27.0,17.075
2025,8,PIO,Breakthrough Indoor Percussion,86.575,25.875,17.525,25.975,17.2
2025,8,PIO,Infinity 3,85.775,26.325,17.15,25.95,16.35
2025,8,PIO,Sun City Independent,84.313,25.538,16.675,24.75,17.35
2025,8,PIO,Motor City Percussion,84.175,24.825,16.95,26.1,16.3
2025,8,PIO,Huron Valley Percussion,82.4,24.675,16.725,24.55,16.45
2025,8,PIO,Vision Percussion,82.0,24.15,16.5,24.2,17.15
2025,8,PSO,Fishers HS,94.925,28.8,18.7,28.6,18.825
2025,8,PSO,Zionsville Community HS,94.513,28.312,18.7,28.6,18.9
2025,8,PSO,Pace HS,93.038,28.312,17.9,28.6,18.225
2025,8,PSO,Union HS,91.451,27.0,18.9,27.1,18.45
2025,8,PSO,Fort Zumwalt Combined Schools,93.2,27.6,18.7,28.5,18.4
2025,8,PSO,Basha HS,90.464,27.712,17.75,27.6,17.4
2025,8,PSO,Goshen HS,90.276,27.0,17.575,27.8,17.9
2025,8,PSO,Old Bridge HS,89.489,26.887,17.525,27.6,17.475
2025,8,PSO,Eden Prairie HS,88.651,26.925,17.275,27.175,17.275
2025,8,PSO,Franklin Community HS,86.888,26.363,17.2,25.675,17.65
2025,8,PSO,Ninety Six HS,86.863,26.062,16.9,26.575,17.325
2025,8,PSO,Irondale Combined Schools,86.825,25.35,17.45,26.0,18.025
2025,8,PSO,Northview HS,84.725,24.9,16.925,25.95,16.95
2025,8,PSO,Rock Hill HS,83.725,25.275,16.5,25.15,16.8
2025,8,PSO,Gulfport HS,82.975,25.125,16.5,25.05,16.3
2025,8,PSO,South Forsyth HS,82.125,24.225,16.1,24.8,17.0
2025,8,R1,Fishers HS,94.925,28.8,18.7,28.6,18.825
2025,8,R1,Zionsville Community HS,94.513,28.312,18.7,28.6,18.9
2025,8,R1,Pace HS,93.038,28.312,17.9,28.6,18.225
2025,8,R1,Union HS,91.451,27.0,18.9,27.1,18.45
2025,8,R1,Fort Zumwalt Combined Schools,93.2,27.6,18.7,28.5,18.4
2025,8,R1,Basha HS,90.464,27.712,17.75,27.6,17.4
2025,8,R1,Goshen HS,90.276,27.0,17.575,27.8,17.9
2025,8,R1,Old Bridge HS,89.489,26.887,17.525,27.6,17.475
2025,8,R1,Eden Prairie HS,88.651,26.925,17.275,27.175,17.275
2025,8,R1,Franklin Community HS,86.888,26.363,17.2,25.675,17.65
2025,8,R1,Ninety Six HS,86.863,26.062,16.9,26.575,17.325
2025,8,R1,Irondale Combined Schools,86.825,25.35,17.45,26.0,18.025
2025,8,R1,Northview HS,84.725,24.9,16.925,25.95,16.95
2025,8,R1,Rock Hill HS,83.725,25.275,16.5,25.15,16.8
2025,8,R1,Gulfport HS,82.975,25.125,16.5,25.05,16.3
2025,8,R1,South Forsyth HS,82.125,24.225,16.1,24.8,17.0
2025,8,PSO,Victor J. Andrew HS,95.325,28.65,19.15,28.325,19.2
2025,8,PSO,Rancho Cucamonga HS,95.313,28.688,19.15,28.6,18.875
2025,8,PSO,Greenfield-Central HS,94.338,28.988,18.8,27.75,18.8
2025,8,PSO,Great Oak HS,92.7,27.975,18.5,27.975,18.25
2025,8,PSO,Kamiak HS,91.663,27.788,17.75,28.05,18.075
2025,8,PSO,Chisholm Trail HS,90.689,27.638,17.45,27.9,17.7
2025,8,PSO,Saginaw HS,90.464,27.487,17.075,27.75,18.15
2025,8,PSO,Germantown HS,90.364,27.263,17.975,27.225,17.9
2025,8,PSO,Beavercreek HS,89.501,26.25,18.2,26.95,18.1
2025,8,PSO,Noblesville HS,86.838,25.988,16.4,26.7,17.75
2025,8,PSO,Spring-Ford HS,85.988,25.688,16.95,26.075,17.275
2025,8,PSO,South Jones HS,85.438,24.938,16.35,27.15,17.0
2025,8,PSO,Westfield HS (IN),84.488,24.413,16.6,26.425,17.05
2025,8,PSO,Hempfield HS,83.0,25.05,16.6,25.0,16.35
2025,8,PSO,Hernando HS,82.563,24.712,15.8,25.4,16.65
2025,8,PSO,Timberland Combined Schools,82.3,24.15,15.35,26.3,16.5
2025,8,R2,Victor J. Andrew HS,95.325,28.65,19.15,28.325,19.2
2025,8,R2,Rancho Cucamonga HS,95.313,28.688,19.15,28.6,18.875
2025,8,R2,Greenfield-Central HS,94.338,28.988,18.8,27.75,18.8
2025,8,R2,Great Oak HS,92.7,27.975,18.5,27.975,18.25
2025,8,R2,Kamiak HS,91.663,27.788,17.75,28.05,18.075
2025,8,R2,Chisholm Trail HS,90.689,27.638,17.45,27.9,17.7
2025,8,R2,Saginaw HS,90.464,27.487,17.075,27.75,18.15
2025,8,R2,Germantown HS,90.364,27.263,17.975,27.225,17.9
2025,8,R2,Beavercreek HS,89.501,26.25,18.2,26.95,18.1
2025,8,R2,Noblesville HS,86.838,25.988,16.4,26.7,17.75
2025,8,R2,Spring-Ford HS,85.988,25.688,16.95,26.075,17.275
2025,8,R2,South Jones HS,85.438,24.938,16.35,27.15,17.0
2025,8,R2,Westfield HS (IN),84.488,24.413,16.6,26.425,17.05
2025,8,R2,Hempfield HS,83.0,25.05,16.6,25.0,16.35
2025,8,R2,Hernando HS,82.563,24.712,15.8,25.4,16.65
2025,8,R2,Timberland Combined Schools,82.3,24.15,15.35,26.3,16.5
2025,8,PIO,Veritas,96.775,29.55,19.6,28.6,19.025
2025,8,PIO,Civitas Independent,95.863,28.837,19.3,29.0,18.725
2025,8,PIO,UTSA,95.388,28.987,18.7,28.75,18.95
2025,8,PIO,Freedom Percussion,95.113,28.612,18.9,29.2,18.4
2025,8,PIO,OCI,94.1,28.575,19.0,28.1,18.425
2025,8,PIO,Q2,93.951,28.575,19.0,27.825,18.55
2025,8,PIO,Cap City 2,93.714,28.238,18.25,28.4,18.825
2025,8,PIO,Spectre Percussion,93.014,28.012,18.55,27.375,19.075
2025,8,PIO,United Percussion 2,91.539,27.337,18.525,27.8,17.875
2025,8,PIO,Paradigm Percussion,90.975,27.225,18.35,27.325,18.075
2025,8,PIO,River City Rhythm,90.923,27.038,18.335,27.275,18.275
2025,8,PIO,Bakersfield College,89.2,27.225,17.8,26.65,17.525
2025,8,PIO,Imperial Dynasty,88.175,26.25,17.8,26.525,17.6
2025,8,PIO,Matrix Open,87.813,26.212,17.525,27.0,17.075
2025,8,PIO,Breakthrough Indoor Percussion,86.575,25.875,17.525,25.975,17.2
2025,8,PIO,Infinity 3,85.775,26.325,17.15,25.95,16.35
2025,8,PIO,Sun City Independent,84.313,25.538,16.675,24.75,17.35
2025,8,PIO,Motor City Percussion,84.175,24.825,16.95,26.1,16.3
2025,8,PIO,Huron Valley Percussion,82.4,24.675,16.725,24.55,16.45
2025,8,PIO,Vision Percussion,82.0,24.15,16.5,24.2,17.15
2025,8,PIA,M3,93.9,28.5,18.6,28.25,18.55
2025,8,PIA,Nomad Indoor,92.65,28.275,18.525,27.7,18.15
2025,8,PIA,Lake Effect Percussion,89.5,27.3,18.0,26.525,17.675
2025,8,PIA,North Star Independent,88.875,26.325,17.35,27.4,17.8
2025,8,PIA,Kannapolis Independent,88.451,27.15,17.1,26.7,17.5
2025,8,PIA,Lakeville Area Percussion,86.026,26.1,17.125,26.0,16.8
2025,8,PIA,Vortex Percussion,84.226,26.025,17.0,24.35,16.85
2025,8,PIA,Rochester Lourdes Drumline,83.926,25.5,16.75,25.35,16.325
2025,8,PIA,Legacy Percussion,82.826,25.575,16.3,24.3,16.65
2025,8,PIA,Breakwater Performing Arts,80.525,24.825,15.95,23.7,16.05
2025,8,PIA,Carolina Storm Indoor Percussion,77.5,23.7,15.35,22.8,15.65
2025,8,PIA,Quad City Percussion,73.275,21.375,14.95,21.6,15.35
2025,8,PSA,Clinton HS,97.038,29.288,19.575,29.25,18.925
2025,8,PSA,Choctawhatchee HS,95.975,28.875,19.325,28.525,19.25
2025,8,PSA,E.D. White Catholic HS,94.275,28.725,19.4,27.275,18.875
2025,8,PSA,Unionville HS,93.625,28.875,19.075,27.525,18.15
2025,8,PSA,Dakota Combined Schools,91.939,28.312,18.825,26.85,17.95
2025,8,PSA,Temple City HS,91.589,28.163,18.625,25.925,18.875
2025,8,PSA,North Penn HS,91.114,27.638,18.375,27.15,17.95
2025,8,PSA,Plainfield Combined Schools,90.039,27.562,18.35,26.75,17.375
2025,8,PSA,Catawba Ridge HS,89.888,27.038,18.175,26.9,17.775
2025,8,PSA,Kings HS,89.338,27.413,18.425,26.25,17.25
2025,8,PSA,Pearl HS,89.125,26.475,18.65,27.25,16.75
2025,8,PSA,Lakeway Christian Academy,85.7,25.95,17.45,25.45,16.85
2025,8,PSA,Lower Dauphin HS,85.125,25.275,17.4,26.05,16.4
2025,8,PIA,M3,93.9,28.5,18.6,28.25,18.55
2025,8,PIA,Nomad Indoor,92.65,28.275,18.525,27.7,18.15
2025,8,PIA,Lake Effect Percussion,89.5,27.3,18.0,26.525,17.675
2025,8,PIA,North Star Independent,88.875,26.325,17.35,27.4,17.8
2025,8,PIA,Kannapolis Independent,88.451,27.15,17.1,26.7,17.5
2025,8,PIA,Lakeville Area Percussion,86.026,26.1,17.125,26.0,16.8
2025,8,PIA,Vortex Percussion,84.226,26.025,17.0,24.35,16.85
2025,8,PIA,Rochester Lourdes Drumline,83.926,25.5,16.75,25.35,16.325
2025,8,PIA,Legacy Percussion,82.826,25.575,16.3,24.3,16.65
2025,8,PIA,Breakwater Performing Arts,80.525,24.825,15.95,23.7,16.05
2025,8,PIA,Carolina Storm Indoor Percussion,77.5,23.7,15.35,22.8,15.65
2025,8,PIA,Quad City Percussion,73.275,21.375,14.95,21.6,15.35
2025,8,PSA,Clinton HS,97.038,29.288,19.575,29.25,18.925
2025,8,PSA,Choctawhatchee HS,95.975,28.875,19.325,28.525,19.25
2025,8,PSA,E.D. White Catholic HS,94.275,28.725,19.4,27.275,18.875
2025,8,PSA,Unionville HS,93.625,28.875,19.075,27.525,18.15
2025,8,PSA,Dakota Combined Schools,91.939,28.312,18.825,26.85,17.95
2025,8,PSA,Temple City HS,91.589,28.163,18.625,25.925,18.875
2025,8,PSA,North Penn HS,91.114,27.638,18.375,27.15,17.95
2025,8,PSA,Plainfield Combined Schools,90.039,27.562,18.35,26.75,17.375
2025,8,PSA,Catawba Ridge HS,89.888,27.038,18.175,26.9,17.775
2025,8,PSA,Kings HS,89.338,27.413,18.425,26.25,17.25
2025,8,PSA,Pearl HS,89.125,26.475,18.65,27.25,16.75
2025,8,PSA,Lakeway Christian Academy,85.7,25.95,17.45,25.45,16.85
2025,8,PSA,Lower Dauphin HS,85.125,25.275,17.4,26.05,16.4
2025,8,PSA,Unionville HS,92.65,28.35,18.4,27.85,18.05
2025,8,PSA,Temple City HS,91.525,28.425,18.5,26.2,18.4
2025,8,PSA,Plainfield Combined Schools,90.375,27.15,18.325,26.975,17.925
2025,8,PSA,Hamilton Southeastern HS,90.325,26.925,17.85,26.9,18.65
2025,8,PSA,Pearl HS,90.288,26.512,18.55,27.9,17.325
2025,8,PSA,Lakeway Christian Academy,89.014,26.738,18.05,26.075,18.15
2025,8,PSA,Perkiomen Valley HS,86.089,25.913,17.15,25.8,17.225
2025,8,PSA,Springboro HS,86.026,25.575,17.3,25.9,17.25
2025,8,PSA,Bellevue Combined Schools,85.389,24.938,17.575,25.225,17.65
2025,8,PSA,Hewitt-Trussville HS,84.05,25.2,16.9,25.6,16.35
2025,8,PSA,Olentangy Liberty HS,83.3,25.2,16.425,24.475,17.2
2025,8,PSA,West Milford HS,81.975,24.9,16.425,24.025,16.625
2025,8,PSA,Mars Area HS,81.875,24.6,16.825,24.2,16.25
2025,8,PSA,Enloe Magnet HS,81.188,24.638,16.15,24.65,15.75
2025,8,PSA,Cranston Combined Schools,80.75,23.775,16.225,24.45,16.3
2025,8,PSA,Bellbrook HS,78.4,23.1,16.25,23.2,15.85
2025,8,R1,Unionville HS,92.65,28.35,18.4,27.85,18.05
2025,8,R1,Temple City HS,91.525,28.425,18.5,26.2,18.4
2025,8,R1,Plainfield Combined Schools,90.375,27.15,18.325,26.975,17.925
2025,8,R1,Hamilton Southeastern HS,90.325,26.925,17.85,26.9,18.65
2025,8,R1,Pearl HS,90.288,26.512,18.55,27.9,17.325
2025,8,R1,Lakeway Christian Academy,89.014,26.738,18.05,26.075,18.15
2025,8,R1,Perkiomen Valley HS,86.089,25.913,17.15,25.8,17.225
2025,8,R1,Springboro HS,86.026,25.575,17.3,25.9,17.25
2025,8,R1,Bellevue Combined Schools,85.389,24.938,17.575,25.225,17.65
2025,8,R1,Hewitt-Trussville HS,84.05,25.2,16.9,25.6,16.35
2025,8,R1,Olentangy Liberty HS,83.3,25.2,16.425,24.475,17.2
2025,8,R1,West Milford HS,81.975,24.9,16.425,24.025,16.625
2025,8,R1,Mars Area HS,81.875,24.6,16.825,24.2,16.25
2025,8,R1,Enloe Magnet HS,81.188,24.638,16.15,24.65,15.75
2025,8,R1,Cranston Combined Schools,80.75,23.775,16.225,24.45,16.3
2025,8,R1,Bellbrook HS,78.4,23.1,16.25,23.2,15.85
2025,8,PSA,Clinton HS,94.725,28.575,19.25,28.5,18.4
2025,8,PSA,Choctawhatchee HS,93.763,28.462,18.65,27.925,18.725
2025,8,PSA,E.D. White Catholic HS,92.888,28.612,19.0,27.175,18.1
2025,8,PSA,Dakota Combined Schools,91.663,28.087,18.625,26.725,18.225
2025,8,PSA,North Penn HS,90.35,27.525,17.9,26.675,18.25
2025,8,PSA,Kings HS,90.039,27.712,18.6,25.325,18.4
2025,8,PSA,Catawba Ridge HS,89.801,26.925,18.175,26.9,17.8
2025,8,PSA,Sycamore HS,89.601,28.05,18.1,26.15,17.3
2025,8,PSA,Lower Dauphin HS,87.701,26.7,17.85,25.7,17.45
2025,8,PSA,Owen J Roberts HS,86.425,26.85,17.35,25.375,16.85
2025,8,PSA,Warren Central HS (MS),85.925,26.4,17.8,24.925,16.8
2025,8,PSA,Dassel-Cokato HS,83.9,25.425,16.725,24.3,17.45
2025,8,PSA,Mountain Ridge HS (UT),83.025,25.35,16.9,24.425,16.35
2025,8,PSA,Grand Blanc HS,82.325,24.3,16.8,24.4,16.825
2025,8,PSA,Lawrence Township School District,82.3,23.475,16.275,26.15,16.4
2025,8,PSA,Decatur Central HS,81.925,23.775,16.5,25.8,15.85
2025,8,R2,Clinton HS,94.725,28.575,19.25,28.5,18.4
2025,8,R2,Choctawhatchee HS,93.763,28.462,18.65,27.925,18.725
2025,8,R2,E.D. White Catholic HS,92.888,28.612,19.0,27.175,18.1
2025,8,R2,Dakota Combined Schools,91.663,28.087,18.625,26.725,18.225
2025,8,R2,North Penn HS,90.35,27.525,17.9,26.675,18.25
2025,8,R2,Kings HS,90.039,27.712,18.6,25.325,18.4
2025,8,R2,Catawba Ridge HS,89.801,26.925,18.175,26.9,17.8
2025,8,R2,Sycamore HS,89.601,28.05,18.1,26.15,17.3
2025,8,R2,Lower Dauphin HS,87.701,26.7,17.85,25.7,17.45
2025,8,R2,Owen J Roberts HS,86.425,26.85,17.35,25.375,16.85
2025,8,R2,Warren Central HS (MS),85.925,26.4,17.8,24.925,16.8
2025,8,R2,Dassel-Cokato HS,83.9,25.425,16.725,24.3,17.45
2025,8,R2,Mountain Ridge HS (UT),83.025,25.35,16.9,24.425,16.35
2025,8,R2,Grand Blanc HS,82.325,24.3,16.8,24.4,16.825
2025,8,R2,Lawrence Township School District,82.3,23.475,16.275,26.15,16.4
2025,8,R2,Decatur Central HS,81.925,23.775,16.5,25.8,15.85
2025,8,PSW,Ayala HS,99.5,30.0,20.0,29.55,19.95
2025,8,PSW,Bridgeland HS,97.163,29.062,19.55,28.85,19.7
2025,8,PSW,Chino Hills HS,95.8,29.025,19.1,28.5,19.175
2025,8,PSW,Avon HS,94.988,28.012,19.25,28.95,18.775
2025,8,PSW,Burleson Centennial HS,94.725,28.425,19.05,27.8,19.45
2025,8,PSW,Arcadia HS,93.076,27.975,18.125,28.225,18.75
2025,8,PSW,Cy-Fair HS,92.164,27.337,18.025,28.0,18.8
2025,8,PSW,Clear Brook HS,91.239,27.337,18.35,27.15,18.4
2025,8,PSW,Dartmouth HS,90.401,27.3,17.85,27.25,18.0
2025,8,PSW,Center Grove HS,89.725,26.475,18.05,27.15,18.05
2025,8,PSW,Broken Arrow HS,87.675,26.475,17.05,26.3,17.85
2025,8,PSW,Boswell HS,87.463,25.913,17.75,26.3,17.5
2025,8,PSW,Dorman HS,85.875,25.875,17.1,25.4,17.5
2025,8,PSW,Brownsburg HS,84.425,25.275,17.1,25.15,16.9
2025,8,PSW,Walled Lake Consolidated Schools,83.675,25.275,17.1,24.65,16.65
2025,8,PIW,RCC,99.163,29.888,19.975,29.375,19.925
2025,8,PIW,Rhythm X,99.063,29.812,19.875,29.5,19.875
2025,8,PIW,Broken City,97.95,29.475,19.6,29.3,19.575
2025,8,PIW,Pulse Percussion,96.975,29.175,19.4,28.875,19.525
2025,8,PIW,Infinity,95.826,29.025,19.175,28.475,19.15
2025,8,PIW,George Mason University,94.864,28.762,19.375,27.8,18.925
2025,8,PIW,Music City Mystique,94.101,28.5,18.9,27.775,18.925
2025,8,PIW,United Percussion,93.414,28.087,18.7,28.15,18.475
2025,8,PIW,Matrix,92.076,28.425,19.3,26.25,18.1
2025,8,PIW,Cap City,91.65,27.45,18.2,27.45,18.55
2025,8,PIW,POW Percussion,91.063,27.562,18.4,27.0,18.1
2025,8,PIW,Atlanta Quest,90.238,27.112,17.6,27.725,17.8
2025,8,PIW,Rhythmic Force Percussion,89.875,27.0,18.2,26.85,17.825
2025,8,PIW,Monarch Independent,89.075,26.775,17.45,27.4,17.45
2025,8,PIW,Meraki,87.025,26.175,17.5,26.1,17.25
2025,8,PSO,Victor J. Andrew HS,96.763,29.062,19.35,28.925,19.425
2025,8,PSO,Fishers HS,96.75,29.625,19.3,28.825,19.0
2025,8,PSO,Rancho Cucamonga HS,96.075,28.95,19.25,28.675,19.2
2025,8,PSO,Greenfield-Central HS,95.45,29.175,18.825,28.325,19.125
2025,8,PSO,Zionsville Community HS,95.45,28.5,18.65,29.35,18.95
2025,8,PSO,Pace HS,94.051,28.575,18.15,28.55,18.775
2025,8,PSO,Union HS,91.739,27.262,18.7,27.25,18.525
2025,8,PSO,Fort Zumwalt Combined Schools,91.139,26.288,17.7,28.45,18.7
2025,8,PSO,Chisholm Trail HS,90.788,27.938,17.7,27.5,17.65
2025,8,PSO,Goshen HS,90.325,27.0,18.6,27.05,17.675
2025,8,PSO,Kamiak HS,90.3,27.75,17.475,26.975,18.1
2025,8,PSO,Saginaw HS,89.313,26.812,17.275,27.275,17.95
2025,8,PSO,Basha HS,88.488,26.962,17.6,26.4,17.525
2025,8,PSO,Germantown HS,88.463,26.438,17.4,27.075,17.55
2025,8,PSO,Great Oak HS,91.664,27.262,18.275,28.0,18.125
2025,8,PIO,Veritas,97.85,29.775,19.75,28.65,19.675
2025,8,PIO,Civitas Independent,96.775,29.325,19.35,29.05,19.05
2025,8,PIO,UTSA,95.188,28.762,19.1,28.7,18.625
2025,8,PIO,Freedom Percussion,95.05,27.9,18.9,29.05,19.2
2025,8,PIO,Spectre Percussion,94.925,28.95,19.35,27.475,19.15
2025,8,PIO,Cap City 2,94.826,28.65,18.675,28.8,18.7
2025,8,PIO,OCI,94.701,28.65,19.225,28.25,18.575
2025,8,PIO,Q2,93.814,28.613,18.85,27.875,18.475
2025,8,PIO,United Percussion 2,91.414,27.413,18.575,27.725,17.7
2025,8,PIO,Paradigm Percussion,91.163,27.562,18.5,26.85,18.25
2025,8,PIO,River City Rhythm,88.638,26.062,18.05,26.5,18.025
2025,8,PIO,Matrix Open,88.6,27.0,17.3,27.55,16.75
2025,8,PIO,Bakersfield College,88.038,26.887,17.55,26.25,17.35
2025,8,PIO,Imperial Dynasty,88.025,26.4,17.7,26.775,17.15
2025,8,PIO,Breakthrough Indoor Percussion,86.375,25.5,17.05,26.575,17.25
2025,8,PSO,Victor J. Andrew HS,96.763,29.062,19.35,28.925,19.425
2025,8,PSO,Fishers HS,96.75,29.625,19.3,28.825,19.0
2025,8,PSO,Rancho Cucamonga HS,96.075,28.95,19.25,28.675,19.2
2025,8,PSO,Greenfield-Central HS,95.45,29.175,18.825,28.325,19.125
2025,8,PSO,Zionsville Community HS,95.45,28.5,18.65,29.35,18.95
2025,8,PSO,Pace HS,94.051,28.575,18.15,28.55,18.775
2025,8,PSO,Union HS,91.739,27.262,18.7,27.25,18.525
2025,8,PSO,Fort Zumwalt Combined Schools,91.139,26.288,17.7,28.45,18.7
2025,8,PSO,Chisholm Trail HS,90.788,27.938,17.7,27.5,17.65
2025,8,PSO,Goshen HS,90.325,27.0,18.6,27.05,17.675
2025,8,PSO,Kamiak HS,90.3,27.75,17.475,26.975,18.1
2025,8,PSO,Saginaw HS,89.313,26.812,17.275,27.275,17.95
2025,8,PSO,Basha HS,88.488,26.962,17.6,26.4,17.525
2025,8,PSO,Germantown HS,88.463,26.438,17.4,27.075,17.55
2025,8,PSO,Great Oak HS,91.664,27.262,18.275,28.0,18.125
2025,8,PIO,Veritas,97.85,29.775,19.75,28.65,19.675
2025,8,PIO,Civitas Independent,96.775,29.325,19.35,29.05,19.05
2025,8,PIO,UTSA,95.188,28.762,19.1,28.7,18.625
2025,8,PIO,Freedom Percussion,95.05,27.9,18.9,29.05,19.2
2025,8,PIO,Spectre Percussion,94.925,28.95,19.35,27.475,19.15
2025,8,PIO,Cap City 2,94.826,28.65,18.675,28.8,18.7
2025,8,PIO,OCI,94.701,28.65,19.225,28.25,18.575
2025,8,PIO,Q2,93.814,28.613,18.85,27.875,18.475
2025,8,PIO,United Percussion 2,91.414,27.413,18.575,27.725,17.7
2025,8,PIO,Paradigm Percussion,91.163,27.562,18.5,26.85,18.25
2025,8,PIO,River City Rhythm,88.638,26.062,18.05,26.5,18.025
2025,8,PIO,Matrix Open,88.6,27.0,17.3,27.55,16.75
2025,8,PIO,Bakersfield College,88.038,26.887,17.55,26.25,17.35
2025,8,PIO,Imperial Dynasty,88.025,26.4,17.7,26.775,17.15
2025,8,PIO,Breakthrough Indoor Percussion,86.375,25.5,17.05,26.575,17.25
2025,8,PSW,Ayala HS,99.5,30.0,20.0,29.55,19.95
2025,8,PSW,Bridgeland HS,97.163,29.062,19.55,28.85,19.7
2025,8,PSW,Chino Hills HS,95.8,29.025,19.1,28.5,19.175
2025,8,PSW,Avon HS,94.988,28.012,19.25,28.95,18.775
2025,8,PSW,Burleson Centennial HS,94.725,28.425,19.05,27.8,19.45
2025,8,PSW,Arcadia HS,93.076,27.975,18.125,28.225,18.75
2025,8,PSW,Cy-Fair HS,92.164,27.337,18.025,28.0,18.8
2025,8,PSW,Clear Brook HS,91.239,27.337,18.35,27.15,18.4
2025,8,PSW,Dartmouth HS,90.401,27.3,17.85,27.25,18.0
2025,8,PSW,Center Grove HS,89.725,26.475,18.05,27.15,18.05
2025,8,PSW,Broken Arrow HS,87.675,26.475,17.05,26.3,17.85
2025,8,PSW,Boswell HS,87.463,25.913,17.75,26.3,17.5
2025,8,PSW,Dorman HS,85.875,25.875,17.1,25.4,17.5
2025,8,PSW,Brownsburg HS,84.425,25.275,17.1,25.15,16.9
2025,8,PSW,Walled Lake Consolidated Schools,83.675,25.275,17.1,24.65,16.65
2025,8,PIW,RCC,99.163,29.888,19.975,29.375,19.925
2025,8,PIW,Rhythm X,99.063,29.812,19.875,29.5,19.875
2025,8,PIW,Broken City,97.95,29.475,19.6,29.3,19.575
2025,8,PIW,Pulse Percussion,96.975,29.175,19.4,28.875,19.525
2025,8,PIW,Infinity,95.826,29.025,19.175,28.475,19.15
2025,8,PIW,George Mason University,94.864,28.762,19.375,27.8,18.925
2025,8,PIW,Music City Mystique,94.101,28.5,18.9,27.775,18.925
2025,8,PIW,United Percussion,93.414,28.087,18.7,28.15,18.475
2025,8,PIW,Matrix,92.076,28.425,19.3,26.25,18.1
2025,8,PIW,Cap City,91.65,27.45,18.2,27.45,18.55
2025,8,PIW,POW Percussion,91.063,27.562,18.4,27.0,18.1
2025,8,PIW,Atlanta Quest,90.238,27.112,17.6,27.725,17.8
2025,8,PIW,Rhythmic Force Percussion,89.875,27.0,18.2,26.85,17.825
2025,8,PIW,Monarch Independent,89.075,26.775,17.45,27.4,17.45
2025,8,PIW,Meraki,87.025,26.175,17.5,26.1,17.25
2026,0,PSA,Piedmont HS,73.65,22.35,13.9,22.9,14.5
2026,0,PSA,Southmoore HS,71.75,21.45,13.4,22.3,14.6
2026,0,PSW,Broken Arrow HS,76.35,22.95,15.2,23.3,14.9
2026,0,PIW,Resistance Indoor Percussion,76.3,23.1,15.3,23.2,14.7
2026,0,PSA,Piedmont HS,72.75,21.45,13.6,23.4,14.3
2026,0,PSA,Southmoore HS,70.5,20.1,13.3,22.4,14.7
2026,0,PSW,Broken Arrow HS,74.7,21.9,14.8,23.6,14.4
2026,0,PIW,Resistance Indoor Percussion,75.5,23.1,15.1,23.3,14.0
2026,0,PSA,Westhill HS,82.8,25.2,16.8,25.7,15.1
2026,0,PSA,Jordan-Elbridge HS,81.85,25.05,17.5,23.4,15.9
2026,0,PSA,East Syracuse Minoa Central HS,80.125,23.625,16.6,24.6,15.3
2026,0,PSA,Paul V. Moore HS,77.15,23.55,14.9,23.7,15.0
2026,0,PSA,Central Dauphin HS,73.35,22.05,14.5,22.7,14.1
2026,0,PSA,Corning Painted Post HS,71.001,21.0,15.5,21.3,13.2
2026,0,PSA,Liverpool HS,70.401,19.5,13.8,22.8,14.3
2026,0,PSA,Eastridge HS,69.601,20.4,13.6,22.0,13.6
2026,0,PSA,New Hartford HS,69.351,20.25,13.4,22.2,13.5
2026,0,PSA,Southern Tioga HS,62.9,18.3,12.4,19.5,12.7
2026,0,PIA,Flower City Percussion,65.55,19.35,12.2,21.2,12.8
2026,0,PSO,Trumbull HS,76.3,24.0,15.6,22.1,14.6
2026,0,PSO,Victor HS,69.8,19.8,13.6,21.4,15.0
2026,0,PIO,EPIC Indoor Percussion,69.8,21.0,13.8,21.2,13.8
2026,0,PSA,Westhill HS,81.1,24.9,16.2,25.5,14.5
2026,0,PSA,Jordan-Elbridge HS,80.45,24.75,17.4,22.9,15.4
2026,0,PSA,East Syracuse Minoa Central HS,77.8,22.2,16.6,24.4,14.6
2026,0,PSA,Paul V. Moore HS,76.45,22.95,14.9,23.7,14.9
2026,0,PSA,Central Dauphin HS,73.701,22.8,14.2,22.6,14.1
2026,0,PSA,Corning Painted Post HS,70.701,20.7,15.4,21.9,12.7
2026,0,PSA,Liverpool HS,70.351,19.35,13.5,23.1,14.4
2026,0,PSA,New Hartford HS,69.451,20.25,13.3,22.8,13.1
2026,0,PSA,Eastridge HS,68.751,19.95,13.8,21.6,13.4
2026,0,PSA,Southern Tioga HS,62.4,17.4,12.6,19.8,12.6
2026,0,PIA,Flower City Percussion,65.85,19.35,12.8,21.2,12.5
2026,0,PSO,Trumbull HS,75.7,24.0,15.8,21.7,14.2
2026,0,PSO,Victor HS,69.4,19.5,13.3,22.0,14.6
2026,0,PIO,EPIC Indoor Percussion,69.9,21.3,13.4,21.2,14.0
2026,1,PSA,Rancho Alamitos HS,73.65,21.0,14.6,23.95,14.1
2026,1,PSA,Dorothy McElhinney MS,72.25,19.95,14.5,23.0,14.8
2026,1,PSA,Imperial HS,69.75,20.25,13.6,21.6,14.3
2026,1,PSO,Rancho Cucamonga HS,84.45,25.95,16.6,25.1,16.8
2026,1,PSO,Great Oak HS,83.4,25.5,16.5,25.6,15.8
2026,1,PSO,Pacifica HS,81.75,25.05,16.3,24.0,16.4
2026,1,PSO,Branham HS,78.25,23.85,15.1,24.5,14.8
2026,1,PSO,Casa Grande HS,77.55,23.25,15.4,23.2,15.7
2026,1,PSO,Mission Hills HS,77.051,24.45,15.0,22.5,15.1
2026,1,PIO,Bakersfield College,83.25,25.05,16.5,25.4,16.3
2026,1,PIO,Kaizen Percussion,83.05,25.65,16.3,24.7,16.4
2026,1,PSW,Chino Hills HS,89.6,27.3,17.6,27.4,17.3
2026,1,PSW,Arcadia HS,85.65,26.25,16.6,26.2,16.6
2026,1,PSW,Etiwanda HS,82.45,25.35,16.3,24.8,16.0
2026,1,PSW,El Dorado HS,78.45,24.45,15.6,23.0,15.4
2026,1,PIW,Pulse Percussion,90.35,27.75,17.8,27.4,17.4
2026,1,PIW,RCC,90.0,27.3,18.3,26.9,17.5
2026,1,PIW,POW Percussion,85.15,26.25,16.6,26.1,16.2
2026,1,PIW,Dark Sky Percussion,83.45,25.95,16.4,25.1,16.0
2026,1,PIW,Meraki,82.8,25.2,16.5,25.5,15.6
2026,1,PIW,Flux Indoor Percussion,80.251,25.05,15.9,23.9,15.4
2026,1,PIW,Red Wave Indoor from Fresno State,78.401,23.7,15.2,23.6,15.9
2026,1,PIW,Instinct,76.101,24.3,15.5,21.6,14.7
2026,1,PSA,Rancho Alamitos HS,72.95,20.85,14.5,23.5,14.1
2026,1,PSA,Dorothy McElhinney MS,71.3,19.8,14.4,22.7,14.4
2026,1,PSA,Imperial HS,67.45,19.35,13.5,21.2,13.4
2026,1,PSO,Great Oak HS,81.95,25.05,16.1,25.5,15.3
2026,1,PSO,Rancho Cucamonga HS,83.55,25.65,16.5,24.6,16.8
2026,1,PSO,Pacifica HS,80.7,24.3,16.6,24.4,15.4
2026,1,PSO,Mission Hills HS,77.35,24.15,15.1,22.6,15.5
2026,1,PSO,Branham HS,76.55,23.55,13.6,24.5,14.9
2026,1,PSO,Casa Grande HS,75.751,22.35,14.7,22.5,16.2
2026,1,PSO,West Ranch HS,72.001,22.5,13.1,23.4,13.0
2026,1,PSO,Carlsbad HS,70.801,23.1,13.0,22.1,12.6
2026,1,PIO,Bakersfield College,83.3,25.2,16.3,25.1,16.7
2026,1,PIO,Kaizen Percussion,81.75,25.65,16.6,24.1,15.4
2026,1,PSW,Chino Hills HS,87.55,27.15,17.3,26.6,16.5
2026,1,PSW,Arcadia HS,83.65,26.25,16.3,25.2,15.9
2026,1,PSW,Etiwanda HS,82.25,25.35,16.4,24.9,15.6
2026,1,PSW,El Dorado HS,77.75,24.15,15.2,23.3,15.1
2026,1,PIW,RCC,89.55,27.15,18.2,26.4,17.8
2026,1,PIW,Pulse Percussion,89.4,27.6,17.5,27.1,17.2
2026,1,PIW,POW Percussion,83.0,26.1,16.1,25.7,15.1
2026,1,PIW,Meraki,82.7,25.2,16.5,25.8,15.2
2026,1,PIW,Dark Sky Percussion,81.701,25.8,15.9,24.4,15.6
2026,1,PIW,Flux Indoor Percussion,79.301,25.5,15.7,23.2,14.9
2026,1,PIW,Red Wave Indoor from Fresno State,78.201,24.0,14.7,23.7,15.8
2026,1,PIW,Instinct,76.501,24.6,15.2,22.2,14.5
2026,1,PSA,Fleming Island HS,80.925,24.225,16.65,23.75,16.3
2026,1,PSA,Newsome HS,78.3,23.7,16.2,22.35,16.05
2026,1,PSA,Ponte Vedra HS,76.35,22.65,15.95,21.7,16.05
2026,1,PSA,River Ridge HS,75.4,23.1,15.15,22.25,14.9
2026,1,PSA,West Broward HS,72.701,22.2,14.9,20.95,14.65
2026,1,PIA,Legacy Percussion,74.6,22.5,15.45,20.75,15.9
2026,1,PSCO,West Boca Raton HS,76.5,38.7,37.2,37.9,39.2
2026,1,PSCO,H.B. Plant HS,73.85,36.7,37.3,37.2,36.5
2026,1,PSCO,Lake Buena Vista HS,69.55,35.1,33.9,34.4,35.7
2026,1,PSCW,Timber Creek HS (FL),81.85,42.2,40.9,40.2,40.4
2026,1,PSO,Oakleaf HS,73.8,21.6,15.25,21.05,15.9
2026,1,PIO,Infinity 3,78.4,23.25,15.8,23.15,16.2
2026,1,PIO,Siege Percussion,78.375,22.125,16.2,23.75,16.3
2026,1,PIO,Frontier Percussion,72.65,21.45,14.75,21.3,15.15
2026,1,PIW,Infinity,84.825,25.725,17.2,24.85,17.05
2026,1,PIW,STRYKE Percussion,80.2,24.45,16.15,23.85,15.75
2026,1,PIW,Infinity 2,78.825,23.775,16.4,22.4,16.25
2026,1,PSA,Fleming Island HS,81.25,24.45,16.8,23.8,16.2
2026,1,PSA,Newsome HS,78.125,22.425,16.4,22.9,16.4
2026,1,PSA,River Ridge HS,77.65,23.25,15.3,23.3,15.8
2026,1,PSA,Ponte Vedra HS,76.85,22.35,16.0,22.0,16.5
2026,1,PSA,West Broward HS,75.1,22.5,15.0,22.6,15.0
2026,1,PSA,Stoneman Douglas HS,74.576,21.675,15.6,21.4,15.9
2026,1,PSA,Riverview HS,70.651,21.45,14.2,20.8,14.2
2026,1,PSA,North Port HS,69.851,21.15,13.6,21.1,14.0
2026,1,PSA,Dr. Joaquín García HS,68.451,19.65,13.0,21.7,14.1
2026,1,PIA,Legacy Percussion,74.85,21.75,15.4,21.5,16.2
2026,1,PSO,Oakleaf HS,73.3,22.2,15.2,20.9,15.0
2026,1,PIO,Infinity 3,77.4,23.1,15.8,22.6,15.9
2026,1,PIO,Siege Percussion,77.25,22.05,16.1,23.1,16.0
2026,1,PIO,Frontier Percussion,73.7,21.6,15.5,21.3,15.3
2026,1,PIW,Infinity,83.25,25.65,17.0,23.7,16.9
2026,1,PIW,STRYKE Percussion,78.4,23.4,15.6,23.3,16.1
2026,1,PIW,Infinity 2,77.65,24.15,16.5,20.6,16.4
2026,1,PSA,Lincoln-Way Community Schools,80.6,24.3,16.5,23.5,16.3
2026,1,PSA,Minooka Community HS,78.9,23.1,15.7,24.0,16.1
2026,1,PSA,Bay Port HS,70.75,21.15,14.6,20.3,14.7
2026,1,PSA,Morris HS,65.85,19.95,13.5,19.1,13.3
2026,1,PSA,Milton HS,63.95,18.45,13.4,19.2,12.9
2026,1,PIA,Modulation Z,82.85,24.15,16.8,25.3,16.6
2026,1,PIA,Wentzville Independent,79.65,23.55,16.0,24.0,16.1
2026,1,PIA,Francis Howell Percussion,79.7,23.4,16.4,24.1,15.8
2026,1,PIA,202 Indoor Percussion,74.6,21.3,16.1,21.8,15.4
2026,1,PIA,Crystal Lake Thunder,74.001,21.6,15.1,22.9,14.4
2026,1,PSO,Victor J. Andrew HS,80.85,24.15,16.8,22.9,17.0
2026,1,PSA,Lincoln-Way Community Schools,79.55,23.85,15.9,24.0,15.8
2026,1,PSA,Minooka Community HS,77.6,22.5,15.6,23.5,16.0
2026,1,PSA,Bay Port HS,68.7,21.3,14.2,18.7,14.5
2026,1,PSA,Morris HS,65.25,19.65,13.4,19.7,12.5
2026,1,PSA,Milton HS,64.001,18.0,13.7,19.3,13.0
2026,1,PIA,Modulation Z,81.25,23.55,16.7,25.1,15.9
2026,1,PIA,Wentzville Independent,78.1,22.5,16.2,23.7,15.7
2026,1,PIA,Francis Howell Percussion,79.1,23.4,15.7,23.8,16.2
2026,1,PIA,202 Indoor Percussion,73.8,20.7,16.1,21.8,15.2
2026,1,PIA,Crystal Lake Thunder,73.1,21.3,14.9,22.1,14.8
2026,1,PSO,Victor J. Andrew HS,80.0,23.4,16.5,23.3,16.8
2026,2,PSA,Hardin Valley Academy,83.55,25.95,16.5,24.8,16.3
2026,2,PSA,Lakeway Christian Academy,77.85,24.75,15.6,23.8,13.7
2026,2,PSA,Seymour HS,77.35,23.55,16.1,23.9,13.8
2026,2,PSA,Karns HS,76.975,22.575,16.3,23.4,14.7
2026,2,PSA,East Coweta HS,77.15,22.95,16.2,22.9,15.1
2026,2,PSA,Palisades HS (NC),73.526,21.825,15.7,22.0,14.0
2026,2,PSA,Green Level HS,71.651,22.05,14.2,22.3,13.1
2026,2,PSA,Holly Springs HS,71.601,19.95,15.0,22.35,14.3
2026,2,PSA,Athens Drive HS,70.151,20.25,14.4,22.8,12.7
2026,2,PSA,Middle Creek HS,68.95,21.15,14.3,21.7,11.8
2026,2,PSA,West HS,64.55,19.05,13.9,20.4,11.2
2026,2,PIA,Revelation A,79.425,23.925,15.9,23.6,16.0
2026,2,PIA,Kannapolis Independent,79.25,25.05,13.5,25.1,15.6
2026,2,PIA,Trilogy Independent,74.2,23.4,13.3,23.9,13.6
2026,2,PIA,Palmetto Indoor Theatre,74.8,22.8,14.1,23.3,14.6
2026,2,PIA,Carolina Storm Indoor Percussion,72.65,21.75,14.0,22.7,14.2
2026,2,PIA,Myrtle Beatz Independent Percussion,65.601,19.2,13.8,21.5,11.1
2026,2,PSO,Panther Creek HS,82.3,23.7,16.4,25.9,16.3
2026,2,PSO,Clover HS,79.15,23.85,14.8,25.7,14.8
2026,2,PSO,Ninety Six HS,77.575,23.175,16.0,23.2,15.2
2026,2,PSO,North Forsyth HS,76.0,23.1,14.6,24.3,14.0
2026,2,PIO,Revelation Open,76.5,21.6,15.4,24.5,15.0
2026,2,PIO,Charles Towne Percussion,74.55,22.35,15.0,22.5,14.7
2026,2,PSW,Dorman HS,77.15,22.95,15.2,24.1,14.9
2026,2,PSW,Byrnes HS,73.55,20.85,14.2,23.3,15.2
2026,2,PIW,Civitas Independent,81.2,24.3,16.1,24.6,16.2
2026,2,PSA,Hardin Valley Academy,81.188,24.337,16.45,24.3,16.1
2026,2,PSA,Lakeway Christian Academy,77.438,23.438,15.9,23.35,14.75
2026,2,PSA,Seymour HS,77.225,23.025,15.5,24.15,14.55
2026,2,PSA,East Coweta HS,75.9,22.5,15.9,22.15,15.35
2026,2,PSA,Karns HS,74.425,22.425,15.35,21.7,14.95
2026,2,PSA,Palisades HS (NC),72.676,21.225,15.2,21.7,14.55
2026,2,PIA,Kannapolis Independent,78.275,23.925,15.2,23.7,15.45
2026,2,PIA,Revelation A,77.538,23.587,15.85,22.4,15.7
2026,2,PIA,Trilogy Independent,73.25,22.35,14.3,22.3,14.3
2026,2,PSCA,Pendleton HS,83.3,42.2,41.1,41.9,41.4
2026,2,PSCA,Boiling Springs HS,78.95,39.7,40.1,38.2,39.9
2026,2,PSCA,North Buncombe HS,73.75,37.2,36.9,35.8,37.6
2026,2,PSCA,Union Academy Charter School,70.7,33.8,37.7,35.6,34.3
2026,2,PIO,Revelation Open,78.275,22.425,16.15,24.25,15.45
2026,2,PIO,Charles Towne Percussion,74.425,21.675,15.4,22.35,15.0
2026,2,PSCO,Enka HS,84.85,42.1,42.4,42.3,42.9
2026,2,PSO,Panther Creek HS,83.125,24.675,16.75,25.4,16.3
2026,2,PSO,Ninety Six HS,80.125,23.925,16.3,24.25,15.65
2026,2,PSO,Clover HS,78.7,24.0,15.45,24.45,14.8
2026,2,PSO,North Forsyth HS,72.75,22.8,13.5,22.4,14.05
2026,2,PSW,Dorman HS,77.8,22.95,15.8,23.95,15.1
2026,2,PSW,Byrnes HS,74.2,21.75,14.4,22.85,15.2
2026,2,PIW,Civitas Independent,81.775,24.675,16.2,24.45,16.45
2026,2,PSA,Williams Field HS,81.05,24.45,16.0,24.4,16.2
2026,2,PSA,Campo Verde HS,80.0,23.4,16.4,23.6,16.6
2026,2,PSA,Sandra Day OConnor HS,78.45,23.55,15.8,23.9,15.2
2026,2,PSA,Gilbert HS,73.85,21.45,15.7,22.8,13.9
2026,2,PSA,Perry HS,73.6,21.3,15.1,22.9,14.3
2026,2,PSA,Higley HS,73.201,21.0,15.0,21.1,16.1
2026,2,PSA,Agua Fria HS,71.251,20.85,13.1,22.2,15.1
2026,2,PSA,Verrado HS,67.951,19.35,13.9,21.6,13.1
2026,2,PSA,Vista Grande HS,61.1,18.6,12.1,19.7,10.7
2026,2,PSA,Coolidge HS,62.051,17.55,12.3,20.3,11.9
2026,2,PIA,Epicenter Indoor Percussion,76.6,22.5,15.8,22.0,16.3
2026,2,PIA,Breakthrough A,70.75,19.35,15.2,21.7,14.5
2026,2,PIA,Estrella Indoor Percussion,65.2,18.9,11.9,21.1,13.3
2026,2,PSO,Casa Grande HS,77.55,25.05,15.3,22.7,14.5
2026,2,PSO,Basha HS,77.4,24.6,15.8,21.9,15.1
2026,2,PIO,Breakthrough Indoor Percussion,77.8,24.6,15.8,21.7,15.7
2026,2,PIO,Vision Percussion,75.25,22.95,15.1,22.3,14.9
2026,2,PIO,Convergence Indoor Percussion,71.95,22.65,14.2,21.3,13.8
2026,2,PIW,Flux Indoor Percussion,76.1,23.1,15.3,22.3,15.4
2026,2,PSA,Williams Field HS,81.2,24.75,16.1,24.25,16.1
2026,2,PSA,Campo Verde HS,78.575,23.925,16.25,22.45,15.95
2026,2,PSA,Sandra Day OConnor HS,78.25,23.4,15.6,23.7,15.55
2026,2,PSA,Gilbert HS,73.2,21.6,14.7,22.1,14.8
2026,2,PSA,Perry HS,71.85,20.7,14.6,22.3,14.25
2026,2,PIA,Epicenter Indoor Percussion,75.625,22.425,15.05,22.45,15.7
2026,2,PIA,Breakthrough A,73.925,21.525,14.6,22.95,14.85
2026,2,PIA,Estrella Indoor Percussion,65.3,19.35,12.6,20.3,13.05
2026,2,PSO,Casa Grande HS,80.325,24.525,15.25,24.85,15.7
2026,2,PSO,Basha HS,79.925,24.675,15.75,23.95,15.55
2026,2,PIO,Breakthrough Indoor Percussion,80.8,24.0,15.8,25.1,15.9
2026,2,PIO,Vision Percussion,76.825,22.125,15.1,24.3,15.3
2026,2,PIO,Convergence Indoor Percussion,75.575,22.575,14.4,24.2,14.4
2026,2,PSCW,Corona del Sol HS,84.0,42.4,42.0,43.5,40.1
2026,2,PIW,Flux Indoor Percussion,79.225,23.475,15.25,24.65,15.85
2026,2,PSCA,Texas City HS,75.15,37.4,38.7,35.3,38.9
2026,2,PSCO,Klein Collins HS,84.45,42.6,41.4,42.5,42.4
2026,2,PSCO,Clear Springs HS,79.75,38.9,39.4,41.4,39.8
2026,2,PSA,Gene Tomas HS,79.1,23.55,16.1,22.4,17.05
2026,2,PSA,Cypress Falls HS,80.325,24.375,16.4,23.35,16.2
2026,2,PSA,Robert Vela HS,78.2,23.85,15.45,22.7,16.2
2026,2,PSA,Godley HS,75.4,22.65,15.3,22.2,15.25
2026,2,PSO,Sonia Sotomayor HS,84.575,25.275,16.9,25.2,17.2
2026,2,PSO,Jordan HS,80.9,24.45,15.5,25.2,15.75
2026,2,PSO,Pflugerville HS,78.525,23.325,15.65,24.4,15.15
2026,2,PSO,Highland Park HS,73.2,22.2,13.7,22.45,14.85
2026,2,PSO,John Marshall HS,72.025,22.425,13.8,21.85,13.95
2026,2,PSO,Ridge Point HS,70.176,20.925,12.95,22.65,13.65
2026,2,PSW,Cy-Fair HS,87.588,26.737,17.2,26.1,17.55
2026,2,PSW,Clear Brook HS,86.025,26.475,17.25,25.4,16.9
2026,2,PSW,Bridgeland HS,85.0,25.95,16.85,25.55,16.65
2026,2,PIW,Rhythmic Force Percussion,87.0,26.7,17.15,26.15,17.0
2026,2,PIW,Monarch Independent,84.1,26.1,16.75,25.0,16.25
2026,2,PSA,Cypress Falls HS,79.7,24.3,16.4,23.0,16.0
2026,2,PSA,Robert Vela HS,78.3,24.0,16.5,22.4,15.4
2026,2,PSA,Gene Tomas HS,78.65,23.1,16.25,22.3,17.0
2026,2,PSA,Godley HS,76.701,23.4,16.05,22.15,15.1
2026,2,PSA,Langham Creek HS,76.401,22.5,16.1,22.1,15.7
2026,2,PSA,Foster HS,75.451,23.25,15.5,22.2,14.5
2026,2,PSA,Churchill Fulshear HS,78.175,23.325,16.8,22.25,15.8
2026,2,PSO,Sonia Sotomayor HS,82.5,25.2,16.5,24.1,16.7
2026,2,PSO,Pflugerville HS,78.95,23.85,15.8,24.0,15.3
2026,2,PSO,Jordan HS,79.35,24.15,15.7,24.8,14.7
2026,2,PSO,John Marshall HS,71.05,22.35,14.7,20.8,13.2
2026,2,PSO,Highland Park HS,70.1,21.6,13.2,20.9,14.4
2026,2,PSO,Ridge Point HS,67.801,20.4,12.0,22.1,13.3
2026,2,PSW,Cy-Fair HS,84.7,25.8,17.0,25.2,16.7
2026,2,PSW,Clear Brook HS,83.85,26.25,17.1,24.9,15.6
2026,2,PSW,Bridgeland HS,81.1,24.9,16.5,23.5,16.2
2026,2,PIW,Rhythmic Force Percussion,85.1,26.1,17.3,25.1,16.6
2026,2,PIW,Monarch Independent,82.0,25.5,16.8,23.7,16.0
2026,2,PSA,Kings HS,83.8,26.4,17.0,24.0,16.4
2026,2,PSA,Sycamore HS,80.3,25.2,16.8,23.8,14.5
2026,2,PSA,Springboro HS,78.75,25.05,15.2,22.2,16.3
2026,2,PSA,Mars Area HS,78.35,23.85,16.3,22.9,15.3
2026,2,PSA,Troy HS,77.6,23.4,14.6,24.4,15.2
2026,2,PSA,Bellbrook HS,77.051,24.75,15.1,23.2,14.0
2026,2,PSA,Central Crossing HS,75.301,21.9,15.5,22.8,15.1
2026,2,PSA,Ross HS,74.201,22.2,16.0,21.6,14.4
2026,2,PSA,Dawson Bryant HS,73.051,20.4,15.9,23.25,13.5
2026,2,PSA,Xenia HS,72.6,21.75,14.8,22.35,13.7
2026,2,PSA,Wapakoneta HS,71.95,21.6,14.4,22.55,13.4
2026,2,PSA,Findlay HS,66.3,19.2,13.0,21.3,12.8
2026,2,PSA,Hart County HS,64.35,19.05,12.5,20.4,12.4
2026,2,PIA,Nomad Indoor,83.3,25.8,16.8,24.0,16.7
2026,2,PIA,Saints Indoor Percussion,72.8,22.5,15.1,21.6,13.6
2026,2,PSO,Noblesville HS,81.6,24.6,16.7,23.8,16.5
2026,2,PSO,Zionsville Community HS,79.25,23.55,16.3,22.8,16.6
2026,2,PSO,Kettering Fairmont HS,79.1,23.1,16.2,23.9,15.9
2026,2,PSO,Centerville HS,77.85,24.75,15.7,21.3,16.1
2026,2,PSO,Victor HS,76.05,22.95,16.1,21.6,15.4
2026,2,PIO,Cap City 2,83.2,25.2,17.1,23.8,17.1
2026,2,PIW,Rhythm X,88.65,27.45,18.4,24.8,18.0
2026,2,PIW,Music City Mystique,86.7,26.4,17.8,25.2,17.3
2026,2,PIW,Cap City,83.0,25.2,17.0,24.1,16.7
2026,2,PIW,ConneXus,81.05,24.75,16.8,23.2,16.3
2026,2,PSA,Clinton HS,84.85,26.85,17.7,23.2,17.1
2026,2,PSA,Auburn HS (AL),83.2,25.5,16.9,24.4,16.4
2026,2,PSA,Page HS,77.6,24.0,15.9,22.9,14.8
2026,2,PIA,Ravenwood HS,85.6,27.3,17.9,25.1,15.3
2026,2,PSO,Halls HS,82.55,25.35,16.5,24.4,16.3
2026,2,PSO,Sparkman HS,80.15,24.45,15.8,24.1,15.8
2026,2,PSO,Hernando HS,79.4,25.2,15.3,22.7,16.2
2026,2,PSO,Bob Jones HS,75.2,23.4,14.2,22.4,15.2
2026,2,PSO,Summit HS (TN),70.851,20.85,14.0,21.4,14.6
2026,2,PSO,Tupelo HS,71.701,21.9,14.7,20.7,14.4
2026,2,PIO,Buckhorn Percussion,82.0,24.9,14.8,25.6,16.7
2026,2,PSW,Mt. Juliet Combined Schools,78.05,22.35,15.7,23.6,16.4
2026,2,PSA,Clinton HS,84.6,27.0,17.7,23.1,16.8
2026,2,PSA,Auburn HS (AL),84.15,26.25,17.0,24.7,16.2
2026,2,PSA,Page HS,78.8,25.2,16.0,23.2,14.4
2026,2,PSA,Brandon HS,76.2,23.4,15.6,22.4,14.8
2026,2,PSA,Thompson HS,75.201,23.1,15.3,21.8,15.0
2026,2,PSA,Columbus HS (MS),69.801,20.7,14.0,20.8,14.3
2026,2,PIA,Ravenwood HS,84.65,27.15,17.9,24.4,15.2
2026,2,PSO,Hernando HS,78.9,24.9,15.5,22.6,15.9
2026,2,PSO,Bob Jones HS,74.6,22.8,14.4,22.3,15.1
2026,2,PSO,Summit HS (TN),72.3,22.2,14.2,21.7,14.2
2026,2,PSO,Tupelo HS,71.901,22.5,14.9,20.2,14.3
2026,2,PIO,Buckhorn Percussion,80.85,24.15,15.1,25.3,16.3
2026,2,PSW,Mt. Juliet Combined Schools,78.4,22.8,15.9,23.3,16.4
2026,2,PSA,Kings HS,85.075,25.575,17.35,25.35,16.8
2026,2,PSA,Sycamore HS,81.725,24.525,16.8,24.45,15.95
2026,2,PSA,Springboro HS,81.375,24.675,16.2,23.75,16.75
2026,2,PSA,Troy HS,79.6,24.0,16.5,23.3,15.8
2026,2,PSA,Mars Area HS,79.4,23.85,16.55,23.15,15.85
2026,2,PSA,Bellbrook HS,79.214,24.863,15.95,23.5,14.9
2026,2,PSA,Central Crossing HS,74.951,22.35,15.4,22.05,15.15
2026,2,PIA,Nomad Indoor,84.05,25.5,16.65,25.1,16.8
2026,2,PIA,Saints Indoor Percussion,71.675,21.825,14.8,20.95,14.1
2026,2,PSCO,Milford HS (OH),79.75,40.3,41.6,39.8,37.8
2026,2,PSO,Noblesville HS,83.55,25.8,17.05,24.25,16.45
2026,2,PSO,Zionsville Community HS,82.775,24.675,16.75,24.6,16.75
2026,2,PSO,Kettering Fairmont HS,79.475,23.925,16.3,23.45,15.8
2026,2,PSO,Victor HS,76.625,22.875,15.95,22.4,15.4
2026,2,PSO,Centerville HS,76.35,23.25,15.65,22.2,15.25
2026,2,PIW,Rhythm X,90.0,27.45,18.7,25.85,18.0
2026,2,PIW,Music City Mystique,88.35,26.7,17.9,26.25,17.5
2026,2,PIW,Cap City,84.025,25.575,17.35,24.55,16.55
2026,2,PIW,ConneXus,82.05,25.05,16.6,24.25,16.15
2026,3,PSA,North Allegheny HS,79.45,23.55,16.6,23.7,15.6
2026,3,PSA,Olentangy Liberty HS,79.1,24.3,16.4,23.2,15.2
2026,3,PSA,Lake Orion HS,76.25,22.95,16.0,21.9,15.4
2026,3,PSA,Hampton Township HS,74.35,22.05,15.4,22.3,14.6
2026,3,PIA,Lake Effect Percussion,81.2,24.3,17.0,23.0,16.9
2026,3,PIA,Vortex Percussion,77.7,23.1,16.2,22.7,15.7
2026,3,PIA,NorthCoast Academy,74.2,22.2,14.8,22.1,15.1
2026,3,PIA,Breakwater Performing Arts,73.9,21.9,16.1,21.3,14.6
2026,3,PSO,Plymouth-Canton Educational Park,78.85,22.65,16.6,23.1,16.5
2026,3,PSO,Hudsonville HS,76.6,22.2,15.6,23.6,15.2
2026,3,PIO,Motor City Percussion,82.85,23.85,17.2,24.7,17.1
2026,3,PIO,Dakota Combined Schools,77.1,21.9,16.8,22.8,15.6
2026,3,PIO,Huron Valley Percussion,76.9,22.5,16.5,22.9,15.0
2026,3,PIO,Grandville Independent,76.05,21.75,15.6,23.8,14.9
2026,3,PSW,Walled Lake Consolidated Schools,79.95,23.85,16.9,24.2,15.0
2026,3,PIW,Redline,83.25,24.45,17.3,25.0,16.5
2026,3,PSA,North Allegheny HS,80.5,24.45,16.25,24.0,15.8
2026,3,PSA,Olentangy Liberty HS,79.15,24.75,16.3,23.0,15.1
2026,3,PSA,Lake Orion HS,77.65,23.25,16.2,22.5,15.7
2026,3,PSA,Hampton Township HS,74.85,22.65,15.6,21.9,14.7
2026,3,PIA,Lake Effect Percussion,81.85,24.75,17.0,23.7,16.4
2026,3,PIA,Vortex Percussion,78.4,23.7,16.0,23.0,15.7
2026,3,PIA,Breakwater Performing Arts,75.2,23.1,16.1,21.4,14.6
2026,3,PIA,NorthCoast Academy,74.75,23.25,14.4,22.2,14.9
2026,3,PSO,Plymouth-Canton Educational Park,81.25,24.75,16.6,23.8,16.1
2026,3,PSO,Hudsonville HS,78.8,23.7,16.0,23.5,15.6
2026,3,PIO,Motor City Percussion,83.55,25.65,16.6,24.3,17.0
2026,3,PIO,Dakota Combined Schools,80.05,24.75,16.8,22.7,15.8
2026,3,PIO,Huron Valley Percussion,79.05,24.15,16.7,23.0,15.2
2026,3,PIO,Grandville Independent,76.85,22.95,15.8,23.3,14.8
2026,3,PSW,Walled Lake Consolidated Schools,81.75,25.65,17.0,23.5,15.6
2026,3,PIW,Redline,84.5,25.8,17.4,24.7,16.6
2026,3,PSA,John C. Birdlebough HS,82.4,24.3,15.9,25.8,16.4
2026,3,PSA,Southern Regional HS,80.35,23.25,16.0,24.4,16.7
2026,3,PSA,Quakertown HS,79.95,24.45,16.5,24.5,14.5
2026,3,PSA,Bridgewater Raritan HS,79.2,25.5,15.1,22.7,15.9
2026,3,PSA,Pennridge HS,78.15,23.4,15.5,23.6,15.65
2026,3,PSA,Dartmouth HS,76.101,24.0,13.2,24.0,14.9
2026,3,PSA,Edison HS (NJ),75.501,22.8,14.6,22.4,15.7
2026,3,PSA,Hopewell Valley Central HS,73.451,21.75,13.8,23.55,14.35
2026,3,PSA,Nutley HS,73.25,21.45,14.8,22.05,14.95
2026,3,PSA,Elizabeth HS,77.851,22.35,16.4,23.5,15.6
2026,3,PSA,Methacton HS,68.05,20.55,12.6,21.0,13.9
2026,3,PSA,Medford HS,67.4,20.7,12.9,20.5,13.3
2026,3,B1,John C. Birdlebough HS,82.4,24.3,15.9,25.8,16.4
2026,3,B1,Southern Regional HS,80.35,23.25,16.0,24.4,16.7
2026,3,B1,Quakertown HS,79.95,24.45,16.5,24.5,14.5
2026,3,B1,Bridgewater Raritan HS,79.2,25.5,15.1,22.7,15.9
2026,3,B1,Pennridge HS,78.15,23.4,15.5,23.6,15.65
2026,3,B1,Dartmouth HS,76.101,24.0,13.2,24.0,14.9
2026,3,B1,Edison HS (NJ),75.501,22.8,14.6,22.4,15.7
2026,3,B1,Hopewell Valley Central HS,73.451,21.75,13.8,23.55,14.35
2026,3,B1,Nutley HS,73.25,21.45,14.8,22.05,14.95
2026,3,B1,Elizabeth HS,77.851,22.35,16.4,23.5,15.6
2026,3,B1,Methacton HS,68.05,20.55,12.6,21.0,13.9
2026,3,B1,Medford HS,67.4,20.7,12.9,20.5,13.3
2026,3,PSA,Owen J Roberts HS,86.55,25.35,17.5,26.7,17.0
2026,3,PSA,Unionville HS,84.45,24.75,16.5,25.9,17.3
2026,3,PSA,Westhill HS,82.55,24.15,16.0,25.8,16.6
2026,3,PSA,Downingtown East HS,80.5,23.85,15.0,25.1,16.55
2026,3,PSA,Upper Moreland HS,80.15,24.0,16.9,23.7,15.55
2026,3,PSA,West Milford HS,78.651,22.35,14.6,24.3,17.4
2026,3,PSA,Everett HS,78.301,23.25,15.8,24.6,14.65
2026,3,PSA,Highland Regional HS,76.301,22.05,15.3,24.0,14.95
2026,3,PSA,John P. Stevens HS,71.351,21.75,13.2,22.1,14.3
2026,3,PSA,Perkiomen Valley HS,71.2,20.4,12.6,23.1,15.1
2026,3,PSA,Penncrest HS,70.95,21.15,12.8,23.4,13.6
2026,3,PSA,Mansfield HS,70.8,21.0,13.4,21.9,14.5
2026,3,B2,Owen J Roberts HS,86.55,25.35,17.5,26.7,17.0
2026,3,B2,Unionville HS,84.45,24.75,16.5,25.9,17.3
2026,3,B2,Westhill HS,82.55,24.15,16.0,25.8,16.6
2026,3,B2,Downingtown East HS,80.5,23.85,15.0,25.1,16.55
2026,3,B2,Upper Moreland HS,80.15,24.0,16.9,23.7,15.55
2026,3,B2,West Milford HS,78.651,22.35,14.6,24.3,17.4
2026,3,B2,Everett HS,78.301,23.25,15.8,24.6,14.65
2026,3,B2,Highland Regional HS,76.301,22.05,15.3,24.0,14.95
2026,3,B2,John P. Stevens HS,71.351,21.75,13.2,22.1,14.3
2026,3,B2,Perkiomen Valley HS,71.2,20.4,12.6,23.1,15.1
2026,3,B2,Penncrest HS,70.95,21.15,12.8,23.4,13.6
2026,3,B2,Mansfield HS,70.8,21.0,13.4,21.9,14.5
2026,3,PIA,Toms River Percussion,70.8,21.0,14.1,21.5,14.2
2026,3,PSO,Norwalk HS,82.45,25.35,16.9,23.5,16.7
2026,3,PSO,West Shore School District,81.15,25.05,16.1,24.2,15.8
2026,3,PSO,Spring-Ford HS,80.45,23.85,15.6,24.8,16.2
2026,3,PSO,North Penn HS,78.0,23.7,15.2,23.8,15.3
2026,3,PSO,New Milford HS,75.35,23.25,15.3,21.8,15.0
2026,3,PSO,Kingsway Regional HS,75.051,22.65,14.7,23.0,14.7
2026,3,PIO,Imperial Dynasty,83.9,25.5,16.9,24.6,16.9
2026,3,PIO,United Percussion 2,81.7,24.3,16.6,24.2,16.6
2026,3,PIO,Old Line Independent Percussion,80.15,24.15,16.2,23.3,16.5
2026,3,PIO,EPIC Indoor Percussion,75.3,22.8,15.3,21.8,15.4
2026,3,PSW,Fair Lawn HS,76.1,23.1,14.8,23.2,15.0
2026,3,PIW,United Percussion,86.2,25.8,17.1,26.3,17.0
2026,3,PSA,Arbor View HS,86.65,26.55,16.2,26.2,17.7
2026,3,PSA,Alta HS,82.25,25.35,15.4,25.3,16.2
2026,3,PSA,Herriman HS,74.65,22.95,14.1,23.2,14.4
2026,3,PSA,Bingham HS,74.95,21.75,14.9,23.0,15.3
2026,3,PSA,Madison HS,68.65,19.95,13.6,21.8,13.3
2026,3,PIA,Horizon Percussion,82.55,25.65,15.6,24.7,16.6
2026,3,PIA,North Star Independent,79.95,24.75,16.4,23.8,15.0
2026,3,PIA,Boise Gems Independent,77.4,23.4,15.3,22.9,15.8
2026,3,PIA,Ogden HS,75.55,23.25,14.7,23.5,14.1
2026,3,PSO,Davis HS,78.75,22.95,15.4,25.3,15.1
2026,3,PSO,Mountain Ridge HS (UT),79.15,24.45,15.0,23.8,15.9
2026,3,PSO,Maple Mountain HS,72.8,21.0,14.1,23.4,14.3
2026,3,PIO,Gold Spike Percussion,81.1,25.5,15.8,24.8,15.0
2026,3,PIO,Rift Percussion,77.45,24.75,14.8,23.1,14.8
2026,3,PSW,Foothill HS (NV),81.4,26.1,16.8,23.7,14.8
2026,3,PIW,IMPACT Percussion,81.65,25.35,16.2,24.4,15.7
2026,3,PSA,Alta HS,83.0,24.9,16.2,25.6,16.3
2026,3,PSA,Bingham HS,77.55,22.35,16.1,23.6,15.5
2026,3,PSA,Herriman HS,74.7,22.5,14.6,22.9,14.7
2026,3,PSA,Madison HS,68.75,19.95,13.4,21.7,13.7
2026,3,PIA,Horizon Percussion,83.4,25.8,15.7,25.0,16.9
2026,3,PIA,North Star Independent,81.05,24.75,16.7,23.4,16.2
2026,3,PIA,Boise Gems Independent,79.4,23.7,15.5,24.4,15.8
2026,3,PIA,Ogden HS,76.15,23.25,14.6,24.0,14.3
2026,3,PSO,Arbor View HS,85.15,25.05,16.8,26.2,17.1
2026,3,PSO,Davis HS,81.85,24.75,15.6,25.7,15.8
2026,3,PSO,Mountain Ridge HS (UT),78.95,24.15,15.1,23.8,15.9
2026,3,PSO,Maple Mountain HS,73.2,21.0,14.0,24.1,14.1
2026,3,PIO,Gold Spike Percussion,82.55,25.95,16.4,24.6,15.6
2026,3,PIO,Rift Percussion,78.95,25.05,15.1,24.1,14.7
2026,3,PSW,Foothill HS (NV),82.65,25.95,17.3,24.2,15.2
2026,3,PIW,IMPACT Percussion,83.35,25.35,16.5,25.4,16.1
2026,3,PSA,Lake Hamilton HS,80.2,22.5,16.4,25.1,16.2
2026,3,PSA,Bryant HS,78.1,21.9,15.7,24.8,15.7
2026,3,PSA,Van Buren HS,77.1,22.2,15.8,23.8,15.3
2026,3,PIO,Lotus,77.65,22.65,15.1,24.8,15.1
2026,3,PSA,Lake Hamilton HS,82.05,24.15,16.8,24.8,16.3
2026,3,PSA,Bryant HS,79.5,23.1,16.5,24.2,15.7
2026,3,PSA,Van Buren HS,78.7,24.3,15.7,23.2,15.5
2026,3,PIO,Lotus,79.15,23.55,15.7,24.8,15.1
2026,3,PSA,Owen J Roberts HS,88.95,27.0,17.7,26.65,17.6
2026,3,PSA,Unionville HS,85.05,26.325,16.55,25.275,16.9
2026,3,PSA,Westhill HS,84.575,25.875,16.8,25.5,16.4
2026,3,PSA,John C. Birdlebough HS,82.875,24.975,16.075,25.225,16.6
2026,3,PSA,Downingtown East HS,80.85,24.975,15.1,24.725,16.05
2026,3,PSA,Upper Moreland HS,79.851,24.15,16.2,24.375,15.125
2026,3,PSA,Southern Regional HS,78.439,23.737,15.7,23.4,15.6
2026,3,PSA,Everett HS,77.451,23.25,15.1,23.85,15.25
2026,3,PSA,Quakertown HS,77.201,23.55,15.35,23.9,14.4
2026,3,PSA,West Milford HS,77.075,23.4,14.65,23.4,15.625
2026,3,PSA,Bridgewater Raritan HS,76.725,22.425,14.95,23.85,15.5
2026,3,PSA,Pennridge HS,75.975,22.425,15.0,23.25,15.3
2026,3,PIA,Toms River Percussion,70.05,20.7,13.7,21.45,14.2
2026,3,PSCA,Monroe Township HS,85.85,43.6,44.1,42.7,41.3
2026,3,PSCA,Lowell HS,77.6,37.7,36.2,40.1,41.2
2026,3,PSCA,Hatboro-Horsham HS,73.95,36.4,35.4,37.4,38.7
2026,3,PSCA,William Penn HS Scholastic Concert A,70.95,35.2,34.9,35.6,36.2
2026,3,PSCO,Kiski Area HS,88.4,45.6,45.1,42.8,43.3
2026,3,PSCW,Grassfield HS,89.15,46.5,44.7,43.2,43.9
2026,3,PSO,Norwalk HS,83.45,25.8,16.4,24.95,16.3
2026,3,PSO,West Shore School District,81.025,25.275,15.75,23.85,16.15
2026,3,PSO,Spring-Ford HS,78.75,24.0,15.0,23.9,15.85
2026,3,PSO,North Penn HS,78.55,23.7,15.1,23.85,15.9
2026,3,PSO,New Milford HS,74.925,22.575,14.65,22.75,14.95
2026,3,PSO,Kingsway Regional HS,73.301,22.35,13.75,22.35,14.85
2026,3,PIO,Imperial Dynasty,82.45,23.4,16.95,25.25,16.85
2026,3,PIO,United Percussion 2,79.4,22.2,16.5,24.25,16.45
2026,3,PIO,Old Line Independent Percussion,77.975,21.675,16.05,24.2,16.05
2026,3,PIO,EPIC Indoor Percussion,73.2,21.15,15.1,22.15,14.8
2026,3,PSW,Fair Lawn HS,75.875,23.925,14.9,22.9,14.15
2026,4,PSA,Temple City HS,85.15,24.3,17.8,25.35,17.7
2026,4,PSA,Trabuco Hills HS,85.0,24.9,16.6,26.0,17.5
2026,4,PSA,Helix Charter High School,84.95,25.35,16.9,25.6,17.1
2026,4,PSA,Lemoore HS,82.15,24.45,16.5,25.8,15.4
2026,4,PSA,Canyon HS (CA),82.025,24.975,15.9,25.55,15.6
2026,4,PSA,Rancho Alamitos HS,81.176,24.075,16.0,24.9,16.2
2026,4,PSA,Chaffey HS,79.426,24.225,15.7,24.6,14.9
2026,4,PSA,Colony HS,78.576,23.625,15.95,24.7,14.3
2026,4,PSA,Katella HS,77.45,23.55,14.8,23.1,16.0
2026,4,PSA,Ridgeview HS,76.8,22.5,15.4,22.5,16.4
2026,4,PSA,Merced HS,76.9,22.2,15.5,23.9,15.3
2026,4,PSA,Orange HS,74.3,21.6,14.9,21.7,16.1
2026,4,PSA,Independence HS (Bakersfield),77.601,24.0,15.6,23.0,15.0
2026,4,PSA,Westminster HS,73.8,20.1,15.8,22.8,15.1
2026,4,PSA,Townsend Jr. HS,70.1,20.4,13.5,21.0,15.2
2026,4,PSA,Monrovia HS,69.75,22.35,13.1,20.3,14.0
2026,4,PSA,Eastside HS Varsity,73.3,23.4,14.3,21.1,14.5
2026,4,PSA,Loara HS,66.3,19.5,13.9,19.3,13.6
2026,4,PSO,Great Oak HS,88.675,27.525,18.0,25.5,17.65
2026,4,PSO,Rancho Cucamonga HS,88.3,27.75,17.5,25.35,17.7
2026,4,PSO,Pacifica HS,87.05,27.3,17.6,24.95,17.2
2026,4,PSO,Arbor View HS,84.55,26.25,15.8,25.0,17.5
2026,4,PSO,Chino HS,84.35,26.55,16.3,24.6,16.9
2026,4,PSO,Liberty HS (CA),82.876,25.875,16.7,23.7,16.6
2026,4,PSO,Gahr HS,82.801,24.3,16.9,25.6,16.0
2026,4,PSO,Valencia HS,82.501,27.15,14.8,23.8,16.75
2026,4,PSO,Torres HS,81.226,24.825,17.4,23.9,15.1
2026,4,PSO,Mission Viejo HS,80.85,25.65,15.5,24.5,15.2
2026,4,PSO,El Toro HS,80.625,26.325,14.2,25.4,14.7
2026,4,PSO,Woodbridge HS,80.0,25.35,14.0,24.55,16.1
2026,4,PSO,Amador Valley HS,79.7,24.6,15.2,24.9,15.0
2026,4,PSO,Carlsbad HS,79.05,25.95,13.6,22.7,16.8
2026,4,PSO,Fountain Valley HS,75.45,25.05,14.4,22.0,14.0
2026,4,PSO,West Ranch HS,75.15,24.45,13.7,22.9,14.1
2026,4,PSW,Chino Hills HS,91.1,26.1,19.3,27.1,18.6
2026,4,PSW,Ayala HS,89.0,25.95,19.1,25.95,18.0
2026,4,PSW,Vista Murrieta HS,88.85,25.05,18.5,26.5,18.8
2026,4,PSW,Arcadia HS,87.25,25.35,18.0,25.5,18.4
2026,4,PSW,Etiwanda HS,84.326,25.125,17.4,24.5,17.3
2026,4,PSW,Buchanan HS,82.201,24.6,17.2,22.9,17.5
2026,4,PSW,El Dorado HS,80.901,23.4,17.15,24.15,16.2
2026,4,PSW,Foothill HS (NV),79.051,23.55,16.8,22.1,16.6
2026,4,PSW,Homestead HS (CA),77.1,23.1,16.9,21.5,15.6
2026,4,PSW,Cupertino HS,80.501,24.3,17.5,22.4,16.3
2026,4,PSA,E.D. White Catholic HS,88.9,27.15,18.3,26.05,17.4
2026,4,PSA,Clinton HS,86.075,25.875,17.95,25.1,17.15
2026,4,PSA,Choctawhatchee HS,84.575,25.875,17.25,24.45,17.0
2026,4,PSA,Pearl HS,80.9,24.75,16.05,24.15,15.95
2026,4,PSA,Destrehan HS,79.65,24.0,16.65,23.3,15.7
2026,4,PSA,Starkville HS,79.126,24.375,15.75,23.65,15.35
2026,4,PIA,Grind City Percussion Ensemble,83.175,24.375,16.35,25.5,16.95
2026,4,PIA,East Mississippi Em-pact,74.0,21.9,14.8,21.95,15.35
2026,4,PSCA,New Hope HS,75.5,36.9,38.4,39.1,36.6
2026,4,PSO,Pace HS,86.225,25.65,17.375,25.65,17.55
2026,4,PSO,Hernando HS,83.975,24.375,17.4,24.9,17.3
2026,4,PSO,Central Lafourche HS,83.15,24.75,17.4,24.1,16.9
2026,4,PSO,Germantown HS,81.375,23.775,16.35,24.65,16.6
2026,4,PSO,Dutchtown HS (LA),81.126,24.525,16.45,23.95,16.2
2026,4,PSO,Gulfport HS,76.151,22.5,15.25,23.1,15.3
2026,4,PSA,E.D. White Catholic HS,89.8,27.9,18.3,25.3,18.3
2026,4,PSA,Clinton HS,86.9,26.7,17.7,25.0,17.5
2026,4,PSA,Choctawhatchee HS,86.45,26.25,18.1,24.1,18.0
2026,4,PSA,Pearl HS,82.35,26.55,16.0,23.8,16.0
2026,4,PSA,Starkville HS,81.9,25.2,16.9,22.7,17.1
2026,4,PSA,Destrehan HS,81.851,24.45,16.2,24.9,16.3
2026,4,PSA,Oak Grove HS (MS),80.951,24.75,15.7,24.0,16.5
2026,4,PSA,Brandon HS,79.001,22.2,16.7,23.2,16.9
2026,4,PSA,Warren Central HS (MS),79.801,24.6,16.4,22.1,16.7
2026,4,PSA,Lewisburg HS Scholastic Marching A,76.4,22.5,15.3,23.3,15.3
2026,4,PSA,Columbus HS (MS),75.3,22.8,15.2,21.5,15.8
2026,4,PIA,Grind City Percussion Ensemble,81.55,24.45,15.4,24.8,16.9
2026,4,PIA,East Mississippi Em-pact,73.35,21.45,14.3,21.6,16.0
2026,4,PSO,Central Lafourche HS,82.15,24.75,17.4,23.6,16.4
2026,4,PSO,Hernando HS,79.85,22.65,17.3,23.2,16.7
2026,4,PSO,Germantown HS,79.6,23.4,15.8,24.2,16.2
2026,4,PSO,Dutchtown HS (LA),77.751,24.15,16.7,21.5,15.4
2026,4,PSA,Homestead HS (IN),86.05,24.75,17.0,26.8,17.5
2026,4,PSA,Decatur Central HS,83.3,23.7,16.7,25.9,17.0
2026,4,PSA,Kickapoo HS,82.7,24.6,16.4,26.0,15.7
2026,4,PSA,New Palestine HS,81.6,22.8,16.0,26.4,16.4
2026,4,PSA,Hamilton Southeastern HS,80.85,23.25,16.2,24.5,16.9
2026,4,PSA,Minooka Community HS,75.651,21.45,15.1,23.9,15.2
2026,4,PSA,Lincoln-Way Community Schools,73.901,22.5,13.9,22.8,14.7
2026,4,PSA,Lebanon HS (IN),71.801,20.4,14.5,23.1,13.8
2026,4,PSA,Terre Haute North HS,68.451,19.95,13.1,22.0,13.4
2026,4,PIA,202 Indoor Percussion,85.95,24.15,16.8,27.5,17.5
2026,4,PIA,Pi Percussion Inc.,83.6,24.0,16.7,26.0,16.9
2026,4,PIA,Crystal Lake Thunder,77.4,22.5,15.1,23.9,15.9
2026,4,PIA,Fleur Winter Percussion,74.4,21.0,14.7,23.2,15.5
2026,4,PIA,IGNITE Winter Percussion,73.251,20.55,14.0,23.1,15.6
2026,4,PSO,Greenwood HS,89.25,26.25,18.1,27.25,17.65
2026,4,PSO,Victor J. Andrew HS,89.15,26.55,18.0,26.7,17.9
2026,4,PSO,Zionsville Community HS,88.55,25.8,17.8,27.0,17.95
2026,4,PSO,Noblesville HS,87.5,24.6,17.7,26.8,18.4
2026,4,PSO,Carroll HS (IN),86.001,26.1,17.9,25.0,17.0
2026,4,PSO,Greenfield-Central HS,85.876,24.075,17.1,27.3,17.4
2026,4,PSO,Franklin Community HS,81.601,24.3,17.6,22.1,17.6
2026,4,PSO,Warren Central HS (IN),81.001,22.2,15.9,25.1,17.8
2026,4,PSO,Goshen HS,80.95,23.55,15.7,24.9,16.8
2026,4,PSO,Beavercreek HS,84.101,25.2,16.6,25.6,16.7
2026,4,PSO,Kettering Fairmont HS,78.025,22.425,16.2,24.1,15.3
2026,4,PSO,Northview HS,77.95,22.35,16.7,23.2,15.7
2026,4,PSO,Southport HS,77.85,20.85,17.3,23.5,16.2
2026,4,PSO,Halls HS,77.3,22.5,15.3,24.0,15.5
2026,4,PSO,Westfield HS (IN),75.15,20.7,15.5,23.95,15.0
2026,4,PSO,Plainfield HS (IN),74.3,21.0,14.9,22.4,16.0
2026,4,PIO,Veritas,90.5,27.6,17.8,27.3,17.8
2026,4,PIO,Cap City 2,89.45,26.55,17.9,26.9,18.1
2026,4,PIO,Matrix Open,85.45,24.75,17.2,26.3,17.2
2026,4,PIO,Freedom Percussion,83.8,24.9,16.6,25.8,16.5
2026,4,PSW,Avon HS,89.6,26.7,17.9,27.4,17.6
2026,4,PSW,Center Grove HS,88.25,26.25,17.5,27.5,17.0
2026,4,PSW,Fishers HS,83.7,24.3,16.2,26.4,16.8
2026,4,PSW,Brownsburg HS,82.55,24.15,16.6,25.4,16.4
2026,4,PSW,Franklin Central HS,82.501,23.4,17.1,25.7,16.3
2026,4,PIW,Rhythm X,93.8,28.5,19.0,27.3,19.0
2026,4,PIW,Redline,87.05,25.95,16.7,27.2,17.2
2026,4,PIW,Matrix,87.85,26.55,18.0,24.9,18.4
2026,4,PIW,ConneXus,85.45,25.35,17.2,26.1,16.8
2026,4,PSA,Fremont HS (CA),84.7,25.2,16.1,26.2,17.2
2026,4,PSA,Clovis North HS,81.55,24.15,15.0,25.5,16.9
2026,4,PSA,Selma HS,81.0,24.9,15.3,24.6,16.2
2026,4,PSA,Live Oak HS,78.8,22.8,16.2,23.4,16.4
2026,4,PSA,Bella Vista Winter Percussion,77.901,23.1,15.4,22.9,16.5
2026,4,PSA,Monta Vista HS,77.951,23.25,15.5,23.6,15.6
2026,4,PSA,Los Gatos HS,77.426,23.625,14.3,24.7,14.8
2026,4,PSA,Saratoga HS A,73.251,22.5,14.6,22.85,13.3
2026,4,PSA,Emerald HS,74.051,22.35,12.8,24.2,14.7
2026,4,PSA,Hollister HS,71.75,21.15,14.0,22.1,14.5
2026,4,PSA,Cesar Chavez HS,71.7,21.9,14.7,21.6,13.5
2026,4,PSO,Branham HS,84.125,25.425,17.2,25.2,16.3
2026,4,PSO,West Park HS,83.75,25.35,16.8,24.9,16.7
2026,4,PSO,Dublin HS,82.35,25.05,16.6,25.1,15.6
2026,4,PSO,Foothill HS (CA),79.325,23.625,16.4,23.1,16.2
2026,4,PSO,Granite Bay HS,76.451,23.55,15.7,22.6,14.6
2026,4,PSO,Liberty Union High Combined Schools,75.701,22.65,15.6,22.65,14.8
2026,4,PSO,Oak Ridge HS (CA),75.526,22.425,15.2,22.2,15.7
2026,4,PSO,Rodriguez HS,74.851,22.95,15.0,21.7,15.2
2026,4,PSO,Laguna Creek HS,72.551,21.3,14.4,21.85,15.0
2026,4,PIO,Sparta Indoor Percussion,86.3,26.4,17.6,25.5,16.8
2026,4,PIO,Sac State Indoor,79.95,24.15,15.9,23.5,16.4
2026,4,PIO,Tri-City Percussion,78.1,23.4,15.8,23.8,15.1
2026,4,PSW,James Logan HS,87.45,26.85,18.1,25.4,17.1
2026,4,PSW,Saratoga HS,85.6,26.1,17.6,25.9,16.0
2026,4,PSA,Monarch HS,81.35,24.45,16.7,24.4,15.8
2026,4,PSA,Widefield HS,72.95,20.85,14.2,23.2,14.7
2026,4,PIA,Frederick HS,72.2,21.6,14.5,22.4,13.7
2026,4,PSO,Legacy HS,84.25,25.35,16.6,25.6,16.7
2026,4,PSO,Fossil Ridge HS (CO),78.8,23.7,15.7,24.3,15.1
2026,4,PSO,Loveland HS,77.95,22.95,16.3,23.7,15.0
2026,4,PIO,BKO,76.0,22.2,15.5,23.7,14.6
2026,4,PIW,Blue Knights,85.0,25.8,16.9,25.3,17.0
2026,4,PIW,Rise Percussion,76.25,22.05,15.5,23.5,15.2
2026,4,PSA,Monarch HS,79.7,24.0,16.6,23.6,15.5
2026,4,PSA,Widefield HS,73.8,21.9,14.1,23.2,14.6
2026,4,PIA,Frederick HS,71.45,21.15,14.4,22.3,13.6
2026,4,PSO,Legacy HS,83.2,25.2,16.5,25.0,16.5
2026,4,PSO,Fossil Ridge HS (CO),77.8,23.4,15.1,24.1,15.2
2026,4,PSO,Loveland HS,77.25,23.25,16.2,22.7,15.1
2026,4,PIO,BKO,74.85,21.75,15.4,23.4,14.3
2026,4,PIW,Blue Knights,83.45,25.35,16.4,25.0,16.7
2026,4,PIW,Rise Percussion,76.9,23.4,15.2,23.4,14.9
2026,4,PSA,Fremont HS (CA),84.4,25.05,16.65,25.8,16.9
2026,4,PSA,Selma HS,81.55,24.15,16.35,24.85,16.2
2026,4,PSA,Clovis North HS,81.1,24.15,15.5,25.6,15.85
2026,4,PSA,Live Oak HS,78.05,22.35,15.95,23.4,16.35
2026,4,PSA,Monta Vista HS,76.163,22.163,15.4,23.15,15.45
2026,4,PSA,Bella Vista Winter Percussion,75.351,22.2,15.65,21.95,15.55
2026,4,PSCA,Price Charter School,84.35,43.4,41.4,41.7,42.2
2026,4,PSCA,Selma HS,76.9,39.6,36.2,39.2,38.8
2026,4,PSCO,Leigh HS,80.3,40.9,42.7,39.2,37.8
2026,4,PSO,West Park HS,85.925,25.725,16.55,26.4,17.25
2026,4,PSO,Branham HS,84.85,25.65,16.8,25.55,16.85
2026,4,PSO,Dublin HS,82.3,24.75,15.9,25.65,16.0
2026,4,PSO,Foothill HS (CA),80.5,24.0,15.85,24.6,16.05
2026,4,PSO,Liberty Union High Combined Schools,76.1,22.95,15.1,23.0,15.05
2026,4,PSO,Granite Bay HS,75.989,23.212,15.225,22.75,14.8
2026,4,PSO,Oak Ridge HS (CA),75.876,22.575,15.5,22.35,15.45
2026,4,PIO,Sparta Indoor Percussion,87.45,26.1,17.4,26.5,17.45
2026,4,PIO,Sac State Indoor,80.95,24.75,15.35,24.5,16.35
2026,4,PIO,Tri-City Percussion,77.35,23.1,15.1,23.65,15.5
2026,4,PSW,James Logan HS,88.05,26.7,18.25,25.7,17.4
2026,4,PSW,Saratoga HS,86.175,26.025,17.8,25.95,16.4
2026,4,PSA,Temple City HS,85.825,25.875,17.85,24.55,17.55
2026,4,PSA,Trabuco Hills HS,83.875,25.125,16.75,25.1,16.9
2026,4,PSA,Helix Charter High School,82.75,24.9,17.05,24.15,16.65
2026,4,PSA,Lemoore HS,80.65,24.9,16.55,23.05,16.15
2026,4,PIA,ECR Independent,80.175,24.825,16.25,23.25,15.85
2026,4,PIA,Cornerstone Percussion,73.275,21.975,14.8,21.45,15.05
2026,4,PSCO,Chaffey HS,86.55,44.6,45.0,41.4,42.1
2026,4,PSCO,Notre Dame HS,82.7,43.6,41.9,39.6,40.3
2026,4,PSCW,Vista Murrieta HS,90.0,47.7,44.1,44.0,44.2
2026,4,PSCW,Ayala HS,90.05,48.2,44.0,43.6,44.3
2026,4,PSO,Great Oak HS,88.325,27.375,17.95,25.1,17.9
2026,4,PSO,Pacifica HS,83.775,25.35,16.875,24.45,17.1
2026,4,PSO,Arbor View HS,83.65,26.1,17.0,23.25,17.3
2026,4,PSO,Rancho Cucamonga HS,86.35,26.4,17.55,24.45,17.95
2026,4,PSO,Chino HS,81.175,24.825,16.9,22.85,16.6
2026,4,PSO,Liberty HS (CA),79.526,24.825,16.4,22.3,16.0
2026,4,PIO,Bakersfield College,86.65,25.65,18.05,25.2,17.75
2026,4,PIO,OCI,83.85,24.975,17.3,23.875,17.7
2026,4,PIO,Desert Vox,82.05,24.45,16.5,24.05,17.05
2026,4,PIO,Breakthrough Indoor Percussion,81.55,24.0,17.1,23.25,17.2
2026,4,PIO,Vision Percussion,79.275,23.925,16.3,22.75,16.3
2026,4,PSW,Chino Hills HS,93.325,28.05,19.05,27.35,18.875
2026,4,PSW,Vista Murrieta HS,92.15,27.45,19.05,26.8,18.85
2026,4,PSW,Ayala HS,90.375,27.15,18.65,26.025,18.55
2026,4,PSW,Arcadia HS,89.45,27.15,18.15,25.95,18.2
2026,4,PSW,Etiwanda HS,86.251,26.175,17.45,24.775,17.85
2026,4,PSW,Buchanan HS,85.501,26.1,17.7,24.5,17.2
2026,4,PSW,El Dorado HS,82.776,24.825,17.1,24.1,16.75
2026,4,PSW,Foothill HS (NV),79.826,23.925,17.2,22.55,16.15
2026,4,PIW,RCC,93.675,28.275,19.35,27.0,19.05
2026,4,PIW,Pulse Percussion,92.863,27.862,18.85,27.45,18.7
2026,4,PIW,Broken City,92.225,27.825,18.95,26.6,18.85
2026,4,PIW,POW Percussion,86.5,26.4,17.0,25.95,17.15
2026,4,PIW,Dark Sky Percussion,85.8,25.95,17.3,25.1,17.45
2026,4,PIW,Meraki,84.451,25.65,16.75,25.15,16.9
2026,4,PIW,Kaizen,83.601,25.2,16.4,25.2,16.8
2026,4,PIW,Red Wave Indoor from Fresno State,81.151,24.0,16.5,24.4,16.25
2026,4,PIW,Instinct,78.726,23.625,16.45,22.65,16.0
2026,4,PSA,Homestead HS (IN),87.625,25.875,17.75,26.5,17.5
2026,4,PSA,Kickapoo HS,83.4,24.6,16.95,25.05,16.8
2026,4,PSA,Decatur Central HS,82.575,24.225,16.375,25.75,16.225
2026,4,PSA,Hamilton Southeastern HS,81.725,24.075,16.55,24.55,16.55
2026,4,PSA,New Palestine HS,81.576,23.925,16.5,24.9,16.25
2026,4,PIA,202 Indoor Percussion,85.2,24.6,17.4,25.95,17.25
2026,4,PIA,Pi Percussion Inc.,84.175,25.125,16.95,25.55,16.55
2026,4,PIA,Crystal Lake Thunder,78.575,23.325,15.85,23.5,15.9
2026,4,PSCA,Warren East HS,87.5,43.0,43.7,43.5,44.8
2026,4,PSCA,East Central HS,83.45,40.8,42.4,42.0,41.7
2026,4,PSCA,Canton McKinley HS,80.1,39.8,39.6,39.6,41.2
2026,4,PSCA,Knox HS,76.9,35.7,38.7,40.6,38.8
2026,4,PSCO,Ben Davis HS,88.95,43.8,45.2,43.7,45.2
2026,4,PSCW,Fishers HS,91.3,45.0,46.2,45.4,46.0
2026,4,PSO,Greenwood HS,90.488,26.587,18.575,27.05,18.275
2026,4,PSO,Victor J. Andrew HS,89.5,27.0,18.1,26.4,18.0
2026,4,PSO,Zionsville Community HS,89.375,26.475,17.95,27.275,17.675
2026,4,PSO,Carroll HS (IN),89.25,26.7,18.4,26.7,17.45
2026,4,PSO,Noblesville HS,87.213,26.062,17.65,26.1,17.4
2026,4,PSO,Greenfield-Central HS,85.876,24.825,17.6,26.2,17.25
2026,4,PSO,Goshen HS,83.326,24.975,16.95,24.75,16.65
2026,4,PSO,Franklin Community HS,82.839,24.413,16.6,24.8,17.025
2026,4,PSO,Warren Central HS (IN),82.001,24.0,16.75,24.4,16.85
2026,4,PSO,Beavercreek HS,81.988,24.487,16.95,24.25,16.3
2026,4,PSO,Northview HS,80.075,24.075,16.7,23.2,16.1
2026,4,PSO,Kettering Fairmont HS,78.275,23.325,16.2,23.3,15.45
2026,4,PIO,Veritas,90.55,27.15,18.1,27.2,18.1
2026,4,PIO,Cap City 2,89.25,26.1,17.55,27.6,18.0
2026,4,PIO,Matrix Open,85.675,25.125,17.15,26.1,17.3
2026,4,PIO,Freedom Percussion,83.975,24.975,16.55,25.75,16.7
2026,4,PSW,Avon HS,91.675,27.525,18.1,27.55,18.5
2026,4,PSW,Center Grove HS,90.875,27.225,18.1,27.55,18.0
2026,4,PSW,Fishers HS,85.663,25.538,16.95,26.1,17.075
2026,4,PSW,Brownsburg HS,84.825,24.975,17.25,25.6,17.0
2026,4,PSW,Franklin Central HS,83.025,24.225,16.75,25.4,16.65
2026,4,PIW,Rhythm X,94.825,28.575,19.05,28.05,19.15
2026,4,PIW,Redline,88.175,25.875,17.55,27.1,17.65
2026,4,PIW,Matrix,87.35,26.1,17.65,25.65,17.95
2026,4,PIW,ConneXus,85.4,24.9,17.0,26.45,17.05
