name,class,year,week,weeks_since,show_count,current_overall_average,current_me_average,current_ve_average,current_m_average,current_v_average,last_show_overall_score,last_show_me_score,last_show_ve_score,last_show_m_score,last_show_v_score,overall score,me score,ve score,m score,v score,last_overall_jump,last_me_jump,last_ve_jump,last_m_jump,last_v_jump
Arcadia HS,PSW,2014,1,0,0,0.0,0.0,0.0,0.0,0.0,0.0,0.0,0.0,0.0,0.0,81.2,31.6,33.5,16.1,0.0,0.0,0.0,0.0,0.0,0.0
Arcadia HS,PSW,2014,4,3,1,81.2,31.6,33.5,16.1,0.0,81.2,31.6,33.5,16.1,0.0,86.125,36.1,34.825,15.2,0.0,0.0,0.0,0.0,0.0,0.0
Arcadia HS,PSW,2014,6,2,2,83.662,33.85,34.162,15.65,0.0,86.125,36.1,34.825,15.2,0.0,88.7,36.0,35.1,17.6,0.0,4.925,4.5,1.325,-0.9,0.0
Ayala HS,PSW,2014,1,0,0,0.0,0.0,0.0,0.0,0.0,0.0,0.0,0.0,0.0,0.0,80.2,32.0,32.3,15.9,0.0,0.0,0.0,0.0,0.0,0.0
Ayala HS,PSW,2014,2,1,1,80.2,32.0,32.3,15.9,0.0,80.2,32.0,32.3,15.9,0.0,83.2,33.4,33.0,16.8,0.0,0.0,0.0,0.0,0.0,0.0
Ayala HS,PSW,2014,5,3,2,81.7,32.7,32.65,16.35,0.0,83.2,33.4,33.0,16.8,0.0,85.1,34.6,33.9,16.6,0.0,3.0,1.4,0.7,0.9,0.0
Ayala HS,PSW,2014,6,1,3,82.833,33.333,33.067,16.433,0.0,85.1,34.6,33.9,16.6,0.0,89.5,36.8,34.7,18.0,0.0,1.9,1.2,0.9,-0.2,0.0
Ayala HS,PSW,2014,8,2,4,84.5,34.2,33.475,16.825,0.0,89.5,36.8,34.7,18.0,0.0,91.75,37.2,35.85,18.7,0.0,4.4,2.2,0.8,1.4,0.0
Chino Hills HS,PSW,2014,0,0,0,0.0,0.0,0.0,0.0,0.0,0.0,0.0,0.0,0.0,0.0,83.7,33.8,33.1,16.8,-0.55,0.0,0.0,0.0,0.0,0.0
Chino Hills HS,PSW,2014,6,6,1,83.7,33.8,33.1,16.8,-0.55,83.7,33.8,33.1,16.8,-0.55,91.35,37.4,36.15,17.8,0.0,0.0,0.0,0.0,0.0,0.0
Chino Hills HS,PSW,2014,8,2,2,87.525,35.6,34.625,17.3,-0.275,91.35,37.4,36.15,17.8,0.0,94.85,38.6,37.75,18.5,0.0,7.65,3.6,3.05,1.0,0.55
Diamond Bar HS,PSW,2014,1,0,0,0.0,0.0,0.0,0.0,0.0,0.0,0.0,0.0,0.0,0.0,75.6,30.6,29.5,15.5,0.0,0.0,0.0,0.0,0.0,0.0
Diamond Bar HS,PSW,2014,4,3,1,75.6,30.6,29.5,15.5,0.0,75.6,30.6,29.5,15.5,0.0,84.5,34.5,34.0,16.0,0.0,0.0,0.0,0.0,0.0,0.0
Diamond Bar HS,PSW,2014,6,2,2,80.05,32.55,31.75,15.75,0.0,84.5,34.5,34.0,16.0,0.0,85.5,34.8,33.9,16.8,0.0,8.9,3.9,4.5,0.5,0.0
Diamond Bar HS,PSW,2014,8,2,3,81.867,33.3,32.467,16.1,0.0,85.5,34.8,33.9,16.8,0.0,87.8,34.0,36.3,17.5,0.0,1.0,0.3,-0.1,0.8,0.0
Rowland HS,PSW,2014,2,0,0,0.0,0.0,0.0,0.0,0.0,0.0,0.0,0.0,0.0,0.0,78.95,32.2,30.75,16.0,0.0,0.0,0.0,0.0,0.0,0.0
Rowland HS,PSW,2014,4,2,1,78.95,32.2,30.75,16.0,0.0,78.95,32.2,30.75,16.0,0.0,83.25,33.9,34.65,14.7,0.0,0.0,0.0,0.0,0.0,0.0
Rowland HS,PSW,2014,5,1,2,81.1,33.05,32.7,15.35,0.0,83.25,33.9,34.65,14.7,0.0,83.55,33.6,34.45,15.5,0.0,4.3,1.7,3.9,-1.3,0.0
Rowland HS,PSW,2014,8,3,3,81.917,33.233,33.283,15.4,0.0,83.55,33.6,34.45,15.5,0.0,88.425,34.8,36.625,17.0,0.0,0.3,-0.3,-0.2,0.8,0.0
Buena HS,PSO,2014,2,0,0,0.0,0.0,0.0,0.0,0.0,0.0,0.0,0.0,0.0,0.0,76.55,28.6,32.45,15.5,0.0,0.0,0.0,0.0,0.0,0.0
Buena HS,PSO,2014,5,3,1,76.55,28.6,32.45,15.5,0.0,76.55,28.6,32.45,15.5,0.0,78.85,30.8,32.05,16.0,0.0,0.0,0.0,0.0,0.0,0.0
Buena HS,PSO,2014,6,1,2,77.7,29.7,32.25,15.75,0.0,78.85,30.8,32.05,16.0,0.0,86.875,34.2,35.475,17.2,0.0,2.3,2.2,-0.4,0.5,0.0
Chino HS,PSO,2014,2,0,0,0.0,0.0,0.0,0.0,0.0,0.0,0.0,0.0,0.0,0.0,74.75,29.0,30.85,14.9,0.0,0.0,0.0,0.0,0.0,0.0
Chino HS,PSO,2014,4,2,1,74.75,29.0,30.85,14.9,0.0,74.75,29.0,30.85,14.9,0.0,80.15,34.0,32.05,14.1,0.0,0.0,0.0,0.0,0.0,0.0
Chino HS,PSO,2014,5,1,2,77.45,31.5,31.45,14.5,0.0,80.15,34.0,32.05,14.1,0.0,73.9,29.0,30.3,14.6,0.0,5.4,5.0,1.2,-0.8,0.0
El Dorado HS,PSO,2014,1,0,0,0.0,0.0,0.0,0.0,0.0,0.0,0.0,0.0,0.0,0.0,76.2,30.0,31.5,14.7,0.0,0.0,0.0,0.0,0.0,0.0
El Dorado HS,PSO,2014,4,3,1,76.2,30.0,31.5,14.7,0.0,76.2,30.0,31.5,14.7,0.0,81.25,33.3,33.15,14.8,0.0,0.0,0.0,0.0,0.0,0.0
El Dorado HS,PSO,2014,5,1,2,78.725,31.65,32.325,14.75,0.0,81.25,33.3,33.15,14.8,0.0,74.8,30.4,29.9,14.5,0.0,5.05,3.3,1.65,0.1,0.0
Etiwanda HS,PSO,2014,4,0,0,0.0,0.0,0.0,0.0,0.0,0.0,0.0,0.0,0.0,0.0,82.55,34.3,33.35,14.9,0.0,0.0,0.0,0.0,0.0,0.0
Etiwanda HS,PSO,2014,6,2,1,82.55,34.3,33.35,14.9,0.0,82.55,34.3,33.35,14.9,0.0,88.875,36.2,35.675,17.0,0.0,0.0,0.0,0.0,0.0,0.0
Fountain Valley HS,PSO,2014,1,0,0,0.0,0.0,0.0,0.0,0.0,0.0,0.0,0.0,0.0,0.0,80.55,31.2,33.25,16.1,0.0,0.0,0.0,0.0,0.0,0.0
Fountain Valley HS,PSO,2014,2,1,1,80.55,31.2,33.25,16.1,0.0,80.55,31.2,33.25,16.1,0.0,79.35,30.8,32.85,15.7,0.0,0.0,0.0,0.0,0.0,0.0
Fountain Valley HS,PSO,2014,5,3,2,79.95,31.0,33.05,15.9,0.0,79.35,30.8,32.85,15.7,0.0,81.55,32.0,33.15,16.4,0.0,-1.2,-0.4,-0.4,-0.4,0.0
Fountain Valley HS,PSO,2014,6,1,3,80.483,31.333,33.083,16.067,0.0,81.55,32.0,33.15,16.4,0.0,91.8,37.2,37.2,17.4,0.0,2.2,1.2,0.3,0.7,0.0
Granada Hills HS,PSO,2014,4,0,0,0.0,0.0,0.0,0.0,0.0,0.0,0.0,0.0,0.0,0.0,75.85,32.3,30.55,13.0,0.0,0.0,0.0,0.0,0.0,0.0
Granada Hills HS,PSO,2014,6,2,1,75.85,32.3,30.55,13.0,0.0,75.85,32.3,30.55,13.0,0.0,79.45,30.8,33.35,15.3,0.0,0.0,0.0,0.0,0.0,0.0
Great Oak HS,PSO,2014,2,0,0,0.0,0.0,0.0,0.0,0.0,0.0,0.0,0.0,0.0,0.0,77.25,30.4,31.55,15.3,0.0,0.0,0.0,0.0,0.0,0.0
Great Oak HS,PSO,2014,6,4,1,77.25,30.4,31.55,15.3,0.0,77.25,30.4,31.55,15.3,0.0,85.75,35.2,34.95,15.6,0.0,0.0,0.0,0.0,0.0,0.0
Los Alamitos HS,PSO,2014,1,0,0,0.0,0.0,0.0,0.0,0.0,0.0,0.0,0.0,0.0,0.0,80.1,31.6,32.7,15.8,0.0,0.0,0.0,0.0,0.0,0.0
Los Alamitos HS,PSO,2014,6,5,1,80.1,31.6,32.7,15.8,0.0,80.1,31.6,32.7,15.8,0.0,85.0,34.0,36.0,15.0,0.0,0.0,0.0,0.0,0.0,0.0
Pacifica HS,PSO,2014,1,0,0,0.0,0.0,0.0,0.0,0.0,0.0,0.0,0.0,0.0,0.0,74.05,30.4,29.75,13.9,0.0,0.0,0.0,0.0,0.0,0.0
Pacifica HS,PSO,2014,5,4,1,74.05,30.4,29.75,13.9,0.0,74.05,30.4,29.75,13.9,0.0,76.125,29.6,31.725,14.8,0.0,0.0,0.0,0.0,0.0,0.0
Rancho Cucamonga HS,PSO,2014,2,0,0,0.0,0.0,0.0,0.0,0.0,0.0,0.0,0.0,0.0,0.0,70.9,28.2,28.3,14.4,0.0,0.0,0.0,0.0,0.0,0.0
Rancho Cucamonga HS,PSO,2014,5,3,1,70.9,28.2,28.3,14.4,0.0,70.9,28.2,28.3,14.4,0.0,75.8,30.0,31.4,14.4,0.0,0.0,0.0,0.0,0.0,0.0
Rancho Cucamonga HS,PSO,2014,6,1,2,73.35,29.1,29.85,14.4,0.0,75.8,30.0,31.4,14.4,0.0,80.35,32.0,31.75,16.6,0.0,4.9,1.8,3.1,0.0,0.0
San Marcos HS (SB),PSO,2014,2,0,0,0.0,0.0,0.0,0.0,0.0,0.0,0.0,0.0,0.0,0.0,76.85,29.4,31.65,15.8,0.0,0.0,0.0,0.0,0.0,0.0
San Marcos HS (SB),PSO,2014,5,3,1,76.85,29.4,31.65,15.8,0.0,76.85,29.4,31.65,15.8,0.0,79.35,31.0,33.35,15.0,0.0,0.0,0.0,0.0,0.0,0.0
Trabuco Hills HS,PSO,2014,1,0,0,0.0,0.0,0.0,0.0,0.0,0.0,0.0,0.0,0.0,0.0,72.15,30.2,27.65,14.3,0.0,0.0,0.0,0.0,0.0,0.0
Trabuco Hills HS,PSO,2014,4,3,1,72.15,30.2,27.65,14.3,0.0,72.15,30.2,27.65,14.3,0.0,80.35,33.2,31.25,15.9,0.0,0.0,0.0,0.0,0.0,0.0
Trabuco Hills HS,PSO,2014,6,2,2,76.25,31.7,29.45,15.1,0.0,80.35,33.2,31.25,15.9,0.0,79.65,31.0,33.15,15.5,0.0,8.2,3.0,3.6,1.6,0.0
Upland HS,PSO,2014,2,0,0,0.0,0.0,0.0,0.0,0.0,0.0,0.0,0.0,0.0,0.0,72.2,28.4,29.0,14.8,0.0,0.0,0.0,0.0,0.0,0.0
Upland HS,PSO,2014,4,2,1,72.2,28.4,29.0,14.8,0.0,72.2,28.4,29.0,14.8,0.0,81.775,33.4,33.675,14.7,0.0,0.0,0.0,0.0,0.0,0.0
Upland HS,PSO,2014,5,1,2,76.988,30.9,31.338,14.75,0.0,81.775,33.4,33.675,14.7,0.0,78.65,30.2,33.25,15.2,0.0,9.575,5.0,4.675,-0.1,0.0
Upper Darby,PSO,2014,3,0,0,0.0,0.0,0.0,0.0,0.0,0.0,0.0,0.0,0.0,0.0,74.75,30.4,28.35,16.0,0.0,0.0,0.0,0.0,0.0,0.0
Upper Darby,PSO,2014,5,2,1,74.75,30.4,28.35,16.0,0.0,74.75,30.4,28.35,16.0,0.0,85.65,33.6,34.45,17.6,0.0,0.0,0.0,0.0,0.0,0.0
Valencia HS (OC),PSO,2014,1,0,0,0.0,0.0,0.0,0.0,0.0,0.0,0.0,0.0,0.0,0.0,76.275,29.6,31.775,14.9,0.0,0.0,0.0,0.0,0.0,0.0
Valencia HS (OC),PSO,2014,5,4,1,76.275,29.6,31.775,14.9,0.0,76.275,29.6,31.775,14.9,0.0,81.05,32.8,34.05,14.2,0.0,0.0,0.0,0.0,0.0,0.0
Vista Murrieta HS,PSO,2014,1,0,0,0.0,0.0,0.0,0.0,0.0,0.0,0.0,0.0,0.0,0.0,74.3,29.0,31.6,13.7,0.0,0.0,0.0,0.0,0.0,0.0
Vista Murrieta HS,PSO,2014,2,1,1,74.3,29.0,31.6,13.7,0.0,74.3,29.0,31.6,13.7,0.0,76.2,30.0,30.2,16.0,0.0,0.0,0.0,0.0,0.0,0.0
Vista Murrieta HS,PSO,2014,5,3,2,75.25,29.5,30.9,14.85,0.0,76.2,30.0,30.2,16.0,0.0,78.4,31.4,31.0,16.0,0.0,1.9,1.0,-1.4,2.3,0.0
West Ranch HS,PSO,2014,5,0,0,0.0,0.0,0.0,0.0,0.0,0.0,0.0,0.0,0.0,0.0,73.95,30.6,29.35,14.0,0.0,0.0,0.0,0.0,0.0,0.0
West Ranch HS,PSO,2014,6,1,1,73.95,30.6,29.35,14.0,0.0,73.95,30.6,29.35,14.0,0.0,83.05,33.4,31.55,18.1,0.0,0.0,0.0,0.0,0.0,0.0
Central Bucks South,PSA,2014,4,0,0,0.0,0.0,0.0,0.0,0.0,0.0,0.0,0.0,0.0,0.0,71.65,29.0,28.45,14.2,0.0,0.0,0.0,0.0,0.0,0.0
Central Bucks South,PSA,2014,5,1,1,71.65,29.0,28.45,14.2,0.0,71.65,29.0,28.45,14.2,0.0,75.05,30.8,31.25,13.0,0.0,0.0,0.0,0.0,0.0,0.0
Central Bucks South,PSA,2014,8,3,2,73.35,29.9,29.85,13.6,0.0,75.05,30.8,31.25,13.0,0.0,82.2,31.0,35.1,16.1,0.0,3.4,1.8,2.8,-1.2,0.0
Coatesville,PSA,2014,3,0,0,0.0,0.0,0.0,0.0,0.0,0.0,0.0,0.0,0.0,0.0,67.9,28.0,25.0,14.9,0.0,0.0,0.0,0.0,0.0,0.0
Coatesville,PSA,2014,4,1,1,67.9,28.0,25.0,14.9,0.0,67.9,28.0,25.0,14.9,0.0,70.0,29.2,27.8,13.0,0.0,0.0,0.0,0.0,0.0,0.0
Coatesville,PSA,2014,5,1,2,68.95,28.6,26.4,13.95,0.0,70.0,29.2,27.8,13.0,0.0,75.75,30.4,32.05,13.3,0.0,2.1,1.2,2.8,-1.9,0.0
Coatesville,PSA,2014,8,3,3,71.217,29.2,28.283,13.733,0.0,75.75,30.4,32.05,13.3,0.0,84.8,33.2,34.7,16.9,0.0,5.75,1.2,4.25,0.3,0.0
Downingtown,PSA,2014,3,0,0,0.0,0.0,0.0,0.0,0.0,0.0,0.0,0.0,0.0,0.0,75.8,30.7,29.9,15.2,0.0,0.0,0.0,0.0,0.0,0.0
Downingtown,PSA,2014,4,1,1,75.8,30.7,29.9,15.2,0.0,75.8,30.7,29.9,15.2,0.0,75.4,30.2,29.8,15.4,0.0,0.0,0.0,0.0,0.0,0.0
Downingtown,PSA,2014,5,1,2,75.6,30.45,29.85,15.3,0.0,75.4,30.2,29.8,15.4,0.0,83.6,34.0,33.1,16.5,0.0,-0.4,-0.5,-0.1,0.2,0.0
Highland,PSA,2014,3,0,0,0.0,0.0,0.0,0.0,0.0,0.0,0.0,0.0,0.0,0.0,72.35,32.6,25.55,14.2,0.0,0.0,0.0,0.0,0.0,0.0
Highland,PSA,2014,8,5,1,72.35,32.6,25.55,14.2,0.0,72.35,32.6,25.55,14.2,0.0,81.5,32.4,32.85,16.25,0.0,0.0,0.0,0.0,0.0,0.0
Laguna Hills HS,PSA,2014,0,0,0,0.0,0.0,0.0,0.0,0.0,0.0,0.0,0.0,0.0,0.0,69.0,27.4,28.7,12.9,-6.95,0.0,0.0,0.0,0.0,0.0
Laguna Hills HS,PSA,2014,2,2,1,69.0,27.4,28.7,12.9,-6.95,69.0,27.4,28.7,12.9,-6.95,68.0,27.0,28.3,12.7,0.0,0.0,0.0,0.0,0.0,0.0
Lake Lehman,PSA,2014,3,0,0,0.0,0.0,0.0,0.0,0.0,0.0,0.0,0.0,0.0,0.0,72.0,29.2,29.5,13.3,0.0,0.0,0.0,0.0,0.0,0.0
Lake Lehman,PSA,2014,4,1,1,72.0,29.2,29.5,13.3,0.0,72.0,29.2,29.5,13.3,0.0,67.6,27.2,26.7,13.7,0.0,0.0,0.0,0.0,0.0,0.0
Lake Lehman,PSA,2014,8,4,2,69.8,28.2,28.1,13.5,0.0,67.6,27.2,26.7,13.7,0.0,82.3,31.4,34.3,16.6,0.0,-4.4,-2.0,-2.8,0.4,0.0
Methacton,PSA,2014,3,0,0,0.0,0.0,0.0,0.0,0.0,0.0,0.0,0.0,0.0,0.0,67.3,27.0,27.5,12.8,0.0,0.0,0.0,0.0,0.0,0.0
Methacton,PSA,2014,4,1,1,67.3,27.0,27.5,12.8,0.0,67.3,27.0,27.5,12.8,0.0,72.45,29.8,28.85,13.8,0.0,0.0,0.0,0.0,0.0,0.0
Methacton,PSA,2014,8,4,2,69.875,28.4,28.175,13.3,0.0,72.45,29.8,28.85,13.8,0.0,78.6,29.8,32.3,16.5,0.0,5.15,2.8,1.35,1.0,0.0
North Penn,PSA,2014,3,0,0,0.0,0.0,0.0,0.0,0.0,0.0,0.0,0.0,0.0,0.0,65.65,27.2,24.45,14.0,0.0,0.0,0.0,0.0,0.0,0.0
North Penn,PSA,2014,5,2,1,65.65,27.2,24.45,14.0,0.0,65.65,27.2,24.45,14.0,0.0,72.6,29.6,29.3,13.7,0.0,0.0,0.0,0.0,0.0,0.0
North Penn,PSA,2014,8,3,2,69.125,28.4,26.875,13.85,0.0,72.6,29.6,29.3,13.7,0.0,85.1,31.8,35.5,17.8,0.0,6.95,2.4,4.85,-0.3,0.0
Old Bridge,PSA,2014,3,0,0,0.0,0.0,0.0,0.0,0.0,0.0,0.0,0.0,0.0,0.0,77.9,30.6,31.5,15.8,0.0,0.0,0.0,0.0,0.0,0.0
Old Bridge,PSA,2014,4,1,1,77.9,30.6,31.5,15.8,0.0,77.9,30.6,31.5,15.8,0.0,79.15,31.4,31.65,16.1,0.0,0.0,0.0,0.0,0.0,0.0
Pennsauken,PSA,2014,3,0,0,0.0,0.0,0.0,0.0,0.0,0.0,0.0,0.0,0.0,0.0,75.85,30.3,30.95,14.6,0.0,0.0,0.0,0.0,0.0,0.0
Pennsauken,PSA,2014,4,1,1,75.85,30.3,30.95,14.6,0.0,75.85,30.3,30.95,14.6,0.0,80.65,32.4,32.25,16.0,0.0,0.0,0.0,0.0,0.0,0.0
Pennsauken,PSA,2014,5,1,2,78.25,31.35,31.6,15.3,0.0,80.65,32.4,32.25,16.0,0.0,85.65,34.2,34.05,17.4,0.0,4.8,2.1,1.3,1.4,0.0
Pennsauken,PSA,2014,8,3,3,80.717,32.3,32.417,16.0,0.0,85.65,34.2,34.05,17.4,0.0,92.5,36.4,37.9,18.2,0.0,5.0,1.8,1.8,1.4,0.0
Perkiomen Valley,PSA,2014,3,0,0,0.0,0.0,0.0,0.0,0.0,0.0,0.0,0.0,0.0,0.0,72.65,30.2,28.85,13.6,0.0,0.0,0.0,0.0,0.0,0.0
Perkiomen Valley,PSA,2014,4,1,1,72.65,30.2,28.85,13.6,0.0,72.65,30.2,28.85,13.6,0.0,72.5,28.6,29.4,14.5,0.0,0.0,0.0,0.0,0.0,0.0
Perkiomen Valley,PSA,2014,8,4,2,72.575,29.4,29.125,14.05,0.0,72.5,28.6,29.4,14.5,0.0,89.35,35.6,36.55,17.2,0.0,-0.15,-1.6,0.55,0.9,0.0
South Hills HS,PSA,2014,0,0,0,0.0,0.0,0.0,0.0,0.0,0.0,0.0,0.0,0.0,0.0,75.15,30.2,30.75,14.2,-5.7,0.0,0.0,0.0,0.0,0.0
South Hills HS,PSA,2014,2,2,1,75.15,30.2,30.75,14.2,-5.7,75.15,30.2,30.75,14.2,-5.7,75.4,29.0,31.2,15.2,0.0,0.0,0.0,0.0,0.0,0.0
Temescal Canyon HS,PSA,2014,0,0,0,0.0,0.0,0.0,0.0,0.0,0.0,0.0,0.0,0.0,0.0,69.5,27.0,28.3,14.2,-4.55,0.0,0.0,0.0,0.0,0.0
Temescal Canyon HS,PSA,2014,2,2,1,69.5,27.0,28.3,14.2,-4.55,69.5,27.0,28.3,14.2,-4.55,71.6,30.6,26.2,14.8,0.0,0.0,0.0,0.0,0.0,0.0
Unionville,PSA,2014,4,0,0,0.0,0.0,0.0,0.0,0.0,0.0,0.0,0.0,0.0,0.0,72.9,28.4,30.2,14.3,0.0,0.0,0.0,0.0,0.0,0.0
Unionville,PSA,2014,5,1,1,72.9,28.4,30.2,14.3,0.0,72.9,28.4,30.2,14.3,0.0,77.55,31.0,30.85,15.7,0.0,0.0,0.0,0.0,0.0,0.0
Unionville,PSA,2014,8,3,2,75.225,29.7,30.525,15.0,0.0,77.55,31.0,30.85,15.7,0.0,84.85,34.0,33.9,16.95,0.0,4.65,2.6,0.65,1.4,0.0
Dark Sky Percussion,PIW,2014,5,0,0,0.0,0.0,0.0,0.0,0.0,0.0,0.0,0.0,0.0,0.0,80.45,32.0,32.55,15.9,0.0,0.0,0.0,0.0,0.0,0.0
Dark Sky Percussion,PIW,2014,8,3,1,80.45,32.0,32.55,15.9,0.0,80.45,32.0,32.55,15.9,0.0,84.9,35.2,32.7,17.0,0.0,0.0,0.0,0.0,0.0,0.0
Orange County Independent Percussion,PIW,2014,2,0,0,0.0,0.0,0.0,0.0,0.0,0.0,0.0,0.0,0.0,0.0,84.2,34.2,33.4,16.6,0.0,0.0,0.0,0.0,0.0,0.0
Orange County Independent Percussion,PIW,2014,4,2,1,84.2,34.2,33.4,16.6,0.0,84.2,34.2,33.4,16.6,0.0,84.75,36.1,34.65,14.0,0.0,0.0,0.0,0.0,0.0,0.0
Orange County Independent Percussion,PIW,2014,5,1,2,84.475,35.15,34.025,15.3,0.0,84.75,36.1,34.65,14.0,0.0,79.85,31.6,31.35,16.9,0.0,0.55,1.9,1.25,-2.6,0.0
Orange County Independent Percussion,PIW,2014,8,3,3,82.933,33.967,33.133,15.833,0.0,79.85,31.6,31.35,16.9,0.0,84.35,33.8,33.05,17.5,0.0,-4.9,-4.5,-3.3,2.9,0.0
POW Percussion,PIW,2014,0,0,0,0.0,0.0,0.0,0.0,0.0,0.0,0.0,0.0,0.0,0.0,78.4,31.0,32.3,15.1,0.0,0.0,0.0,0.0,0.0,0.0
POW Percussion,PIW,2014,5,5,1,78.4,31.0,32.3,15.1,0.0,78.4,31.0,32.3,15.1,0.0,83.45,33.2,34.15,16.1,0.0,0.0,0.0,0.0,0.0,0.0
POW Percussion,PIW,2014,8,3,2,80.925,32.1,33.225,15.6,0.0,83.45,33.2,34.15,16.1,0.0,90.15,36.8,35.75,17.6,0.0,5.05,2.2,1.85,1.0,0.0
Pulse Percussion,PIW,2014,0,0,0,0.0,0.0,0.0,0.0,0.0,0.0,0.0,0.0,0.0,0.0,84.5,33.8,33.9,16.8,0.0,0.0,0.0,0.0,0.0,0.0
Pulse Percussion,PIW,2014,5,5,1,84.5,33.8,33.9,16.8,0.0,84.5,33.8,33.9,16.8,0.0,90.95,36.2,36.95,17.8,0.0,0.0,0.0,0.0,0.0,0.0
Pulse Percussion,PIW,2014,8,3,2,87.725,35.0,35.425,17.3,0.0,90.95,36.2,36.95,17.8,0.0,95.4,39.4,37.2,18.8,0.0,6.45,2.4,3.05,1.0,0.0
RCC,PIW,2014,0,0,0,0.0,0.0,0.0,0.0,0.0,0.0,0.0,0.0,0.0,0.0,84.05,34.4,33.25,16.4,-1.2,0.0,0.0,0.0,0.0,0.0
RCC,PIW,2014,8,8,1,84.05,34.4,33.25,16.4,-1.2,84.05,34.4,33.25,16.4,-1.2,94.775,38.8,37.375,18.6,0.0,0.0,0.0,0.0,0.0,0.0
Elan Percussion,PIO,2014,4,0,0,0.0,0.0,0.0,0.0,0.0,0.0,0.0,0.0,0.0,0.0,77.6,33.0,29.6,15.0,0.0,0.0,0.0,0.0,0.0,0.0
Elan Percussion,PIO,2014,6,2,1,77.6,33.0,29.6,15.0,0.0,77.6,33.0,29.6,15.0,0.0,80.95,32.0,31.65,17.3,0.0,0.0,0.0,0.0,0.0,0.0
Elan Percussion,PIO,2014,8,2,2,79.275,32.5,30.625,16.15,0.0,80.95,32.0,31.65,17.3,0.0,87.3,35.4,34.5,17.4,0.0,3.35,-1.0,2.05,2.3,0.0
Pasadena City College,PIO,2014,4,0,0,0.0,0.0,0.0,0.0,0.0,0.0,0.0,0.0,0.0,0.0,72.55,31.0,28.95,12.6,0.0,0.0,0.0,0.0,0.0,0.0
Pasadena City College,PIO,2014,8,4,1,72.55,31.0,28.95,12.6,0.0,72.55,31.0,28.95,12.6,0.0,81.0,31.0,33.3,16.7,0.0,0.0,0.0,0.0,0.0,0.0
Aftermath,PIA,2014,3,0,0,0.0,0.0,0.0,0.0,0.0,0.0,0.0,0.0,0.0,0.0,74.9,31.8,27.4,15.7,0.0,0.0,0.0,0.0,0.0,0.0
Aftermath,PIA,2014,5,2,1,74.9,31.8,27.4,15.7,0.0,74.9,31.8,27.4,15.7,0.0,78.35,31.8,31.65,14.9,0.0,0.0,0.0,0.0,0.0,0.0
Aftermath,PIA,2014,8,3,2,76.625,31.8,29.525,15.3,0.0,78.35,31.8,31.65,14.9,0.0,84.2,33.0,33.75,17.45,0.0,3.45,0.0,4.25,-0.8,0.0
Cornerstone Percussion,PIA,2014,2,0,0,0.0,0.0,0.0,0.0,0.0,0.0,0.0,0.0,0.0,0.0,64.55,25.2,25.55,13.8,0.0,0.0,0.0,0.0,0.0,0.0
Cornerstone Percussion,PIA,2014,8,6,1,64.55,25.2,25.55,13.8,0.0,64.55,25.2,25.55,13.8,0.0,79.25,30.0,33.05,16.2,0.0,0.0,0.0,0.0,0.0,0.0
Gold Coast Independent,PIA,2014,5,0,0,0.0,0.0,0.0,0.0,0.0,0.0,0.0,0.0,0.0,0.0,63.1,25.4,25.1,12.6,0.0,0.0,0.0,0.0,0.0,0.0
Gold Coast Independent,PIA,2014,6,1,1,63.1,25.4,25.1,12.6,0.0,63.1,25.4,25.1,12.6,0.0,69.35,27.6,25.65,16.1,0.0,0.0,0.0,0.0,0.0,0.0
Gold Coast Independent,PIA,2014,8,2,2,66.225,26.5,25.375,14.35,0.0,69.35,27.6,25.65,16.1,0.0,74.8,28.0,30.0,16.8,0.0,6.25,2.2,0.55,3.5,0.0
Arcadia HS,PSW,2015,1,0,0,0.0,0.0,0.0,0.0,0.0,0.0,0.0,0.0,0.0,0.0,82.5,33.6,33.2,15.7,-4.1,0.0,0.0,0.0,0.0,0.0
Arcadia HS,PSW,2015,6,5,1,82.5,33.6,33.2,15.7,-4.1,82.5,33.6,33.2,15.7,-4.1,90.35,36.4,37.55,16.4,-0.6,0.0,0.0,0.0,0.0,0.0
Arcadia HS,PSW,2015,8,2,2,86.425,35.0,35.375,16.05,-2.35,90.35,36.4,37.55,16.4,-0.6,91.95,36.8,37.75,17.4,0.0,7.85,2.8,4.35,0.7,3.5
Ayala HS,PSW,2015,1,0,0,0.0,0.0,0.0,0.0,0.0,0.0,0.0,0.0,0.0,0.0,83.375,33.0,34.075,16.3,-1.0,0.0,0.0,0.0,0.0,0.0
Ayala HS,PSW,2015,6,5,1,83.375,33.0,34.075,16.3,-1.0,83.375,33.0,34.075,16.3,-1.0,91.0,35.8,38.1,17.1,0.0,0.0,0.0,0.0,0.0,0.0
Ayala HS,PSW,2015,8,2,2,87.188,34.4,36.088,16.7,-0.5,91.0,35.8,38.1,17.1,0.0,92.65,37.6,36.95,18.1,0.0,7.625,2.8,4.025,0.8,1.0
Chino Hills HS,PSW,2015,0,0,0,0.0,0.0,0.0,0.0,0.0,0.0,0.0,0.0,0.0,0.0,86.65,36.0,33.75,16.9,0.0,0.0,0.0,0.0,0.0,0.0
Chino Hills HS,PSW,2015,1,1,1,86.65,36.0,33.75,16.9,0.0,86.65,36.0,33.75,16.9,0.0,85.475,34.8,33.875,16.8,0.0,0.0,0.0,0.0,0.0,0.0
Chino Hills HS,PSW,2015,5,4,2,86.062,35.4,33.812,16.85,0.0,85.475,34.8,33.875,16.8,0.0,90.05,36.2,36.55,17.3,-2.5,-1.175,-1.2,0.125,-0.1,0.0
Chino Hills HS,PSW,2015,8,3,3,87.392,35.667,34.725,17.0,-0.833,90.05,36.2,36.55,17.3,-2.5,92.625,37.4,37.225,18.0,0.0,4.575,1.4,2.675,0.5,-2.5
Diamond Bar HS,PSW,2015,2,0,0,0.0,0.0,0.0,0.0,0.0,0.0,0.0,0.0,0.0,0.0,78.1,29.4,32.3,16.4,-3.75,0.0,0.0,0.0,0.0,0.0
Diamond Bar HS,PSW,2015,4,2,1,78.1,29.4,32.3,16.4,-3.75,78.1,29.4,32.3,16.4,-3.75,82.95,33.6,32.95,16.4,-2.2,0.0,0.0,0.0,0.0,0.0
Diamond Bar HS,PSW,2015,6,2,2,80.525,31.5,32.625,16.4,-2.975,82.95,33.6,32.95,16.4,-2.2,81.45,30.8,34.85,15.8,0.0,4.85,4.2,0.65,0.0,1.55
Rowland HS,PSW,2015,2,0,0,0.0,0.0,0.0,0.0,0.0,0.0,0.0,0.0,0.0,0.0,81.25,32.8,31.65,16.8,-8.85,0.0,0.0,0.0,0.0,0.0
Rowland HS,PSW,2015,4,2,1,81.25,32.8,31.65,16.8,-8.85,81.25,32.8,31.65,16.8,-8.85,83.325,33.2,33.025,17.1,-2.6,0.0,0.0,0.0,0.0,0.0
Rowland HS,PSW,2015,6,2,2,82.288,33.0,32.338,16.95,-5.725,83.325,33.2,33.025,17.1,-2.6,84.1,33.0,34.3,16.8,0.0,2.075,0.4,1.375,0.3,6.25
Rowland HS,PSW,2015,8,2,3,82.892,33.0,32.992,16.9,-3.817,84.1,33.0,34.3,16.8,0.0,86.95,34.6,34.55,17.8,-0.5,0.775,-0.2,1.275,-0.3,2.6
Buena HS,PSO,2015,2,0,0,0.0,0.0,0.0,0.0,0.0,0.0,0.0,0.0,0.0,0.0,79.2,31.1,32.7,15.4,-1.45,0.0,0.0,0.0,0.0,0.0
Buena HS,PSO,2015,6,4,1,79.2,31.1,32.7,15.4,-1.45,79.2,31.1,32.7,15.4,-1.45,83.951,34.0,33.85,16.1,0.0,0.0,0.0,0.0,0.0,0.0
Cypress HS,PSO,2015,1,0,0,0.0,0.0,0.0,0.0,0.0,0.0,0.0,0.0,0.0,0.0,73.15,28.2,30.55,14.4,0.0,0.0,0.0,0.0,0.0,0.0
Cypress HS,PSO,2015,2,1,1,73.15,28.2,30.55,14.4,0.0,73.15,28.2,30.55,14.4,0.0,79.55,33.0,30.45,16.1,0.0,0.0,0.0,0.0,0.0,0.0
Cypress HS,PSO,2015,5,3,2,76.35,30.6,30.5,15.25,0.0,79.55,33.0,30.45,16.1,0.0,77.101,31.6,29.9,15.6,0.0,6.4,4.8,-0.1,1.7,0.0
El Dorado HS,PSO,2015,0,0,0,0.0,0.0,0.0,0.0,0.0,0.0,0.0,0.0,0.0,0.0,74.2,31.0,29.1,14.1,0.0,0.0,0.0,0.0,0.0,0.0
El Dorado HS,PSO,2015,2,2,1,74.2,31.0,29.1,14.1,0.0,74.2,31.0,29.1,14.1,0.0,76.226,30.8,29.625,15.8,0.0,0.0,0.0,0.0,0.0,0.0
El Dorado HS,PSO,2015,5,3,2,75.213,30.9,29.362,14.95,0.0,76.226,30.8,29.625,15.8,0.0,77.901,33.4,29.1,15.4,0.0,2.026,-0.2,0.525,1.7,0.0
El Dorado HS,PSO,2015,6,1,3,76.109,31.733,29.275,15.1,0.0,77.901,33.4,29.1,15.4,0.0,80.15,32.8,31.75,15.6,0.0,1.675,2.6,-0.525,-0.4,0.0
Etiwanda HS,PSO,2015,0,0,0,0.0,0.0,0.0,0.0,0.0,0.0,0.0,0.0,0.0,0.0,83.325,34.0,31.825,17.5,-4.7,0.0,0.0,0.0,0.0,0.0
Etiwanda HS,PSO,2015,5,5,1,83.325,34.0,31.825,17.5,-4.7,83.325,34.0,31.825,17.5,-4.7,86.5,35.8,33.6,17.1,0.0,0.0,0.0,0.0,0.0,0.0
Fountain Valley HS,PSO,2015,1,0,0,0.0,0.0,0.0,0.0,0.0,0.0,0.0,0.0,0.0,0.0,74.45,28.4,31.35,14.7,-6.05,0.0,0.0,0.0,0.0,0.0
Fountain Valley HS,PSO,2015,5,4,1,74.45,28.4,31.35,14.7,-6.05,74.45,28.4,31.35,14.7,-6.05,83.0,34.2,31.9,16.9,-0.55,0.0,0.0,0.0,0.0,0.0
Fountain Valley HS,PSO,2015,6,1,2,78.725,31.3,31.625,15.8,-3.3,83.0,34.2,31.9,16.9,-0.55,85.35,35.0,32.95,17.4,0.0,8.55,5.8,0.55,2.2,5.5
Great Oak HS,PSO,2015,1,0,0,0.0,0.0,0.0,0.0,0.0,0.0,0.0,0.0,0.0,0.0,78.275,29.8,33.275,15.2,-1.15,0.0,0.0,0.0,0.0,0.0
Great Oak HS,PSO,2015,5,4,1,78.275,29.8,33.275,15.2,-1.15,78.275,29.8,33.275,15.2,-1.15,85.9,34.0,34.4,17.5,0.0,0.0,0.0,0.0,0.0,0.0
Hatboro-Horsham,PSO,2015,2,0,0,0.0,0.0,0.0,0.0,0.0,0.0,0.0,0.0,0.0,0.0,72.35,31.2,26.85,14.3,0.0,0.0,0.0,0.0,0.0,0.0
Hatboro-Horsham,PSO,2015,5,3,1,72.35,31.2,26.85,14.3,0.0,72.35,31.2,26.85,14.3,0.0,85.05,33.4,33.35,18.3,0.0,0.0,0.0,0.0,0.0,0.0
Los Alamitos HS,PSO,2015,2,0,0,0.0,0.0,0.0,0.0,0.0,0.0,0.0,0.0,0.0,0.0,81.95,32.0,33.35,16.6,0.0,0.0,0.0,0.0,0.0,0.0
Los Alamitos HS,PSO,2015,6,4,1,81.95,32.0,33.35,16.6,0.0,81.95,32.0,33.35,16.6,0.0,86.9,36.2,33.9,16.8,0.0,0.0,0.0,0.0,0.0,0.0
Mission Viejo HS,PSO,2015,4,0,0,0.0,0.0,0.0,0.0,0.0,0.0,0.0,0.0,0.0,0.0,85.075,34.2,33.875,17.0,-5.35,0.0,0.0,0.0,0.0,0.0
Mission Viejo HS,PSO,2015,6,2,1,85.075,34.2,33.875,17.0,-5.35,85.075,34.2,33.875,17.0,-5.35,84.076,33.9,33.875,16.3,-2.35,0.0,0.0,0.0,0.0,0.0
Nogales HS,PSO,2015,1,0,0,0.0,0.0,0.0,0.0,0.0,0.0,0.0,0.0,0.0,0.0,77.625,29.6,32.425,15.6,-2.8,0.0,0.0,0.0,0.0,0.0
Nogales HS,PSO,2015,4,3,1,77.625,29.6,32.425,15.6,-2.8,77.625,29.6,32.425,15.6,-2.8,82.05,31.8,34.55,15.7,0.0,0.0,0.0,0.0,0.0,0.0
Nogales HS,PSO,2015,5,1,2,79.838,30.7,33.488,15.65,-1.4,82.05,31.8,34.55,15.7,0.0,84.8,34.7,32.3,17.8,0.0,4.425,2.2,2.125,0.1,2.8
Nogales HS,PSO,2015,6,1,3,81.492,32.033,33.092,16.367,-0.933,84.8,34.7,32.3,17.8,0.0,82.701,35.5,30.6,16.6,0.0,2.75,2.9,-2.25,2.1,0.0
Old Bridge,PSO,2015,6,0,0,0.0,0.0,0.0,0.0,0.0,0.0,0.0,0.0,0.0,0.0,87.35,35.0,35.15,17.2,0.0,0.0,0.0,0.0,0.0,0.0
Old Bridge,PSO,2015,8,2,1,87.35,35.0,35.15,17.2,0.0,87.35,35.0,35.15,17.2,0.0,89.3,35.8,35.6,17.9,0.0,0.0,0.0,0.0,0.0,0.0
Parkland,PSO,2015,5,0,0,0.0,0.0,0.0,0.0,0.0,0.0,0.0,0.0,0.0,0.0,82.2,32.6,33.0,16.6,0.0,0.0,0.0,0.0,0.0,0.0
Parkland,PSO,2015,6,1,1,82.2,32.6,33.0,16.6,0.0,82.2,32.6,33.0,16.6,0.0,84.0,33.2,33.8,17.0,0.0,0.0,0.0,0.0,0.0,0.0
Parkland,PSO,2015,8,2,2,83.1,32.9,33.4,16.8,0.0,84.0,33.2,33.8,17.0,0.0,86.15,34.6,34.05,17.5,0.0,1.8,0.6,0.8,0.4,0.0
San Marino HS,PSO,2015,4,0,0,0.0,0.0,0.0,0.0,0.0,0.0,0.0,0.0,0.0,0.0,81.75,33.2,33.75,14.8,-1.1,0.0,0.0,0.0,0.0,0.0
San Marino HS,PSO,2015,6,2,1,81.75,33.2,33.75,14.8,-1.1,81.75,33.2,33.75,14.8,-1.1,78.05,32.2,30.55,15.3,-0.1,0.0,0.0,0.0,0.0,0.0
Springford,PSO,2015,4,0,0,0.0,0.0,0.0,0.0,0.0,0.0,0.0,0.0,0.0,0.0,73.2,27.0,32.7,13.5,-1.95,0.0,0.0,0.0,0.0,0.0
Springford,PSO,2015,5,1,1,73.2,27.0,32.7,13.5,-1.95,73.2,27.0,32.7,13.5,-1.95,80.9,31.4,32.3,17.2,0.0,0.0,0.0,0.0,0.0,0.0
Springford,PSO,2015,6,1,2,77.05,29.2,32.5,15.35,-0.975,80.9,31.4,32.3,17.2,0.0,84.4,32.6,35.5,16.3,0.0,7.7,4.4,-0.4,3.7,1.95
Springford,PSO,2015,8,2,3,79.5,30.333,33.5,15.667,-0.65,84.4,32.6,35.5,16.3,0.0,87.3,36.2,34.4,16.7,0.0,3.5,1.2,3.2,-0.9,0.0
Trabuco Hills HS,PSO,2015,2,0,0,0.0,0.0,0.0,0.0,0.0,0.0,0.0,0.0,0.0,0.0,78.126,31.4,30.875,15.85,-2.25,0.0,0.0,0.0,0.0,0.0
Trabuco Hills HS,PSO,2015,6,4,1,78.126,31.4,30.875,15.85,-2.25,78.126,31.4,30.875,15.85,-2.25,84.6,35.4,32.65,16.55,0.0,0.0,0.0,0.0,0.0,0.0
Upland HS,PSO,2015,2,0,0,0.0,0.0,0.0,0.0,0.0,0.0,0.0,0.0,0.0,0.0,72.501,27.4,29.9,15.2,-6.9,0.0,0.0,0.0,0.0,0.0
Upland HS,PSO,2015,4,2,1,72.501,27.4,29.9,15.2,-6.9,72.501,27.4,29.9,15.2,-6.9,74.601,30.0,29.9,14.7,-3.2,0.0,0.0,0.0,0.0,0.0
Upland HS,PSO,2015,6,2,2,73.551,28.7,29.9,14.95,-5.05,74.601,30.0,29.9,14.7,-3.2,81.051,33.8,32.15,15.1,0.0,2.1,2.6,0.0,-0.5,3.7
Upper Darby,PSO,2015,4,0,0,0.0,0.0,0.0,0.0,0.0,0.0,0.0,0.0,0.0,0.0,76.1,29.6,32.3,14.2,0.0,0.0,0.0,0.0,0.0,0.0
Upper Darby,PSO,2015,8,4,1,76.1,29.6,32.3,14.2,0.0,76.1,29.6,32.3,14.2,0.0,89.65,37.2,35.25,17.2,0.0,0.0,0.0,0.0,0.0,0.0
Valencia HS (OC),PSO,2015,2,0,0,0.0,0.0,0.0,0.0,0.0,0.0,0.0,0.0,0.0,0.0,72.851,26.6,31.1,15.15,-4.15,0.0,0.0,0.0,0.0,0.0
Valencia HS (OC),PSO,2015,4,2,1,72.851,26.6,31.1,15.15,-4.15,72.851,26.6,31.1,15.15,-4.15,77.701,31.4,30.7,15.6,0.0,0.0,0.0,0.0,0.0,0.0
Valencia HS (OC),PSO,2015,6,2,2,75.276,29.0,30.9,15.375,-2.075,77.701,31.4,30.7,15.6,0.0,78.75,33.2,30.95,14.6,0.0,4.85,4.8,-0.4,0.45,4.15
Vista Murrieta HS,PSO,2015,4,0,0,0.0,0.0,0.0,0.0,0.0,0.0,0.0,0.0,0.0,0.0,80.3,31.2,34.2,14.9,-1.35,0.0,0.0,0.0,0.0,0.0
Vista Murrieta HS,PSO,2015,5,1,1,80.3,31.2,34.2,14.9,-1.35,80.3,31.2,34.2,14.9,-1.35,82.3,33.0,32.8,16.5,-1.5,0.0,0.0,0.0,0.0,0.0
Vista Murrieta HS,PSO,2015,6,1,2,81.3,32.1,33.5,15.7,-1.425,82.3,33.0,32.8,16.5,-1.5,80.351,32.0,32.55,15.8,-0.65,2.0,1.8,-1.4,1.6,-0.15
Westlake HS,PSO,2015,1,0,0,0.0,0.0,0.0,0.0,0.0,0.0,0.0,0.0,0.0,0.0,73.175,27.2,31.075,14.9,-5.1,0.0,0.0,0.0,0.0,0.0
Westlake HS,PSO,2015,2,1,1,73.175,27.2,31.075,14.9,-5.1,73.175,27.2,31.075,14.9,-5.1,75.051,29.2,28.85,17.0,-2.75,0.0,0.0,0.0,0.0,0.0
Westlake HS,PSO,2015,6,4,2,74.113,28.2,29.962,15.95,-3.925,75.051,29.2,28.85,17.0,-2.75,77.2,30.8,29.9,16.5,-2.5,1.876,2.0,-2.225,2.1,2.35
Abington,PSA,2015,2,0,0,0.0,0.0,0.0,0.0,0.0,0.0,0.0,0.0,0.0,0.0,67.701,28.2,26.0,13.5,-0.25,0.0,0.0,0.0,0.0,0.0
Abington,PSA,2015,4,2,1,67.701,28.2,26.0,13.5,-0.25,67.701,28.2,26.0,13.5,-0.25,77.501,31.4,31.5,14.6,0.0,0.0,0.0,0.0,0.0,0.0
Abington,PSA,2015,8,4,2,72.601,29.8,28.75,14.05,-0.125,77.501,31.4,31.5,14.6,0.0,76.4,30.4,30.9,15.1,0.0,9.8,3.2,5.5,1.1,0.25
Baldwin Park HS,PSA,2015,0,0,0,0.0,0.0,0.0,0.0,0.0,0.0,0.0,0.0,0.0,0.0,76.101,29.8,31.5,14.8,-4.1,0.0,0.0,0.0,0.0,0.0
Baldwin Park HS,PSA,2015,2,2,1,76.101,29.8,31.5,14.8,-4.1,76.101,29.8,31.5,14.8,-4.1,71.075,29.0,27.875,14.2,-2.0,0.0,0.0,0.0,0.0,0.0
Bensalem,PSA,2015,6,0,0,0.0,0.0,0.0,0.0,0.0,0.0,0.0,0.0,0.0,0.0,76.001,30.0,31.1,14.9,0.0,0.0,0.0,0.0,0.0,0.0
Bensalem,PSA,2015,8,2,1,76.001,30.0,31.1,14.9,0.0,76.001,30.0,31.1,14.9,0.0,78.601,31.2,32.2,15.2,0.0,0.0,0.0,0.0,0.0,0.0
Cajon HS,PSA,2015,0,0,0,0.0,0.0,0.0,0.0,0.0,0.0,0.0,0.0,0.0,0.0,76.65,32.0,30.25,14.4,-5.45,0.0,0.0,0.0,0.0,0.0
Cajon HS,PSA,2015,2,2,1,76.65,32.0,30.25,14.4,-5.45,76.65,32.0,30.25,14.4,-5.45,73.376,30.4,29.375,13.6,-5.25,0.0,0.0,0.0,0.0,0.0
Coatesville,PSA,2015,2,0,0,0.0,0.0,0.0,0.0,0.0,0.0,0.0,0.0,0.0,0.0,61.05,23.4,24.45,13.2,-0.1,0.0,0.0,0.0,0.0,0.0
Coatesville,PSA,2015,4,2,1,61.05,23.4,24.45,13.2,-0.1,61.05,23.4,24.45,13.2,-0.1,72.651,29.0,29.35,14.3,0.0,0.0,0.0,0.0,0.0,0.0
Coatesville,PSA,2015,5,1,2,66.85,26.2,26.9,13.75,-0.05,72.651,29.0,29.35,14.3,0.0,71.451,29.0,29.65,12.8,-10.65,11.601,5.6,4.9,1.1,0.1
Coatesville,PSA,2015,6,1,3,68.384,27.133,27.817,13.433,-3.583,71.451,29.0,29.65,12.8,-10.65,74.15,29.0,30.45,14.7,0.0,-1.2,0.0,0.3,-1.5,-10.65
Coatesville,PSA,2015,8,2,4,69.826,27.6,28.475,13.75,-2.688,74.15,29.0,30.45,14.7,0.0,72.35,28.4,29.95,14.0,-0.8,2.699,0.0,0.8,1.9,10.65
Downingtown,PSA,2015,2,0,0,0.0,0.0,0.0,0.0,0.0,0.0,0.0,0.0,0.0,0.0,76.9,33.0,28.5,15.4,0.0,0.0,0.0,0.0,0.0,0.0
Downingtown,PSA,2015,4,2,1,76.9,33.0,28.5,15.4,0.0,76.9,33.0,28.5,15.4,0.0,79.5,30.8,33.1,15.6,-0.1,0.0,0.0,0.0,0.0,0.0
Downingtown,PSA,2015,8,4,2,78.2,31.9,30.8,15.5,-0.05,79.5,30.8,33.1,15.6,-0.1,86.8,36.8,35.05,14.95,0.0,2.6,-2.2,4.6,0.2,-0.1
Highland,PSA,2015,2,0,0,0.0,0.0,0.0,0.0,0.0,0.0,0.0,0.0,0.0,0.0,64.501,26.4,25.4,12.7,-0.9,0.0,0.0,0.0,0.0,0.0
Highland,PSA,2015,5,3,1,64.501,26.4,25.4,12.7,-0.9,64.501,26.4,25.4,12.7,-0.9,75.55,29.6,31.65,14.3,-1.6,0.0,0.0,0.0,0.0,0.0
Highland,PSA,2015,6,1,2,70.026,28.0,28.525,13.5,-1.25,75.55,29.6,31.65,14.3,-1.6,79.601,32.0,31.9,15.7,0.0,11.049,3.2,6.25,1.6,-0.7
Highland,PSA,2015,8,2,3,73.217,29.333,29.65,14.233,-0.833,79.601,32.0,31.9,15.7,0.0,77.801,30.8,30.5,16.5,0.0,4.051,2.4,0.25,1.4,1.6
Laguna Hills HS,PSA,2015,0,0,0,0.0,0.0,0.0,0.0,0.0,0.0,0.0,0.0,0.0,0.0,69.55,26.2,29.55,13.8,-8.5,0.0,0.0,0.0,0.0,0.0
Laguna Hills HS,PSA,2015,2,2,1,69.55,26.2,29.55,13.8,-8.5,69.55,26.2,29.55,13.8,-8.5,68.5,27.4,26.7,14.4,-5.2,0.0,0.0,0.0,0.0,0.0
Methacton,PSA,2015,2,0,0,0.0,0.0,0.0,0.0,0.0,0.0,0.0,0.0,0.0,0.0,71.701,31.4,25.8,14.5,0.0,0.0,0.0,0.0,0.0,0.0
Methacton,PSA,2015,4,2,1,71.701,31.4,25.8,14.5,0.0,71.701,31.4,25.8,14.5,0.0,78.65,30.6,32.65,15.4,0.0,0.0,0.0,0.0,0.0,0.0
Methacton,PSA,2015,6,2,2,75.176,31.0,29.225,14.95,0.0,78.65,30.6,32.65,15.4,0.0,78.626,31.3,30.925,16.4,0.0,6.949,-0.8,6.85,0.9,0.0
Methacton,PSA,2015,8,2,3,76.326,31.1,29.792,15.433,0.0,78.626,31.3,30.925,16.4,0.0,83.301,33.8,33.4,16.1,0.0,-0.024,0.7,-1.725,1.0,0.0
North Penn,PSA,2015,5,0,0,0.0,0.0,0.0,0.0,0.0,0.0,0.0,0.0,0.0,0.0,83.15,33.6,32.85,16.7,-0.2,0.0,0.0,0.0,0.0,0.0
North Penn,PSA,2015,8,3,1,83.15,33.6,32.85,16.7,-0.2,83.15,33.6,32.85,16.7,-0.2,84.251,35.8,32.25,16.2,0.0,0.0,0.0,0.0,0.0,0.0
Perkiomen Valley,PSA,2015,2,0,0,0.0,0.0,0.0,0.0,0.0,0.0,0.0,0.0,0.0,0.0,75.95,33.4,28.15,14.4,0.0,0.0,0.0,0.0,0.0,0.0
Perkiomen Valley,PSA,2015,5,3,1,75.95,33.4,28.15,14.4,0.0,75.95,33.4,28.15,14.4,0.0,84.1,32.6,33.9,17.6,0.0,0.0,0.0,0.0,0.0,0.0
Perkiomen Valley,PSA,2015,6,1,2,80.025,33.0,31.025,16.0,0.0,84.1,32.6,33.9,17.6,0.0,88.35,33.6,36.15,18.6,0.0,8.15,-0.8,5.75,3.2,0.0
Perkiomen Valley,PSA,2015,8,2,3,82.8,33.2,32.733,16.867,0.0,88.35,33.6,36.15,18.6,0.0,87.15,34.0,35.95,17.2,0.0,4.25,1.0,2.25,1.0,0.0
South Brunswick,PSA,2015,2,0,0,0.0,0.0,0.0,0.0,0.0,0.0,0.0,0.0,0.0,0.0,77.5,33.8,28.1,15.6,-3.0,0.0,0.0,0.0,0.0,0.0
South Brunswick,PSA,2015,6,4,1,77.5,33.8,28.1,15.6,-3.0,77.5,33.8,28.1,15.6,-3.0,83.45,32.4,33.25,17.8,0.0,0.0,0.0,0.0,0.0,0.0
South Brunswick,PSA,2015,8,2,2,80.475,33.1,30.675,16.7,-1.5,83.45,32.4,33.25,17.8,0.0,85.7,34.4,34.2,17.1,0.0,5.95,-1.4,5.15,2.2,3.0
Southern Regional,PSA,2015,2,0,0,0.0,0.0,0.0,0.0,0.0,0.0,0.0,0.0,0.0,0.0,71.551,29.2,27.55,14.8,-1.3,0.0,0.0,0.0,0.0,0.0
Southern Regional,PSA,2015,5,3,1,71.551,29.2,27.55,14.8,-1.3,71.551,29.2,27.55,14.8,-1.3,80.2,31.4,33.2,15.6,-0.85,0.0,0.0,0.0,0.0,0.0
Southern Regional,PSA,2015,6,1,2,75.876,30.3,30.375,15.2,-1.075,80.2,31.4,33.2,15.6,-0.85,83.1,32.9,32.7,17.5,0.0,8.649,2.2,5.65,0.8,0.45
Southern Regional,PSA,2015,8,2,3,78.284,31.167,31.15,15.967,-0.717,83.1,32.9,32.7,17.5,0.0,90.1,36.4,35.9,17.8,0.0,2.9,1.5,-0.5,1.9,0.85
Temescal Canyon HS,PSA,2015,0,0,0,0.0,0.0,0.0,0.0,0.0,0.0,0.0,0.0,0.0,0.0,75.401,32.4,29.4,13.6,-3.35,0.0,0.0,0.0,0.0,0.0
Temescal Canyon HS,PSA,2015,1,1,1,75.401,32.4,29.4,13.6,-3.35,75.401,32.4,29.4,13.6,-3.35,71.901,29.1,28.6,14.2,-3.05,0.0,0.0,0.0,0.0,0.0
Temple City HS,PSA,2015,0,0,0,0.0,0.0,0.0,0.0,0.0,0.0,0.0,0.0,0.0,0.0,75.526,31.2,28.825,15.5,-4.45,0.0,0.0,0.0,0.0,0.0
Temple City HS,PSA,2015,2,2,1,75.526,31.2,28.825,15.5,-4.45,75.526,31.2,28.825,15.5,-4.45,73.101,29.6,28.3,15.2,-0.75,0.0,0.0,0.0,0.0,0.0
Thousand Oaks HS,PSA,2015,0,0,0,0.0,0.0,0.0,0.0,0.0,0.0,0.0,0.0,0.0,0.0,74.3,28.4,31.0,14.9,-2.8,0.0,0.0,0.0,0.0,0.0
Thousand Oaks HS,PSA,2015,1,1,1,74.3,28.4,31.0,14.9,-2.8,74.3,28.4,31.0,14.9,-2.8,70.875,29.9,29.075,11.9,-1.15,0.0,0.0,0.0,0.0,0.0
Unionville,PSA,2015,2,0,0,0.0,0.0,0.0,0.0,0.0,0.0,0.0,0.0,0.0,0.0,72.5,30.6,26.7,15.2,-0.7,0.0,0.0,0.0,0.0,0.0
Unionville,PSA,2015,4,2,1,72.5,30.6,26.7,15.2,-0.7,72.5,30.6,26.7,15.2,-0.7,75.401,30.0,30.7,14.7,0.0,0.0,0.0,0.0,0.0,0.0
Unionville,PSA,2015,5,1,2,73.95,30.3,28.7,14.95,-0.35,75.401,30.0,30.7,14.7,0.0,77.35,30.8,31.25,15.3,0.0,2.901,-0.6,4.0,-0.5,0.7
Unionville,PSA,2015,6,1,3,75.084,30.467,29.55,15.067,-0.233,77.35,30.8,31.25,15.3,0.0,81.301,31.6,31.5,18.2,0.0,1.949,0.8,0.55,0.6,0.0
Unionville,PSA,2015,8,2,4,76.638,30.75,30.038,15.85,-0.175,81.301,31.6,31.5,18.2,0.0,80.851,33.4,31.85,15.6,0.0,3.951,0.8,0.25,2.9,0.0
West HS (Torrance),PSA,2015,0,0,0,0.0,0.0,0.0,0.0,0.0,0.0,0.0,0.0,0.0,0.0,73.5,29.8,28.4,15.3,-6.65,0.0,0.0,0.0,0.0,0.0
West HS (Torrance),PSA,2015,2,2,1,73.5,29.8,28.4,15.3,-6.65,73.5,29.8,28.4,15.3,-6.65,69.6,27.5,28.7,13.4,-4.35,0.0,0.0,0.0,0.0,0.0
Dark Sky Percussion,PIW,2015,1,0,0,0.0,0.0,0.0,0.0,0.0,0.0,0.0,0.0,0.0,0.0,80.6,32.8,32.3,15.5,0.0,0.0,0.0,0.0,0.0,0.0
Dark Sky Percussion,PIW,2015,8,7,1,80.6,32.8,32.3,15.5,0.0,80.6,32.8,32.3,15.5,0.0,87.251,35.9,33.25,18.1,0.0,0.0,0.0,0.0,0.0,0.0
Orange County Independent Percussion,PIW,2015,2,0,0,0.0,0.0,0.0,0.0,0.0,0.0,0.0,0.0,0.0,0.0,84.45,35.0,32.85,16.6,-1.2,0.0,0.0,0.0,0.0,0.0
Orange County Independent Percussion,PIW,2015,4,2,1,84.45,35.0,32.85,16.6,-1.2,84.45,35.0,32.85,16.6,-1.2,84.45,34.4,32.95,17.1,0.0,0.0,0.0,0.0,0.0,0.0
Orange County Independent Percussion,PIW,2015,5,1,2,84.45,34.7,32.9,16.85,-0.6,84.45,34.4,32.95,17.1,0.0,84.45,34.6,32.85,17.0,0.0,0.0,-0.6,0.1,0.5,1.2
Orange County Independent Percussion,PIW,2015,8,3,3,84.45,34.667,32.883,16.9,-0.4,84.45,34.6,32.85,17.0,0.0,89.2,36.7,33.9,18.6,0.0,0.0,0.2,-0.1,-0.1,0.0
POW Percussion,PIW,2015,0,0,0,0.0,0.0,0.0,0.0,0.0,0.0,0.0,0.0,0.0,0.0,80.95,31.2,33.35,16.4,0.0,0.0,0.0,0.0,0.0,0.0
POW Percussion,PIW,2015,6,6,1,80.95,31.2,33.35,16.4,0.0,80.95,31.2,33.35,16.4,0.0,83.5,33.0,34.2,16.3,0.0,0.0,0.0,0.0,0.0,0.0
POW Percussion,PIW,2015,8,2,2,82.225,32.1,33.775,16.35,0.0,83.5,33.0,34.2,16.3,0.0,88.45,35.5,34.55,18.4,-0.5,2.55,1.8,0.85,-0.1,0.0
Pulse Percussion,PIW,2015,0,0,0,0.0,0.0,0.0,0.0,0.0,0.0,0.0,0.0,0.0,0.0,85.8,34.8,34.0,17.0,0.0,0.0,0.0,0.0,0.0,0.0
Pulse Percussion,PIW,2015,6,6,1,85.8,34.8,34.0,17.0,0.0,85.8,34.8,34.0,17.0,0.0,91.35,36.4,37.45,17.5,-0.2,0.0,0.0,0.0,0.0,0.0
Pulse Percussion,PIW,2015,8,2,2,88.575,35.6,35.725,17.25,-0.1,91.35,36.4,37.45,17.5,-0.2,94.25,38.4,36.95,18.9,-0.5,5.55,1.6,3.45,0.5,-0.2
RCC,PIW,2015,0,0,0,0.0,0.0,0.0,0.0,0.0,0.0,0.0,0.0,0.0,0.0,87.7,35.2,34.8,17.7,0.0,0.0,0.0,0.0,0.0,0.0
RCC,PIW,2015,5,5,1,87.7,35.2,34.8,17.7,0.0,87.7,35.2,34.8,17.7,0.0,89.75,36.4,35.25,18.1,0.0,0.0,0.0,0.0,0.0,0.0
RCC,PIW,2015,8,3,2,88.725,35.8,35.025,17.9,0.0,89.75,36.4,35.25,18.1,0.0,95.15,38.8,36.75,19.6,0.0,2.05,1.2,0.45,0.4,0.0
Elan Percussion,PIO,2015,4,0,0,0.0,0.0,0.0,0.0,0.0,0.0,0.0,0.0,0.0,0.0,75.6,31.4,29.9,14.3,0.0,0.0,0.0,0.0,0.0,0.0
Elan Percussion,PIO,2015,6,2,1,75.6,31.4,29.9,14.3,0.0,75.6,31.4,29.9,14.3,0.0,79.2,31.4,31.8,16.0,0.0,0.0,0.0,0.0,0.0,0.0
Elan Percussion,PIO,2015,8,2,2,77.4,31.4,30.85,15.15,0.0,79.2,31.4,31.8,16.0,0.0,82.35,31.8,34.05,16.5,-0.1,3.6,0.0,1.9,1.7,0.0
Watchmen Percussion,PIO,2015,4,0,0,0.0,0.0,0.0,0.0,0.0,0.0,0.0,0.0,0.0,0.0,72.1,29.4,29.1,13.6,-0.1,0.0,0.0,0.0,0.0,0.0
Watchmen Percussion,PIO,2015,6,2,1,72.1,29.4,29.1,13.6,-0.1,72.1,29.4,29.1,13.6,-0.1,65.8,24.4,27.8,13.6,-12.8,0.0,0.0,0.0,0.0,0.0
Watchmen Percussion,PIO,2015,8,2,2,68.95,26.9,28.45,13.6,-6.45,65.8,24.4,27.8,13.6,-12.8,73.55,30.8,27.95,14.8,0.0,-6.3,-5.0,-1.3,0.0,-12.7
Aftermath,PIA,2015,6,0,0,0.0,0.0,0.0,0.0,0.0,0.0,0.0,0.0,0.0,0.0,76.5,30.0,31.1,15.4,-0.25,0.0,0.0,0.0,0.0,0.0
Aftermath,PIA,2015,8,2,1,76.5,30.0,31.1,15.4,-0.25,76.5,30.0,31.1,15.4,-0.25,77.8,30.6,31.5,15.7,0.0,0.0,0.0,0.0,0.0,0.0
Cornerstone Percussion,PIA,2015,1,0,0,0.0,0.0,0.0,0.0,0.0,0.0,0.0,0.0,0.0,0.0,67.7,26.2,28.1,13.4,0.0,0.0,0.0,0.0,0.0,0.0
Cornerstone Percussion,PIA,2015,4,3,1,67.7,26.2,28.1,13.4,0.0,67.7,26.2,28.1,13.4,0.0,71.7,28.6,28.8,14.3,0.0,0.0,0.0,0.0,0.0,0.0
Cornerstone Percussion,PIA,2015,8,4,2,69.7,27.4,28.45,13.85,0.0,71.7,28.6,28.8,14.3,0.0,79.15,34.0,28.95,16.2,0.0,4.0,2.4,0.7,0.9,0.0
East Coast Percussion,PIA,2015,2,0,0,0.0,0.0,0.0,0.0,0.0,0.0,0.0,0.0,0.0,0.0,65.45,28.2,24.85,12.4,-1.9,0.0,0.0,0.0,0.0,0.0
East Coast Percussion,PIA,2015,5,3,1,65.45,28.2,24.85,12.4,-1.9,65.45,28.2,24.85,12.4,-1.9,74.575,28.8,31.075,14.7,0.0,0.0,0.0,0.0,0.0,0.0
Gold Coast Independent,PIA,2015,4,0,0,0.0,0.0,0.0,0.0,0.0,0.0,0.0,0.0,0.0,0.0,67.1,26.4,28.2,12.5,-0.75,0.0,0.0,0.0,0.0,0.0
Gold Coast Independent,PIA,2015,6,2,1,67.1,26.4,28.2,12.5,-0.75,67.1,26.4,28.2,12.5,-0.75,67.75,25.6,28.45,13.7,-5.7,0.0,0.0,0.0,0.0,0.0
Gold Coast Independent,PIA,2015,8,2,2,67.425,26.0,28.325,13.1,-3.225,67.75,25.6,28.45,13.7,-5.7,73.3,32.0,27.5,13.8,-0.05,0.65,-0.8,0.25,1.2,-4.95
Pasadena City College,PIA,2015,4,0,0,0.0,0.0,0.0,0.0,0.0,0.0,0.0,0.0,0.0,0.0,71.725,29.6,28.625,13.5,-2.8,0.0,0.0,0.0,0.0,0.0
Pasadena City College,PIA,2015,8,4,1,71.725,29.6,28.625,13.5,-2.8,71.725,29.6,28.625,13.5,-2.8,83.0,35.1,31.1,16.8,-0.8,0.0,0.0,0.0,0.0,0.0
Arcadia HS,PSW,2016,1,0,0,0.0,0.0,0.0,0.0,0.0,0.0,0.0,0.0,0.0,0.0,83.2,24.0,16.2,26.8,16.2,0.0,0.0,0.0,0.0,0.0
Arcadia HS,PSW,2016,10,9,1,83.2,24.0,16.2,26.8,16.2,83.2,24.0,16.2,26.8,16.2,91.675,28.275,18.2,26.9,18.3,0.0,0.0,0.0,0.0,0.0
Ayala HS,PSW,2016,1,0,0,0.0,0.0,0.0,0.0,0.0,0.0,0.0,0.0,0.0,0.0,83.95,24.15,16.8,26.5,16.5,0.0,0.0,0.0,0.0,0.0
Ayala HS,PSW,2016,5,4,1,83.95,24.15,16.8,26.5,16.5,83.95,24.15,16.8,26.5,16.5,87.9,27.0,18.3,24.9,17.7,0.0,0.0,0.0,0.0,0.0
Ayala HS,PSW,2016,6,1,2,85.925,25.575,17.55,25.7,17.1,87.9,27.0,18.3,24.9,17.7,87.6,26.1,18.3,25.7,17.5,3.95,2.85,1.5,-1.6,1.2
Ayala HS,PSW,2016,9,3,3,86.483,25.75,17.8,25.7,17.233,87.6,26.1,18.3,25.7,17.5,91.95,28.35,18.45,26.85,18.3,-0.3,-0.9,0.0,0.8,-0.2
Ayala HS,PSW,2016,10,1,4,87.85,26.4,17.963,25.987,17.5,91.95,28.35,18.45,26.85,18.3,93.875,28.575,19.0,27.65,18.65,4.35,2.25,0.15,1.15,0.8
Chino Hills HS,PSW,2016,1,0,0,0.0,0.0,0.0,0.0,0.0,0.0,0.0,0.0,0.0,0.0,87.55,25.35,17.5,27.4,17.3,0.0,0.0,0.0,0.0,0.0
Chino Hills HS,PSW,2016,6,5,1,87.55,25.35,17.5,27.4,17.3,87.55,25.35,17.5,27.4,17.3,90.5,27.6,17.3,27.5,18.1,0.0,0.0,0.0,0.0,0.0
Chino Hills HS,PSW,2016,8,2,2,89.025,26.475,17.4,27.45,17.7,90.5,27.6,17.3,27.5,18.1,93.55,28.05,18.5,28.5,18.5,2.95,2.25,-0.2,0.1,0.8
Chino Hills HS,PSW,2016,9,1,3,90.533,27.0,17.767,27.8,17.967,93.55,28.05,18.5,28.5,18.5,94.4,28.8,18.3,28.4,18.9,3.05,0.45,1.2,1.0,0.4
Chino Hills HS,PSW,2016,10,1,4,91.5,27.45,17.9,27.95,18.2,94.4,28.8,18.3,28.4,18.9,95.613,29.062,18.65,28.85,19.05,0.85,0.75,-0.2,-0.1,0.4
Rowland HS,PSW,2016,4,0,0,0.0,0.0,0.0,0.0,0.0,0.0,0.0,0.0,0.0,0.0,80.4,24.3,16.6,23.9,15.6,0.0,0.0,0.0,0.0,0.0
Rowland HS,PSW,2016,5,1,1,80.4,24.3,16.6,23.9,15.6,80.4,24.3,16.6,23.9,15.6,83.15,26.25,17.2,24.7,15.0,0.0,0.0,0.0,0.0,0.0
Rowland HS,PSW,2016,6,1,2,81.775,25.275,16.9,24.3,15.3,83.15,26.25,17.2,24.7,15.0,79.3,24.3,16.0,24.2,14.8,2.75,1.95,0.6,0.8,-0.6
Rowland HS,PSW,2016,8,2,3,80.95,24.95,16.6,24.267,15.133,79.3,24.3,16.0,24.2,14.8,85.85,26.25,17.4,25.3,16.9,-3.85,-1.95,-1.2,-0.5,-0.2
Rowland HS,PSW,2016,9,1,4,82.175,25.275,16.8,24.525,15.575,85.85,26.25,17.4,25.3,16.9,87.5,26.4,17.2,26.8,17.1,6.55,1.95,1.4,1.1,2.1
Rowland HS,PSW,2016,10,1,5,83.24,25.5,16.88,24.98,15.88,87.5,26.4,17.2,26.8,17.1,89.175,26.325,17.6,27.5,17.75,1.65,0.15,-0.2,1.5,0.2
Tulare Western Percussion,PSW,2016,1,0,0,0.0,0.0,0.0,0.0,0.0,0.0,0.0,0.0,0.0,0.0,72.6,24.1,21.0,13.7,13.8,0.0,0.0,0.0,0.0,0.0
Tulare Western Percussion,PSW,2016,4,3,1,72.6,24.1,21.0,13.7,13.8,72.6,24.1,21.0,13.7,13.8,75.925,22.7,23.025,14.8,15.4,0.0,0.0,0.0,0.0,0.0
Tulare Western Percussion,PSW,2016,6,2,2,74.262,23.4,22.012,14.25,14.6,75.925,22.7,23.025,14.8,15.4,74.95,23.0,22.05,14.7,15.2,3.325,-1.4,2.025,1.1,1.6
Arcadia HS,PSO,2016,2,0,0,0.0,0.0,0.0,0.0,0.0,0.0,0.0,0.0,0.0,0.0,82.55,25.35,15.9,24.9,16.4,0.0,0.0,0.0,0.0,0.0
Arcadia HS,PSO,2016,6,4,1,82.55,25.35,15.9,24.9,16.4,82.55,25.35,15.9,24.9,16.4,84.5,25.65,17.25,24.8,16.8,0.0,0.0,0.0,0.0,0.0
Arroyo HS,PSO,2016,2,0,0,0.0,0.0,0.0,0.0,0.0,0.0,0.0,0.0,0.0,0.0,77.951,24.15,14.5,23.9,15.4,0.0,0.0,0.0,0.0,0.0
Arroyo HS,PSO,2016,6,4,1,77.951,24.15,14.5,23.9,15.4,77.951,24.15,14.5,23.9,15.4,74.301,22.8,14.4,22.2,14.9,0.0,0.0,0.0,0.0,0.0
Buena HS,PSO,2016,2,0,0,0.0,0.0,0.0,0.0,0.0,0.0,0.0,0.0,0.0,0.0,80.1,23.7,15.8,24.5,16.1,0.0,0.0,0.0,0.0,0.0
Buena HS,PSO,2016,6,4,1,80.1,23.7,15.8,24.5,16.1,80.1,23.7,15.8,24.5,16.1,78.75,24.15,14.8,23.3,16.5,0.0,0.0,0.0,0.0,0.0
Buena HS,PSO,2016,10,4,2,79.425,23.925,15.3,23.9,16.3,78.75,24.15,14.8,23.3,16.5,84.426,24.075,17.65,25.8,16.9,-1.35,0.45,-1.0,-1.2,0.4
Carlsbad HS,PSO,2016,2,0,0,0.0,0.0,0.0,0.0,0.0,0.0,0.0,0.0,0.0,0.0,77.901,23.4,14.3,24.6,15.6,0.0,0.0,0.0,0.0,0.0
Carlsbad HS,PSO,2016,5,3,1,77.901,23.4,14.3,24.6,15.6,77.901,23.4,14.3,24.6,15.6,82.4,25.5,17.2,24.9,14.8,0.0,0.0,0.0,0.0,0.0
Carlsbad HS,PSO,2016,6,1,2,80.15,24.45,15.75,24.75,15.2,82.4,25.5,17.2,24.9,14.8,78.65,24.3,15.35,23.6,15.4,4.499,2.1,2.9,0.3,-0.8
Carlsbad HS,PSO,2016,8,2,3,79.65,24.4,15.617,24.367,15.267,78.65,24.3,15.35,23.6,15.4,78.251,23.55,16.4,23.7,14.6,-3.75,-1.2,-1.85,-1.3,0.6
Cypress HS,PSO,2016,1,0,0,0.0,0.0,0.0,0.0,0.0,0.0,0.0,0.0,0.0,0.0,72.55,21.15,13.8,24.6,13.0,0.0,0.0,0.0,0.0,0.0
Cypress HS,PSO,2016,2,1,1,72.55,21.15,13.8,24.6,13.0,72.55,21.15,13.8,24.6,13.0,78.475,23.775,14.1,24.7,15.9,0.0,0.0,0.0,0.0,0.0
Cypress HS,PSO,2016,5,3,2,75.512,22.462,13.95,24.65,14.45,78.475,23.775,14.1,24.7,15.9,80.95,24.45,16.4,25.0,15.1,5.925,2.625,0.3,0.1,2.9
Cypress HS,PSO,2016,6,1,3,77.325,23.125,14.767,24.767,14.667,80.95,24.45,16.4,25.0,15.1,76.6,23.55,15.2,22.65,15.2,2.475,0.675,2.3,0.3,-0.8
El Dorado HS,PSO,2016,4,0,0,0.0,0.0,0.0,0.0,0.0,0.0,0.0,0.0,0.0,0.0,77.1,22.95,15.9,24.65,13.6,0.0,0.0,0.0,0.0,0.0
El Dorado HS,PSO,2016,6,2,1,77.1,22.95,15.9,24.65,13.6,77.1,22.95,15.9,24.65,13.6,75.151,23.25,15.5,21.6,14.8,0.0,0.0,0.0,0.0,0.0
El Dorado HS,PSO,2016,8,2,2,76.125,23.1,15.7,23.125,14.2,75.151,23.25,15.5,21.6,14.8,76.651,22.05,16.0,22.6,16.0,-1.949,0.3,-0.4,-3.05,1.2
Etiwanda HS,PSO,2016,0,0,0,0.0,0.0,0.0,0.0,0.0,0.0,0.0,0.0,0.0,0.0,80.7,24.1,24.0,16.2,16.4,0.0,0.0,0.0,0.0,0.0
Etiwanda HS,PSO,2016,8,8,1,80.7,24.1,24.0,16.2,16.4,80.7,24.1,24.0,16.2,16.4,88.85,27.45,16.6,27.2,17.6,0.0,0.0,0.0,0.0,0.0
Etiwanda HS,PSO,2016,10,2,2,84.775,25.775,20.3,21.7,17.0,88.85,27.45,16.6,27.2,17.6,93.588,28.312,18.6,27.775,18.9,8.15,3.35,-7.4,11.0,1.2
Fountain Valley HS,PSO,2016,1,0,0,0.0,0.0,0.0,0.0,0.0,0.0,0.0,0.0,0.0,0.0,75.4,21.0,15.1,24.7,14.6,0.0,0.0,0.0,0.0,0.0
Fountain Valley HS,PSO,2016,5,4,1,75.4,21.0,15.1,24.7,14.6,75.4,21.0,15.1,24.7,14.6,83.7,24.45,18.0,27.1,14.15,0.0,0.0,0.0,0.0,0.0
Fountain Valley HS,PSO,2016,6,1,2,79.55,22.725,16.55,25.9,14.375,83.7,24.45,18.0,27.1,14.15,80.45,24.15,16.9,23.1,16.3,8.3,3.45,2.9,2.4,-0.45
Fountain Valley HS,PSO,2016,10,4,3,79.85,23.2,16.667,24.967,15.017,80.45,24.15,16.9,23.1,16.3,87.076,25.65,18.2,26.275,16.95,-3.25,-0.3,-1.1,-4.0,2.15
Golden West HS Percussion,PSO,2016,6,0,0,0.0,0.0,0.0,0.0,0.0,0.0,0.0,0.0,0.0,0.0,72.75,21.8,22.05,13.6,15.3,0.0,0.0,0.0,0.0,0.0
Golden West HS Percussion,PSO,2016,10,4,1,72.75,21.8,22.05,13.6,15.3,72.75,21.8,22.05,13.6,15.3,78.75,25.8,23.25,15.0,14.7,0.0,0.0,0.0,0.0,0.0
Great Oak HS,PSO,2016,2,0,0,0.0,0.0,0.0,0.0,0.0,0.0,0.0,0.0,0.0,0.0,78.251,24.45,13.5,25.3,15.0,0.0,0.0,0.0,0.0,0.0
Great Oak HS,PSO,2016,5,3,1,78.251,24.45,13.5,25.3,15.0,78.251,24.45,13.5,25.3,15.0,84.0,24.9,17.5,25.7,15.9,0.0,0.0,0.0,0.0,0.0
Great Oak HS,PSO,2016,8,3,2,81.126,24.675,15.5,25.5,15.45,84.0,24.9,17.5,25.7,15.9,85.75,25.95,17.0,26.1,16.7,5.749,0.45,4.0,0.4,0.9
Great Oak HS,PSO,2016,10,2,3,82.667,25.1,16.0,25.7,15.867,85.75,25.95,17.0,26.1,16.7,92.275,27.675,18.55,28.05,18.0,1.75,1.05,-0.5,0.4,0.8
Hoover HS,PSO,2016,6,0,0,0.0,0.0,0.0,0.0,0.0,0.0,0.0,0.0,0.0,0.0,72.2,21.6,14.9,20.7,15.0,0.0,0.0,0.0,0.0,0.0
Hoover HS,PSO,2016,8,2,1,72.2,21.6,14.9,20.7,15.0,72.2,21.6,14.9,20.7,15.0,72.05,21.75,14.4,21.4,14.5,0.0,0.0,0.0,0.0,0.0
La Quinta HS (OC),PSO,2016,6,0,0,0.0,0.0,0.0,0.0,0.0,0.0,0.0,0.0,0.0,0.0,81.3,23.55,17.3,23.75,16.7,0.0,0.0,0.0,0.0,0.0
La Quinta HS (OC),PSO,2016,8,2,1,81.3,23.55,17.3,23.75,16.7,81.3,23.55,17.3,23.75,16.7,82.001,25.8,15.0,25.6,15.6,0.0,0.0,0.0,0.0,0.0
Lemoore HS Percussion,PSO,2016,1,0,0,0.0,0.0,0.0,0.0,0.0,0.0,0.0,0.0,0.0,0.0,71.65,22.7,21.75,13.7,13.5,0.0,0.0,0.0,0.0,0.0
Lemoore HS Percussion,PSO,2016,4,3,1,71.65,22.7,21.75,13.7,13.5,71.65,22.7,21.75,13.7,13.5,79.125,23.4,24.825,15.2,15.7,0.0,0.0,0.0,0.0,0.0
Lemoore HS Percussion,PSO,2016,6,2,2,75.388,23.05,23.288,14.45,14.6,79.125,23.4,24.825,15.2,15.7,80.35,24.5,23.25,15.7,16.9,7.475,0.7,3.075,1.5,2.2
Lemoore HS Percussion,PSO,2016,10,4,3,77.042,23.533,23.275,14.867,15.367,80.35,24.5,23.25,15.7,16.9,84.3,26.5,24.0,17.0,16.8,1.225,1.1,-1.575,0.5,1.2
Los Alamitos HS,PSO,2016,4,0,0,0.0,0.0,0.0,0.0,0.0,0.0,0.0,0.0,0.0,0.0,83.2,25.2,17.0,25.4,15.6,0.0,0.0,0.0,0.0,0.0
Los Alamitos HS,PSO,2016,6,2,1,83.2,25.2,17.0,25.4,15.6,83.2,25.2,17.0,25.4,15.6,83.9,24.9,16.4,25.4,17.2,0.0,0.0,0.0,0.0,0.0
Los Alamitos HS,PSO,2016,8,2,2,83.55,25.05,16.7,25.4,16.4,83.9,24.9,16.4,25.4,17.2,83.1,24.6,15.4,25.2,17.9,0.7,-0.3,-0.6,0.0,1.6
Los Alamitos HS,PSO,2016,10,2,3,83.4,24.9,16.267,25.333,16.9,83.1,24.6,15.4,25.2,17.9,91.5,27.6,18.125,28.1,17.675,-0.8,-0.3,-1.0,-0.2,0.7
Old Bridge,PSO,2016,2,0,0,0.0,0.0,0.0,0.0,0.0,0.0,0.0,0.0,0.0,0.0,71.95,21.5,22.95,13.0,14.5,0.0,0.0,0.0,0.0,0.0
Old Bridge,PSO,2016,3,1,1,71.95,21.5,22.95,13.0,14.5,71.95,21.5,22.95,13.0,14.5,77.25,23.6,22.95,14.6,16.1,0.0,0.0,0.0,0.0,0.0
Old Bridge,PSO,2016,7,4,2,74.6,22.55,22.95,13.8,15.3,77.25,23.6,22.95,14.6,16.1,86.35,27.1,26.25,17.0,16.0,5.3,2.1,0.0,1.6,1.6
Old Bridge,PSO,2016,9,2,3,78.517,24.067,24.05,14.867,15.533,86.35,27.1,26.25,17.0,16.0,90.15,27.2,28.35,16.7,17.9,9.1,3.5,3.3,2.4,-0.1
Old Bridge,PSO,2016,10,1,4,81.425,24.85,25.125,15.325,16.125,90.15,27.2,28.35,16.7,17.9,89.35,27.0,27.15,17.6,17.6,3.8,0.1,2.1,-0.3,1.9
Rancho Cucamonga HS,PSO,2016,1,0,0,0.0,0.0,0.0,0.0,0.0,0.0,0.0,0.0,0.0,0.0,69.501,19.2,13.0,24.2,13.1,0.0,0.0,0.0,0.0,0.0
Rancho Cucamonga HS,PSO,2016,4,3,1,69.501,19.2,13.0,24.2,13.1,69.501,19.2,13.0,24.2,13.1,76.001,21.9,15.2,24.0,14.9,0.0,0.0,0.0,0.0,0.0
Rancho Cucamonga HS,PSO,2016,6,2,2,72.751,20.55,14.1,24.1,14.0,76.001,21.9,15.2,24.0,14.9,73.351,22.05,15.0,21.9,14.4,6.5,2.7,2.2,-0.2,1.8
Rancho Cucamonga HS,PSO,2016,8,2,3,72.951,21.05,14.4,23.367,14.133,73.351,22.05,15.0,21.9,14.4,76.401,22.5,15.7,22.9,15.3,-2.65,0.15,-0.2,-2.1,-0.5
San Marino HS,PSO,2016,1,0,0,0.0,0.0,0.0,0.0,0.0,0.0,0.0,0.0,0.0,0.0,78.1,22.2,15.9,24.7,15.3,0.0,0.0,0.0,0.0,0.0
San Marino HS,PSO,2016,4,3,1,78.1,22.2,15.9,24.7,15.3,78.1,22.2,15.9,24.7,15.3,80.05,23.7,15.8,24.35,16.2,0.0,0.0,0.0,0.0,0.0
San Marino HS,PSO,2016,6,2,2,79.075,22.95,15.85,24.525,15.75,80.05,23.7,15.8,24.35,16.2,75.551,22.65,15.3,21.9,15.7,1.95,1.5,-0.1,-0.35,0.9
San Marino HS,PSO,2016,10,4,3,77.9,22.85,15.667,23.65,15.733,75.551,22.65,15.3,21.9,15.7,84.789,24.788,17.65,25.35,17.0,-4.499,-1.05,-0.5,-2.45,-0.5
Sanger HS Percussion,PSO,2016,1,0,0,0.0,0.0,0.0,0.0,0.0,0.0,0.0,0.0,0.0,0.0,65.75,21.8,19.05,12.5,12.4,0.0,0.0,0.0,0.0,0.0
Sanger HS Percussion,PSO,2016,4,3,1,65.75,21.8,19.05,12.5,12.4,65.75,21.8,19.05,12.5,12.4,71.475,22.2,23.175,13.3,12.8,0.0,0.0,0.0,0.0,0.0
Sanger HS Percussion,PSO,2016,6,2,2,68.612,22.0,21.112,12.9,12.6,71.475,22.2,23.175,13.3,12.8,71.45,23.4,21.45,13.3,13.3,5.725,0.4,4.125,0.8,0.4
Sanger HS Percussion,PSO,2016,10,4,3,69.558,22.467,21.225,13.033,12.833,71.45,23.4,21.45,13.3,13.3,79.8,25.3,23.7,15.5,15.3,-0.025,1.2,-1.725,0.0,0.5
Springford,PSO,2016,4,0,0,0.0,0.0,0.0,0.0,0.0,0.0,0.0,0.0,0.0,0.0,82.55,25.8,25.35,15.3,16.1,0.0,0.0,0.0,0.0,0.0
Springford,PSO,2016,5,1,1,82.55,25.8,25.35,15.3,16.1,82.55,25.8,25.35,15.3,16.1,82.2,24.4,25.5,16.0,16.3,0.0,0.0,0.0,0.0,0.0
Springford,PSO,2016,7,2,2,82.375,25.1,25.425,15.65,16.2,82.2,24.4,25.5,16.0,16.3,84.85,26.6,25.65,16.9,15.7,-0.35,-1.4,0.15,0.7,0.2
Springford,PSO,2016,9,2,3,83.2,25.6,25.5,16.067,16.033,84.85,26.6,25.65,16.9,15.7,88.15,26.9,27.3,16.55,17.4,2.65,2.2,0.15,0.9,-0.6
Springford,PSO,2016,10,1,4,84.438,25.925,25.95,16.188,16.375,88.15,26.9,27.3,16.55,17.4,85.95,27.1,25.95,16.5,16.4,3.3,0.3,1.65,-0.35,1.7
Sunny Hills HS,PSO,2016,1,0,0,0.0,0.0,0.0,0.0,0.0,0.0,0.0,0.0,0.0,0.0,73.9,20.1,13.3,25.1,15.4,0.0,0.0,0.0,0.0,0.0
Sunny Hills HS,PSO,2016,4,3,1,73.9,20.1,13.3,25.1,15.4,73.9,20.1,13.3,25.1,15.4,76.8,21.3,15.7,23.7,16.1,0.0,0.0,0.0,0.0,0.0
Sunny Hills HS,PSO,2016,6,2,2,75.35,20.7,14.5,24.4,15.75,76.8,21.3,15.7,23.7,16.1,77.9,23.4,15.1,23.7,15.7,2.9,1.2,2.4,-1.4,0.7
Sunny Hills HS,PSO,2016,8,2,3,76.2,21.6,14.7,24.167,15.733,77.9,23.4,15.1,23.7,15.7,83.65,25.35,16.2,25.9,16.2,1.1,2.1,-0.6,0.0,-0.4
Sunny Hills HS,PSO,2016,10,2,4,78.062,22.538,15.075,24.6,15.85,83.65,25.35,16.2,25.9,16.2,85.826,25.2,17.0,26.975,16.65,5.75,1.95,1.1,2.2,0.5
Thousand Oaks HS,PSO,2016,0,0,0,0.0,0.0,0.0,0.0,0.0,0.0,0.0,0.0,0.0,0.0,70.55,21.4,21.45,13.5,14.2,0.0,0.0,0.0,0.0,0.0
Thousand Oaks HS,PSO,2016,1,1,1,70.55,21.4,21.45,13.5,14.2,70.55,21.4,21.45,13.5,14.2,71.351,19.95,14.1,23.5,13.8,0.0,0.0,0.0,0.0,0.0
Thousand Oaks HS,PSO,2016,6,5,2,70.95,20.675,17.775,18.5,14.0,71.351,19.95,14.1,23.5,13.8,74.701,22.5,15.9,20.3,16.0,0.801,-1.45,-7.35,10.0,-0.4
Trabuco Hills HS,PSO,2016,2,0,0,0.0,0.0,0.0,0.0,0.0,0.0,0.0,0.0,0.0,0.0,75.301,22.8,13.8,24.0,14.7,0.0,0.0,0.0,0.0,0.0
Trabuco Hills HS,PSO,2016,5,3,1,75.301,22.8,13.8,24.0,14.7,75.301,22.8,13.8,24.0,14.7,80.5,24.75,16.1,25.45,14.2,0.0,0.0,0.0,0.0,0.0
Trabuco Hills HS,PSO,2016,10,5,2,77.9,23.775,14.95,24.725,14.45,80.5,24.75,16.1,25.45,14.2,81.813,24.712,15.6,25.65,15.85,5.199,1.95,2.3,1.45,-0.5
Upper Darby,PSO,2016,3,0,0,0.0,0.0,0.0,0.0,0.0,0.0,0.0,0.0,0.0,0.0,79.65,24.4,23.55,15.4,16.3,0.0,0.0,0.0,0.0,0.0
Upper Darby,PSO,2016,4,1,1,79.65,24.4,23.55,15.4,16.3,79.65,24.4,23.55,15.4,16.3,82.0,26.2,24.0,15.8,16.0,0.0,0.0,0.0,0.0,0.0
Upper Darby,PSO,2016,7,3,2,80.825,25.3,23.775,15.6,16.15,82.0,26.2,24.0,15.8,16.0,88.2,27.0,26.7,17.5,17.0,2.35,1.8,0.45,0.4,-0.3
Upper Darby,PSO,2016,9,2,3,83.283,25.867,24.75,16.233,16.433,88.2,27.0,26.7,17.5,17.0,89.0,27.3,26.85,17.15,17.7,6.2,0.8,2.7,1.7,1.0
Upper Darby,PSO,2016,10,1,4,84.712,26.225,25.275,16.462,16.75,89.0,27.3,26.85,17.15,17.7,86.05,26.9,26.25,17.1,15.8,0.8,0.3,0.15,-0.35,0.7
Vista Murrieta HS,PSO,2016,2,0,0,0.0,0.0,0.0,0.0,0.0,0.0,0.0,0.0,0.0,0.0,83.85,25.65,16.8,24.4,17.0,0.0,0.0,0.0,0.0,0.0
Vista Murrieta HS,PSO,2016,8,6,1,83.85,25.65,16.8,24.4,17.0,83.85,25.65,16.8,24.4,17.0,87.8,27.3,18.4,26.0,16.1,0.0,0.0,0.0,0.0,0.0
Vista Murrieta HS,PSO,2016,10,2,2,85.825,26.475,17.6,25.2,16.55,87.8,27.3,18.4,26.0,16.1,90.951,27.3,18.6,27.25,17.8,3.95,1.65,1.6,1.6,-0.9
West Ranch HS,PSO,2016,6,0,0,0.0,0.0,0.0,0.0,0.0,0.0,0.0,0.0,0.0,0.0,80.15,24.9,16.0,23.05,16.2,0.0,0.0,0.0,0.0,0.0
West Ranch HS,PSO,2016,10,4,1,80.15,24.9,16.0,23.05,16.2,80.15,24.9,16.0,23.05,16.2,83.5,24.375,16.55,26.125,16.45,0.0,0.0,0.0,0.0,0.0
Westlake HS,PSO,2016,1,0,0,0.0,0.0,0.0,0.0,0.0,0.0,0.0,0.0,0.0,0.0,74.2,22.35,12.8,25.8,13.25,0.0,0.0,0.0,0.0,0.0
Westlake HS,PSO,2016,4,3,1,74.2,22.35,12.8,25.8,13.25,74.2,22.35,12.8,25.8,13.25,80.35,23.55,16.9,24.6,15.3,0.0,0.0,0.0,0.0,0.0
Westlake HS,PSO,2016,6,2,2,77.275,22.95,14.85,25.2,14.275,80.35,23.55,16.9,24.6,15.3,81.25,25.05,15.4,23.9,16.9,6.15,1.2,4.1,-1.2,2.05
Westlake HS,PSO,2016,10,4,3,78.6,23.65,15.033,24.767,15.15,81.25,25.05,15.4,23.9,16.9,84.375,24.675,16.8,26.5,16.4,0.9,1.5,-1.5,-0.7,1.6
Aliso Niguel HS,PSA,2016,2,0,0,0.0,0.0,0.0,0.0,0.0,0.0,0.0,0.0,0.0,0.0,76.201,22.8,15.2,22.9,15.3,0.0,0.0,0.0,0.0,0.0
Aliso Niguel HS,PSA,2016,4,2,1,76.201,22.8,15.2,22.9,15.3,76.201,22.8,15.2,22.9,15.3,72.65,22.35,15.0,20.3,15.0,0.0,0.0,0.0,0.0,0.0
Aliso Niguel HS,PSA,2016,6,2,2,74.426,22.575,15.1,21.6,15.15,72.65,22.35,15.0,20.3,15.0,78.45,21.75,16.1,25.1,15.5,-3.551,-0.45,-0.2,-2.6,-0.3
Aliso Niguel HS,PSA,2016,8,2,3,75.767,22.3,15.433,22.767,15.267,78.45,21.75,16.1,25.1,15.5,83.451,24.6,17.9,25.95,15.0,5.8,-0.6,1.1,4.8,0.5
Aliso Niguel HS,PSA,2016,10,2,4,77.688,22.875,16.05,23.563,15.2,83.451,24.6,17.9,25.95,15.0,92.15,27.75,18.2,27.75,18.45,5.001,2.85,1.8,0.85,-0.5
Avon Grove,PSA,2016,3,0,0,0.0,0.0,0.0,0.0,0.0,0.0,0.0,0.0,0.0,0.0,64.0,19.9,18.9,12.7,12.5,0.0,0.0,0.0,0.0,0.0
Avon Grove,PSA,2016,4,1,1,64.0,19.9,18.9,12.7,12.5,64.0,19.9,18.9,12.7,12.5,70.6,23.6,19.8,13.8,13.4,0.0,0.0,0.0,0.0,0.0
Avon Grove,PSA,2016,7,3,2,67.3,21.75,19.35,13.25,12.95,70.6,23.6,19.8,13.8,13.4,74.801,23.7,21.6,15.1,14.4,6.6,3.7,0.9,1.1,0.9
Avon Grove,PSA,2016,9,2,3,69.8,22.4,20.1,13.867,13.433,74.801,23.7,21.6,15.1,14.4,75.85,24.4,22.35,14.5,14.6,4.201,0.1,1.8,1.3,1.0
Avon Grove,PSA,2016,10,1,4,71.313,22.9,20.662,14.025,13.725,75.85,24.4,22.35,14.5,14.6,77.25,23.1,24.45,15.6,14.1,1.049,0.7,0.75,-0.6,0.2
Baldwin Park HS,PSA,2016,0,0,0,0.0,0.0,0.0,0.0,0.0,0.0,0.0,0.0,0.0,0.0,73.026,24.0,22.425,13.0,13.6,0.0,0.0,0.0,0.0,0.0
Baldwin Park HS,PSA,2016,4,4,1,73.026,24.0,22.425,13.0,13.6,73.026,24.0,22.425,13.0,13.6,69.95,20.25,14.3,21.1,14.3,0.0,0.0,0.0,0.0,0.0
Baldwin Park HS,PSA,2016,6,2,2,71.488,22.125,18.362,17.05,13.95,69.95,20.25,14.3,21.1,14.3,74.651,21.15,15.4,24.75,13.35,-3.076,-3.75,-8.125,8.1,0.7
Baldwin Park HS,PSA,2016,8,2,3,72.542,21.8,17.375,19.617,13.75,74.651,21.15,15.4,24.75,13.35,76.3,24.75,14.6,22.35,14.6,4.701,0.9,1.1,3.65,-0.95
Baldwinsville indoor Percussion,PSA,2016,2,0,0,0.0,0.0,0.0,0.0,0.0,0.0,0.0,0.0,0.0,0.0,56.701,22.6,22.6,11.5,0.0,0.0,0.0,0.0,0.0,0.0
Baldwinsville indoor Percussion,PSA,2016,4,2,1,56.701,22.6,22.6,11.5,0.0,56.701,22.6,22.6,11.5,0.0,63.301,24.4,25.4,13.5,0.0,0.0,0.0,0.0,0.0,0.0
Baldwinsville indoor Percussion,PSA,2016,7,3,2,60.001,23.5,24.0,12.5,0.0,63.301,24.4,25.4,13.5,0.0,76.751,31.2,29.05,16.5,0.0,6.6,1.8,2.8,2.0,0.0
Baldwinsville indoor Percussion,PSA,2016,8,1,3,65.584,26.067,25.683,13.833,0.0,76.751,31.2,29.05,16.5,0.0,74.651,32.0,25.85,16.8,0.0,13.45,6.8,3.65,3.0,0.0
Bayonne,PSA,2016,2,0,0,0.0,0.0,0.0,0.0,0.0,0.0,0.0,0.0,0.0,0.0,65.95,19.3,19.95,13.7,13.0,0.0,0.0,0.0,0.0,0.0
Bayonne,PSA,2016,3,1,1,65.95,19.3,19.95,13.7,13.0,65.95,19.3,19.95,13.7,13.0,70.351,19.6,22.05,14.1,14.6,0.0,0.0,0.0,0.0,0.0
Bensalem,PSA,2016,4,0,0,0.0,0.0,0.0,0.0,0.0,0.0,0.0,0.0,0.0,0.0,74.301,23.9,21.9,13.7,14.8,0.0,0.0,0.0,0.0,0.0
Bensalem,PSA,2016,5,1,1,74.301,23.9,21.9,13.7,14.8,74.301,23.9,21.9,13.7,14.8,75.15,22.7,22.35,14.8,15.3,0.0,0.0,0.0,0.0,0.0
Bensalem,PSA,2016,7,2,2,74.726,23.3,22.125,14.25,15.05,75.15,22.7,22.35,14.8,15.3,75.401,24.3,22.2,15.0,13.9,0.849,-1.2,0.45,1.1,0.5
Bensalem,PSA,2016,9,2,3,74.951,23.633,22.15,14.5,14.667,75.401,24.3,22.2,15.0,13.9,81.101,24.8,23.7,16.2,16.4,0.251,1.6,-0.15,0.2,-1.4
Bensalem,PSA,2016,10,1,4,76.488,23.925,22.538,14.925,15.1,81.101,24.8,23.7,16.2,16.4,81.951,25.3,25.95,15.7,15.0,5.7,0.5,1.5,1.2,2.5
Bonita HS,PSA,2016,1,0,0,0.0,0.0,0.0,0.0,0.0,0.0,0.0,0.0,0.0,0.0,74.05,20.4,15.15,23.6,14.9,0.0,0.0,0.0,0.0,0.0
Bonita HS,PSA,2016,4,3,1,74.05,20.4,15.15,23.6,14.9,74.05,20.4,15.15,23.6,14.9,75.576,22.875,15.9,22.3,14.5,0.0,0.0,0.0,0.0,0.0
Bonita HS,PSA,2016,6,2,2,74.813,21.638,15.525,22.95,14.7,75.576,22.875,15.9,22.3,14.5,75.901,23.1,15.3,23.3,14.2,1.526,2.475,0.75,-1.3,-0.4
Bonita HS,PSA,2016,8,2,3,75.176,22.125,15.45,23.067,14.533,75.901,23.1,15.3,23.3,14.2,76.95,22.95,15.8,23.1,15.1,0.325,0.225,-0.6,1.0,-0.3
Camarillo HS,PSA,2016,0,0,0,0.0,0.0,0.0,0.0,0.0,0.0,0.0,0.0,0.0,0.0,67.6,21.6,21.15,12.85,12.0,0.0,0.0,0.0,0.0,0.0
Camarillo HS,PSA,2016,1,1,1,67.6,21.6,21.15,12.85,12.0,67.6,21.6,21.15,12.85,12.0,70.301,20.55,13.25,22.1,14.4,0.0,0.0,0.0,0.0,0.0
Camarillo HS,PSA,2016,6,5,2,68.95,21.075,17.2,17.475,13.2,70.301,20.55,13.25,22.1,14.4,72.35,22.05,14.55,22.0,13.75,2.701,-1.05,-7.9,9.25,2.4
Canyon HS (CC),PSA,2016,0,0,0,0.0,0.0,0.0,0.0,0.0,0.0,0.0,0.0,0.0,0.0,73.501,21.3,23.55,14.0,14.65,0.0,0.0,0.0,0.0,0.0
Canyon HS (CC),PSA,2016,5,5,1,73.501,21.3,23.55,14.0,14.65,73.501,21.3,23.55,14.0,14.65,73.6,22.2,15.8,21.9,13.7,0.0,0.0,0.0,0.0,0.0
Central Square High School,PSA,2016,1,0,0,0.0,0.0,0.0,0.0,0.0,0.0,0.0,0.0,0.0,0.0,60.725,24.0,24.925,11.8,-1.0,0.0,0.0,0.0,0.0,0.0
Central Square High School,PSA,2016,3,2,1,60.725,24.0,24.925,11.8,-1.0,60.725,24.0,24.925,11.8,-1.0,67.55,28.0,26.75,12.8,0.0,0.0,0.0,0.0,0.0,0.0
Central Square High School,PSA,2016,4,1,2,64.138,26.0,25.838,12.3,-0.5,67.55,28.0,26.75,12.8,0.0,67.301,26.4,27.8,13.1,-4.6,6.825,4.0,1.825,1.0,1.0
Central Square High School,PSA,2016,5,1,3,65.192,26.133,26.492,12.567,-1.867,67.301,26.4,27.8,13.1,-4.6,70.301,28.8,27.9,13.6,-2.8,-0.249,-1.6,1.05,0.3,-4.6
Central Square High School,PSA,2016,6,1,4,66.469,26.8,26.844,12.825,-2.1,70.301,28.8,27.9,13.6,-2.8,78.65,31.4,31.65,15.6,0.0,3.0,2.4,0.1,0.5,1.8
Central Square High School,PSA,2016,7,1,5,68.905,27.72,27.805,13.38,-1.68,78.65,31.4,31.65,15.6,0.0,77.301,30.8,30.2,16.3,0.0,8.349,2.6,3.75,2.0,2.8
Cerritos HS,PSA,2016,6,0,0,0.0,0.0,0.0,0.0,0.0,0.0,0.0,0.0,0.0,0.0,74.601,20.7,15.0,25.6,13.3,0.0,0.0,0.0,0.0,0.0
Cerritos HS,PSA,2016,8,2,1,74.601,20.7,15.0,25.6,13.3,74.601,20.7,15.0,25.6,13.3,80.201,24.45,15.4,26.15,14.2,0.0,0.0,0.0,0.0,0.0
Chaffey HS,PSA,2016,0,0,0,0.0,0.0,0.0,0.0,0.0,0.0,0.0,0.0,0.0,0.0,75.001,22.1,24.75,13.55,14.6,0.0,0.0,0.0,0.0,0.0
Chaffey HS,PSA,2016,10,10,1,75.001,22.1,24.75,13.55,14.6,75.001,22.1,24.75,13.55,14.6,88.775,26.1,17.325,27.5,17.85,0.0,0.0,0.0,0.0,0.0
Chaparral HS,PSA,2016,2,0,0,0.0,0.0,0.0,0.0,0.0,0.0,0.0,0.0,0.0,0.0,72.826,21.525,13.4,22.7,15.2,0.0,0.0,0.0,0.0,0.0
Chaparral HS,PSA,2016,5,3,1,72.826,21.525,13.4,22.7,15.2,72.826,21.525,13.4,22.7,15.2,79.076,22.575,16.4,23.55,16.55,0.0,0.0,0.0,0.0,0.0
Chaparral HS,PSA,2016,10,5,2,75.951,22.05,14.9,23.125,15.875,79.076,22.575,16.4,23.55,16.55,83.013,23.062,17.2,26.3,16.45,6.25,1.05,3.0,0.85,1.35
Charter School for Applied Technologies,PSA,2016,4,0,0,0.0,0.0,0.0,0.0,0.0,0.0,0.0,0.0,0.0,0.0,57.801,22.8,23.0,12.0,0.0,0.0,0.0,0.0,0.0,0.0
Charter School for Applied Technologies,PSA,2016,7,3,1,57.801,22.8,23.0,12.0,0.0,57.801,22.8,23.0,12.0,0.0,68.301,28.6,25.4,14.3,-1.8,0.0,0.0,0.0,0.0,0.0
Charter School for Applied Technologies,PSA,2016,8,1,2,63.051,25.7,24.2,13.15,-0.9,68.301,28.6,25.4,14.3,-1.8,69.101,29.0,25.5,14.6,-1.0,10.5,5.8,2.4,2.3,-1.8
Chino HS,PSA,2016,2,0,0,0.0,0.0,0.0,0.0,0.0,0.0,0.0,0.0,0.0,0.0,78.125,24.525,16.9,23.3,13.4,0.0,0.0,0.0,0.0,0.0
Chino HS,PSA,2016,5,3,1,78.125,24.525,16.9,23.3,13.4,78.125,24.525,16.9,23.3,13.4,86.25,26.85,17.8,25.3,16.3,0.0,0.0,0.0,0.0,0.0
Chino HS,PSA,2016,6,1,2,82.188,25.688,17.35,24.3,14.85,86.25,26.85,17.8,25.3,16.3,76.501,23.4,15.3,23.1,14.7,8.125,2.325,0.9,2.0,2.9
Chino HS,PSA,2016,10,4,3,80.292,24.925,16.667,23.9,14.8,76.501,23.4,15.3,23.1,14.7,87.401,23.325,18.15,28.175,17.75,-9.749,-3.45,-2.5,-2.2,-1.6
Coatesville,PSA,2016,2,0,0,0.0,0.0,0.0,0.0,0.0,0.0,0.0,0.0,0.0,0.0,63.051,17.7,20.25,12.3,12.8,0.0,0.0,0.0,0.0,0.0
Coatesville,PSA,2016,3,1,1,63.051,17.7,20.25,12.3,12.8,63.051,17.7,20.25,12.3,12.8,67.6,19.2,19.5,13.1,15.8,0.0,0.0,0.0,0.0,0.0
Coatesville,PSA,2016,4,1,2,65.326,18.45,19.875,12.7,14.3,67.6,19.2,19.5,13.1,15.8,71.2,22.4,21.0,13.3,14.5,4.549,1.5,-0.75,0.8,3.0
Coatesville,PSA,2016,5,1,3,67.284,19.767,20.25,12.9,14.367,71.2,22.4,21.0,13.3,14.5,68.801,19.6,21.0,13.1,15.1,3.6,3.2,1.5,0.2,-1.3
Coatesville,PSA,2016,7,2,4,67.663,19.725,20.438,12.95,14.55,68.801,19.6,21.0,13.1,15.1,70.201,21.4,21.0,14.8,13.0,-2.399,-2.8,0.0,-0.2,0.6
Coatesville,PSA,2016,9,2,5,68.171,20.06,20.55,13.32,14.24,70.201,21.4,21.0,14.8,13.0,72.0,21.7,21.9,14.7,13.7,1.4,1.8,0.0,1.7,-2.1
Coatesville,PSA,2016,10,1,6,68.809,20.333,20.775,13.55,14.15,72.0,21.7,21.9,14.7,13.7,76.15,22.5,23.85,15.3,14.5,1.799,0.3,0.9,-0.1,0.7
Colony HS,PSA,2016,4,0,0,0.0,0.0,0.0,0.0,0.0,0.0,0.0,0.0,0.0,0.0,67.85,21.3,14.0,19.3,13.25,0.0,0.0,0.0,0.0,0.0
Colony HS,PSA,2016,5,1,1,67.85,21.3,14.0,19.3,13.25,67.85,21.3,14.0,19.3,13.25,77.15,25.35,14.6,23.0,14.2,0.0,0.0,0.0,0.0,0.0
Colony HS,PSA,2016,8,3,2,72.5,23.325,14.3,21.15,13.725,77.15,25.35,14.6,23.0,14.2,77.6,21.75,15.0,25.8,15.05,9.3,4.05,0.6,3.7,0.95
Damien HS,PSA,2016,1,0,0,0.0,0.0,0.0,0.0,0.0,0.0,0.0,0.0,0.0,0.0,69.35,21.3,13.8,22.1,12.15,0.0,0.0,0.0,0.0,0.0
Damien HS,PSA,2016,8,7,1,69.35,21.3,13.8,22.1,12.15,69.35,21.3,13.8,22.1,12.15,72.95,21.45,13.7,23.5,14.3,0.0,0.0,0.0,0.0,0.0
Del Norte HS,PSA,2016,2,0,0,0.0,0.0,0.0,0.0,0.0,0.0,0.0,0.0,0.0,0.0,73.151,21.75,14.6,22.4,14.4,0.0,0.0,0.0,0.0,0.0
Del Norte HS,PSA,2016,5,3,1,73.151,21.75,14.6,22.4,14.4,73.151,21.75,14.6,22.4,14.4,76.251,23.7,16.0,22.3,14.25,0.0,0.0,0.0,0.0,0.0
Diamond Bar HS,PSA,2016,1,0,0,0.0,0.0,0.0,0.0,0.0,0.0,0.0,0.0,0.0,0.0,78.0,21.9,14.7,25.0,16.4,0.0,0.0,0.0,0.0,0.0
Diamond Bar HS,PSA,2016,6,5,1,78.0,21.9,14.7,25.0,16.4,78.0,21.9,14.7,25.0,16.4,81.9,24.0,16.2,25.9,15.8,0.0,0.0,0.0,0.0,0.0
Diamond Bar HS,PSA,2016,10,4,2,79.95,22.95,15.45,25.45,16.1,81.9,24.0,16.2,25.9,15.8,85.089,23.362,16.35,27.375,18.0,3.9,2.1,1.5,0.9,-0.6
Downingtown,PSA,2016,3,0,0,0.0,0.0,0.0,0.0,0.0,0.0,0.0,0.0,0.0,0.0,77.9,25.1,23.55,15.25,14.0,0.0,0.0,0.0,0.0,0.0
Downingtown,PSA,2016,4,1,1,77.9,25.1,23.55,15.25,14.0,77.9,25.1,23.55,15.25,14.0,76.751,25.0,23.25,14.8,13.7,0.0,0.0,0.0,0.0,0.0
Downingtown,PSA,2016,7,3,2,77.326,25.05,23.4,15.025,13.85,76.751,25.0,23.25,14.8,13.7,83.6,25.3,24.9,15.9,17.5,-1.149,-0.1,-0.3,-0.45,-0.3
Downingtown,PSA,2016,9,2,3,79.417,25.133,23.9,15.317,15.067,83.6,25.3,24.9,15.9,17.5,85.7,26.1,25.35,16.85,17.4,6.849,0.3,1.65,1.1,3.8
Downingtown,PSA,2016,10,1,4,80.988,25.375,24.262,15.7,15.65,85.7,26.1,25.35,16.85,17.4,86.525,27.0,26.475,16.45,16.6,2.1,0.8,0.45,0.95,-0.1
East Irondequoit,PSA,2016,1,0,0,0.0,0.0,0.0,0.0,0.0,0.0,0.0,0.0,0.0,0.0,62.75,25.4,24.95,12.4,0.0,0.0,0.0,0.0,0.0,0.0
East Irondequoit,PSA,2016,2,1,1,62.75,25.4,24.95,12.4,0.0,62.75,25.4,24.95,12.4,0.0,70.9,28.4,28.3,14.2,0.0,0.0,0.0,0.0,0.0,0.0
East Irondequoit,PSA,2016,4,2,2,66.825,26.9,26.625,13.3,0.0,70.9,28.4,28.3,14.2,0.0,73.5,30.0,29.4,14.1,0.0,8.15,3.0,3.35,1.8,0.0
East Irondequoit,PSA,2016,6,2,3,69.05,27.933,27.55,13.567,0.0,73.5,30.0,29.4,14.1,0.0,77.201,32.0,30.1,15.1,0.0,2.6,1.6,1.1,-0.1,0.0
East Syracuse Minoa,PSA,2016,2,0,0,0.0,0.0,0.0,0.0,0.0,0.0,0.0,0.0,0.0,0.0,73.35,29.2,30.15,14.0,0.0,0.0,0.0,0.0,0.0,0.0
East Syracuse Minoa,PSA,2016,3,1,1,73.35,29.2,30.15,14.0,0.0,73.35,29.2,30.15,14.0,0.0,77.4,30.6,31.5,15.3,0.0,0.0,0.0,0.0,0.0,0.0
East Syracuse Minoa,PSA,2016,4,1,2,75.375,29.9,30.825,14.65,0.0,77.4,30.6,31.5,15.3,0.0,78.65,31.8,31.45,15.4,0.0,4.05,1.4,1.35,1.3,0.0
East Syracuse Minoa,PSA,2016,5,1,3,76.467,30.533,31.033,14.9,0.0,78.65,31.8,31.45,15.4,0.0,81.2,32.6,32.7,15.9,0.0,1.25,1.2,-0.05,0.1,0.0
East Syracuse Minoa,PSA,2016,6,1,4,77.65,31.05,31.45,15.15,0.0,81.2,32.6,32.7,15.9,0.0,82.4,33.0,32.6,16.8,0.0,2.55,0.8,1.25,0.5,0.0
East Syracuse Minoa,PSA,2016,7,1,5,78.6,31.44,31.68,15.48,0.0,82.4,33.0,32.6,16.8,0.0,88.2,34.4,36.8,17.0,0.0,1.2,0.4,-0.1,0.9,0.0
East Syracuse Minoa,PSA,2016,8,1,6,80.2,31.933,32.533,15.733,0.0,88.2,34.4,36.8,17.0,0.0,86.35,34.6,34.05,17.7,0.0,5.8,1.4,4.2,0.2,0.0
El Camino Real CHS,PSA,2016,1,0,0,0.0,0.0,0.0,0.0,0.0,0.0,0.0,0.0,0.0,0.0,76.8,22.65,15.5,24.0,14.65,0.0,0.0,0.0,0.0,0.0
El Camino Real CHS,PSA,2016,2,1,1,76.8,22.65,15.5,24.0,14.65,76.8,22.65,15.5,24.0,14.65,75.851,24.6,13.6,23.4,14.25,0.0,0.0,0.0,0.0,0.0
El Camino Real CHS,PSA,2016,5,3,2,76.326,23.625,14.55,23.7,14.45,75.851,24.6,13.6,23.4,14.25,79.026,23.025,17.8,23.7,14.5,-0.949,1.95,-1.9,-0.6,-0.4
El Camino Real CHS,PSA,2016,6,1,3,77.226,23.425,15.633,23.7,14.467,79.026,23.025,17.8,23.7,14.5,74.301,23.7,14.8,21.2,14.6,3.175,-1.575,4.2,0.3,0.25
Gahr HS,PSA,2016,0,0,0,0.0,0.0,0.0,0.0,0.0,0.0,0.0,0.0,0.0,0.0,75.65,22.7,24.15,13.6,15.2,0.0,0.0,0.0,0.0,0.0
Gahr HS,PSA,2016,6,6,1,75.65,22.7,24.15,13.6,15.2,75.65,22.7,24.15,13.6,15.2,78.775,22.425,15.15,24.8,16.4,0.0,0.0,0.0,0.0,0.0
Hatboro-Horsham,PSA,2016,3,0,0,0.0,0.0,0.0,0.0,0.0,0.0,0.0,0.0,0.0,0.0,80.2,24.8,23.1,16.2,16.1,0.0,0.0,0.0,0.0,0.0
Hatboro-Horsham,PSA,2016,4,1,1,80.2,24.8,23.1,16.2,16.1,80.2,24.8,23.1,16.2,16.1,81.3,24.2,24.3,16.4,16.4,0.0,0.0,0.0,0.0,0.0
Hatboro-Horsham,PSA,2016,5,1,2,80.75,24.5,23.7,16.3,16.25,81.3,24.2,24.3,16.4,16.4,81.35,24.0,24.45,16.4,16.5,1.1,-0.6,1.2,0.2,0.3
Hilton HS Percussion,PSA,2016,1,0,0,0.0,0.0,0.0,0.0,0.0,0.0,0.0,0.0,0.0,0.0,65.175,26.6,25.675,12.9,0.0,0.0,0.0,0.0,0.0,0.0
Hilton HS Percussion,PSA,2016,2,1,1,65.175,26.6,25.675,12.9,0.0,65.175,26.6,25.675,12.9,0.0,73.7,30.2,29.0,14.5,0.0,0.0,0.0,0.0,0.0,0.0
Hilton HS Percussion,PSA,2016,4,2,2,69.438,28.4,27.338,13.7,0.0,73.7,30.2,29.0,14.5,0.0,80.0,32.8,31.5,15.7,0.0,8.525,3.6,3.325,1.6,0.0
Hilton HS Percussion,PSA,2016,6,2,3,72.958,29.867,28.725,14.367,0.0,80.0,32.8,31.5,15.7,0.0,85.6,34.2,33.9,17.5,0.0,6.3,2.6,2.5,1.2,0.0
Hilton HS Percussion,PSA,2016,7,1,4,76.119,30.95,30.019,15.15,0.0,85.6,34.2,33.9,17.5,0.0,90.7,35.4,37.2,18.1,0.0,5.6,1.4,2.4,1.8,0.0
Hilton HS Percussion,PSA,2016,8,1,5,79.035,31.84,31.455,15.74,0.0,90.7,35.4,37.2,18.1,0.0,89.7,36.0,35.5,18.2,0.0,5.1,1.2,3.3,0.6,0.0
Hopewell Valley Central,PSA,2016,2,0,0,0.0,0.0,0.0,0.0,0.0,0.0,0.0,0.0,0.0,0.0,63.7,18.3,20.7,12.1,12.6,0.0,0.0,0.0,0.0,0.0
Hopewell Valley Central,PSA,2016,3,1,1,63.7,18.3,20.7,12.1,12.6,63.7,18.3,20.7,12.1,12.6,67.85,22.2,18.75,15.0,11.9,0.0,0.0,0.0,0.0,0.0
Hopewell Valley Central,PSA,2016,4,1,2,65.775,20.25,19.725,13.55,12.25,67.85,22.2,18.75,15.0,11.9,73.851,23.8,20.85,15.0,14.2,4.15,3.9,-1.95,2.9,-0.7
Hopewell Valley Central,PSA,2016,9,5,3,68.467,21.433,20.1,14.033,12.9,73.851,23.8,20.85,15.0,14.2,76.951,24.1,23.4,15.35,14.1,6.001,1.6,2.1,0.0,2.3
Hopewell Valley Central,PSA,2016,10,1,4,70.588,22.1,20.925,14.362,13.2,76.951,24.1,23.4,15.35,14.1,79.751,24.3,25.35,15.8,14.3,3.1,0.3,2.55,0.35,-0.1
Jordan Elbridge Indoor Percussion,PSA,2016,2,0,0,0.0,0.0,0.0,0.0,0.0,0.0,0.0,0.0,0.0,0.0,60.55,23.4,24.45,12.7,0.0,0.0,0.0,0.0,0.0,0.0
Jordan Elbridge Indoor Percussion,PSA,2016,3,1,1,60.55,23.4,24.45,12.7,0.0,60.55,23.4,24.45,12.7,0.0,64.45,26.2,25.25,13.0,0.0,0.0,0.0,0.0,0.0,0.0
Jordan Elbridge Indoor Percussion,PSA,2016,5,2,2,62.5,24.8,24.85,12.85,0.0,64.45,26.2,25.25,13.0,0.0,71.201,29.4,28.3,13.5,0.0,3.9,2.8,0.8,0.3,0.0
Jordan Elbridge Indoor Percussion,PSA,2016,6,1,3,65.4,26.333,26.0,13.067,0.0,71.201,29.4,28.3,13.5,0.0,73.001,29.6,28.1,15.3,0.0,6.751,3.2,3.05,0.5,0.0
Katella HS,PSA,2016,0,0,0,0.0,0.0,0.0,0.0,0.0,0.0,0.0,0.0,0.0,0.0,63.2,19.2,19.5,12.2,12.3,0.0,0.0,0.0,0.0,0.0
Katella HS,PSA,2016,5,5,1,63.2,19.2,19.5,12.2,12.3,63.2,19.2,19.5,12.2,12.3,62.75,19.65,12.0,18.6,12.5,0.0,0.0,0.0,0.0,0.0
La Quinta HS (OC),PSA,2016,0,0,0,0.0,0.0,0.0,0.0,0.0,0.0,0.0,0.0,0.0,0.0,82.325,24.3,24.825,16.2,17.0,0.0,0.0,0.0,0.0,0.0
La Quinta HS (OC),PSA,2016,2,2,1,82.325,24.3,24.825,16.2,17.0,82.325,24.3,24.825,16.2,17.0,82.4,25.8,16.6,23.6,16.4,0.0,0.0,0.0,0.0,0.0
La Quinta HS (OC),PSA,2016,4,2,2,82.363,25.05,20.712,19.9,16.7,82.4,25.8,16.6,23.6,16.4,82.65,24.45,17.5,23.9,16.8,0.075,1.5,-8.225,7.4,-0.6
Liverpool Indoor Percussion,PSA,2016,3,0,0,0.0,0.0,0.0,0.0,0.0,0.0,0.0,0.0,0.0,0.0,61.401,24.4,24.7,12.3,-3.85,0.0,0.0,0.0,0.0,0.0
Liverpool Indoor Percussion,PSA,2016,5,2,1,61.401,24.4,24.7,12.3,-3.85,61.401,24.4,24.7,12.3,-3.85,68.501,27.6,27.5,13.4,0.0,0.0,0.0,0.0,0.0,0.0
Liverpool Indoor Percussion,PSA,2016,6,1,2,64.951,26.0,26.1,12.85,-1.925,68.501,27.6,27.5,13.4,0.0,67.551,26.8,26.25,14.5,0.0,7.1,3.2,2.8,1.1,3.85
Liverpool Indoor Percussion,PSA,2016,7,1,3,65.818,26.267,26.15,13.4,-1.283,67.551,26.8,26.25,14.5,0.0,77.951,32.0,30.15,15.8,0.0,-0.95,-0.8,-1.25,1.1,0.0
Liverpool Indoor Percussion,PSA,2016,8,1,4,68.851,27.7,27.15,14.0,-0.962,77.951,32.0,30.15,15.8,0.0,76.55,31.6,28.85,16.1,0.0,10.4,5.2,3.9,1.3,0.0
Lynwood HS,PSA,2016,0,0,0,0.0,0.0,0.0,0.0,0.0,0.0,0.0,0.0,0.0,0.0,70.55,20.7,21.9,13.75,14.2,0.0,0.0,0.0,0.0,0.0
Lynwood HS,PSA,2016,5,5,1,70.55,20.7,21.9,13.75,14.2,70.55,20.7,21.9,13.75,14.2,73.901,22.8,16.5,21.0,13.6,0.0,0.0,0.0,0.0,0.0
Methacton,PSA,2016,2,0,0,0.0,0.0,0.0,0.0,0.0,0.0,0.0,0.0,0.0,0.0,68.35,20.4,21.15,13.2,13.6,0.0,0.0,0.0,0.0,0.0
Methacton,PSA,2016,3,1,1,68.35,20.4,21.15,13.2,13.6,68.35,20.4,21.15,13.2,13.6,71.601,23.3,19.8,14.9,13.6,0.0,0.0,0.0,0.0,0.0
Methacton,PSA,2016,9,6,2,69.976,21.85,20.475,14.05,13.6,71.601,23.3,19.8,14.9,13.6,81.551,25.6,24.45,15.9,15.6,3.251,2.9,-1.35,1.7,0.0
Methacton,PSA,2016,10,1,3,73.834,23.1,21.8,14.667,14.267,81.551,25.6,24.45,15.9,15.6,83.551,26.1,25.05,16.5,15.9,9.95,2.3,4.65,1.0,2.0
Mira Costa HS,PSA,2016,2,0,0,0.0,0.0,0.0,0.0,0.0,0.0,0.0,0.0,0.0,0.0,69.9,19.8,13.0,22.7,14.4,0.0,0.0,0.0,0.0,0.0
Mira Costa HS,PSA,2016,6,4,1,69.9,19.8,13.0,22.7,14.4,69.9,19.8,13.0,22.7,14.4,70.1,21.3,13.85,21.65,13.3,0.0,0.0,0.0,0.0,0.0
Monrovia HS,PSA,2016,1,0,0,0.0,0.0,0.0,0.0,0.0,0.0,0.0,0.0,0.0,0.0,68.75,19.35,12.8,23.8,12.8,0.0,0.0,0.0,0.0,0.0
Monrovia HS,PSA,2016,4,3,1,68.75,19.35,12.8,23.8,12.8,68.75,19.35,12.8,23.8,12.8,65.325,20.325,13.2,19.0,12.8,0.0,0.0,0.0,0.0,0.0
Monrovia HS,PSA,2016,6,2,2,67.038,19.838,13.0,21.4,12.8,65.325,20.325,13.2,19.0,12.8,74.726,22.275,14.45,23.5,14.5,-3.425,0.975,0.4,-4.8,0.0
New Hartford,PSA,2016,1,0,0,0.0,0.0,0.0,0.0,0.0,0.0,0.0,0.0,0.0,0.0,60.9,24.6,24.3,12.0,0.0,0.0,0.0,0.0,0.0,0.0
New Hartford,PSA,2016,4,3,1,60.9,24.6,24.3,12.0,0.0,60.9,24.6,24.3,12.0,0.0,69.6,27.2,28.6,13.8,0.0,0.0,0.0,0.0,0.0,0.0
New Hartford,PSA,2016,5,1,2,65.25,25.9,26.45,12.9,0.0,69.6,27.2,28.6,13.8,0.0,74.25,30.4,29.65,14.2,0.0,8.7,2.6,4.3,1.8,0.0
New Hartford,PSA,2016,6,1,3,68.25,27.4,27.517,13.333,0.0,74.25,30.4,29.65,14.2,0.0,78.6,31.0,32.2,15.4,0.0,4.65,3.2,1.05,0.4,0.0
New Hartford,PSA,2016,8,2,4,70.838,28.3,28.688,13.85,0.0,78.6,31.0,32.2,15.4,0.0,82.05,33.0,32.35,16.7,0.0,4.35,0.6,2.55,1.2,0.0
Nogales HS,PSA,2016,4,0,0,0.0,0.0,0.0,0.0,0.0,0.0,0.0,0.0,0.0,0.0,77.55,24.15,15.4,22.8,15.2,0.0,0.0,0.0,0.0,0.0
Nogales HS,PSA,2016,6,2,1,77.55,24.15,15.4,22.8,15.2,77.55,24.15,15.4,22.8,15.2,80.15,24.45,15.8,23.8,16.1,0.0,0.0,0.0,0.0,0.0
Nogales HS,PSA,2016,8,2,2,78.85,24.3,15.6,23.3,15.65,80.15,24.45,15.8,23.8,16.1,88.15,26.1,18.0,28.1,15.95,2.6,0.3,0.4,1.0,0.9
Nogales HS,PSA,2016,10,2,3,81.95,24.9,16.4,24.9,15.75,88.15,26.1,18.0,28.1,15.95,85.051,24.45,16.25,27.65,16.7,8.0,1.65,2.2,4.3,-0.15
North Penn,PSA,2016,3,0,0,0.0,0.0,0.0,0.0,0.0,0.0,0.0,0.0,0.0,0.0,72.701,22.2,21.3,14.4,14.8,0.0,0.0,0.0,0.0,0.0
North Penn,PSA,2016,4,1,1,72.701,22.2,21.3,14.4,14.8,72.701,22.2,21.3,14.4,14.8,76.501,24.7,22.5,14.6,14.7,0.0,0.0,0.0,0.0,0.0
North Penn,PSA,2016,7,3,2,74.601,23.45,21.9,14.5,14.75,76.501,24.7,22.5,14.6,14.7,77.951,24.4,23.55,15.4,14.6,3.8,2.5,1.2,0.2,-0.1
North Penn,PSA,2016,9,2,3,75.718,23.767,22.45,14.8,14.7,77.951,24.4,23.55,15.4,14.6,83.951,24.9,25.95,15.6,17.5,1.45,-0.3,1.05,0.8,-0.1
North Penn,PSA,2016,10,1,4,77.776,24.05,23.325,15.0,15.4,83.951,24.9,25.95,15.6,17.5,84.476,26.0,26.175,16.3,16.0,6.0,0.5,2.4,0.2,2.9
Ontario HS,PSA,2016,1,0,0,0.0,0.0,0.0,0.0,0.0,0.0,0.0,0.0,0.0,0.0,71.951,21.0,13.5,24.1,13.35,0.0,0.0,0.0,0.0,0.0
Ontario HS,PSA,2016,5,4,1,71.951,21.0,13.5,24.1,13.35,71.951,21.0,13.5,24.1,13.35,75.901,24.6,14.5,23.3,13.5,0.0,0.0,0.0,0.0,0.0
Ontario HS,PSA,2016,6,1,2,73.926,22.8,14.0,23.7,13.425,75.901,24.6,14.5,23.3,13.5,69.25,20.25,13.8,21.1,14.1,3.95,3.6,1.0,-0.8,0.15
Owen J Roberts,PSA,2016,3,0,0,0.0,0.0,0.0,0.0,0.0,0.0,0.0,0.0,0.0,0.0,69.551,20.3,20.85,14.0,14.4,0.0,0.0,0.0,0.0,0.0
Owen J Roberts,PSA,2016,4,1,1,69.551,20.3,20.85,14.0,14.4,69.551,20.3,20.85,14.0,14.4,70.5,22.7,20.4,13.4,14.0,0.0,0.0,0.0,0.0,0.0
Owen J Roberts,PSA,2016,5,1,2,70.026,21.5,20.625,13.7,14.2,70.5,22.7,20.4,13.4,14.0,71.001,21.1,21.6,13.8,14.5,0.949,2.4,-0.45,-0.6,-0.4
Owen J Roberts,PSA,2016,9,4,3,70.351,21.367,20.95,13.733,14.3,71.001,21.1,21.6,13.8,14.5,75.75,22.9,22.65,15.2,15.0,0.501,-1.6,1.2,0.4,0.5
Owen J Roberts,PSA,2016,10,1,4,71.7,21.75,21.375,14.1,14.475,75.75,22.9,22.65,15.2,15.0,76.7,23.4,24.3,13.7,15.3,4.749,1.8,1.05,1.4,0.5
Pacifica HS,PSA,2016,4,0,0,0.0,0.0,0.0,0.0,0.0,0.0,0.0,0.0,0.0,0.0,76.051,23.4,16.6,21.7,14.35,0.0,0.0,0.0,0.0,0.0
Pacifica HS,PSA,2016,6,2,1,76.051,23.4,16.6,21.7,14.35,76.051,23.4,16.6,21.7,14.35,78.6,21.45,16.6,25.35,15.2,0.0,0.0,0.0,0.0,0.0
Pacifica HS,PSA,2016,8,2,2,77.326,22.425,16.6,23.525,14.775,78.6,21.45,16.6,25.35,15.2,84.325,23.925,17.7,25.9,16.8,2.549,-1.95,0.0,3.65,0.85
Palisades CHS,PSA,2016,4,0,0,0.0,0.0,0.0,0.0,0.0,0.0,0.0,0.0,0.0,0.0,78.8,24.3,16.8,21.2,16.5,0.0,0.0,0.0,0.0,0.0
Palisades CHS,PSA,2016,6,2,1,78.8,24.3,16.8,21.2,16.5,78.8,24.3,16.8,21.2,16.5,79.1,22.8,16.7,24.7,14.9,0.0,0.0,0.0,0.0,0.0
Palisades CHS,PSA,2016,10,4,2,78.95,23.55,16.75,22.95,15.7,79.1,22.8,16.7,24.7,14.9,90.188,26.812,18.15,27.425,17.8,0.3,-1.5,-0.1,3.5,-1.6
Palos Verdes HS,PSA,2016,1,0,0,0.0,0.0,0.0,0.0,0.0,0.0,0.0,0.0,0.0,0.0,66.7,18.9,13.1,21.2,13.5,0.0,0.0,0.0,0.0,0.0
Palos Verdes HS,PSA,2016,5,4,1,66.7,18.9,13.1,21.2,13.5,66.7,18.9,13.1,21.2,13.5,70.5,23.1,15.0,18.3,14.1,0.0,0.0,0.0,0.0,0.0
Palos Verdes HS,PSA,2016,6,1,2,68.6,21.0,14.05,19.75,13.8,70.5,23.1,15.0,18.3,14.1,66.3,20.4,13.7,19.6,12.6,3.8,4.2,1.9,-2.9,0.6
Parkland,PSA,2016,5,0,0,0.0,0.0,0.0,0.0,0.0,0.0,0.0,0.0,0.0,0.0,80.75,25.4,24.75,15.0,15.6,0.0,0.0,0.0,0.0,0.0
Parkland,PSA,2016,7,2,1,80.75,25.4,24.75,15.0,15.6,80.75,25.4,24.75,15.0,15.6,81.25,25.7,24.15,16.1,15.3,0.0,0.0,0.0,0.0,0.0
Parkland,PSA,2016,9,2,2,81.0,25.55,24.45,15.55,15.45,81.25,25.7,24.15,16.1,15.3,87.5,26.5,26.1,16.9,18.0,0.5,0.3,-0.6,1.1,-0.3
Parkland,PSA,2016,10,1,3,83.167,25.867,25.0,16.0,16.3,87.5,26.5,26.1,16.9,18.0,87.45,27.2,26.7,16.55,17.0,6.25,0.8,1.95,0.8,2.7
Patrick Henry HS,PSA,2016,2,0,0,0.0,0.0,0.0,0.0,0.0,0.0,0.0,0.0,0.0,0.0,67.0,20.4,12.6,21.9,12.1,0.0,0.0,0.0,0.0,0.0
Patrick Henry HS,PSA,2016,5,3,1,67.0,20.4,12.6,21.9,12.1,67.0,20.4,12.6,21.9,12.1,67.55,21.15,12.4,20.8,13.2,0.0,0.0,0.0,0.0,0.0
Patriot HS,PSA,2016,4,0,0,0.0,0.0,0.0,0.0,0.0,0.0,0.0,0.0,0.0,0.0,68.9,20.1,13.45,20.1,15.25,0.0,0.0,0.0,0.0,0.0
Patriot HS,PSA,2016,6,2,1,68.9,20.1,13.45,20.1,15.25,68.9,20.1,13.45,20.1,15.25,71.1,20.85,13.8,23.45,13.0,0.0,0.0,0.0,0.0,0.0
Patriot HS,PSA,2016,8,2,2,70.0,20.475,13.625,21.775,14.125,71.1,20.85,13.8,23.45,13.0,79.2,24.15,15.6,24.15,15.3,2.2,0.75,0.35,3.35,-2.25
Perkiomen Valley,PSA,2016,3,0,0,0.0,0.0,0.0,0.0,0.0,0.0,0.0,0.0,0.0,0.0,80.15,24.7,23.85,15.2,16.4,0.0,0.0,0.0,0.0,0.0
Perkiomen Valley,PSA,2016,5,2,1,80.15,24.7,23.85,15.2,16.4,80.15,24.7,23.85,15.2,16.4,83.55,24.8,25.35,16.1,17.3,0.0,0.0,0.0,0.0,0.0
Perkiomen Valley,PSA,2016,7,2,2,81.85,24.75,24.6,15.65,16.85,83.55,24.8,25.35,16.1,17.3,86.45,27.1,26.25,16.9,16.2,3.4,0.1,1.5,0.9,0.9
Perkiomen Valley,PSA,2016,9,2,3,83.383,25.533,25.15,16.067,16.633,86.45,27.1,26.25,16.9,16.2,88.65,27.1,27.75,17.7,16.1,2.9,2.3,0.9,0.8,-1.1
Perkiomen Valley,PSA,2016,10,1,4,84.7,25.925,25.8,16.475,16.5,88.65,27.1,27.75,17.7,16.1,88.95,26.9,27.3,17.15,17.6,2.2,0.0,1.5,0.8,-0.1
Phoenix Indoor Percussion,PSA,2016,2,0,0,0.0,0.0,0.0,0.0,0.0,0.0,0.0,0.0,0.0,0.0,68.85,27.6,27.75,13.5,0.0,0.0,0.0,0.0,0.0,0.0
Phoenix Indoor Percussion,PSA,2016,3,1,1,68.85,27.6,27.75,13.5,0.0,68.85,27.6,27.75,13.5,0.0,75.75,30.0,30.95,14.8,0.0,0.0,0.0,0.0,0.0,0.0
Phoenix Indoor Percussion,PSA,2016,5,2,2,72.3,28.8,29.35,14.15,0.0,75.75,30.0,30.95,14.8,0.0,79.3,31.4,32.3,15.6,0.0,6.9,2.4,3.2,1.3,0.0
Phoenix Indoor Percussion,PSA,2016,7,2,3,74.633,29.667,30.333,14.633,0.0,79.3,31.4,32.3,15.6,0.0,87.2,34.2,35.9,17.1,0.0,3.55,1.4,1.35,0.8,0.0
Rosemead HS,PSA,2016,1,0,0,0.0,0.0,0.0,0.0,0.0,0.0,0.0,0.0,0.0,0.0,66.7,19.2,12.6,22.6,12.3,0.0,0.0,0.0,0.0,0.0
Rosemead HS,PSA,2016,4,3,1,66.7,19.2,12.6,22.6,12.3,66.7,19.2,12.6,22.6,12.3,66.1,19.8,13.7,19.6,13.0,0.0,0.0,0.0,0.0,0.0
Rosemead HS,PSA,2016,8,4,2,66.4,19.5,13.15,21.1,12.65,66.1,19.8,13.7,19.6,13.0,69.55,20.55,12.8,22.3,13.9,-0.6,0.6,1.1,-3.0,0.7
San Bernardino City USD,PSA,2016,1,0,0,0.0,0.0,0.0,0.0,0.0,0.0,0.0,0.0,0.0,0.0,69.826,20.025,15.1,21.5,13.2,0.0,0.0,0.0,0.0,0.0
San Bernardino City USD,PSA,2016,4,3,1,69.826,20.025,15.1,21.5,13.2,69.826,20.025,15.1,21.5,13.2,68.7,21.0,13.6,20.9,13.2,0.0,0.0,0.0,0.0,0.0
San Bernardino City USD,PSA,2016,5,1,2,69.263,20.512,14.35,21.2,13.2,68.7,21.0,13.6,20.9,13.2,77.451,23.25,16.2,23.3,14.7,-1.126,0.975,-1.5,-0.6,0.0
San Dimas HS,PSA,2016,0,0,0,0.0,0.0,0.0,0.0,0.0,0.0,0.0,0.0,0.0,0.0,70.95,21.8,22.65,13.1,13.4,0.0,0.0,0.0,0.0,0.0
San Dimas HS,PSA,2016,5,5,1,70.95,21.8,22.65,13.1,13.4,70.95,21.8,22.65,13.1,13.4,75.451,22.5,15.6,22.7,14.65,0.0,0.0,0.0,0.0,0.0
Savanna HS,PSA,2016,0,0,0,0.0,0.0,0.0,0.0,0.0,0.0,0.0,0.0,0.0,0.0,71.85,20.8,21.75,13.7,15.6,0.0,0.0,0.0,0.0,0.0
Savanna HS,PSA,2016,5,5,1,71.85,20.8,21.75,13.7,15.6,71.85,20.8,21.75,13.7,15.6,72.401,22.2,14.2,21.4,14.6,0.0,0.0,0.0,0.0,0.0
South Hills HS,PSA,2016,0,0,0,0.0,0.0,0.0,0.0,0.0,0.0,0.0,0.0,0.0,0.0,78.1,22.6,24.6,14.8,16.1,0.0,0.0,0.0,0.0,0.0
South Hills HS,PSA,2016,2,2,1,78.1,22.6,24.6,14.8,16.1,78.1,22.6,24.6,14.8,16.1,78.55,25.05,16.2,22.4,14.9,0.0,0.0,0.0,0.0,0.0
South Hills HS,PSA,2016,5,3,2,78.325,23.825,20.4,18.6,15.5,78.55,25.05,16.2,22.4,14.9,79.45,23.85,17.0,22.4,16.2,0.45,2.45,-8.4,7.6,-1.2
South Hills HS,PSA,2016,6,1,3,78.7,23.833,19.267,19.867,15.733,79.45,23.85,17.0,22.4,16.2,76.35,23.85,14.7,23.0,14.8,0.9,-1.2,0.8,0.0,1.3
South Pasadena HS,PSA,2016,0,0,0,0.0,0.0,0.0,0.0,0.0,0.0,0.0,0.0,0.0,0.0,68.35,20.0,20.55,12.8,15.0,0.0,0.0,0.0,0.0,0.0
South Pasadena HS,PSA,2016,5,5,1,68.35,20.0,20.55,12.8,15.0,68.35,20.0,20.55,12.8,15.0,78.8,24.0,14.9,23.9,16.0,0.0,0.0,0.0,0.0,0.0
South Torrance HS,PSA,2016,4,0,0,0.0,0.0,0.0,0.0,0.0,0.0,0.0,0.0,0.0,0.0,74.551,20.85,16.7,22.2,14.8,0.0,0.0,0.0,0.0,0.0
South Torrance HS,PSA,2016,8,4,1,74.551,20.85,16.7,22.2,14.8,74.551,20.85,16.7,22.2,14.8,88.025,24.825,18.5,27.7,17.0,0.0,0.0,0.0,0.0,0.0
St. Genevieve HS,PSA,2016,1,0,0,0.0,0.0,0.0,0.0,0.0,0.0,0.0,0.0,0.0,0.0,69.801,19.5,13.2,22.8,14.3,0.0,0.0,0.0,0.0,0.0
St. Genevieve HS,PSA,2016,2,1,1,69.801,19.5,13.2,22.8,14.3,69.801,19.5,13.2,22.8,14.3,69.6,20.1,14.5,22.6,12.4,0.0,0.0,0.0,0.0,0.0
St. Genevieve HS,PSA,2016,5,3,2,69.7,19.8,13.85,22.7,13.35,69.6,20.1,14.5,22.6,12.4,71.3,21.9,13.0,22.8,13.6,-0.201,0.6,1.3,-0.2,-1.9
St. Genevieve HS,PSA,2016,6,1,3,70.234,20.5,13.567,22.733,13.433,71.3,21.9,13.0,22.8,13.6,70.75,21.9,14.05,20.5,14.3,1.7,1.8,-1.5,0.2,1.2
Temescal Canyon HS,PSA,2016,2,0,0,0.0,0.0,0.0,0.0,0.0,0.0,0.0,0.0,0.0,0.0,67.475,19.875,13.2,21.8,12.6,0.0,0.0,0.0,0.0,0.0
Temescal Canyon HS,PSA,2016,5,3,1,67.475,19.875,13.2,21.8,12.6,67.475,19.875,13.2,21.8,12.6,67.65,22.35,14.6,18.0,12.7,0.0,0.0,0.0,0.0,0.0
Temescal Canyon HS,PSA,2016,6,1,2,67.562,21.112,13.9,19.9,12.65,67.65,22.35,14.6,18.0,12.7,64.3,19.2,13.6,19.2,12.3,0.175,2.475,1.4,-3.8,0.1
Temple City HS,PSA,2016,8,0,0,0.0,0.0,0.0,0.0,0.0,0.0,0.0,0.0,0.0,0.0,83.525,25.125,17.2,25.6,15.6,0.0,0.0,0.0,0.0,0.0
Temple City HS,PSA,2016,10,2,1,83.525,25.125,17.2,25.6,15.6,83.525,25.125,17.2,25.6,15.6,88.1,25.8,18.1,26.525,17.675,0.0,0.0,0.0,0.0,0.0
Torrance HS,PSA,2016,1,0,0,0.0,0.0,0.0,0.0,0.0,0.0,0.0,0.0,0.0,0.0,76.45,22.5,15.7,23.3,14.95,0.0,0.0,0.0,0.0,0.0
Torrance HS,PSA,2016,5,4,1,76.45,22.5,15.7,23.3,14.95,76.45,22.5,15.7,23.3,14.95,83.2,24.9,18.0,24.0,16.3,0.0,0.0,0.0,0.0,0.0
Torrance HS,PSA,2016,10,5,2,79.825,23.7,16.85,23.65,15.625,83.2,24.9,18.0,24.0,16.3,88.825,25.65,18.9,27.35,16.925,6.75,2.4,2.3,0.7,1.35
Unionville,PSA,2016,2,0,0,0.0,0.0,0.0,0.0,0.0,0.0,0.0,0.0,0.0,0.0,70.55,21.1,21.45,14.6,13.4,0.0,0.0,0.0,0.0,0.0
Unionville,PSA,2016,3,1,1,70.55,21.1,21.45,14.6,13.4,70.55,21.1,21.45,14.6,13.4,77.75,23.0,22.95,15.6,16.2,0.0,0.0,0.0,0.0,0.0
Unionville,PSA,2016,4,1,2,74.15,22.05,22.2,15.1,14.8,77.75,23.0,22.95,15.6,16.2,83.85,25.6,25.05,16.5,16.7,7.2,1.9,1.5,1.0,2.8
Unionville,PSA,2016,9,5,3,77.383,23.233,23.15,15.567,15.433,83.85,25.6,25.05,16.5,16.7,86.7,26.0,26.4,17.1,17.2,6.1,2.6,2.1,0.9,0.5
Unionville,PSA,2016,10,1,4,79.712,23.925,23.962,15.95,15.875,86.7,26.0,26.4,17.1,17.2,86.7,25.9,27.0,17.4,16.4,2.85,0.4,1.35,0.6,0.5
Upland HS,PSA,2016,5,0,0,0.0,0.0,0.0,0.0,0.0,0.0,0.0,0.0,0.0,0.0,80.75,22.95,16.9,25.4,15.5,0.0,0.0,0.0,0.0,0.0
Upland HS,PSA,2016,6,1,1,80.75,22.95,16.9,25.4,15.5,80.75,22.95,16.9,25.4,15.5,71.5,21.15,14.7,21.85,13.8,0.0,0.0,0.0,0.0,0.0
Upper Moreland,PSA,2016,3,0,0,0.0,0.0,0.0,0.0,0.0,0.0,0.0,0.0,0.0,0.0,76.4,24.4,22.35,14.95,14.7,0.0,0.0,0.0,0.0,0.0
Upper Moreland,PSA,2016,4,1,1,76.4,24.4,22.35,14.95,14.7,76.4,24.4,22.35,14.95,14.7,77.9,25.0,22.95,15.2,14.75,0.0,0.0,0.0,0.0,0.0
Upper Moreland,PSA,2016,5,1,2,77.15,24.7,22.65,15.075,14.725,77.9,25.0,22.95,15.2,14.75,79.35,23.7,23.85,15.6,16.2,1.5,0.6,0.6,0.25,0.05
Upper Moreland,PSA,2016,7,2,3,77.883,24.367,23.05,15.25,15.217,79.35,23.7,23.85,15.6,16.2,81.001,25.2,23.7,16.2,15.9,1.45,-1.3,0.9,0.4,1.45
Upper Moreland,PSA,2016,9,2,4,78.663,24.575,23.213,15.488,15.388,81.001,25.2,23.7,16.2,15.9,81.851,25.3,24.15,16.5,15.9,1.651,1.5,-0.15,0.6,-0.3
Upper Moreland,PSA,2016,10,1,5,79.3,24.72,23.4,15.69,15.49,81.851,25.3,24.15,16.5,15.9,86.15,27.4,26.25,17.1,15.4,0.85,0.1,0.45,0.3,0.0
Valencia HS (OC),PSA,2016,0,0,0,0.0,0.0,0.0,0.0,0.0,0.0,0.0,0.0,0.0,0.0,74.201,21.55,23.4,13.45,15.8,0.0,0.0,0.0,0.0,0.0
Valencia HS (OC),PSA,2016,4,4,1,74.201,21.55,23.4,13.45,15.8,74.201,21.55,23.4,13.45,15.8,73.1,22.2,16.5,20.6,13.8,0.0,0.0,0.0,0.0,0.0
Valencia HS (OC),PSA,2016,6,2,2,73.65,21.875,19.95,17.025,14.8,73.1,22.2,16.5,20.6,13.8,72.3,21.0,14.2,23.2,13.9,-1.101,0.65,-6.9,7.15,-2.0
Valencia HS (OC),PSA,2016,8,2,3,73.2,21.583,18.033,19.083,14.5,72.3,21.0,14.2,23.2,13.9,81.201,25.05,17.4,23.85,14.9,-0.8,-1.2,-2.3,2.6,0.1
Valencia HS (OC),PSA,2016,10,2,4,75.2,22.45,17.875,20.275,14.6,81.201,25.05,17.4,23.85,14.9,82.175,22.425,17.1,26.05,16.6,8.901,4.05,3.2,0.65,1.0
Valencia HS (V),PSA,2016,1,0,0,0.0,0.0,0.0,0.0,0.0,0.0,0.0,0.0,0.0,0.0,69.801,19.95,14.0,22.6,13.25,0.0,0.0,0.0,0.0,0.0
Valencia HS (V),PSA,2016,6,5,1,69.801,19.95,14.0,22.6,13.25,69.801,19.95,14.0,22.6,13.25,75.151,22.65,14.1,24.2,14.2,0.0,0.0,0.0,0.0,0.0
Valencia HS (V),PSA,2016,8,2,2,72.476,21.3,14.05,23.4,13.725,75.151,22.65,14.1,24.2,14.2,79.351,22.05,17.0,24.9,15.4,5.35,2.7,0.1,1.6,0.95
Victor Indoor Percussion Ensemble,PSA,2016,1,0,0,0.0,0.0,0.0,0.0,0.0,0.0,0.0,0.0,0.0,0.0,68.475,28.2,25.875,14.4,-0.2,0.0,0.0,0.0,0.0,0.0
Victor Indoor Percussion Ensemble,PSA,2016,4,3,1,68.475,28.2,25.875,14.4,-0.2,68.475,28.2,25.875,14.4,-0.2,81.8,33.2,32.3,16.3,-0.85,0.0,0.0,0.0,0.0,0.0
Victor Indoor Percussion Ensemble,PSA,2016,5,1,2,75.137,30.7,29.088,15.35,-0.525,81.8,33.2,32.3,16.3,-0.85,83.3,33.6,33.1,16.6,0.0,13.325,5.0,6.425,1.9,-0.65
Victor Indoor Percussion Ensemble,PSA,2016,7,2,3,77.858,31.667,30.425,15.767,-0.35,83.3,33.6,33.1,16.6,0.0,91.8,36.4,37.1,18.3,-0.6,1.5,0.4,0.8,0.3,0.85
Victor Indoor Percussion Ensemble,PSA,2016,8,1,4,81.344,32.85,32.094,16.4,-0.412,91.8,36.4,37.1,18.3,-0.6,90.65,36.4,35.55,18.7,0.0,8.5,2.8,4.0,1.7,-0.6
Vista HS,PSA,2016,2,0,0,0.0,0.0,0.0,0.0,0.0,0.0,0.0,0.0,0.0,0.0,68.15,20.25,12.5,22.5,12.9,0.0,0.0,0.0,0.0,0.0
Vista HS,PSA,2016,5,3,1,68.15,20.25,12.5,22.5,12.9,68.15,20.25,12.5,22.5,12.9,79.725,23.325,17.3,24.1,15.0,0.0,0.0,0.0,0.0,0.0
Vista HS,PSA,2016,6,1,2,73.938,21.788,14.9,23.3,13.95,79.725,23.325,17.3,24.1,15.0,77.425,22.125,15.2,25.0,15.1,11.575,3.075,4.8,1.6,2.1
Vista HS,PSA,2016,10,4,3,75.1,21.9,15.0,23.867,14.333,77.425,22.125,15.2,25.0,15.1,84.439,23.737,16.9,26.9,16.9,-2.3,-1.2,-2.1,0.9,0.1
Vista Murrieta HS,PSA,2016,5,0,0,0.0,0.0,0.0,0.0,0.0,0.0,0.0,0.0,0.0,0.0,72.401,21.0,16.3,19.5,15.6,0.0,0.0,0.0,0.0,0.0
Vista Murrieta HS,PSA,2016,6,1,1,72.401,21.0,16.3,19.5,15.6,72.401,21.0,16.3,19.5,15.6,70.5,20.4,14.0,22.5,13.6,0.0,0.0,0.0,0.0,0.0
Walnut HS,PSA,2016,4,0,0,0.0,0.0,0.0,0.0,0.0,0.0,0.0,0.0,0.0,0.0,72.075,20.925,14.4,21.0,15.75,0.0,0.0,0.0,0.0,0.0
Walnut HS,PSA,2016,8,4,1,72.075,20.925,14.4,21.0,15.75,72.075,20.925,14.4,21.0,15.75,76.15,23.4,15.2,22.2,15.35,0.0,0.0,0.0,0.0,0.0
West HS (Torrance),PSA,2016,0,0,0,0.0,0.0,0.0,0.0,0.0,0.0,0.0,0.0,0.0,0.0,73.226,22.15,24.675,13.3,13.1,0.0,0.0,0.0,0.0,0.0
West HS (Torrance),PSA,2016,2,2,1,73.226,22.15,24.675,13.3,13.1,73.226,22.15,24.675,13.3,13.1,75.751,23.55,14.2,23.3,14.7,0.0,0.0,0.0,0.0,0.0
West HS (Torrance),PSA,2016,6,4,2,74.488,22.85,19.438,18.3,13.9,75.751,23.55,14.2,23.3,14.7,72.401,21.0,14.2,21.6,15.6,2.525,1.4,-10.475,10.0,1.6
Westminster HS,PSA,2016,4,0,0,0.0,0.0,0.0,0.0,0.0,0.0,0.0,0.0,0.0,0.0,75.801,23.7,16.0,21.5,14.6,0.0,0.0,0.0,0.0,0.0
Westminster HS,PSA,2016,8,4,1,75.801,23.7,16.0,21.5,14.6,75.801,23.7,16.0,21.5,14.6,85.3,25.2,16.6,27.2,16.3,0.0,0.0,0.0,0.0,0.0
Westminster HS,PSA,2016,10,2,2,80.55,24.45,16.3,24.35,15.45,85.3,25.2,16.6,27.2,16.3,82.2,23.4,17.15,25.2,16.45,9.499,1.5,0.6,5.7,1.7
William S. Hart HS,PSA,2016,1,0,0,0.0,0.0,0.0,0.0,0.0,0.0,0.0,0.0,0.0,0.0,79.45,22.95,14.9,26.0,15.6,0.0,0.0,0.0,0.0,0.0
William S. Hart HS,PSA,2016,4,3,1,79.45,22.95,14.9,26.0,15.6,79.45,22.95,14.9,26.0,15.6,80.25,25.65,16.3,22.4,15.9,0.0,0.0,0.0,0.0,0.0
Broken City,PIW,2016,2,0,0,0.0,0.0,0.0,0.0,0.0,0.0,0.0,0.0,0.0,0.0,85.9,25.8,17.0,25.9,17.2,0.0,0.0,0.0,0.0,0.0
Broken City,PIW,2016,4,2,1,85.9,25.8,17.0,25.9,17.2,85.9,25.8,17.0,25.9,17.2,84.7,25.5,17.2,25.4,16.6,0.0,0.0,0.0,0.0,0.0
Broken City,PIW,2016,5,1,2,85.3,25.65,17.1,25.65,16.9,84.7,25.5,17.2,25.4,16.6,86.45,26.55,16.9,26.2,16.8,-1.2,-0.3,0.2,-0.5,-0.6
Broken City,PIW,2016,8,3,3,85.683,25.95,17.033,25.833,16.867,86.45,26.55,16.9,26.2,16.8,91.5,27.6,17.9,27.4,18.6,1.75,1.05,-0.3,0.8,0.2
Broken City,PIW,2016,9,1,4,87.138,26.362,17.25,26.225,17.3,91.5,27.6,17.9,27.4,18.6,92.35,27.75,18.25,27.4,18.95,5.05,1.05,1.0,1.2,1.8
Broken City,PIW,2016,10,1,5,88.18,26.64,17.45,26.46,17.63,92.35,27.75,18.25,27.4,18.95,92.188,28.388,18.5,27.55,17.75,0.85,0.15,0.35,0.0,0.35
Dark Sky Percussion,PIW,2016,1,0,0,0.0,0.0,0.0,0.0,0.0,0.0,0.0,0.0,0.0,0.0,79.95,22.95,14.9,26.9,15.2,0.0,0.0,0.0,0.0,0.0
Dark Sky Percussion,PIW,2016,5,4,1,79.95,22.95,14.9,26.9,15.2,79.95,22.95,14.9,26.9,15.2,84.55,25.05,17.0,25.3,17.2,0.0,0.0,0.0,0.0,0.0
Dark Sky Percussion,PIW,2016,9,4,2,82.25,24.0,15.95,26.1,16.2,84.55,25.05,17.0,25.3,17.2,85.751,25.95,16.7,26.6,16.5,4.6,2.1,2.1,-1.6,2.0
Dark Sky Percussion,PIW,2016,10,1,3,83.417,24.65,16.2,26.267,16.3,85.751,25.95,16.7,26.6,16.5,87.175,26.925,17.25,26.3,16.7,1.201,0.9,-0.3,1.3,-0.7
POW Percussion,PIW,2016,0,0,0,0.0,0.0,0.0,0.0,0.0,0.0,0.0,0.0,0.0,0.0,82.25,25.0,25.65,15.2,16.4,0.0,0.0,0.0,0.0,0.0
POW Percussion,PIW,2016,6,6,1,82.25,25.0,25.65,15.2,16.4,82.25,25.0,25.65,15.2,16.4,84.8,26.1,16.7,25.5,16.5,0.0,0.0,0.0,0.0,0.0
POW Percussion,PIW,2016,9,3,2,83.525,25.55,21.175,20.35,16.45,84.8,26.1,16.7,25.5,16.5,86.3,26.4,16.9,26.0,17.0,2.55,1.1,-8.95,10.3,0.1
POW Percussion,PIW,2016,10,1,3,84.45,25.833,19.75,22.233,16.633,86.3,26.4,16.9,26.0,17.0,87.775,26.475,17.6,26.35,17.35,1.5,0.3,0.2,0.5,0.5
Pulse Percussion,PIW,2016,0,0,0,0.0,0.0,0.0,0.0,0.0,0.0,0.0,0.0,0.0,0.0,85.45,26.1,25.95,16.1,17.3,0.0,0.0,0.0,0.0,0.0
Pulse Percussion,PIW,2016,6,6,1,85.45,26.1,25.95,16.1,17.3,85.45,26.1,25.95,16.1,17.3,90.3,27.3,17.7,27.2,18.1,0.0,0.0,0.0,0.0,0.0
Pulse Percussion,PIW,2016,9,3,2,87.875,26.7,21.825,21.65,17.7,90.3,27.3,17.7,27.2,18.1,93.0,28.5,18.1,27.8,18.6,4.85,1.2,-8.25,11.1,0.8
Pulse Percussion,PIW,2016,10,1,3,89.583,27.3,20.583,23.7,18.0,93.0,28.5,18.1,27.8,18.6,94.0,28.65,18.35,28.2,18.8,2.7,1.2,0.4,0.6,0.5
RCC,PIW,2016,0,0,0,0.0,0.0,0.0,0.0,0.0,0.0,0.0,0.0,0.0,0.0,87.3,25.5,27.0,16.8,18.0,0.0,0.0,0.0,0.0,0.0
RCC,PIW,2016,9,9,1,87.3,25.5,27.0,16.8,18.0,87.3,25.5,27.0,16.8,18.0,93.65,28.8,18.5,27.45,18.9,0.0,0.0,0.0,0.0,0.0
RCC,PIW,2016,10,1,2,90.475,27.15,22.75,22.125,18.45,93.65,28.8,18.5,27.45,18.9,95.138,28.837,19.1,28.25,18.95,6.35,3.3,-8.5,10.65,0.9
Elan Percussion,PIO,2016,4,0,0,0.0,0.0,0.0,0.0,0.0,0.0,0.0,0.0,0.0,0.0,74.3,21.3,15.0,23.5,14.5,0.0,0.0,0.0,0.0,0.0
Elan Percussion,PIO,2016,6,2,1,74.3,21.3,15.0,23.5,14.5,74.3,21.3,15.0,23.5,14.5,77.5,23.7,16.2,21.6,16.0,0.0,0.0,0.0,0.0,0.0
Elan Percussion,PIO,2016,9,3,2,75.9,22.5,15.6,22.55,15.25,77.5,23.7,16.2,21.6,16.0,81.4,24.0,16.7,24.2,16.5,3.2,2.4,1.2,-1.9,1.5
Elan Percussion,PIO,2016,10,1,3,77.733,23.0,15.967,23.1,15.667,81.4,24.0,16.7,24.2,16.5,81.275,23.775,15.95,25.25,16.3,3.9,0.3,0.5,2.6,0.5
Orange County Independent Open,PIO,2016,4,0,0,0.0,0.0,0.0,0.0,0.0,0.0,0.0,0.0,0.0,0.0,79.55,23.55,15.8,24.4,15.8,0.0,0.0,0.0,0.0,0.0
Orange County Independent Open,PIO,2016,9,5,1,79.55,23.55,15.8,24.4,15.8,79.55,23.55,15.8,24.4,15.8,86.05,26.55,17.5,25.6,16.4,0.0,0.0,0.0,0.0,0.0
Orange County Independent Open,PIO,2016,10,1,2,82.8,25.05,16.65,25.0,16.1,86.05,26.55,17.5,25.6,16.4,85.45,24.75,16.9,26.2,17.6,6.5,3.0,1.7,1.2,0.6
Valley Independent Percussion,PIO,2016,1,0,0,0.0,0.0,0.0,0.0,0.0,0.0,0.0,0.0,0.0,0.0,78.3,25.2,22.8,14.9,15.4,0.0,0.0,0.0,0.0,0.0
Valley Independent Percussion,PIO,2016,4,3,1,78.3,25.2,22.8,14.9,15.4,78.3,25.2,22.8,14.9,15.4,83.05,24.7,25.95,16.1,16.3,0.0,0.0,0.0,0.0,0.0
Valley Independent Percussion,PIO,2016,10,6,2,80.675,24.95,24.375,15.5,15.85,83.05,24.7,25.95,16.1,16.3,88.85,27.5,26.25,17.5,17.6,4.75,-0.5,3.15,1.2,0.9
Aftermath,PIA,2016,3,0,0,0.0,0.0,0.0,0.0,0.0,0.0,0.0,0.0,0.0,0.0,74.75,22.8,22.05,15.0,14.9,0.0,0.0,0.0,0.0,0.0
Aftermath,PIA,2016,4,1,1,74.75,22.8,22.05,15.0,14.9,74.75,22.8,22.05,15.0,14.9,77.6,24.7,23.1,15.5,14.3,0.0,0.0,0.0,0.0,0.0
Aftermath,PIA,2016,7,3,2,76.175,23.75,22.575,15.25,14.6,77.6,24.7,23.1,15.5,14.3,78.5,24.9,22.8,15.8,15.0,2.85,1.9,1.05,0.5,-0.6
Aftermath,PIA,2016,9,2,3,76.95,24.133,22.65,15.433,14.733,78.5,24.9,22.8,15.8,15.0,82.85,25.3,25.35,15.7,16.5,0.9,0.2,-0.3,0.3,0.7
Aftermath,PIA,2016,10,1,4,78.425,24.425,23.325,15.5,15.175,82.85,25.3,25.35,15.7,16.5,84.2,25.2,25.8,16.6,16.6,4.35,0.4,2.55,-0.1,1.5
Black Knights,PIA,2016,5,0,0,0.0,0.0,0.0,0.0,0.0,0.0,0.0,0.0,0.0,0.0,61.95,26.4,24.15,11.4,0.0,0.0,0.0,0.0,0.0,0.0
Black Knights,PIA,2016,6,1,1,61.95,26.4,24.15,11.4,0.0,61.95,26.4,24.15,11.4,0.0,66.5,27.8,26.2,12.5,0.0,0.0,0.0,0.0,0.0,0.0
Cornell Indoor Drumline,PIA,2016,5,0,0,0.0,0.0,0.0,0.0,0.0,0.0,0.0,0.0,0.0,0.0,65.6,28.0,25.5,12.1,-0.35,0.0,0.0,0.0,0.0,0.0
Cornell Indoor Drumline,PIA,2016,7,2,1,65.6,28.0,25.5,12.1,-0.35,65.6,28.0,25.5,12.1,-0.35,68.3,28.2,26.5,13.6,-2.6,0.0,0.0,0.0,0.0,0.0
Cornerstone Percussion,PIA,2016,0,0,0,0.0,0.0,0.0,0.0,0.0,0.0,0.0,0.0,0.0,0.0,68.0,20.85,19.95,14.3,12.9,0.0,0.0,0.0,0.0,0.0
Cornerstone Percussion,PIA,2016,5,5,1,68.0,20.85,19.95,14.3,12.9,68.0,20.85,19.95,14.3,12.9,70.4,21.9,12.6,21.4,14.5,0.0,0.0,0.0,0.0,0.0
Cornerstone Percussion,PIA,2016,9,4,2,69.2,21.375,16.275,17.85,13.7,70.4,21.9,12.6,21.4,14.5,75.2,20.4,14.5,25.2,15.1,2.4,1.05,-7.35,7.1,1.6
Cornerstone Percussion,PIA,2016,10,1,3,71.2,21.05,15.683,20.3,14.167,75.2,20.4,14.5,25.2,15.1,77.7,23.1,15.4,23.15,16.05,4.8,-1.5,1.9,3.8,0.6
Dundee Indoor Percussion,PIA,2016,2,0,0,0.0,0.0,0.0,0.0,0.0,0.0,0.0,0.0,0.0,0.0,62.5,24.4,25.5,12.6,0.0,0.0,0.0,0.0,0.0,0.0
Dundee Indoor Percussion,PIA,2016,4,2,1,62.5,24.4,25.5,12.6,0.0,62.5,24.4,25.5,12.6,0.0,65.8,26.4,26.2,13.2,0.0,0.0,0.0,0.0,0.0,0.0
Dundee Indoor Percussion,PIA,2016,7,3,2,64.15,25.4,25.85,12.9,0.0,65.8,26.4,26.2,13.2,0.0,80.15,32.2,32.55,15.4,0.0,3.3,2.0,0.7,0.6,0.0
Dundee Indoor Percussion,PIA,2016,8,1,3,69.483,27.667,28.083,13.733,0.0,80.15,32.2,32.55,15.4,0.0,77.9,30.8,30.2,16.9,0.0,14.35,5.8,6.35,2.2,0.0
Midlakes Independent,PIA,2016,1,0,0,0.0,0.0,0.0,0.0,0.0,0.0,0.0,0.0,0.0,0.0,60.0,24.2,24.9,10.9,-4.5,0.0,0.0,0.0,0.0,0.0
Midlakes Independent,PIA,2016,5,4,1,60.0,24.2,24.9,10.9,-4.5,60.0,24.2,24.9,10.9,-4.5,77.1,30.8,31.5,14.8,-0.35,0.0,0.0,0.0,0.0,0.0
Midlakes Independent,PIA,2016,6,1,2,68.55,27.5,28.2,12.85,-2.425,77.1,30.8,31.5,14.8,-0.35,76.8,30.4,30.6,15.8,0.0,17.1,6.6,6.6,3.9,4.15
Midlakes Independent,PIA,2016,7,1,3,71.3,28.467,29.0,13.833,-1.617,76.8,30.4,30.6,15.8,0.0,83.0,33.2,33.1,16.7,0.0,-0.3,-0.4,-0.9,1.0,0.35
Midlakes Independent,PIA,2016,8,1,4,74.225,29.65,30.025,14.55,-1.212,83.0,33.2,33.1,16.7,0.0,82.35,34.2,32.05,16.1,0.0,6.2,2.8,2.5,0.9,0.0
Pasadena City College,PIA,2016,6,0,0,0.0,0.0,0.0,0.0,0.0,0.0,0.0,0.0,0.0,0.0,68.95,21.15,13.7,21.2,12.9,0.0,0.0,0.0,0.0,0.0
Pasadena City College,PIA,2016,9,3,1,68.95,21.15,13.7,21.2,12.9,68.95,21.15,13.7,21.2,12.9,83.8,24.3,16.4,26.9,16.2,0.0,0.0,0.0,0.0,0.0
Pasadena City College,PIA,2016,10,1,2,76.375,22.725,15.05,24.05,14.55,83.8,24.3,16.4,26.9,16.2,84.0,24.45,16.15,26.15,17.25,14.85,3.15,2.7,5.7,3.3
Watchmen Percussion,PIA,2016,6,0,0,0.0,0.0,0.0,0.0,0.0,0.0,0.0,0.0,0.0,0.0,71.9,21.3,14.8,22.4,13.4,0.0,0.0,0.0,0.0,0.0
Watchmen Percussion,PIA,2016,8,2,1,71.9,21.3,14.8,22.4,13.4,71.9,21.3,14.8,22.4,13.4,71.2,21.3,14.2,22.3,13.4,0.0,0.0,0.0,0.0,0.0
Watchmen Percussion,PIA,2016,9,1,2,71.55,21.3,14.5,22.35,13.4,71.2,21.3,14.2,22.3,13.4,75.05,22.05,13.4,24.9,14.7,-0.7,0.0,-0.6,-0.1,0.0
Watchmen Percussion,PIA,2016,10,1,3,72.717,21.55,14.133,23.2,13.833,75.05,22.05,13.4,24.9,14.7,76.775,21.675,14.95,24.05,16.1,3.85,0.75,-0.8,2.6,1.3
Arcadia HS,PSW,2017,0,0,0,0.0,0.0,0.0,0.0,0.0,0.0,0.0,0.0,0.0,0.0,81.6,25.2,16.1,24.2,16.1,0.0,0.0,0.0,0.0,0.0
Arcadia HS,PSW,2017,3,3,1,81.6,25.2,16.1,24.2,16.1,81.6,25.2,16.1,24.2,16.1,83.95,24.45,17.4,25.2,16.9,0.0,0.0,0.0,0.0,0.0
Arcadia HS,PSW,2017,5,2,2,82.775,24.825,16.75,24.7,16.5,83.95,24.45,17.4,25.2,16.9,89.1,27.3,18.4,25.7,17.7,2.35,-0.75,1.3,1.0,0.8
Arcadia HS,PSW,2017,8,3,3,84.883,25.65,17.3,25.033,16.9,89.1,27.3,18.4,25.7,17.7,92.25,27.75,17.9,28.3,18.3,5.15,2.85,1.0,0.5,0.8
Arcadia HS,PSW,2017,9,1,4,86.725,26.175,17.45,25.85,17.25,92.25,27.75,17.9,28.3,18.3,92.35,27.825,17.95,28.225,18.35,3.15,0.45,-0.5,2.6,0.6
Arcadia HS,PSW,2017,10,1,5,87.85,26.505,17.55,26.325,17.47,92.35,27.825,17.95,28.225,18.35,96.813,29.062,19.4,29.15,19.2,0.1,0.075,0.05,-0.075,0.05
Avon HS,PSW,2017,4,0,0,0.0,0.0,0.0,0.0,0.0,0.0,0.0,0.0,0.0,0.0,86.4,25.8,17.8,25.8,17.0,0.0,0.0,0.0,0.0,0.0
Avon HS,PSW,2017,10,6,1,86.4,25.8,17.8,25.8,17.0,86.4,25.8,17.8,25.8,17.0,95.525,28.725,19.625,28.375,18.8,0.0,0.0,0.0,0.0,0.0
Ayala HS,PSW,2017,0,0,0,0.0,0.0,0.0,0.0,0.0,0.0,0.0,0.0,0.0,0.0,81.35,25.05,14.8,24.7,16.8,0.0,0.0,0.0,0.0,0.0
Ayala HS,PSW,2017,2,2,1,81.35,25.05,14.8,24.7,16.8,81.35,25.05,14.8,24.7,16.8,83.2,25.5,16.5,24.1,17.1,0.0,0.0,0.0,0.0,0.0
Ayala HS,PSW,2017,4,2,2,82.275,25.275,15.65,24.4,16.95,83.2,25.5,16.5,24.1,17.1,87.0,25.65,18.4,25.6,17.35,1.85,0.45,1.7,-0.6,0.3
Ayala HS,PSW,2017,6,2,3,83.85,25.4,16.567,24.8,17.083,87.0,25.65,18.4,25.6,17.35,90.925,27.075,18.25,27.35,18.25,3.8,0.15,1.9,1.5,0.25
Ayala HS,PSW,2017,7,1,4,85.619,25.819,16.988,25.438,17.375,90.925,27.075,18.25,27.35,18.25,92.15,28.35,18.3,27.0,18.5,3.925,1.425,-0.15,1.75,0.9
Ayala HS,PSW,2017,8,1,5,86.925,26.325,17.25,25.75,17.6,92.15,28.35,18.3,27.0,18.5,95.05,28.5,18.9,28.8,18.85,1.225,1.275,0.05,-0.35,0.25
Ayala HS,PSW,2017,9,1,6,88.279,26.688,17.525,26.258,17.808,95.05,28.5,18.9,28.8,18.85,94.025,28.2,19.0,28.1,18.725,2.9,0.15,0.6,1.8,0.35
Ayala HS,PSW,2017,10,1,7,89.1,26.904,17.736,26.521,17.939,94.025,28.2,19.0,28.1,18.725,96.075,28.95,19.35,28.5,19.275,-1.025,-0.3,0.1,-0.7,-0.125
Center Grove HS,PSW,2017,4,0,0,0.0,0.0,0.0,0.0,0.0,0.0,0.0,0.0,0.0,0.0,83.95,25.05,17.0,25.7,16.2,0.0,0.0,0.0,0.0,0.0
Center Grove HS,PSW,2017,10,6,1,83.95,25.05,17.0,25.7,16.2,83.95,25.05,17.0,25.7,16.2,91.864,28.013,18.45,27.8,17.6,0.0,0.0,0.0,0.0,0.0
Centerville HS,PSW,2017,1,0,0,0.0,0.0,0.0,0.0,0.0,0.0,0.0,0.0,0.0,0.0,75.9,22.5,14.1,24.2,15.1,0.0,0.0,0.0,0.0,0.0
Centerville HS,PSW,2017,6,5,1,75.9,22.5,14.1,24.2,15.1,75.9,22.5,14.1,24.2,15.1,87.85,25.95,17.7,26.5,17.7,0.0,0.0,0.0,0.0,0.0
Chino Hills HS,PSW,2017,0,0,0,0.0,0.0,0.0,0.0,0.0,0.0,0.0,0.0,0.0,0.0,84.05,25.95,15.8,25.4,16.9,0.0,0.0,0.0,0.0,0.0
Chino Hills HS,PSW,2017,1,1,1,84.05,25.95,15.8,25.4,16.9,84.05,25.95,15.8,25.4,16.9,86.5,25.8,17.5,25.7,17.5,0.0,0.0,0.0,0.0,0.0
Chino Hills HS,PSW,2017,4,3,2,85.275,25.875,16.65,25.55,17.2,86.5,25.8,17.5,25.7,17.5,88.47,25.95,18.42,26.3,17.8,2.45,-0.15,1.7,0.3,0.6
Chino Hills HS,PSW,2017,6,2,3,86.34,25.9,17.24,25.8,17.4,88.47,25.95,18.42,26.3,17.8,93.3,27.75,18.35,28.5,18.7,1.97,0.15,0.92,0.6,0.3
Chino Hills HS,PSW,2017,7,1,4,88.08,26.362,17.518,26.475,17.725,93.3,27.75,18.35,28.5,18.7,94.25,28.65,18.7,28.1,18.8,4.83,1.8,-0.07,2.2,0.9
Chino Hills HS,PSW,2017,8,1,5,89.314,26.82,17.754,26.8,17.94,94.25,28.65,18.7,28.1,18.8,94.725,27.825,19.0,29.1,18.8,0.95,0.9,0.35,-0.4,0.1
Chino Hills HS,PSW,2017,9,1,6,90.216,26.987,17.962,27.183,18.083,94.725,27.825,19.0,29.1,18.8,94.7,28.35,18.4,29.1,18.85,0.475,-0.825,0.3,1.0,0.0
Chino Hills HS,PSW,2017,10,1,7,90.856,27.182,18.024,27.457,18.193,94.7,28.35,18.4,29.1,18.85,98.613,29.587,19.85,29.725,19.45,-0.025,0.525,-0.6,0.0,0.05
Clovis East HS,PSW,2017,3,0,0,0.0,0.0,0.0,0.0,0.0,0.0,0.0,0.0,0.0,0.0,80.4,24.45,15.8,24.35,15.8,0.0,0.0,0.0,0.0,0.0
Clovis East HS,PSW,2017,6,3,1,80.4,24.45,15.8,24.35,15.8,80.4,24.45,15.8,24.35,15.8,81.339,24.638,15.5,25.6,15.6,0.0,0.0,0.0,0.0,0.0
Clovis HS,PSW,2017,3,0,0,0.0,0.0,0.0,0.0,0.0,0.0,0.0,0.0,0.0,0.0,78.65,24.15,15.4,23.8,15.3,0.0,0.0,0.0,0.0,0.0
Clovis HS,PSW,2017,6,3,1,78.65,24.15,15.4,23.8,15.3,78.65,24.15,15.4,23.8,15.3,79.85,24.15,15.5,24.65,15.55,0.0,0.0,0.0,0.0,0.0
Clovis HS,PSW,2017,9,3,2,79.25,24.15,15.45,24.225,15.425,79.85,24.15,15.5,24.65,15.55,82.826,24.975,16.1,25.5,16.25,1.2,0.0,0.1,0.85,0.25
Dartmouth HS,PSW,2017,3,0,0,0.0,0.0,0.0,0.0,0.0,0.0,0.0,0.0,0.0,0.0,87.4,26.7,17.5,26.0,17.2,0.0,0.0,0.0,0.0,0.0
Dartmouth HS,PSW,2017,10,7,1,87.4,26.7,17.5,26.0,17.2,87.4,26.7,17.5,26.0,17.2,94.6,28.65,18.9,28.5,18.55,0.0,0.0,0.0,0.0,0.0
Diamond Bar HS,PSW,2017,0,0,0,0.0,0.0,0.0,0.0,0.0,0.0,0.0,0.0,0.0,0.0,74.3,23.4,14.1,22.8,14.0,0.0,0.0,0.0,0.0,0.0
Diamond Bar HS,PSW,2017,4,4,1,74.3,23.4,14.1,22.8,14.0,74.3,23.4,14.1,22.8,14.0,86.5,26.55,17.7,25.05,17.2,0.0,0.0,0.0,0.0,0.0
Diamond Bar HS,PSW,2017,6,2,2,80.4,24.975,15.9,23.925,15.6,86.5,26.55,17.7,25.05,17.2,82.864,24.263,16.65,25.0,16.95,12.2,3.15,3.6,2.25,3.2
Diamond Bar HS,PSW,2017,8,2,3,81.221,24.738,16.15,24.283,16.05,82.864,24.263,16.65,25.0,16.95,87.701,26.4,17.2,25.9,18.2,-3.636,-2.287,-1.05,-0.05,-0.25
Diamond Bar HS,PSW,2017,9,1,4,82.841,25.153,16.412,24.688,16.588,87.701,26.4,17.2,25.9,18.2,83.376,25.425,16.05,25.6,16.3,4.837,2.137,0.55,0.9,1.25
Eden Prairie HS,PSW,2017,3,0,0,0.0,0.0,0.0,0.0,0.0,0.0,0.0,0.0,0.0,0.0,78.8,23.7,15.6,24.2,15.3,0.0,0.0,0.0,0.0,0.0
Eden Prairie HS,PSW,2017,10,7,1,78.8,23.7,15.6,24.2,15.3,78.8,23.7,15.6,24.2,15.3,84.963,25.762,17.35,24.7,17.15,0.0,0.0,0.0,0.0,0.0
Etiwanda HS,PSW,2017,5,0,0,0.0,0.0,0.0,0.0,0.0,0.0,0.0,0.0,0.0,0.0,86.1,26.7,18.1,25.0,16.3,0.0,0.0,0.0,0.0,0.0
Etiwanda HS,PSW,2017,6,1,1,86.1,26.7,18.1,25.0,16.3,86.1,26.7,18.1,25.0,16.3,88.55,26.25,17.6,26.9,17.8,0.0,0.0,0.0,0.0,0.0
Etiwanda HS,PSW,2017,7,1,2,87.325,26.475,17.85,25.95,17.05,88.55,26.25,17.6,26.9,17.8,87.55,26.25,17.7,26.5,17.1,2.45,-0.45,-0.5,1.9,1.5
Etiwanda HS,PSW,2017,8,1,3,87.4,26.4,17.8,26.133,17.067,87.55,26.25,17.7,26.5,17.1,90.95,27.45,18.1,26.8,18.6,-1.0,0.0,0.1,-0.4,-0.7
Etiwanda HS,PSW,2017,9,1,4,88.288,26.662,17.875,26.3,17.45,90.95,27.45,18.1,26.8,18.6,90.325,27.075,17.7,27.75,17.8,3.4,1.2,0.4,0.3,1.5
Etiwanda HS,PSW,2017,10,1,5,88.695,26.745,17.84,26.59,17.52,90.325,27.075,17.7,27.75,17.8,94.426,28.95,19.275,27.975,18.225,-0.625,-0.375,-0.4,0.95,-0.8
Franklin Central HS,PSW,2017,4,0,0,0.0,0.0,0.0,0.0,0.0,0.0,0.0,0.0,0.0,0.0,79.8,23.7,16.3,23.9,15.9,0.0,0.0,0.0,0.0,0.0
Franklin Central HS,PSW,2017,10,6,1,79.8,23.7,16.3,23.9,15.9,79.8,23.7,16.3,23.9,15.9,85.95,26.775,17.225,25.0,16.95,0.0,0.0,0.0,0.0,0.0
Goshen HS,PSW,2017,1,0,0,0.0,0.0,0.0,0.0,0.0,0.0,0.0,0.0,0.0,0.0,73.8,21.9,15.6,22.1,14.2,0.0,0.0,0.0,0.0,0.0
Goshen HS,PSW,2017,4,3,1,73.8,21.9,15.6,22.1,14.2,73.8,21.9,15.6,22.1,14.2,79.25,23.55,16.6,23.5,15.6,0.0,0.0,0.0,0.0,0.0
Homer Hanna HS,PSW,2017,4,0,0,0.0,0.0,0.0,0.0,0.0,0.0,0.0,0.0,0.0,0.0,86.55,25.65,17.3,26.6,17.0,0.0,0.0,0.0,0.0,0.0
Homer Hanna HS,PSW,2017,10,6,1,86.55,25.65,17.3,26.6,17.0,86.55,25.65,17.3,26.6,17.0,92.414,28.237,18.05,27.95,18.175,0.0,0.0,0.0,0.0,0.0
Homestead HS,PSW,2017,6,0,0,0.0,0.0,0.0,0.0,0.0,0.0,0.0,0.0,0.0,0.0,85.175,25.275,16.75,26.45,16.7,0.0,0.0,0.0,0.0,0.0
Homestead HS,PSW,2017,9,3,1,85.175,25.275,16.75,26.45,16.7,85.175,25.275,16.75,26.45,16.7,86.025,25.725,17.4,26.0,16.9,0.0,0.0,0.0,0.0,0.0
James Logan HS,PSW,2017,3,0,0,0.0,0.0,0.0,0.0,0.0,0.0,0.0,0.0,0.0,0.0,83.65,25.35,16.4,25.1,16.8,0.0,0.0,0.0,0.0,0.0
James Logan HS,PSW,2017,10,7,1,83.65,25.35,16.4,25.1,16.8,83.65,25.35,16.4,25.1,16.8,91.389,27.337,18.7,27.05,18.3,0.0,0.0,0.0,0.0,0.0
Lambert HS,PSW,2017,4,0,0,0.0,0.0,0.0,0.0,0.0,0.0,0.0,0.0,0.0,0.0,84.35,25.65,16.1,25.9,16.7,0.0,0.0,0.0,0.0,0.0
Lambert HS,PSW,2017,10,6,1,84.35,25.65,16.1,25.9,16.7,84.35,25.65,16.1,25.9,16.7,87.438,26.888,17.575,26.025,16.95,0.0,0.0,0.0,0.0,0.0
Lebanon HS,PSW,2017,1,0,0,0.0,0.0,0.0,0.0,0.0,0.0,0.0,0.0,0.0,0.0,77.35,23.25,15.0,23.5,15.6,0.0,0.0,0.0,0.0,0.0
Lebanon HS,PSW,2017,6,5,1,77.35,23.25,15.0,23.5,15.6,77.35,23.25,15.0,23.5,15.6,85.05,25.35,17.2,25.6,16.9,0.0,0.0,0.0,0.0,0.0
Lebanon HS,PSW,2017,10,4,2,81.2,24.3,16.1,24.55,16.25,85.05,25.35,17.2,25.6,16.9,89.338,27.038,18.025,26.675,17.6,7.7,2.1,2.2,2.1,1.3
Petal HS,PSW,2017,4,0,0,0.0,0.0,0.0,0.0,0.0,0.0,0.0,0.0,0.0,0.0,77.4,22.5,15.3,24.9,14.7,0.0,0.0,0.0,0.0,0.0
Petal HS,PSW,2017,5,1,1,77.4,22.5,15.3,24.9,14.7,77.4,22.5,15.3,24.9,14.7,83.175,25.125,16.65,25.65,15.75,0.0,0.0,0.0,0.0,0.0
Rowland HS,PSW,2017,0,0,0,0.0,0.0,0.0,0.0,0.0,0.0,0.0,0.0,0.0,0.0,74.45,22.65,13.9,23.4,14.5,0.0,0.0,0.0,0.0,0.0
Rowland HS,PSW,2017,3,3,1,74.45,22.65,13.9,23.4,14.5,74.45,22.65,13.9,23.4,14.5,79.05,23.25,16.1,23.4,16.3,0.0,0.0,0.0,0.0,0.0
Rowland HS,PSW,2017,5,2,2,76.75,22.95,15.0,23.4,15.4,79.05,23.25,16.1,23.4,16.3,82.35,25.35,16.6,24.7,15.7,4.6,0.6,2.2,0.0,1.8
Rowland HS,PSW,2017,6,1,3,78.617,23.75,15.533,23.833,15.5,82.35,25.35,16.6,24.7,15.7,81.451,24.45,15.0,25.55,16.45,3.3,2.1,0.5,1.3,-0.6
Rowland HS,PSW,2017,8,2,4,79.325,23.925,15.4,24.262,15.738,81.451,24.45,15.0,25.55,16.45,89.201,27.0,17.1,27.4,17.7,-0.899,-0.9,-1.6,0.85,0.75
Rowland HS,PSW,2017,9,1,5,81.3,24.54,15.74,24.89,16.13,89.201,27.0,17.1,27.4,17.7,85.951,26.55,16.25,26.8,16.35,7.75,2.55,2.1,1.85,1.25
Arcadia HS,PSO,2017,1,0,0,0.0,0.0,0.0,0.0,0.0,0.0,0.0,0.0,0.0,0.0,78.7,24.3,15.1,23.7,15.6,0.0,0.0,0.0,0.0,0.0
Arcadia HS,PSO,2017,6,5,1,78.7,24.3,15.1,23.7,15.6,78.7,24.3,15.1,23.7,15.6,91.163,27.263,17.95,27.75,18.2,0.0,0.0,0.0,0.0,0.0
Azle HS,PSO,2017,3,0,0,0.0,0.0,0.0,0.0,0.0,0.0,0.0,0.0,0.0,0.0,74.451,23.25,14.8,22.4,14.0,0.0,0.0,0.0,0.0,0.0
Azle HS,PSO,2017,4,1,1,74.451,23.25,14.8,22.4,14.0,74.451,23.25,14.8,22.4,14.0,79.851,24.45,14.8,24.4,16.2,0.0,0.0,0.0,0.0,0.0
Bellbrook HS,PSO,2017,1,0,0,0.0,0.0,0.0,0.0,0.0,0.0,0.0,0.0,0.0,0.0,75.75,22.65,14.4,22.8,15.9,0.0,0.0,0.0,0.0,0.0
Bellbrook HS,PSO,2017,6,5,1,75.75,22.65,14.4,22.8,15.9,75.75,22.65,14.4,22.8,15.9,84.375,25.575,16.8,25.2,16.8,0.0,0.0,0.0,0.0,0.0
Buena HS,PSO,2017,2,0,0,0.0,0.0,0.0,0.0,0.0,0.0,0.0,0.0,0.0,0.0,75.4,24.45,15.1,20.7,15.15,0.0,0.0,0.0,0.0,0.0
Buena HS,PSO,2017,3,1,1,75.4,24.45,15.1,20.7,15.15,75.4,24.45,15.1,20.7,15.15,81.15,24.45,16.3,23.0,17.4,0.0,0.0,0.0,0.0,0.0
Buena HS,PSO,2017,5,2,2,78.275,24.45,15.7,21.85,16.275,81.15,24.45,16.3,23.0,17.4,81.5,23.85,16.8,24.15,16.7,5.75,0.0,1.2,2.3,2.25
Burleson Centennial HS,PSO,2017,3,0,0,0.0,0.0,0.0,0.0,0.0,0.0,0.0,0.0,0.0,0.0,83.05,25.65,16.8,25.1,15.5,0.0,0.0,0.0,0.0,0.0
Burleson Centennial HS,PSO,2017,10,7,1,83.05,25.65,16.8,25.1,15.5,83.05,25.65,16.8,25.1,15.5,97.1,29.625,19.7,28.7,19.075,0.0,0.0,0.0,0.0,0.0
Cab Calloway,PSO,2017,2,0,0,0.0,0.0,0.0,0.0,0.0,0.0,0.0,0.0,0.0,0.0,72.05,24.2,19.95,13.4,14.5,0.0,0.0,0.0,0.0,0.0
Cab Calloway,PSO,2017,4,2,1,72.05,24.2,19.95,13.4,14.5,72.05,24.2,19.95,13.4,14.5,80.1,24.2,23.85,15.6,16.45,0.0,0.0,0.0,0.0,0.0
Cab Calloway,PSO,2017,5,1,2,76.075,24.2,21.9,14.5,15.475,80.1,24.2,23.85,15.6,16.45,80.25,23.1,24.45,15.8,16.9,8.05,0.0,3.9,2.2,1.95
Cab Calloway,PSO,2017,7,2,3,77.467,23.833,22.75,14.933,15.95,80.25,23.1,24.45,15.8,16.9,77.15,24.6,22.95,14.8,14.8,0.15,-1.1,0.6,0.2,0.45
Cab Calloway,PSO,2017,8,1,4,77.387,24.025,22.8,14.9,15.662,77.15,24.6,22.95,14.8,14.8,79.05,24.1,23.55,15.9,15.5,-3.1,1.5,-1.5,-1.0,-2.1
Carroll HS,PSO,2017,3,0,0,0.0,0.0,0.0,0.0,0.0,0.0,0.0,0.0,0.0,0.0,81.65,24.45,16.2,25.0,16.0,0.0,0.0,0.0,0.0,0.0
Carroll HS,PSO,2017,4,1,1,81.65,24.45,16.2,25.0,16.0,81.65,24.45,16.2,25.0,16.0,87.7,26.4,16.8,26.8,17.7,0.0,0.0,0.0,0.0,0.0
Central HS,PSO,2017,3,0,0,0.0,0.0,0.0,0.0,0.0,0.0,0.0,0.0,0.0,0.0,78.7,21.6,17.0,23.7,16.4,0.0,0.0,0.0,0.0,0.0
Central HS,PSO,2017,6,3,1,78.7,21.6,17.0,23.7,16.4,78.7,21.6,17.0,23.7,16.4,79.15,24.0,15.55,24.05,15.55,0.0,0.0,0.0,0.0,0.0
Chattahoochee HS,PSO,2017,3,0,0,0.0,0.0,0.0,0.0,0.0,0.0,0.0,0.0,0.0,0.0,66.1,20.4,12.9,19.5,13.3,0.0,0.0,0.0,0.0,0.0
Chattahoochee HS,PSO,2017,4,1,1,66.1,20.4,12.9,19.5,13.3,66.1,20.4,12.9,19.5,13.3,70.9,20.7,15.2,21.7,13.3,0.0,0.0,0.0,0.0,0.0
Clear Brook HS,PSO,2017,4,0,0,0.0,0.0,0.0,0.0,0.0,0.0,0.0,0.0,0.0,0.0,90.25,27.15,18.1,26.7,18.3,0.0,0.0,0.0,0.0,0.0
Clear Brook HS,PSO,2017,10,6,1,90.25,27.15,18.1,26.7,18.3,90.25,27.15,18.1,26.7,18.3,96.275,29.1,19.25,28.875,19.05,0.0,0.0,0.0,0.0,0.0
Clovis West HS,PSO,2017,3,0,0,0.0,0.0,0.0,0.0,0.0,0.0,0.0,0.0,0.0,0.0,81.4,24.6,16.4,24.3,16.1,0.0,0.0,0.0,0.0,0.0
Clovis West HS,PSO,2017,6,3,1,81.4,24.6,16.4,24.3,16.1,81.4,24.6,16.4,24.3,16.1,85.576,25.125,16.85,26.0,17.6,0.0,0.0,0.0,0.0,0.0
Collins Hill HS,PSO,2017,3,0,0,0.0,0.0,0.0,0.0,0.0,0.0,0.0,0.0,0.0,0.0,74.65,22.35,13.9,23.3,15.1,0.0,0.0,0.0,0.0,0.0
Collins Hill HS,PSO,2017,4,1,1,74.65,22.35,13.9,23.3,15.1,74.65,22.35,13.9,23.3,15.1,77.9,25.2,14.8,22.7,15.2,0.0,0.0,0.0,0.0,0.0
Dorman HS,PSO,2017,3,0,0,0.0,0.0,0.0,0.0,0.0,0.0,0.0,0.0,0.0,0.0,78.05,23.55,14.6,24.5,15.4,0.0,0.0,0.0,0.0,0.0
Dorman HS,PSO,2017,4,1,1,78.05,23.55,14.6,24.5,15.4,78.05,23.55,14.6,24.5,15.4,79.65,23.25,16.3,24.9,15.2,0.0,0.0,0.0,0.0,0.0
El Dorado HS,PSO,2017,3,0,0,0.0,0.0,0.0,0.0,0.0,0.0,0.0,0.0,0.0,0.0,77.701,24.3,15.7,22.7,15.0,0.0,0.0,0.0,0.0,0.0
El Dorado HS,PSO,2017,5,2,1,77.701,24.3,15.7,22.7,15.0,77.701,24.3,15.7,22.7,15.0,80.35,24.75,15.7,24.1,15.8,0.0,0.0,0.0,0.0,0.0
El Dorado HS,PSO,2017,7,2,2,79.026,24.525,15.7,23.4,15.4,80.35,24.75,15.7,24.1,15.8,84.35,26.25,17.0,24.1,17.0,2.649,0.45,0.0,1.4,0.8
Etiwanda HS,PSO,2017,-1,0,0,0.0,0.0,0.0,0.0,0.0,0.0,0.0,0.0,0.0,0.0,74.55,22.95,14.7,22.1,14.8,0.0,0.0,0.0,0.0,0.0
Etiwanda HS,PSO,2017,1,2,1,74.55,22.95,14.7,22.1,14.8,74.55,22.95,14.7,22.1,14.8,83.6,25.35,16.8,24.35,17.1,0.0,0.0,0.0,0.0,0.0
Fountain Valley HS,PSO,2017,1,0,0,0.0,0.0,0.0,0.0,0.0,0.0,0.0,0.0,0.0,0.0,72.751,22.65,14.2,21.4,14.5,0.0,0.0,0.0,0.0,0.0
Fountain Valley HS,PSO,2017,3,2,1,72.751,22.65,14.2,21.4,14.5,72.751,22.65,14.2,21.4,14.5,77.65,22.35,15.6,23.3,16.4,0.0,0.0,0.0,0.0,0.0
Fountain Valley HS,PSO,2017,5,2,2,75.2,22.5,14.9,22.35,15.45,77.65,22.35,15.6,23.3,16.4,81.65,24.45,16.4,25.1,15.7,4.899,-0.3,1.4,1.9,1.9
Fountain Valley HS,PSO,2017,6,1,3,77.35,23.15,15.4,23.267,15.533,81.65,24.45,16.4,25.1,15.7,85.875,24.975,16.5,26.775,17.625,4.0,2.1,0.8,1.8,-0.7
Fountain Valley HS,PSO,2017,7,1,4,79.482,23.606,15.675,24.144,16.056,85.875,24.975,16.5,26.775,17.625,80.2,25.5,15.8,23.2,15.7,4.225,0.525,0.1,1.675,1.925
Fountain Valley HS,PSO,2017,9,2,5,79.625,23.985,15.7,23.955,15.985,80.2,25.5,15.8,23.2,15.7,81.375,23.625,16.15,25.65,15.95,-5.675,0.525,-0.7,-3.575,-1.925
Granada Hills CHS,PSO,2017,5,0,0,0.0,0.0,0.0,0.0,0.0,0.0,0.0,0.0,0.0,0.0,79.001,23.1,16.6,23.7,15.6,0.0,0.0,0.0,0.0,0.0
Granada Hills CHS,PSO,2017,7,2,1,79.001,23.1,16.6,23.7,15.6,79.001,23.1,16.6,23.7,15.6,77.8,24.3,15.6,22.5,15.4,0.0,0.0,0.0,0.0,0.0
Great Oak HS,PSO,2017,0,0,0,0.0,0.0,0.0,0.0,0.0,0.0,0.0,0.0,0.0,0.0,71.55,22.35,13.2,21.2,14.8,0.0,0.0,0.0,0.0,0.0
Great Oak HS,PSO,2017,1,1,1,71.55,22.35,13.2,21.2,14.8,71.55,22.35,13.2,21.2,14.8,81.85,25.05,15.6,24.7,16.5,0.0,0.0,0.0,0.0,0.0
Great Oak HS,PSO,2017,4,3,2,76.7,23.7,14.4,22.95,15.65,81.85,25.05,15.6,24.7,16.5,81.865,24.975,16.19,24.6,16.1,10.3,2.7,2.4,3.5,1.7
Great Oak HS,PSO,2017,6,2,3,78.422,24.125,14.997,23.5,15.8,81.865,24.975,16.19,24.6,16.1,90.1,26.55,17.5,27.6,18.45,0.015,-0.075,0.59,-0.1,-0.4
Great Oak HS,PSO,2017,7,1,4,81.341,24.731,15.622,24.525,16.463,90.1,26.55,17.5,27.6,18.45,90.75,27.45,17.6,27.6,18.1,8.235,1.575,1.31,3.0,2.35
Great Oak HS,PSO,2017,9,2,5,83.223,25.275,16.018,25.14,16.79,90.75,27.45,17.6,27.6,18.1,90.688,27.038,17.6,27.85,18.2,0.65,0.9,0.1,0.0,-0.35
La Quinta HS (OC),PSO,2017,3,0,0,0.0,0.0,0.0,0.0,0.0,0.0,0.0,0.0,0.0,0.0,78.0,25.2,16.7,22.3,13.8,0.0,0.0,0.0,0.0,0.0
La Quinta HS (OC),PSO,2017,9,6,1,78.0,25.2,16.7,22.3,13.8,78.0,25.2,16.7,22.3,13.8,92.15,27.45,18.15,28.275,18.275,0.0,0.0,0.0,0.0,0.0
Lemoore HS,PSO,2017,3,0,0,0.0,0.0,0.0,0.0,0.0,0.0,0.0,0.0,0.0,0.0,69.701,20.1,14.5,20.1,15.0,0.0,0.0,0.0,0.0,0.0
Lemoore HS,PSO,2017,6,3,1,69.701,20.1,14.5,20.1,15.0,69.701,20.1,14.5,20.1,15.0,72.5,21.6,14.5,21.1,15.3,0.0,0.0,0.0,0.0,0.0
Los Alamitos HS,PSO,2017,2,0,0,0.0,0.0,0.0,0.0,0.0,0.0,0.0,0.0,0.0,0.0,77.825,23.775,16.8,21.4,15.85,0.0,0.0,0.0,0.0,0.0
Los Alamitos HS,PSO,2017,5,3,1,77.825,23.775,16.8,21.4,15.85,77.825,23.775,16.8,21.4,15.85,86.7,26.85,17.2,25.55,17.1,0.0,0.0,0.0,0.0,0.0
Los Alamitos HS,PSO,2017,7,2,2,82.262,25.312,17.0,23.475,16.475,86.7,26.85,17.2,25.55,17.1,87.6,27.0,17.8,25.4,17.4,8.875,3.075,0.4,4.15,1.25
Los Alamitos HS,PSO,2017,9,2,3,84.042,25.875,17.267,24.117,16.783,87.6,27.0,17.8,25.4,17.4,89.738,27.488,17.825,26.925,17.5,0.9,0.15,0.6,-0.15,0.3
Merced HS,PSO,2017,3,0,0,0.0,0.0,0.0,0.0,0.0,0.0,0.0,0.0,0.0,0.0,67.751,20.55,14.3,19.4,13.5,0.0,0.0,0.0,0.0,0.0
Merced HS,PSO,2017,6,3,1,67.751,20.55,14.3,19.4,13.5,67.751,20.55,14.3,19.4,13.5,75.475,22.575,14.6,23.9,14.4,0.0,0.0,0.0,0.0,0.0
Mission Viejo HS,PSO,2017,2,0,0,0.0,0.0,0.0,0.0,0.0,0.0,0.0,0.0,0.0,0.0,78.15,24.6,16.6,21.0,15.95,0.0,0.0,0.0,0.0,0.0
Mission Viejo HS,PSO,2017,3,1,1,78.15,24.6,16.6,21.0,15.95,78.15,24.6,16.6,21.0,15.95,78.85,23.85,15.8,23.5,15.7,0.0,0.0,0.0,0.0,0.0
Mission Viejo HS,PSO,2017,5,2,2,78.5,24.225,16.2,22.25,15.825,78.85,23.85,15.8,23.5,15.7,85.0,25.2,18.2,24.8,16.8,0.7,-0.75,-0.8,2.5,-0.25
Mission Viejo HS,PSO,2017,9,4,3,80.667,24.55,16.867,23.1,16.15,85.0,25.2,18.2,24.8,16.8,84.626,24.75,17.2,26.025,16.65,6.15,1.35,2.4,1.3,1.1
Newsome HS,PSO,2017,4,0,0,0.0,0.0,0.0,0.0,0.0,0.0,0.0,0.0,0.0,0.0,83.5,25.5,16.9,24.3,16.8,0.0,0.0,0.0,0.0,0.0
Newsome HS,PSO,2017,10,6,1,83.5,25.5,16.9,24.3,16.8,83.5,25.5,16.9,24.3,16.8,94.8,28.35,18.95,28.55,18.95,0.0,0.0,0.0,0.0,0.0
Nogales HS,PSO,2017,3,0,0,0.0,0.0,0.0,0.0,0.0,0.0,0.0,0.0,0.0,0.0,82.15,25.65,16.2,24.5,15.8,0.0,0.0,0.0,0.0,0.0
Nogales HS,PSO,2017,5,2,1,82.15,25.65,16.2,24.5,15.8,82.15,25.65,16.2,24.5,15.8,82.1,25.5,16.4,24.4,15.8,0.0,0.0,0.0,0.0,0.0
Nogales HS,PSO,2017,6,1,2,82.125,25.575,16.3,24.45,15.8,82.1,25.5,16.4,24.4,15.8,85.725,25.575,16.35,26.125,17.675,-0.05,-0.15,0.2,-0.1,0.0
Nogales HS,PSO,2017,9,3,3,83.325,25.575,16.317,25.008,16.425,85.725,25.575,16.35,26.125,17.675,86.201,25.05,18.05,25.6,17.5,3.625,0.075,-0.05,1.725,1.875
Norwalk HS,PSO,2017,3,0,0,0.0,0.0,0.0,0.0,0.0,0.0,0.0,0.0,0.0,0.0,85.9,26.4,17.7,24.9,16.9,0.0,0.0,0.0,0.0,0.0
Norwalk HS,PSO,2017,6,3,1,85.9,26.4,17.7,24.9,16.9,85.9,26.4,17.7,24.9,16.9,89.3,26.7,18.0,26.65,17.95,0.0,0.0,0.0,0.0,0.0
Norwalk HS,PSO,2017,10,4,2,87.6,26.55,17.85,25.775,17.425,89.3,26.7,18.0,26.65,17.95,93.713,28.087,18.425,28.7,18.5,3.4,0.3,0.3,1.75,1.05
Old Bridge,PSO,2017,0,0,0,0.0,0.0,0.0,0.0,0.0,0.0,0.0,0.0,0.0,0.0,75.05,21.5,23.55,15.4,14.6,0.0,0.0,0.0,0.0,0.0
Old Bridge,PSO,2017,2,2,1,75.05,21.5,23.55,15.4,14.6,75.05,21.5,23.55,15.4,14.6,76.8,24.7,22.8,14.1,15.2,0.0,0.0,0.0,0.0,0.0
Old Bridge,PSO,2017,4,2,2,75.925,23.1,23.175,14.75,14.9,76.8,24.7,22.8,14.1,15.2,82.25,25.0,24.75,16.3,16.2,1.75,3.2,-0.75,-1.3,0.6
Old Bridge,PSO,2017,7,3,3,78.033,23.733,23.7,15.267,15.333,82.25,25.0,24.75,16.3,16.2,86.65,26.2,26.55,17.0,16.9,5.45,0.3,1.95,2.2,1.0
Old Bridge,PSO,2017,8,1,4,80.188,24.35,24.412,15.7,15.725,86.65,26.2,26.55,17.0,16.9,86.85,25.7,26.55,17.5,17.1,4.4,1.2,1.8,0.7,0.7
Old Bridge HS,PSO,2017,3,0,0,0.0,0.0,0.0,0.0,0.0,0.0,0.0,0.0,0.0,0.0,77.75,23.25,15.3,24.2,15.0,0.0,0.0,0.0,0.0,0.0
Old Bridge HS,PSO,2017,6,3,1,77.75,23.25,15.3,24.2,15.0,77.75,23.25,15.3,24.2,15.0,84.7,25.65,16.6,25.45,17.0,0.0,0.0,0.0,0.0,0.0
Rancho Cucamonga HS,PSO,2017,2,0,0,0.0,0.0,0.0,0.0,0.0,0.0,0.0,0.0,0.0,0.0,75.425,23.925,14.4,22.15,14.95,0.0,0.0,0.0,0.0,0.0
Rancho Cucamonga HS,PSO,2017,4,2,1,75.425,23.925,14.4,22.15,14.95,75.425,23.925,14.4,22.15,14.95,80.3,23.7,16.2,24.3,16.1,0.0,0.0,0.0,0.0,0.0
Rancho Cucamonga HS,PSO,2017,5,1,2,77.862,23.812,15.3,23.225,15.525,80.3,23.7,16.2,24.3,16.1,82.4,24.3,16.0,25.6,16.5,4.875,-0.225,1.8,2.15,1.15
Rancho Cucamonga HS,PSO,2017,7,2,3,79.375,23.975,15.533,24.017,15.85,82.4,24.3,16.0,25.6,16.5,84.5,24.6,16.8,26.6,16.5,2.1,0.6,-0.2,1.3,0.4
San Marino HS,PSO,2017,1,0,0,0.0,0.0,0.0,0.0,0.0,0.0,0.0,0.0,0.0,0.0,77.65,23.85,16.1,22.2,15.5,0.0,0.0,0.0,0.0,0.0
San Marino HS,PSO,2017,2,1,1,77.65,23.85,16.1,22.2,15.5,77.65,23.85,16.1,22.2,15.5,78.025,24.225,15.8,21.8,16.2,0.0,0.0,0.0,0.0,0.0
San Marino HS,PSO,2017,5,3,2,77.838,24.038,15.95,22.0,15.85,78.025,24.225,15.8,21.8,16.2,83.45,25.05,16.2,25.4,16.8,0.375,0.375,-0.3,-0.4,0.7
San Marino HS,PSO,2017,6,1,3,79.708,24.375,16.033,23.133,16.167,83.45,25.05,16.2,25.4,16.8,83.639,24.488,16.15,25.95,17.05,5.425,0.825,0.4,3.6,0.6
San Marino HS,PSO,2017,9,3,4,80.691,24.403,16.062,23.838,16.388,83.639,24.488,16.15,25.95,17.05,88.538,26.288,18.0,26.95,17.3,0.189,-0.562,-0.05,0.55,0.25
South County HS,PSO,2017,5,0,0,0.0,0.0,0.0,0.0,0.0,0.0,0.0,0.0,0.0,0.0,86.8,25.2,17.8,26.6,17.2,0.0,0.0,0.0,0.0,0.0
South County HS,PSO,2017,10,5,1,86.8,25.2,17.8,26.6,17.2,86.8,25.2,17.8,26.6,17.2,91.576,27.15,18.15,28.025,18.25,0.0,0.0,0.0,0.0,0.0
Springford,PSO,2017,3,0,0,0.0,0.0,0.0,0.0,0.0,0.0,0.0,0.0,0.0,0.0,81.45,24.3,25.05,16.0,16.1,0.0,0.0,0.0,0.0,0.0
Springford,PSO,2017,4,1,1,81.45,24.3,25.05,16.0,16.1,81.45,24.3,25.05,16.0,16.1,82.55,24.9,24.45,16.7,16.5,0.0,0.0,0.0,0.0,0.0
Springford,PSO,2017,5,1,2,82.0,24.6,24.75,16.35,16.3,82.55,24.9,24.45,16.7,16.5,83.8,25.7,25.8,14.9,17.4,1.1,0.6,-0.6,0.7,0.4
Springford,PSO,2017,7,2,3,82.6,24.967,25.1,15.867,16.667,83.8,25.7,25.8,14.9,17.4,88.3,26.5,26.4,17.6,17.8,1.25,0.8,1.35,-1.8,0.9
Springford,PSO,2017,8,1,4,84.025,25.35,25.425,16.3,16.95,88.3,26.5,26.4,17.6,17.8,91.0,26.0,28.2,18.2,18.6,4.5,0.8,0.6,2.7,0.4
Sunny Hills HS,PSO,2017,0,0,0,0.0,0.0,0.0,0.0,0.0,0.0,0.0,0.0,0.0,0.0,73.1,22.8,13.8,21.5,15.0,0.0,0.0,0.0,0.0,0.0
Sunny Hills HS,PSO,2017,2,2,1,73.1,22.8,13.8,21.5,15.0,73.1,22.8,13.8,21.5,15.0,74.851,23.55,13.4,22.3,15.6,0.0,0.0,0.0,0.0,0.0
Sunny Hills HS,PSO,2017,3,1,2,73.976,23.175,13.6,21.9,15.3,74.851,23.55,13.4,22.3,15.6,77.4,23.1,14.8,22.7,16.8,1.751,0.75,-0.4,0.8,0.6
Sunny Hills HS,PSO,2017,5,2,3,75.117,23.15,14.0,22.167,15.8,77.4,23.1,14.8,22.7,16.8,79.001,24.0,14.6,24.1,16.3,2.549,-0.45,1.4,0.4,1.2
Sunny Hills HS,PSO,2017,6,1,4,76.088,23.362,14.15,22.65,15.925,79.001,24.0,14.6,24.1,16.3,79.75,23.85,15.15,25.45,15.3,1.601,0.9,-0.2,1.4,-0.5
Thousand Oaks HS,PSO,2017,-1,0,0,0.0,0.0,0.0,0.0,0.0,0.0,0.0,0.0,0.0,0.0,66.85,20.25,13.5,19.7,13.4,0.0,0.0,0.0,0.0,0.0
Thousand Oaks HS,PSO,2017,0,1,1,66.85,20.25,13.5,19.7,13.4,66.85,20.25,13.5,19.7,13.4,66.9,21.3,12.9,19.5,13.2,0.0,0.0,0.0,0.0,0.0
Thousand Oaks HS,PSO,2017,5,5,2,66.875,20.775,13.2,19.6,13.3,66.9,21.3,12.9,19.5,13.2,75.401,22.5,14.9,23.2,14.8,0.05,1.05,-0.6,-0.2,-0.2
Timber Creek HS,PSO,2017,3,0,0,0.0,0.0,0.0,0.0,0.0,0.0,0.0,0.0,0.0,0.0,78.7,25.8,15.9,22.6,14.4,0.0,0.0,0.0,0.0,0.0
Timber Creek HS,PSO,2017,4,1,1,78.7,25.8,15.9,22.6,14.4,78.7,25.8,15.9,22.6,14.4,85.85,26.55,15.9,26.1,17.3,0.0,0.0,0.0,0.0,0.0
Trumbull HS,PSO,2017,3,0,0,0.0,0.0,0.0,0.0,0.0,0.0,0.0,0.0,0.0,0.0,83.4,25.5,16.5,25.4,16.0,0.0,0.0,0.0,0.0,0.0
Trumbull HS,PSO,2017,6,3,1,83.4,25.5,16.5,25.4,16.0,83.4,25.5,16.5,25.4,16.0,87.125,26.625,17.55,26.05,16.9,0.0,0.0,0.0,0.0,0.0
Upper Darby,PSO,2017,2,0,0,0.0,0.0,0.0,0.0,0.0,0.0,0.0,0.0,0.0,0.0,70.35,23.4,20.25,12.9,13.8,0.0,0.0,0.0,0.0,0.0
Upper Darby,PSO,2017,3,1,1,70.35,23.4,20.25,12.9,13.8,70.35,23.4,20.25,12.9,13.8,70.6,22.8,21.3,12.9,13.6,0.0,0.0,0.0,0.0,0.0
Upper Darby,PSO,2017,4,1,2,70.475,23.1,20.775,12.9,13.7,70.6,22.8,21.3,12.9,13.6,71.95,23.4,22.35,10.6,15.6,0.25,-0.6,1.05,0.0,-0.2
Upper Darby,PSO,2017,5,1,3,70.967,23.2,21.3,12.133,14.333,71.95,23.4,22.35,10.6,15.6,74.65,21.7,23.25,14.0,15.7,1.35,0.6,1.05,-2.3,2.0
Upper Darby,PSO,2017,7,2,4,71.887,22.825,21.788,12.6,14.675,74.65,21.7,23.25,14.0,15.7,78.1,23.7,23.4,15.3,15.7,2.7,-1.7,0.9,3.4,0.1
Upper Darby,PSO,2017,8,1,5,73.13,23.0,22.11,13.14,14.88,78.1,23.7,23.4,15.3,15.7,79.4,23.8,24.6,15.7,15.3,3.45,2.0,0.15,1.3,0.0
Victor J. Andrew HS,PSO,2017,1,0,0,0.0,0.0,0.0,0.0,0.0,0.0,0.0,0.0,0.0,0.0,82.0,24.6,16.0,25.2,16.2,0.0,0.0,0.0,0.0,0.0
Victor J. Andrew HS,PSO,2017,6,5,1,82.0,24.6,16.0,25.2,16.2,82.0,24.6,16.0,25.2,16.2,89.663,26.587,17.95,27.7,17.425,0.0,0.0,0.0,0.0,0.0
Victor J. Andrew HS,PSO,2017,10,4,2,85.832,25.594,16.975,26.45,16.812,89.663,26.587,17.95,27.7,17.425,95.4,28.8,19.275,28.55,18.775,7.663,1.987,1.95,2.5,1.225
Vista Murrieta HS,PSO,2017,4,0,0,0.0,0.0,0.0,0.0,0.0,0.0,0.0,0.0,0.0,0.0,82.97,24.75,17.22,24.5,16.5,0.0,0.0,0.0,0.0,0.0
Vista Murrieta HS,PSO,2017,7,3,1,82.97,24.75,17.22,24.5,16.5,82.97,24.75,17.22,24.5,16.5,87.35,26.85,16.6,27.1,16.8,0.0,0.0,0.0,0.0,0.0
Vista Murrieta HS,PSO,2017,9,2,2,85.16,25.8,16.91,25.8,16.65,87.35,26.85,16.6,27.1,16.8,92.438,27.638,17.9,28.45,18.45,4.38,2.1,-0.62,2.6,0.3
West Ranch HS,PSO,2017,5,0,0,0.0,0.0,0.0,0.0,0.0,0.0,0.0,0.0,0.0,0.0,84.6,26.4,16.9,23.9,17.4,0.0,0.0,0.0,0.0,0.0
West Ranch HS,PSO,2017,6,1,1,84.6,26.4,16.9,23.9,17.4,84.6,26.4,16.9,23.9,17.4,82.701,24.75,16.2,25.35,16.4,0.0,0.0,0.0,0.0,0.0
West Ranch HS,PSO,2017,7,1,2,83.65,25.575,16.55,24.625,16.9,82.701,24.75,16.2,25.35,16.4,88.75,27.75,17.9,25.3,17.8,-1.899,-1.65,-0.7,1.45,-1.0
West Ranch HS,PSO,2017,9,2,3,85.35,26.3,17.0,24.85,17.2,88.75,27.75,17.9,25.3,17.8,83.25,24.825,16.825,25.0,16.6,6.049,3.0,1.7,-0.05,1.4
Westlake HS,PSO,2017,3,0,0,0.0,0.0,0.0,0.0,0.0,0.0,0.0,0.0,0.0,0.0,82.6,24.6,16.7,23.9,17.4,0.0,0.0,0.0,0.0,0.0
Westlake HS,PSO,2017,5,2,1,82.6,24.6,16.7,23.9,17.4,82.6,24.6,16.7,23.9,17.4,81.201,24.6,15.7,24.8,16.1,0.0,0.0,0.0,0.0,0.0
Westlake HS,PSO,2017,9,4,2,81.9,24.6,16.2,24.35,16.75,81.201,24.6,15.7,24.8,16.1,84.176,24.825,17.05,25.85,16.45,-1.399,0.0,-1.0,0.9,-1.3
William S. Hart HS,PSO,2017,4,0,0,0.0,0.0,0.0,0.0,0.0,0.0,0.0,0.0,0.0,0.0,80.04,24.6,15.64,23.8,16.0,0.0,0.0,0.0,0.0,0.0
William S. Hart HS,PSO,2017,7,3,1,80.04,24.6,15.64,23.8,16.0,80.04,24.6,15.64,23.8,16.0,80.151,24.45,15.3,24.7,15.7,0.0,0.0,0.0,0.0,0.0
William S. Hart HS,PSO,2017,9,2,2,80.096,24.525,15.47,24.25,15.85,80.151,24.45,15.3,24.7,15.7,83.613,24.188,16.575,26.3,16.55,0.111,-0.15,-0.34,0.9,-0.3
Williams Field HS,PSO,2017,4,0,0,0.0,0.0,0.0,0.0,0.0,0.0,0.0,0.0,0.0,0.0,79.4,24.0,15.3,24.6,15.5,0.0,0.0,0.0,0.0,0.0
Williams Field HS,PSO,2017,6,2,1,79.4,24.0,15.3,24.6,15.5,79.4,24.0,15.3,24.6,15.5,80.451,24.0,15.95,24.7,15.8,0.0,0.0,0.0,0.0,0.0
Abington,PSA,2017,0,0,0,0.0,0.0,0.0,0.0,0.0,0.0,0.0,0.0,0.0,0.0,61.751,18.3,20.25,12.0,11.2,0.0,0.0,0.0,0.0,0.0
Abington,PSA,2017,1,1,1,61.751,18.3,20.25,12.0,11.2,61.751,18.3,20.25,12.0,11.2,64.85,20.5,19.95,12.4,12.0,0.0,0.0,0.0,0.0,0.0
Abington,PSA,2017,4,3,2,63.3,19.4,20.1,12.2,11.6,64.85,20.5,19.95,12.4,12.0,71.1,23.0,20.7,13.3,14.1,3.099,2.2,-0.3,0.4,0.8
Abington,PSA,2017,7,3,3,65.9,20.6,20.3,12.567,12.433,71.1,23.0,20.7,13.3,14.1,76.7,24.2,24.0,14.5,14.0,6.25,2.5,0.75,0.9,2.1
Abington,PSA,2017,8,1,4,68.6,21.5,21.225,13.05,12.825,76.7,24.2,24.0,14.5,14.0,79.55,23.8,23.85,15.9,16.0,5.6,1.2,3.3,1.2,-0.1
Abington HS,PSA,2017,3,0,0,0.0,0.0,0.0,0.0,0.0,0.0,0.0,0.0,0.0,0.0,69.95,21.45,13.2,22.8,12.5,0.0,0.0,0.0,0.0,0.0
Abington HS,PSA,2017,6,3,1,69.95,21.45,13.2,22.8,12.5,69.95,21.45,13.2,22.8,12.5,75.8,22.95,14.5,23.55,14.8,0.0,0.0,0.0,0.0,0.0
Albany Indoor Percussion,PSA,2017,5,0,0,0.0,0.0,0.0,0.0,0.0,0.0,0.0,0.0,0.0,0.0,70.101,21.0,20.7,13.6,14.8,0.0,0.0,0.0,0.0,0.0
Albany Indoor Percussion,PSA,2017,6,1,1,70.101,21.0,20.7,13.6,14.8,70.101,21.0,20.7,13.6,14.8,67.601,19.7,20.4,13.6,13.9,0.0,0.0,0.0,0.0,0.0
Albany Indoor Percussion,PSA,2017,7,1,2,68.851,20.35,20.55,13.6,14.35,67.601,19.7,20.4,13.6,13.9,75.001,23.4,21.6,14.6,15.4,-2.5,-1.3,-0.3,0.0,-0.9
Aliso Niguel HS,PSA,2017,0,0,0,0.0,0.0,0.0,0.0,0.0,0.0,0.0,0.0,0.0,0.0,75.05,22.8,14.15,22.6,15.5,0.0,0.0,0.0,0.0,0.0
Aliso Niguel HS,PSA,2017,2,2,1,75.05,22.8,14.15,22.6,15.5,75.05,22.8,14.15,22.6,15.5,77.325,24.825,15.2,22.85,14.45,0.0,0.0,0.0,0.0,0.0
Aliso Niguel HS,PSA,2017,4,2,2,76.188,23.812,14.675,22.725,14.975,77.325,24.825,15.2,22.85,14.45,75.936,22.575,15.81,22.7,14.85,2.275,2.025,1.05,0.25,-1.05
Aliso Niguel HS,PSA,2017,9,5,3,76.104,23.4,15.053,22.717,14.933,75.936,22.575,15.81,22.7,14.85,86.775,25.275,17.55,27.0,16.95,-1.389,-2.25,0.61,-0.15,0.4
Amador Valley HS,PSA,2017,1,0,0,0.0,0.0,0.0,0.0,0.0,0.0,0.0,0.0,0.0,0.0,82.5,24.3,15.8,25.9,16.5,0.0,0.0,0.0,0.0,0.0
Amador Valley HS,PSA,2017,6,5,1,82.5,24.3,15.8,25.9,16.5,82.5,24.3,15.8,25.9,16.5,87.575,26.325,17.0,27.4,16.85,0.0,0.0,0.0,0.0,0.0
Arbor View HS,PSA,2017,4,0,0,0.0,0.0,0.0,0.0,0.0,0.0,0.0,0.0,0.0,0.0,77.501,23.7,15.7,23.1,15.0,0.0,0.0,0.0,0.0,0.0
Arbor View HS,PSA,2017,6,2,1,77.501,23.7,15.7,23.1,15.0,77.501,23.7,15.7,23.1,15.0,71.125,20.925,14.0,21.5,14.7,0.0,0.0,0.0,0.0,0.0
Arcadia HS,PSA,2017,-1,0,0,0.0,0.0,0.0,0.0,0.0,0.0,0.0,0.0,0.0,0.0,75.55,22.35,13.7,24.6,14.9,0.0,0.0,0.0,0.0,0.0
Arcadia HS,PSA,2017,4,5,1,75.55,22.35,13.7,24.6,14.9,75.55,22.35,13.7,24.6,14.9,84.2,24.6,17.4,25.4,16.8,0.0,0.0,0.0,0.0,0.0
Arcadia HS,PSA,2017,7,3,2,79.875,23.475,15.55,25.0,15.85,84.2,24.6,17.4,25.4,16.8,82.751,26.4,14.8,25.4,16.15,8.65,2.25,3.7,0.8,1.9
Arroyo HS,PSA,2017,2,0,0,0.0,0.0,0.0,0.0,0.0,0.0,0.0,0.0,0.0,0.0,70.55,22.5,13.1,21.5,13.45,0.0,0.0,0.0,0.0,0.0
Arroyo HS,PSA,2017,5,3,1,70.55,22.5,13.1,21.5,13.45,70.55,22.5,13.1,21.5,13.45,81.05,25.35,14.5,24.7,16.5,0.0,0.0,0.0,0.0,0.0
Athens Drive HS,PSA,2017,3,0,0,0.0,0.0,0.0,0.0,0.0,0.0,0.0,0.0,0.0,0.0,71.66,20.85,14.61,22.4,13.8,0.0,0.0,0.0,0.0,0.0
Athens Drive HS,PSA,2017,5,2,1,71.66,20.85,14.61,22.4,13.8,71.66,20.85,14.61,22.4,13.8,84.4,24.9,17.6,25.6,16.3,0.0,0.0,0.0,0.0,0.0
Avon Grove,PSA,2017,1,0,0,0.0,0.0,0.0,0.0,0.0,0.0,0.0,0.0,0.0,0.0,66.4,19.8,19.8,13.1,13.7,0.0,0.0,0.0,0.0,0.0
Avon Grove,PSA,2017,2,1,1,66.4,19.8,19.8,13.1,13.7,66.4,19.8,19.8,13.1,13.7,69.751,21.0,20.1,14.15,14.5,0.0,0.0,0.0,0.0,0.0
Avon Grove,PSA,2017,3,1,2,68.076,20.4,19.95,13.625,14.1,69.751,21.0,20.1,14.15,14.5,68.501,20.2,19.5,14.6,14.2,3.351,1.2,0.3,1.05,0.8
Baldwin Park HS,PSA,2017,-1,0,0,0.0,0.0,0.0,0.0,0.0,0.0,0.0,0.0,0.0,0.0,70.951,20.85,13.3,23.0,13.8,0.0,0.0,0.0,0.0,0.0
Baldwin Park HS,PSA,2017,2,3,1,70.951,20.85,13.3,23.0,13.8,70.951,20.85,13.3,23.0,13.8,74.951,23.7,14.2,22.15,14.9,0.0,0.0,0.0,0.0,0.0
Baldwin Park HS,PSA,2017,5,3,2,72.951,22.275,13.75,22.575,14.35,74.951,23.7,14.2,22.15,14.9,76.151,22.65,16.3,22.8,14.4,4.0,2.85,0.9,-0.85,1.1
Baldwinsville indoor Percussion,PSA,2017,-1,0,0,0.0,0.0,0.0,0.0,0.0,0.0,0.0,0.0,0.0,0.0,64.751,18.2,20.25,12.9,13.4,0.0,0.0,0.0,0.0,0.0
Baldwinsville indoor Percussion,PSA,2017,0,1,1,64.751,18.2,20.25,12.9,13.4,64.751,18.2,20.25,12.9,13.4,64.701,20.0,18.3,12.8,13.6,0.0,0.0,0.0,0.0,0.0
Baldwinsville indoor Percussion,PSA,2017,1,1,2,64.726,19.1,19.275,12.85,13.5,64.701,20.0,18.3,12.8,13.6,65.35,19.3,18.75,13.7,13.6,-0.05,1.8,-1.95,-0.1,0.2
Baldwinsville indoor Percussion,PSA,2017,5,4,3,64.934,19.167,19.1,13.133,13.533,65.35,19.3,18.75,13.7,13.6,74.451,22.1,21.45,15.2,15.7,0.649,-0.7,0.45,0.9,0.0
Baldwinsville indoor Percussion,PSA,2017,6,1,4,67.313,19.9,19.688,13.65,14.075,74.451,22.1,21.45,15.2,15.7,72.8,21.5,20.7,15.7,14.9,9.101,2.8,2.7,1.5,2.1
Baldwinsville indoor Percussion,PSA,2017,7,1,5,68.411,20.22,19.89,14.06,14.24,72.8,21.5,20.7,15.7,14.9,81.251,24.4,22.65,16.9,17.3,-1.651,-0.6,-0.75,0.5,-0.8
Bayonne,PSA,2017,0,0,0,0.0,0.0,0.0,0.0,0.0,0.0,0.0,0.0,0.0,0.0,72.55,21.5,22.65,15.5,12.9,0.0,0.0,0.0,0.0,0.0
Bayonne,PSA,2017,2,2,1,72.55,21.5,22.65,15.5,12.9,72.55,21.5,22.65,15.5,12.9,72.051,21.8,21.6,14.4,14.25,0.0,0.0,0.0,0.0,0.0
Bayonne,PSA,2017,4,2,2,72.3,21.65,22.125,14.95,13.575,72.051,21.8,21.6,14.4,14.25,81.625,23.45,24.525,17.8,15.85,-0.499,0.3,-1.05,-1.1,1.35
Bayonne,PSA,2017,7,3,3,75.409,22.25,22.925,15.9,14.333,81.625,23.45,24.525,17.8,15.85,85.401,25.7,26.1,16.8,16.8,9.574,1.65,2.925,3.4,1.6
Bayonne,PSA,2017,8,1,4,77.907,23.112,23.719,16.125,14.95,85.401,25.7,26.1,16.8,16.8,84.451,24.95,25.2,17.8,16.5,3.776,2.25,1.575,-1.0,0.95
Bayonne HS,PSA,2017,3,0,0,0.0,0.0,0.0,0.0,0.0,0.0,0.0,0.0,0.0,0.0,75.626,25.575,14.6,22.25,13.2,0.0,0.0,0.0,0.0,0.0
Bayonne HS,PSA,2017,6,3,1,75.626,25.575,14.6,22.25,13.2,75.626,25.575,14.6,22.25,13.2,79.975,23.775,15.45,25.1,15.65,0.0,0.0,0.0,0.0,0.0
Bensalem,PSA,2017,2,0,0,0.0,0.0,0.0,0.0,0.0,0.0,0.0,0.0,0.0,0.0,66.1,21.0,19.5,12.8,12.8,0.0,0.0,0.0,0.0,0.0
Bensalem,PSA,2017,3,1,1,66.1,21.0,19.5,12.8,12.8,66.1,21.0,19.5,12.8,12.8,68.051,21.1,21.15,12.7,13.1,0.0,0.0,0.0,0.0,0.0
Bensalem,PSA,2017,4,1,2,67.076,21.05,20.325,12.75,12.95,68.051,21.1,21.15,12.7,13.1,73.526,21.6,20.475,16.4,15.05,1.951,0.1,1.65,-0.1,0.3
Bensalem,PSA,2017,7,3,3,69.226,21.233,20.375,13.967,13.65,73.526,21.6,20.475,16.4,15.05,76.3,22.75,22.05,16.2,15.3,5.475,0.5,-0.675,3.7,1.95
Bensalem,PSA,2017,8,1,4,70.994,21.612,20.794,14.525,14.062,76.3,22.75,22.05,16.2,15.3,77.775,22.35,22.725,16.3,16.4,2.774,1.15,1.575,-0.2,0.25
Bonita HS,PSA,2017,2,0,0,0.0,0.0,0.0,0.0,0.0,0.0,0.0,0.0,0.0,0.0,70.95,21.45,13.8,21.6,14.1,0.0,0.0,0.0,0.0,0.0
Bonita HS,PSA,2017,5,3,1,70.95,21.45,13.8,21.6,14.1,70.95,21.45,13.8,21.6,14.1,75.95,21.75,15.8,22.65,15.75,0.0,0.0,0.0,0.0,0.0
Campo Verde HS,PSA,2017,4,0,0,0.0,0.0,0.0,0.0,0.0,0.0,0.0,0.0,0.0,0.0,81.75,25.05,16.9,23.6,16.2,0.0,0.0,0.0,0.0,0.0
Campo Verde HS,PSA,2017,6,2,1,81.75,25.05,16.9,23.6,16.2,81.75,25.05,16.9,23.6,16.2,82.501,25.5,16.8,23.7,16.5,0.0,0.0,0.0,0.0,0.0
Carlsbad HS,PSA,2017,0,0,0,0.0,0.0,0.0,0.0,0.0,0.0,0.0,0.0,0.0,0.0,71.101,22.2,13.3,22.1,13.5,0.0,0.0,0.0,0.0,0.0
Carlsbad HS,PSA,2017,2,2,1,71.101,22.2,13.3,22.1,13.5,71.101,22.2,13.3,22.1,13.5,72.401,23.7,14.6,20.5,13.6,0.0,0.0,0.0,0.0,0.0
Carlsbad HS,PSA,2017,4,2,2,71.751,22.95,13.95,21.3,13.55,72.401,23.7,14.6,20.5,13.6,72.925,23.025,14.45,21.6,13.85,1.3,1.5,1.3,-1.6,0.1
Carlsbad HS,PSA,2017,5,1,3,72.142,22.975,14.117,21.4,13.65,72.925,23.025,14.45,21.6,13.85,78.551,23.25,15.1,24.5,15.7,0.524,-0.675,-0.15,1.1,0.25
Central Square High School,PSA,2017,-1,0,0,0.0,0.0,0.0,0.0,0.0,0.0,0.0,0.0,0.0,0.0,60.701,15.9,19.2,12.7,12.9,0.0,0.0,0.0,0.0,0.0
Central Square High School,PSA,2017,1,2,1,60.701,15.9,19.2,12.7,12.9,60.701,15.9,19.2,12.7,12.9,66.0,18.6,19.5,14.0,13.9,0.0,0.0,0.0,0.0,0.0
Central Square High School,PSA,2017,2,1,2,63.35,17.25,19.35,13.35,13.4,66.0,18.6,19.5,14.0,13.9,68.75,21.2,20.25,13.3,14.0,5.299,2.7,0.3,1.3,1.0
Central Square High School,PSA,2017,3,1,3,65.15,18.567,19.65,13.333,13.6,68.75,21.2,20.25,13.3,14.0,72.251,19.9,23.55,14.5,14.3,2.75,2.6,0.75,-0.7,0.1
Central Square High School,PSA,2017,4,1,4,66.926,18.9,20.625,13.625,13.775,72.251,19.9,23.55,14.5,14.3,74.35,22.0,22.65,14.6,15.1,3.501,-1.3,3.3,1.2,0.3
Central Square High School,PSA,2017,5,1,5,68.41,19.52,21.03,13.82,14.04,74.35,22.0,22.65,14.6,15.1,78.75,23.8,23.25,15.7,16.0,2.099,2.1,-0.9,0.1,0.8
Central Square High School,PSA,2017,6,1,6,70.134,20.233,21.4,14.133,14.367,78.75,23.8,23.25,15.7,16.0,75.1,22.9,21.6,15.5,15.1,4.4,1.8,0.6,1.1,0.9
Central Square High School,PSA,2017,7,1,7,70.843,20.614,21.429,14.329,14.471,75.1,22.9,21.6,15.5,15.1,84.9,26.2,25.2,16.7,16.8,-3.65,-0.9,-1.65,-0.2,-0.9
Chaffey HS,PSA,2017,0,0,0,0.0,0.0,0.0,0.0,0.0,0.0,0.0,0.0,0.0,0.0,72.376,21.375,13.2,23.2,14.6,0.0,0.0,0.0,0.0,0.0
Chaffey HS,PSA,2017,1,1,1,72.376,21.375,13.2,23.2,14.6,72.376,21.375,13.2,23.2,14.6,79.7,24.0,15.3,24.6,15.8,0.0,0.0,0.0,0.0,0.0
Chaffey HS,PSA,2017,6,5,2,76.038,22.688,14.25,23.9,15.2,79.7,24.0,15.3,24.6,15.8,87.65,26.4,16.3,26.65,18.3,7.324,2.625,2.1,1.4,1.2
Chaffey HS,PSA,2017,7,1,3,79.909,23.925,14.933,24.817,16.233,87.65,26.4,16.3,26.65,18.3,82.351,25.8,15.0,25.15,16.4,7.95,2.4,1.0,2.05,2.5
Chaparral HS,PSA,2017,0,0,0,0.0,0.0,0.0,0.0,0.0,0.0,0.0,0.0,0.0,0.0,68.95,21.45,13.05,21.65,12.8,0.0,0.0,0.0,0.0,0.0
Chaparral HS,PSA,2017,1,1,1,68.95,21.45,13.05,21.65,12.8,68.95,21.45,13.05,21.65,12.8,75.501,22.5,14.3,23.8,14.9,0.0,0.0,0.0,0.0,0.0
Chaparral HS,PSA,2017,4,3,2,72.226,21.975,13.675,22.725,13.85,75.501,22.5,14.3,23.8,14.9,75.051,22.5,15.55,22.2,14.8,6.551,1.05,1.25,2.15,2.1
Chaparral HS,PSA,2017,6,2,3,73.167,22.15,14.3,22.55,14.167,75.051,22.5,15.55,22.2,14.8,78.9,23.1,15.4,24.7,15.7,-0.45,0.0,1.25,-1.6,-0.1
Chaparral HS,PSA,2017,7,1,4,74.601,22.388,14.575,23.088,14.55,78.9,23.1,15.4,24.7,15.7,78.55,23.55,15.9,22.9,16.2,3.849,0.6,-0.15,2.5,0.9
Chapin HS,PSA,2017,3,0,0,0.0,0.0,0.0,0.0,0.0,0.0,0.0,0.0,0.0,0.0,63.751,18.45,12.6,20.0,12.7,0.0,0.0,0.0,0.0,0.0
Chapin HS,PSA,2017,4,1,1,63.751,18.45,12.6,20.0,12.7,63.751,18.45,12.6,20.0,12.7,72.501,21.45,14.2,22.85,14.0,0.0,0.0,0.0,0.0,0.0
Chino HS,PSA,2017,3,0,0,0.0,0.0,0.0,0.0,0.0,0.0,0.0,0.0,0.0,0.0,83.85,23.55,16.3,25.4,18.6,0.0,0.0,0.0,0.0,0.0
Chino HS,PSA,2017,4,1,1,83.85,23.55,16.3,25.4,18.6,83.85,23.55,16.3,25.4,18.6,80.18,23.85,15.93,24.5,15.9,0.0,0.0,0.0,0.0,0.0
Chino HS,PSA,2017,5,1,2,82.015,23.7,16.115,24.95,17.25,80.18,23.85,15.93,24.5,15.9,85.8,25.8,17.5,25.6,16.9,-3.67,0.3,-0.37,-0.9,-2.7
Chino HS,PSA,2017,9,4,3,83.277,24.4,16.577,25.167,17.133,85.8,25.8,17.5,25.6,16.9,91.6,27.375,18.75,27.65,17.825,5.62,1.95,1.57,1.1,1.0
Coatesville,PSA,2017,0,0,0,0.0,0.0,0.0,0.0,0.0,0.0,0.0,0.0,0.0,0.0,65.65,19.0,21.15,12.5,13.0,0.0,0.0,0.0,0.0,0.0
Coatesville,PSA,2017,1,1,1,65.65,19.0,21.15,12.5,13.0,65.65,19.0,21.15,12.5,13.0,63.651,19.0,18.15,13.2,13.3,0.0,0.0,0.0,0.0,0.0
Coatesville,PSA,2017,2,1,2,64.651,19.0,19.65,12.85,13.15,63.651,19.0,18.15,13.2,13.3,65.75,21.5,17.85,13.4,13.0,-1.999,0.0,-3.0,0.7,0.3
Coatesville,PSA,2017,3,1,3,65.017,19.833,19.05,13.033,13.1,65.75,21.5,17.85,13.4,13.0,69.201,21.3,20.4,13.9,13.6,2.099,2.5,-0.3,0.2,-0.3
Coatesville,PSA,2017,4,1,4,66.063,20.2,19.388,13.25,13.225,69.201,21.3,20.4,13.9,13.6,70.1,21.9,20.55,13.2,14.45,3.451,-0.2,2.55,0.5,0.6
Coatesville,PSA,2017,5,1,5,66.87,20.54,19.62,13.24,13.47,70.1,21.9,20.55,13.2,14.45,72.751,19.5,22.05,16.5,14.7,0.899,0.6,0.15,-0.7,0.85
Coatesville,PSA,2017,7,2,6,67.85,20.367,20.025,13.783,13.675,72.751,19.5,22.05,16.5,14.7,71.9,22.9,21.6,14.1,13.3,2.651,-2.4,1.5,3.3,0.25
Coatesville,PSA,2017,8,1,7,68.429,20.729,20.25,13.829,13.621,71.9,22.9,21.6,14.1,13.3,75.9,22.3,23.1,15.5,15.0,-0.851,3.4,-0.45,-2.4,-1.4
Colerain HS,PSA,2017,1,0,0,0.0,0.0,0.0,0.0,0.0,0.0,0.0,0.0,0.0,0.0,72.05,22.95,14.4,20.1,14.6,0.0,0.0,0.0,0.0,0.0
Colerain HS,PSA,2017,6,5,1,72.05,22.95,14.4,20.1,14.6,72.05,22.95,14.4,20.1,14.6,86.85,25.725,17.325,26.25,17.55,0.0,0.0,0.0,0.0,0.0
Colony HS,PSA,2017,2,0,0,0.0,0.0,0.0,0.0,0.0,0.0,0.0,0.0,0.0,0.0,67.625,22.125,12.1,20.35,13.05,0.0,0.0,0.0,0.0,0.0
Colony HS,PSA,2017,5,3,1,67.625,22.125,12.1,20.35,13.05,67.625,22.125,12.1,20.35,13.05,78.8,24.6,15.6,22.5,16.1,0.0,0.0,0.0,0.0,0.0
Cypress HS,PSA,2017,2,0,0,0.0,0.0,0.0,0.0,0.0,0.0,0.0,0.0,0.0,0.0,69.975,22.425,12.9,20.1,14.55,0.0,0.0,0.0,0.0,0.0
Cypress HS,PSA,2017,7,5,1,69.975,22.425,12.9,20.1,14.55,69.975,22.425,12.9,20.1,14.55,84.1,26.1,16.3,26.5,15.2,0.0,0.0,0.0,0.0,0.0
Daviess County Public Schools,PSA,2017,4,0,0,0.0,0.0,0.0,0.0,0.0,0.0,0.0,0.0,0.0,0.0,73.95,22.2,14.3,23.85,13.6,0.0,0.0,0.0,0.0,0.0
Daviess County Public Schools,PSA,2017,6,2,1,73.95,22.2,14.3,23.85,13.6,73.95,22.2,14.3,23.85,13.6,80.751,21.9,16.5,24.8,17.55,0.0,0.0,0.0,0.0,0.0
Del Norte HS,PSA,2017,0,0,0,0.0,0.0,0.0,0.0,0.0,0.0,0.0,0.0,0.0,0.0,66.6,20.4,13.25,21.05,11.9,0.0,0.0,0.0,0.0,0.0
Del Norte HS,PSA,2017,2,2,1,66.6,20.4,13.25,21.05,11.9,66.6,20.4,13.25,21.05,11.9,71.076,23.175,13.5,21.55,12.85,0.0,0.0,0.0,0.0,0.0
Del Norte HS,PSA,2017,4,2,2,68.838,21.788,13.375,21.3,12.375,71.076,23.175,13.5,21.55,12.85,72.325,21.975,14.25,21.9,14.2,4.476,2.775,0.25,0.5,0.95
Destrehan HS,PSA,2017,4,0,0,0.0,0.0,0.0,0.0,0.0,0.0,0.0,0.0,0.0,0.0,85.6,25.8,17.4,26.0,16.4,0.0,0.0,0.0,0.0,0.0
Destrehan HS,PSA,2017,5,1,1,85.6,25.8,17.4,26.0,16.4,85.6,25.8,17.4,26.0,16.4,84.425,24.975,17.05,25.075,17.325,0.0,0.0,0.0,0.0,0.0
Downingtown,PSA,2017,2,0,0,0.0,0.0,0.0,0.0,0.0,0.0,0.0,0.0,0.0,0.0,74.701,23.5,21.9,14.0,15.3,0.0,0.0,0.0,0.0,0.0
Downingtown,PSA,2017,4,2,1,74.701,23.5,21.9,14.0,15.3,74.701,23.5,21.9,14.0,15.3,84.025,25.3,24.825,17.0,16.9,0.0,0.0,0.0,0.0,0.0
Downingtown,PSA,2017,5,1,2,79.363,24.4,23.362,15.5,16.1,84.025,25.3,24.825,17.0,16.9,82.15,25.1,24.15,16.0,16.9,9.324,1.8,2.925,3.0,1.6
Downingtown,PSA,2017,7,2,3,80.292,24.633,23.625,15.667,16.367,82.15,25.1,24.15,16.0,16.9,87.1,26.15,26.25,17.5,17.2,-1.875,-0.2,-0.675,-1.0,0.0
Downingtown,PSA,2017,8,1,4,81.994,25.013,24.281,16.125,16.575,87.1,26.15,26.25,17.5,17.2,89.3,25.9,27.3,17.7,18.4,4.95,1.05,2.1,1.5,0.3
E.D. White HS,PSA,2017,5,0,0,0.0,0.0,0.0,0.0,0.0,0.0,0.0,0.0,0.0,0.0,87.95,26.7,17.45,26.95,16.85,0.0,0.0,0.0,0.0,0.0
E.D. White HS,PSA,2017,10,5,1,87.95,26.7,17.45,26.95,16.85,87.95,26.7,17.45,26.95,16.85,94.425,28.8,18.125,28.375,19.125,0.0,0.0,0.0,0.0,0.0
East Irondequoit,PSA,2017,-1,0,0,0.0,0.0,0.0,0.0,0.0,0.0,0.0,0.0,0.0,0.0,68.6,19.3,21.3,14.2,13.8,0.0,0.0,0.0,0.0,0.0
East Irondequoit,PSA,2017,0,1,1,68.6,19.3,21.3,14.2,13.8,68.6,19.3,21.3,14.2,13.8,71.2,21.8,20.7,14.2,14.5,0.0,0.0,0.0,0.0,0.0
East Irondequoit,PSA,2017,4,4,2,69.9,20.55,21.0,14.2,14.15,71.2,21.8,20.7,14.2,14.5,77.3,22.8,23.1,15.7,15.7,2.6,2.5,-0.6,0.0,0.7
East Irondequoit,PSA,2017,5,1,3,72.367,21.3,21.7,14.7,14.667,77.3,22.8,23.1,15.7,15.7,81.3,24.1,24.0,16.5,16.7,6.1,1.0,2.4,1.5,1.2
East Irondequoit,PSA,2017,7,2,4,74.6,22.0,22.275,15.15,15.175,81.3,24.1,24.0,16.5,16.7,86.2,25.9,25.5,17.4,17.4,4.0,1.3,0.9,0.8,1.0
East Syracuse Minoa,PSA,2017,-1,0,0,0.0,0.0,0.0,0.0,0.0,0.0,0.0,0.0,0.0,0.0,74.8,23.1,21.9,15.0,14.8,0.0,0.0,0.0,0.0,0.0
East Syracuse Minoa,PSA,2017,1,2,1,74.8,23.1,21.9,15.0,14.8,74.8,23.1,21.9,15.0,14.8,78.8,23.8,22.8,15.9,16.3,0.0,0.0,0.0,0.0,0.0
East Syracuse Minoa,PSA,2017,2,1,2,76.8,23.45,22.35,15.45,15.55,78.8,23.8,22.8,15.9,16.3,79.95,24.5,24.15,15.7,15.6,4.0,0.7,0.9,0.9,1.5
East Syracuse Minoa,PSA,2017,3,1,3,77.85,23.8,22.95,15.533,15.567,79.95,24.5,24.15,15.7,15.6,81.0,24.7,24.6,15.7,16.0,1.15,0.7,1.35,-0.2,-0.7
Edwardsville HS,PSA,2017,2,0,0,0.0,0.0,0.0,0.0,0.0,0.0,0.0,0.0,0.0,0.0,77.8,24.3,15.6,22.6,15.3,0.0,0.0,0.0,0.0,0.0
Edwardsville HS,PSA,2017,4,2,1,77.8,24.3,15.6,22.6,15.3,77.8,24.3,15.6,22.6,15.3,85.75,25.95,17.3,26.5,16.0,0.0,0.0,0.0,0.0,0.0
El Camino Real CHS,PSA,2017,3,0,0,0.0,0.0,0.0,0.0,0.0,0.0,0.0,0.0,0.0,0.0,69.626,20.925,14.6,20.3,13.8,0.0,0.0,0.0,0.0,0.0
El Camino Real CHS,PSA,2017,4,1,1,69.626,20.925,14.6,20.3,13.8,69.626,20.925,14.6,20.3,13.8,73.02,21.9,14.87,21.1,15.15,0.0,0.0,0.0,0.0,0.0
El Camino Real CHS,PSA,2017,7,3,2,71.323,21.412,14.735,20.7,14.475,73.02,21.9,14.87,21.1,15.15,77.875,24.075,16.0,23.1,14.7,3.394,0.975,0.27,0.8,1.35
El Toro HS,PSA,2017,0,0,0,0.0,0.0,0.0,0.0,0.0,0.0,0.0,0.0,0.0,0.0,70.825,21.525,13.6,20.8,14.9,0.0,0.0,0.0,0.0,0.0
El Toro HS,PSA,2017,7,7,1,70.825,21.525,13.6,20.8,14.9,70.825,21.525,13.6,20.8,14.9,88.0,27.0,17.8,25.7,17.5,0.0,0.0,0.0,0.0,0.0
El Toro HS,PSA,2017,9,2,2,79.412,24.262,15.7,23.25,16.2,88.0,27.0,17.8,25.7,17.5,83.775,24.525,16.75,25.55,16.95,17.175,5.475,4.2,4.9,2.6
Enochs HS,PSA,2017,3,0,0,0.0,0.0,0.0,0.0,0.0,0.0,0.0,0.0,0.0,0.0,83.7,25.2,16.8,25.0,16.7,0.0,0.0,0.0,0.0,0.0
Enochs HS,PSA,2017,6,3,1,83.7,25.2,16.8,25.0,16.7,83.7,25.2,16.8,25.0,16.7,87.05,26.25,17.2,25.8,17.8,0.0,0.0,0.0,0.0,0.0
Fair Lawn HS,PSA,2017,3,0,0,0.0,0.0,0.0,0.0,0.0,0.0,0.0,0.0,0.0,0.0,83.425,26.025,17.0,24.9,15.5,0.0,0.0,0.0,0.0,0.0
Fair Lawn HS,PSA,2017,6,3,1,83.425,26.025,17.0,24.9,15.5,83.425,26.025,17.0,24.9,15.5,86.163,25.688,17.825,25.55,17.1,0.0,0.0,0.0,0.0,0.0
Fair Lawn HS,PSA,2017,10,4,2,84.794,25.856,17.412,25.225,16.3,86.163,25.688,17.825,25.55,17.1,95.925,29.325,18.95,28.5,19.15,2.738,-0.337,0.825,0.65,1.6
Farragut HS,PSA,2017,3,0,0,0.0,0.0,0.0,0.0,0.0,0.0,0.0,0.0,0.0,0.0,82.85,24.15,17.0,25.0,16.7,0.0,0.0,0.0,0.0,0.0
Farragut HS,PSA,2017,6,3,1,82.85,24.15,17.0,25.0,16.7,82.85,24.15,17.0,25.0,16.7,85.251,24.75,17.2,26.6,16.7,0.0,0.0,0.0,0.0,0.0
Foothill HS (NV),PSA,2017,4,0,0,0.0,0.0,0.0,0.0,0.0,0.0,0.0,0.0,0.0,0.0,89.45,27.15,18.6,25.8,17.9,0.0,0.0,0.0,0.0,0.0
Foothill HS (NV),PSA,2017,6,2,1,89.45,27.15,18.6,25.8,17.9,89.45,27.15,18.6,25.8,17.9,91.55,26.25,18.5,27.8,19.0,0.0,0.0,0.0,0.0,0.0
Foothill HS (NV),PSA,2017,10,4,2,90.5,26.7,18.55,26.8,18.45,91.55,26.25,18.5,27.8,19.0,92.451,27.375,18.575,27.575,18.925,2.1,-0.9,-0.1,2.0,1.1
Francis Howell HS,PSA,2017,2,0,0,0.0,0.0,0.0,0.0,0.0,0.0,0.0,0.0,0.0,0.0,79.0,23.7,14.8,24.6,15.9,0.0,0.0,0.0,0.0,0.0
Francis Howell HS,PSA,2017,6,4,1,79.0,23.7,14.8,24.6,15.9,79.0,23.7,14.8,24.6,15.9,85.788,25.688,16.95,26.25,16.9,0.0,0.0,0.0,0.0,0.0
Gaffney HS,PSA,2017,3,0,0,0.0,0.0,0.0,0.0,0.0,0.0,0.0,0.0,0.0,0.0,75.71,22.8,14.81,23.9,14.2,0.0,0.0,0.0,0.0,0.0
Gaffney HS,PSA,2017,4,1,1,75.71,22.8,14.81,23.9,14.2,75.71,22.8,14.81,23.9,14.2,73.5,21.45,15.9,21.7,14.45,0.0,0.0,0.0,0.0,0.0
Gahr HS,PSA,2017,7,0,0,0.0,0.0,0.0,0.0,0.0,0.0,0.0,0.0,0.0,0.0,83.0,24.9,16.7,24.8,16.6,0.0,0.0,0.0,0.0,0.0
Gahr HS,PSA,2017,9,2,1,83.0,24.9,16.7,24.8,16.6,83.0,24.9,16.7,24.8,16.6,83.876,25.125,16.9,24.575,17.275,0.0,0.0,0.0,0.0,0.0
Gilbert HS,PSA,2017,4,0,0,0.0,0.0,0.0,0.0,0.0,0.0,0.0,0.0,0.0,0.0,78.625,22.125,16.5,24.3,15.7,0.0,0.0,0.0,0.0,0.0
Gilbert HS,PSA,2017,6,2,1,78.625,22.125,16.5,24.3,15.7,78.625,22.125,16.5,24.3,15.7,78.6,22.2,15.8,23.7,16.9,0.0,0.0,0.0,0.0,0.0
Grand Blanc HS,PSA,2017,0,0,0,0.0,0.0,0.0,0.0,0.0,0.0,0.0,0.0,0.0,0.0,74.55,22.05,15.3,22.7,14.5,0.0,0.0,0.0,0.0,0.0
Grand Blanc HS,PSA,2017,10,10,1,74.55,22.05,15.3,22.7,14.5,74.55,22.05,15.3,22.7,14.5,93.013,27.637,18.825,27.8,18.75,0.0,0.0,0.0,0.0,0.0
Grossmont HS,PSA,2017,-1,0,0,0.0,0.0,0.0,0.0,0.0,0.0,0.0,0.0,0.0,0.0,62.451,18.15,12.9,18.6,12.8,0.0,0.0,0.0,0.0,0.0
Grossmont HS,PSA,2017,0,1,1,62.451,18.15,12.9,18.6,12.8,62.451,18.15,12.9,18.6,12.8,61.65,19.35,11.7,19.0,11.6,0.0,0.0,0.0,0.0,0.0
Grossmont HS,PSA,2017,2,2,2,62.05,18.75,12.3,18.8,12.2,61.65,19.35,11.7,19.0,11.6,66.4,20.7,13.3,19.8,12.6,-0.801,1.2,-1.2,0.4,-1.2
Grossmont HS,PSA,2017,4,2,3,63.5,19.4,12.633,19.133,12.333,66.4,20.7,13.3,19.8,12.6,67.98,19.65,13.83,20.8,13.7,4.75,1.35,1.6,0.8,1.0
Halls HS,PSA,2017,3,0,0,0.0,0.0,0.0,0.0,0.0,0.0,0.0,0.0,0.0,0.0,83.85,25.05,16.8,25.2,16.8,0.0,0.0,0.0,0.0,0.0
Halls HS,PSA,2017,6,3,1,83.85,25.05,16.8,25.2,16.8,83.85,25.05,16.8,25.2,16.8,85.201,24.45,18.1,24.7,17.95,0.0,0.0,0.0,0.0,0.0
Hardin Valley Academy,PSA,2017,3,0,0,0.0,0.0,0.0,0.0,0.0,0.0,0.0,0.0,0.0,0.0,81.101,24.0,16.2,25.3,15.6,0.0,0.0,0.0,0.0,0.0
Hardin Valley Academy,PSA,2017,6,3,1,81.101,24.0,16.2,25.3,15.6,81.101,24.0,16.2,25.3,15.6,78.35,22.05,17.0,22.5,16.8,0.0,0.0,0.0,0.0,0.0
Hatboro-Horsham,PSA,2017,2,0,0,0.0,0.0,0.0,0.0,0.0,0.0,0.0,0.0,0.0,0.0,75.15,22.7,22.35,15.5,14.6,0.0,0.0,0.0,0.0,0.0
Hatboro-Horsham,PSA,2017,3,1,1,75.15,22.7,22.35,15.5,14.6,75.15,22.7,22.35,15.5,14.6,78.25,23.6,24.75,15.1,14.8,0.0,0.0,0.0,0.0,0.0
Hempfield,PSA,2017,0,0,0,0.0,0.0,0.0,0.0,0.0,0.0,0.0,0.0,0.0,0.0,65.101,19.7,21.3,12.3,11.8,0.0,0.0,0.0,0.0,0.0
Hempfield,PSA,2017,1,1,1,65.101,19.7,21.3,12.3,11.8,65.101,19.7,21.3,12.3,11.8,63.451,19.7,19.05,12.1,12.6,0.0,0.0,0.0,0.0,0.0
Hempfield,PSA,2017,4,3,2,64.276,19.7,20.175,12.2,12.2,63.451,19.7,19.05,12.1,12.6,72.0,22.5,21.6,13.6,14.3,-1.65,0.0,-2.25,-0.2,0.8
Hempfield,PSA,2017,7,3,3,66.851,20.633,20.65,12.667,12.9,72.0,22.5,21.6,13.6,14.3,74.15,23.6,22.95,14.2,13.4,8.549,2.8,2.55,1.5,1.7
Hempfield,PSA,2017,8,1,4,68.676,21.375,21.225,13.05,13.025,74.15,23.6,22.95,14.2,13.4,76.0,23.4,23.4,15.1,14.1,2.15,1.1,1.35,0.6,-0.9
Hilton HS Percussion,PSA,2017,-1,0,0,0.0,0.0,0.0,0.0,0.0,0.0,0.0,0.0,0.0,0.0,74.3,21.9,23.1,14.7,14.6,0.0,0.0,0.0,0.0,0.0
Hilton HS Percussion,PSA,2017,0,1,1,74.3,21.9,23.1,14.7,14.6,74.3,21.9,23.1,14.7,14.6,76.5,23.7,22.5,14.9,15.4,0.0,0.0,0.0,0.0,0.0
Hilton HS Percussion,PSA,2017,3,3,2,75.4,22.8,22.8,14.8,15.0,76.5,23.7,22.5,14.9,15.4,79.95,24.2,24.15,15.3,16.3,2.2,1.8,-0.6,0.2,0.8
Hopewell Valley Central,PSA,2017,0,0,0,0.0,0.0,0.0,0.0,0.0,0.0,0.0,0.0,0.0,0.0,63.451,20.3,19.95,11.8,11.4,0.0,0.0,0.0,0.0,0.0
Hopewell Valley Central,PSA,2017,1,1,1,63.451,20.3,19.95,11.8,11.4,63.451,20.3,19.95,11.8,11.4,62.901,18.3,20.1,12.0,12.5,0.0,0.0,0.0,0.0,0.0
Hopewell Valley Central,PSA,2017,2,1,2,63.176,19.3,20.025,11.9,11.95,62.901,18.3,20.1,12.0,12.5,63.45,19.7,18.75,12.4,12.6,-0.55,-2.0,0.15,0.2,1.1
Hopewell Valley Central,PSA,2017,3,1,3,63.267,19.433,19.6,12.067,12.167,63.45,19.7,18.75,12.4,12.6,63.15,19.8,19.05,11.9,12.4,0.549,1.4,-1.35,0.4,0.1
Hopewell Valley Central,PSA,2017,5,2,4,63.238,19.525,19.462,12.025,12.225,63.15,19.8,19.05,11.9,12.4,72.701,21.8,22.8,14.2,13.9,-0.3,0.1,0.3,-0.5,-0.2
Hopewell Valley Central,PSA,2017,7,2,5,65.131,19.98,20.13,12.46,12.56,72.701,21.8,22.8,14.2,13.9,75.4,23.25,23.25,14.0,14.9,9.551,2.0,3.75,2.3,1.5
Hopewell Valley Central,PSA,2017,8,1,6,66.842,20.525,20.65,12.717,12.95,75.4,23.25,23.25,14.0,14.9,77.95,24.3,22.95,15.2,15.5,2.699,1.45,0.45,-0.2,1.0
Jordan Elbridge Indoor Percussion,PSA,2017,-1,0,0,0.0,0.0,0.0,0.0,0.0,0.0,0.0,0.0,0.0,0.0,57.601,16.5,17.4,12.5,11.2,0.0,0.0,0.0,0.0,0.0
Jordan Elbridge Indoor Percussion,PSA,2017,0,1,1,57.601,16.5,17.4,12.5,11.2,57.601,16.5,17.4,12.5,11.2,64.951,18.8,21.15,13.1,11.9,0.0,0.0,0.0,0.0,0.0
Jordan Elbridge Indoor Percussion,PSA,2017,3,3,2,61.276,17.65,19.275,12.8,11.55,64.951,18.8,21.15,13.1,11.9,70.851,20.6,21.75,13.9,14.6,7.35,2.3,3.75,0.6,0.7
Jordan Elbridge Indoor Percussion,PSA,2017,4,1,3,64.468,18.633,20.1,13.167,12.567,70.851,20.6,21.75,13.9,14.6,70.701,20.0,21.9,14.0,14.8,5.9,1.8,0.6,0.8,2.7
Jordan Elbridge Indoor Percussion,PSA,2017,6,2,4,66.026,18.975,20.55,13.375,13.125,70.701,20.0,21.9,14.0,14.8,72.65,21.2,22.05,14.9,14.5,-0.15,-0.6,0.15,0.1,0.2
Jordan Elbridge Indoor Percussion,PSA,2017,7,1,5,67.351,19.42,20.85,13.68,13.4,72.65,21.2,22.05,14.9,14.5,78.951,24.1,22.35,16.2,16.3,1.949,1.2,0.15,0.9,-0.3
King Philip Regional HS,PSA,2017,3,0,0,0.0,0.0,0.0,0.0,0.0,0.0,0.0,0.0,0.0,0.0,81.35,23.85,16.3,25.6,15.6,0.0,0.0,0.0,0.0,0.0
King Philip Regional HS,PSA,2017,6,3,1,81.35,23.85,16.3,25.6,15.6,81.35,23.85,16.3,25.6,15.6,88.85,26.7,18.2,26.1,17.85,0.0,0.0,0.0,0.0,0.0
Kings HS,PSA,2017,1,0,0,0.0,0.0,0.0,0.0,0.0,0.0,0.0,0.0,0.0,0.0,63.401,18.15,11.6,20.2,13.45,0.0,0.0,0.0,0.0,0.0
Kings HS,PSA,2017,6,5,1,63.401,18.15,11.6,20.2,13.45,63.401,18.15,11.6,20.2,13.45,75.15,19.65,16.0,23.0,16.5,0.0,0.0,0.0,0.0,0.0
La Canada HS,PSA,2017,0,0,0,0.0,0.0,0.0,0.0,0.0,0.0,0.0,0.0,0.0,0.0,65.25,20.1,11.5,21.2,12.45,0.0,0.0,0.0,0.0,0.0
La Canada HS,PSA,2017,4,4,1,65.25,20.1,11.5,21.2,12.45,65.25,20.1,11.5,21.2,12.45,72.01,21.75,15.56,21.3,13.4,0.0,0.0,0.0,0.0,0.0
Licking Valley HS,PSA,2017,1,0,0,0.0,0.0,0.0,0.0,0.0,0.0,0.0,0.0,0.0,0.0,66.001,19.5,12.8,20.6,13.1,0.0,0.0,0.0,0.0,0.0
Licking Valley HS,PSA,2017,4,3,1,66.001,19.5,12.8,20.6,13.1,66.001,19.5,12.8,20.6,13.1,76.851,23.25,15.5,23.3,14.8,0.0,0.0,0.0,0.0,0.0
Liverpool Indoor Percussion,PSA,2017,-1,0,0,0.0,0.0,0.0,0.0,0.0,0.0,0.0,0.0,0.0,0.0,61.001,17.1,18.9,12.3,12.7,0.0,0.0,0.0,0.0,0.0
Liverpool Indoor Percussion,PSA,2017,1,2,1,61.001,17.1,18.9,12.3,12.7,61.001,17.1,18.9,12.3,12.7,63.501,20.4,18.3,11.6,13.2,0.0,0.0,0.0,0.0,0.0
Liverpool Indoor Percussion,PSA,2017,2,1,2,62.251,18.75,18.6,11.95,12.95,63.501,20.4,18.3,11.6,13.2,63.85,20.3,18.75,11.6,13.2,2.5,3.3,-0.6,-0.7,0.5
Liverpool Indoor Percussion,PSA,2017,4,2,3,62.784,19.267,18.65,11.833,13.033,63.85,20.3,18.75,11.6,13.2,70.75,21.6,21.45,13.7,14.0,0.349,-0.1,0.45,0.0,0.0
Liverpool Indoor Percussion,PSA,2017,5,1,4,64.775,19.85,19.35,12.3,13.275,70.75,21.6,21.45,13.7,14.0,74.9,22.5,22.2,15.3,14.9,6.9,1.3,2.7,2.1,0.8
Liverpool Indoor Percussion,PSA,2017,6,1,5,66.8,20.38,19.92,12.9,13.6,74.9,22.5,22.2,15.3,14.9,73.9,21.8,22.2,15.2,14.7,4.15,0.9,0.75,1.6,0.9
Liverpool Indoor Percussion,PSA,2017,7,1,6,67.984,20.617,20.3,13.283,13.783,73.9,21.8,22.2,15.2,14.7,80.901,25.4,23.7,16.0,15.8,-1.0,-0.7,0.0,-0.1,-0.2
Madera South HS,PSA,2017,3,0,0,0.0,0.0,0.0,0.0,0.0,0.0,0.0,0.0,0.0,0.0,73.725,23.025,15.5,20.3,14.9,0.0,0.0,0.0,0.0,0.0
Madera South HS,PSA,2017,6,3,1,73.725,23.025,15.5,20.3,14.9,73.725,23.025,15.5,20.3,14.9,75.9,22.5,15.2,22.2,16.0,0.0,0.0,0.0,0.0,0.0
Marcus Whitman,PSA,2017,5,0,0,0.0,0.0,0.0,0.0,0.0,0.0,0.0,0.0,0.0,0.0,62.451,19.3,18.15,12.4,12.6,0.0,0.0,0.0,0.0,0.0
Marcus Whitman,PSA,2017,6,1,1,62.451,19.3,18.15,12.4,12.6,62.451,19.3,18.15,12.4,12.6,61.001,16.7,18.9,12.8,12.6,0.0,0.0,0.0,0.0,0.0
Marcus Whitman,PSA,2017,7,1,2,61.726,18.0,18.525,12.6,12.6,61.001,16.7,18.9,12.8,12.6,67.05,21.1,19.35,13.2,13.4,-1.45,-2.6,0.75,0.4,0.0
Methacton,PSA,2017,0,0,0,0.0,0.0,0.0,0.0,0.0,0.0,0.0,0.0,0.0,0.0,67.05,18.8,22.05,12.9,13.3,0.0,0.0,0.0,0.0,0.0
Methacton,PSA,2017,4,4,1,67.05,18.8,22.05,12.9,13.3,67.05,18.8,22.05,12.9,13.3,75.601,22.9,23.1,14.4,15.2,0.0,0.0,0.0,0.0,0.0
Methacton,PSA,2017,7,3,2,71.326,20.85,22.575,13.65,14.25,75.601,22.9,23.1,14.4,15.2,77.351,24.1,23.85,14.8,14.6,8.551,4.1,1.05,1.5,1.9
Methacton,PSA,2017,8,1,3,73.334,21.933,23.0,14.033,14.367,77.351,24.1,23.85,14.8,14.6,80.851,24.25,24.6,16.4,15.6,1.75,1.2,0.75,0.4,-0.6
Milford HS (OH),PSA,2017,1,0,0,0.0,0.0,0.0,0.0,0.0,0.0,0.0,0.0,0.0,0.0,74.7,23.7,14.7,21.8,14.5,0.0,0.0,0.0,0.0,0.0
Milford HS (OH),PSA,2017,6,5,1,74.7,23.7,14.7,21.8,14.5,74.7,23.7,14.7,21.8,14.5,82.951,23.25,17.25,24.7,17.75,0.0,0.0,0.0,0.0,0.0
Mission Hills HS,PSA,2017,0,0,0,0.0,0.0,0.0,0.0,0.0,0.0,0.0,0.0,0.0,0.0,73.8,21.3,14.95,23.4,14.15,0.0,0.0,0.0,0.0,0.0
Mission Hills HS,PSA,2017,4,4,1,73.8,21.3,14.95,23.4,14.15,73.8,21.3,14.95,23.4,14.15,79.475,23.175,15.65,23.8,16.85,0.0,0.0,0.0,0.0,0.0
Moorpark HS,PSA,2017,0,0,0,0.0,0.0,0.0,0.0,0.0,0.0,0.0,0.0,0.0,0.0,70.1,21.75,13.9,21.7,12.75,0.0,0.0,0.0,0.0,0.0
Moorpark HS,PSA,2017,3,3,1,70.1,21.75,13.9,21.7,12.75,70.1,21.75,13.9,21.7,12.75,78.65,20.85,15.6,24.8,17.4,0.0,0.0,0.0,0.0,0.0
Moorpark HS,PSA,2017,5,2,2,74.375,21.3,14.75,23.25,15.075,78.65,20.85,15.6,24.8,17.4,79.725,24.525,16.0,24.0,15.2,8.55,-0.9,1.7,3.1,4.65
Nazarene Christian Academy,PSA,2017,3,0,0,0.0,0.0,0.0,0.0,0.0,0.0,0.0,0.0,0.0,0.0,68.501,22.2,11.6,22.2,12.5,0.0,0.0,0.0,0.0,0.0
Nazarene Christian Academy,PSA,2017,4,1,1,68.501,22.2,11.6,22.2,12.5,68.501,22.2,11.6,22.2,12.5,72.9,21.0,14.6,22.6,14.7,0.0,0.0,0.0,0.0,0.0
New Hartford,PSA,2017,-1,0,0,0.0,0.0,0.0,0.0,0.0,0.0,0.0,0.0,0.0,0.0,67.9,19.4,21.0,13.4,14.1,0.0,0.0,0.0,0.0,0.0
New Hartford,PSA,2017,0,1,1,67.9,19.4,21.0,13.4,14.1,67.9,19.4,21.0,13.4,14.1,70.75,21.2,20.85,14.3,14.4,0.0,0.0,0.0,0.0,0.0
New Hartford,PSA,2017,3,3,2,69.325,20.3,20.925,13.85,14.25,70.75,21.2,20.85,14.3,14.4,75.15,22.2,22.35,15.2,15.4,2.85,1.8,-0.15,0.9,0.3
New Hartford,PSA,2017,4,1,3,71.267,20.933,21.4,14.3,14.633,75.15,22.2,22.35,15.2,15.4,76.8,22.5,23.4,15.4,15.5,4.4,1.0,1.5,0.9,1.0
New Hartford,PSA,2017,6,2,4,72.65,21.325,21.9,14.575,14.85,76.8,22.5,23.4,15.4,15.5,77.6,22.6,23.4,16.1,15.5,1.65,0.3,1.05,0.2,0.1
New Hartford,PSA,2017,7,1,5,73.64,21.58,22.2,14.88,14.98,77.6,22.6,23.4,16.1,15.5,85.05,25.1,25.35,17.5,17.1,0.8,0.1,0.0,0.7,0.0
North Penn,PSA,2017,2,0,0,0.0,0.0,0.0,0.0,0.0,0.0,0.0,0.0,0.0,0.0,74.151,24.5,19.8,15.7,14.15,0.0,0.0,0.0,0.0,0.0
North Penn,PSA,2017,3,1,1,74.151,24.5,19.8,15.7,14.15,74.151,24.5,19.8,15.7,14.15,79.15,24.9,23.55,15.6,15.1,0.0,0.0,0.0,0.0,0.0
North Penn,PSA,2017,4,1,2,76.65,24.7,21.675,15.65,14.625,79.15,24.9,23.55,15.6,15.1,81.5,25.2,24.6,15.6,16.1,4.999,0.4,3.75,-0.1,0.95
North Penn,PSA,2017,5,1,3,78.267,24.867,22.65,15.633,15.117,81.5,25.2,24.6,15.6,16.1,81.951,25.9,25.35,14.5,16.2,2.35,0.3,1.05,0.0,1.0
North Penn,PSA,2017,7,2,4,79.188,25.125,23.325,15.35,15.388,81.951,25.9,25.35,14.5,16.2,86.1,26.1,26.4,17.2,16.4,0.451,0.7,0.75,-1.1,0.1
North Penn,PSA,2017,8,1,5,80.57,25.32,23.94,15.72,15.59,86.1,26.1,26.4,17.2,16.4,86.275,25.7,26.175,17.2,17.2,4.149,0.2,1.05,2.7,0.2
North Pointe Prep,PSA,2017,4,0,0,0.0,0.0,0.0,0.0,0.0,0.0,0.0,0.0,0.0,0.0,75.05,22.05,15.5,23.1,14.4,0.0,0.0,0.0,0.0,0.0
North Pointe Prep,PSA,2017,6,2,1,75.05,22.05,15.5,23.1,14.4,75.05,22.05,15.5,23.1,14.4,72.775,21.075,15.2,21.7,14.8,0.0,0.0,0.0,0.0,0.0
Oak Grove HS (MS),PSA,2017,5,0,0,0.0,0.0,0.0,0.0,0.0,0.0,0.0,0.0,0.0,0.0,87.05,26.475,17.825,26.15,16.6,0.0,0.0,0.0,0.0,0.0
Oak Grove HS (MS),PSA,2017,10,5,1,87.05,26.475,17.825,26.15,16.6,87.05,26.475,17.825,26.15,16.6,94.0,28.575,18.775,28.475,18.175,0.0,0.0,0.0,0.0,0.0
Olentangy Liberty HS,PSA,2017,1,0,0,0.0,0.0,0.0,0.0,0.0,0.0,0.0,0.0,0.0,0.0,74.75,21.0,15.2,23.7,14.85,0.0,0.0,0.0,0.0,0.0
Olentangy Liberty HS,PSA,2017,4,3,1,74.75,21.0,15.2,23.7,14.85,74.75,21.0,15.2,23.7,14.85,81.75,24.15,16.3,25.6,15.7,0.0,0.0,0.0,0.0,0.0
Ontario HS,PSA,2017,3,0,0,0.0,0.0,0.0,0.0,0.0,0.0,0.0,0.0,0.0,0.0,68.951,19.95,14.1,19.7,15.2,0.0,0.0,0.0,0.0,0.0
Ontario HS,PSA,2017,7,4,1,68.951,19.95,14.1,19.7,15.2,68.951,19.95,14.1,19.7,15.2,71.9,21.9,14.3,21.2,14.5,0.0,0.0,0.0,0.0,0.0
Owen J Roberts,PSA,2017,2,0,0,0.0,0.0,0.0,0.0,0.0,0.0,0.0,0.0,0.0,0.0,62.65,20.1,18.15,12.1,12.3,0.0,0.0,0.0,0.0,0.0
Owen J Roberts,PSA,2017,3,1,1,62.65,20.1,18.15,12.1,12.3,62.65,20.1,18.15,12.1,12.3,57.8,18.0,16.5,11.2,12.1,0.0,0.0,0.0,0.0,0.0
Owen J Roberts,PSA,2017,5,2,2,60.225,19.05,17.325,11.65,12.2,57.8,18.0,16.5,11.2,12.1,65.351,19.0,19.35,13.6,13.4,-4.85,-2.1,-1.65,-0.9,-0.2
Owen J Roberts,PSA,2017,7,2,3,61.934,19.033,18.0,12.3,12.6,65.351,19.0,19.35,13.6,13.4,66.5,21.1,19.8,12.9,12.7,7.551,1.0,2.85,2.4,1.3
Owen J Roberts,PSA,2017,8,1,4,63.075,19.55,18.45,12.45,12.625,66.5,21.1,19.8,12.9,12.7,72.8,22.6,21.3,14.6,14.3,1.149,2.1,0.45,-0.7,-0.7
Pacifica HS,PSA,2017,0,0,0,0.0,0.0,0.0,0.0,0.0,0.0,0.0,0.0,0.0,0.0,72.376,22.275,13.0,21.65,15.45,0.0,0.0,0.0,0.0,0.0
Pacifica HS,PSA,2017,4,4,1,72.376,22.275,13.0,21.65,15.45,72.376,22.275,13.0,21.65,15.45,78.125,22.875,16.35,22.4,16.5,0.0,0.0,0.0,0.0,0.0
Pacifica HS,PSA,2017,9,5,2,75.25,22.575,14.675,22.025,15.975,78.125,22.875,16.35,22.4,16.5,88.888,26.062,18.4,26.275,18.15,5.749,0.6,3.35,0.75,1.05
Palisades CHS,PSA,2017,4,0,0,0.0,0.0,0.0,0.0,0.0,0.0,0.0,0.0,0.0,0.0,77.316,22.725,15.99,23.5,15.1,0.0,0.0,0.0,0.0,0.0
Palisades CHS,PSA,2017,9,5,1,77.316,22.725,15.99,23.5,15.1,77.316,22.725,15.99,23.5,15.1,86.775,26.625,17.6,25.5,17.05,0.0,0.0,0.0,0.0,0.0
Panther Creek HS,PSA,2017,3,0,0,0.0,0.0,0.0,0.0,0.0,0.0,0.0,0.0,0.0,0.0,83.65,24.45,16.7,26.4,16.1,0.0,0.0,0.0,0.0,0.0
Panther Creek HS,PSA,2017,5,2,1,83.65,24.45,16.7,26.4,16.1,83.65,24.45,16.7,26.4,16.1,86.6,24.6,16.8,28.0,17.2,0.0,0.0,0.0,0.0,0.0
Parkland,PSA,2017,1,0,0,0.0,0.0,0.0,0.0,0.0,0.0,0.0,0.0,0.0,0.0,73.3,21.6,23.1,14.4,14.2,0.0,0.0,0.0,0.0,0.0
Parkland,PSA,2017,2,1,1,73.3,21.6,23.1,14.4,14.2,73.3,21.6,23.1,14.4,14.2,77.8,24.2,23.7,14.9,15.0,0.0,0.0,0.0,0.0,0.0
Parkland,PSA,2017,7,5,2,75.55,22.9,23.4,14.65,14.6,77.8,24.2,23.7,14.9,15.0,84.001,26.05,25.65,16.6,15.7,4.5,2.6,0.6,0.5,0.8
Parkland,PSA,2017,8,1,3,78.367,23.95,24.15,15.3,14.967,84.001,26.05,25.65,16.6,15.7,85.951,26.1,25.05,17.3,17.5,6.201,1.85,1.95,1.7,0.7
Parkland HS,PSA,2017,3,0,0,0.0,0.0,0.0,0.0,0.0,0.0,0.0,0.0,0.0,0.0,80.4,25.05,15.6,24.7,15.05,0.0,0.0,0.0,0.0,0.0
Parkland HS,PSA,2017,6,3,1,80.4,25.05,15.6,24.7,15.05,80.4,25.05,15.6,24.7,15.05,81.7,24.15,16.1,25.45,16.0,0.0,0.0,0.0,0.0,0.0
Perkiomen Valley,PSA,2017,1,0,0,0.0,0.0,0.0,0.0,0.0,0.0,0.0,0.0,0.0,0.0,71.3,21.9,21.9,13.9,13.6,0.0,0.0,0.0,0.0,0.0
Perkiomen Valley,PSA,2017,2,1,1,71.3,21.9,21.9,13.9,13.6,71.3,21.9,21.9,13.9,13.6,74.651,22.4,22.8,14.6,14.85,0.0,0.0,0.0,0.0,0.0
Perkiomen Valley,PSA,2017,3,1,2,72.976,22.15,22.35,14.25,14.225,74.651,22.4,22.8,14.6,14.85,77.85,24.1,23.1,15.4,15.25,3.351,0.5,0.9,0.7,1.25
Perkiomen Valley,PSA,2017,7,4,3,74.6,22.8,22.6,14.633,14.567,77.85,24.1,23.1,15.4,15.25,86.55,26.5,26.55,17.3,16.2,3.199,1.7,0.3,0.8,0.4
Perkiomen Valley,PSA,2017,8,1,4,77.588,23.725,23.588,15.3,14.975,86.55,26.5,26.55,17.3,16.2,87.9,25.55,26.25,18.2,17.9,8.7,2.4,3.45,1.9,0.95
Perry HS,PSA,2017,4,0,0,0.0,0.0,0.0,0.0,0.0,0.0,0.0,0.0,0.0,0.0,76.275,22.275,15.6,23.5,14.9,0.0,0.0,0.0,0.0,0.0
Perry HS,PSA,2017,6,2,1,76.275,22.275,15.6,23.5,14.9,76.275,22.275,15.6,23.5,14.9,71.9,21.3,15.3,20.9,14.4,0.0,0.0,0.0,0.0,0.0
Phoenix Indoor Percussion,PSA,2017,1,0,0,0.0,0.0,0.0,0.0,0.0,0.0,0.0,0.0,0.0,0.0,68.1,21.0,18.6,14.3,14.2,0.0,0.0,0.0,0.0,0.0
Phoenix Indoor Percussion,PSA,2017,2,1,1,68.1,21.0,18.6,14.3,14.2,68.1,21.0,18.6,14.3,14.2,69.45,21.5,19.65,13.8,14.5,0.0,0.0,0.0,0.0,0.0
Phoenix Indoor Percussion,PSA,2017,5,3,2,68.775,21.25,19.125,14.05,14.35,69.45,21.5,19.65,13.8,14.5,77.75,23.0,22.65,15.9,16.2,1.35,0.5,1.05,-0.5,0.3
Phoenix Indoor Percussion,PSA,2017,7,2,3,71.767,21.833,20.3,14.667,14.967,77.75,23.0,22.65,15.9,16.2,83.35,24.8,24.75,17.1,16.7,8.3,1.5,3.0,2.1,1.7
Ramona HS,PSA,2017,4,0,0,0.0,0.0,0.0,0.0,0.0,0.0,0.0,0.0,0.0,0.0,72.6,21.6,14.3,22.3,14.4,0.0,0.0,0.0,0.0,0.0
Ramona HS,PSA,2017,6,2,1,72.6,21.6,14.3,22.3,14.4,72.6,21.6,14.3,22.3,14.4,69.25,20.55,13.8,21.1,13.8,0.0,0.0,0.0,0.0,0.0
Rancho Verde HS,PSA,2017,0,0,0,0.0,0.0,0.0,0.0,0.0,0.0,0.0,0.0,0.0,0.0,66.1,20.4,12.9,19.6,13.2,0.0,0.0,0.0,0.0,0.0
Rancho Verde HS,PSA,2017,4,4,1,66.1,20.4,12.9,19.6,13.2,66.1,20.4,12.9,19.6,13.2,76.851,22.95,15.4,24.1,14.4,0.0,0.0,0.0,0.0,0.0
Ravenwood HS,PSA,2017,4,0,0,0.0,0.0,0.0,0.0,0.0,0.0,0.0,0.0,0.0,0.0,87.65,26.55,17.5,26.4,17.2,0.0,0.0,0.0,0.0,0.0
Ravenwood HS,PSA,2017,5,1,1,87.65,26.55,17.5,26.4,17.2,87.65,26.55,17.5,26.4,17.2,89.65,26.85,18.25,26.6,17.95,0.0,0.0,0.0,0.0,0.0
Redondo Union HS,PSA,2017,3,0,0,0.0,0.0,0.0,0.0,0.0,0.0,0.0,0.0,0.0,0.0,77.4,22.2,14.4,23.8,17.0,0.0,0.0,0.0,0.0,0.0
Redondo Union HS,PSA,2017,5,2,1,77.4,22.2,14.4,23.8,17.0,77.4,22.2,14.4,23.8,17.0,77.851,24.45,14.9,23.1,15.4,0.0,0.0,0.0,0.0,0.0
Redondo Union HS,PSA,2017,6,1,2,77.626,23.325,14.65,23.45,16.2,77.851,24.45,14.9,23.1,15.4,81.601,23.55,15.9,25.6,16.55,0.451,2.25,0.5,-0.7,-1.6
Redondo Union HS,PSA,2017,7,1,3,78.951,23.4,15.067,24.167,16.317,81.601,23.55,15.9,25.6,16.55,80.426,24.225,16.5,24.0,15.7,3.75,-0.9,1.0,2.5,1.15
San Bernardino City USD,PSA,2017,-1,0,0,0.0,0.0,0.0,0.0,0.0,0.0,0.0,0.0,0.0,0.0,68.051,19.65,12.8,22.1,13.5,0.0,0.0,0.0,0.0,0.0
San Bernardino City USD,PSA,2017,2,3,1,68.051,19.65,12.8,22.1,13.5,68.051,19.65,12.8,22.1,13.5,72.426,24.525,14.8,19.95,13.15,0.0,0.0,0.0,0.0,0.0
San Bernardino City USD,PSA,2017,5,3,2,70.238,22.088,13.8,21.025,13.325,72.426,24.525,14.8,19.95,13.15,78.8,23.1,16.5,23.4,15.8,4.375,4.875,2.0,-2.15,-0.35
San Bernardino City USD,PSA,2017,9,4,3,73.092,22.425,14.7,21.817,14.15,78.8,23.1,16.5,23.4,15.8,91.125,27.75,18.85,26.0,18.525,6.374,-1.425,1.7,3.45,2.65
San Marcos HS (SB),PSA,2017,3,0,0,0.0,0.0,0.0,0.0,0.0,0.0,0.0,0.0,0.0,0.0,71.151,19.65,13.7,21.2,16.6,0.0,0.0,0.0,0.0,0.0
San Marcos HS (SB),PSA,2017,7,4,1,71.151,19.65,13.7,21.2,16.6,71.151,19.65,13.7,21.2,16.6,78.651,24.0,15.6,23.05,16.0,0.0,0.0,0.0,0.0,0.0
Santa Paula HS,PSA,2017,-1,0,0,0.0,0.0,0.0,0.0,0.0,0.0,0.0,0.0,0.0,0.0,62.351,18.75,12.3,18.2,13.1,0.0,0.0,0.0,0.0,0.0
Santa Paula HS,PSA,2017,3,4,1,62.351,18.75,12.3,18.2,13.1,62.351,18.75,12.3,18.2,13.1,64.1,19.5,12.4,19.1,13.1,0.0,0.0,0.0,0.0,0.0
Savanna HS,PSA,2017,1,0,0,0.0,0.0,0.0,0.0,0.0,0.0,0.0,0.0,0.0,0.0,72.751,22.65,13.5,22.3,14.3,0.0,0.0,0.0,0.0,0.0
Savanna HS,PSA,2017,3,2,1,72.751,22.65,13.5,22.3,14.3,72.751,22.65,13.5,22.3,14.3,74.376,21.075,15.0,22.9,15.4,0.0,0.0,0.0,0.0,0.0
Seymour HS,PSA,2017,3,0,0,0.0,0.0,0.0,0.0,0.0,0.0,0.0,0.0,0.0,0.0,82.4,23.85,16.9,25.3,16.35,0.0,0.0,0.0,0.0,0.0
Seymour HS,PSA,2017,6,3,1,82.4,23.85,16.9,25.3,16.35,82.4,23.85,16.9,25.3,16.35,85.4,25.35,17.9,25.0,17.15,0.0,0.0,0.0,0.0,0.0
Sherwood HS,PSA,2017,5,0,0,0.0,0.0,0.0,0.0,0.0,0.0,0.0,0.0,0.0,0.0,85.9,26.1,17.4,25.3,17.1,0.0,0.0,0.0,0.0,0.0
Sherwood HS,PSA,2017,6,1,1,85.9,26.1,17.4,25.3,17.1,85.9,26.1,17.4,25.3,17.1,89.725,26.325,18.1,26.8,18.5,0.0,0.0,0.0,0.0,0.0
Sierra Vista HS,PSA,2017,4,0,0,0.0,0.0,0.0,0.0,0.0,0.0,0.0,0.0,0.0,0.0,77.75,23.25,16.7,23.2,14.6,0.0,0.0,0.0,0.0,0.0
Sierra Vista HS,PSA,2017,7,3,1,77.75,23.25,16.7,23.2,14.6,77.75,23.25,16.7,23.2,14.6,72.5,22.2,13.6,22.6,14.1,0.0,0.0,0.0,0.0,0.0
South Hills HS,PSA,2017,-1,0,0,0.0,0.0,0.0,0.0,0.0,0.0,0.0,0.0,0.0,0.0,75.2,22.2,14.9,22.8,15.3,0.0,0.0,0.0,0.0,0.0
South Hills HS,PSA,2017,2,3,1,75.2,22.2,14.9,22.8,15.3,75.2,22.2,14.9,22.8,15.3,71.626,23.325,12.5,22.5,13.3,0.0,0.0,0.0,0.0,0.0
South Hills HS,PSA,2017,7,5,2,73.413,22.762,13.7,22.65,14.3,71.626,23.325,12.5,22.5,13.3,83.25,23.85,17.3,25.0,17.1,-3.574,1.125,-2.4,-0.3,-2.0
South Hills HS,PSA,2017,9,2,3,76.692,23.125,14.9,23.433,15.233,83.25,23.85,17.3,25.0,17.1,86.763,26.137,18.0,24.675,17.95,11.624,0.525,4.8,2.5,3.8
Southern Regional,PSA,2017,0,0,0,0.0,0.0,0.0,0.0,0.0,0.0,0.0,0.0,0.0,0.0,74.2,20.6,23.4,16.2,14.0,0.0,0.0,0.0,0.0,0.0
Southern Regional,PSA,2017,4,4,1,74.2,20.6,23.4,16.2,14.0,74.2,20.6,23.4,16.2,14.0,80.9,24.5,23.4,16.8,16.2,0.0,0.0,0.0,0.0,0.0
Southern Regional,PSA,2017,5,1,2,77.55,22.55,23.4,16.5,15.1,80.9,24.5,23.4,16.8,16.2,85.95,25.8,26.55,16.9,16.7,6.7,3.9,0.0,0.6,2.2
Southern Regional,PSA,2017,7,2,3,80.35,23.633,24.45,16.633,15.633,85.95,25.8,26.55,16.9,16.7,86.65,26.2,26.85,17.6,16.0,5.05,1.3,3.15,0.1,0.5
Southern Regional,PSA,2017,8,1,4,81.925,24.275,25.05,16.875,15.725,86.65,26.2,26.85,17.6,16.0,88.1,25.25,27.75,18.3,16.8,0.7,0.4,0.3,0.7,-0.7
Southgate Anderson HS,PSA,2017,0,0,0,0.0,0.0,0.0,0.0,0.0,0.0,0.0,0.0,0.0,0.0,68.201,20.7,13.9,20.2,13.4,0.0,0.0,0.0,0.0,0.0
Southgate Anderson HS,PSA,2017,4,4,1,68.201,20.7,13.9,20.2,13.4,68.201,20.7,13.9,20.2,13.4,70.65,20.25,14.0,24.1,12.3,0.0,0.0,0.0,0.0,0.0
St. Genevieve HS,PSA,2017,0,0,0,0.0,0.0,0.0,0.0,0.0,0.0,0.0,0.0,0.0,0.0,66.7,20.55,12.3,20.6,13.25,0.0,0.0,0.0,0.0,0.0
St. Genevieve HS,PSA,2017,5,5,1,66.7,20.55,12.3,20.6,13.25,66.7,20.55,12.3,20.6,13.25,75.0,24.0,14.4,21.8,14.8,0.0,0.0,0.0,0.0,0.0
Temecula Valley HS,PSA,2017,4,0,0,0.0,0.0,0.0,0.0,0.0,0.0,0.0,0.0,0.0,0.0,72.9,21.15,13.85,23.8,14.1,0.0,0.0,0.0,0.0,0.0
Temecula Valley HS,PSA,2017,7,3,1,72.9,21.15,13.85,23.8,14.1,72.9,21.15,13.85,23.8,14.1,76.8,23.1,15.4,22.9,15.4,0.0,0.0,0.0,0.0,0.0
Temescal Canyon HS,PSA,2017,0,0,0,0.0,0.0,0.0,0.0,0.0,0.0,0.0,0.0,0.0,0.0,65.95,20.85,12.1,20.3,12.7,0.0,0.0,0.0,0.0,0.0
Temescal Canyon HS,PSA,2017,2,2,1,65.95,20.85,12.1,20.3,12.7,65.95,20.85,12.1,20.3,12.7,64.175,20.925,11.8,19.0,12.45,0.0,0.0,0.0,0.0,0.0
Temple City HS,PSA,2017,1,0,0,0.0,0.0,0.0,0.0,0.0,0.0,0.0,0.0,0.0,0.0,76.425,23.625,15.9,21.8,15.1,0.0,0.0,0.0,0.0,0.0
Temple City HS,PSA,2017,6,5,1,76.425,23.625,15.9,21.8,15.1,76.425,23.625,15.9,21.8,15.1,82.526,25.125,16.7,23.3,17.4,0.0,0.0,0.0,0.0,0.0
Torrance HS,PSA,2017,1,0,0,0.0,0.0,0.0,0.0,0.0,0.0,0.0,0.0,0.0,0.0,78.775,24.075,16.4,22.9,15.4,0.0,0.0,0.0,0.0,0.0
Torrance HS,PSA,2017,6,5,1,78.775,24.075,16.4,22.9,15.4,78.775,24.075,16.4,22.9,15.4,86.65,24.6,17.7,27.25,17.1,0.0,0.0,0.0,0.0,0.0
Torrance HS,PSA,2017,9,3,2,82.712,24.338,17.05,25.075,16.25,86.65,24.6,17.7,27.25,17.1,91.0,27.975,18.55,26.25,18.225,7.875,0.525,1.3,4.35,1.7
Trabuco Hills HS,PSA,2017,2,0,0,0.0,0.0,0.0,0.0,0.0,0.0,0.0,0.0,0.0,0.0,78.7,24.9,15.6,23.0,15.2,0.0,0.0,0.0,0.0,0.0
Trabuco Hills HS,PSA,2017,5,3,1,78.7,24.9,15.6,23.0,15.2,78.7,24.9,15.6,23.0,15.2,82.95,25.05,16.7,24.8,16.4,0.0,0.0,0.0,0.0,0.0
Trabuco Hills HS,PSA,2017,9,4,2,80.825,24.975,16.15,23.9,15.8,82.95,25.05,16.7,24.8,16.4,83.65,24.15,17.6,24.45,17.45,4.25,0.15,1.1,1.8,1.2
Unionville,PSA,2017,2,0,0,0.0,0.0,0.0,0.0,0.0,0.0,0.0,0.0,0.0,0.0,76.95,23.2,23.25,15.3,15.2,0.0,0.0,0.0,0.0,0.0
Unionville,PSA,2017,3,1,1,76.95,23.2,23.25,15.3,15.2,76.95,23.2,23.25,15.3,15.2,79.8,24.0,25.2,15.0,15.6,0.0,0.0,0.0,0.0,0.0
Unionville,PSA,2017,7,4,2,78.375,23.6,24.225,15.15,15.4,79.8,24.0,25.2,15.0,15.6,89.2,27.0,25.8,18.1,18.3,2.85,0.8,1.95,-0.3,0.4
Unionville,PSA,2017,8,1,3,81.983,24.733,24.75,16.133,16.367,89.2,27.0,25.8,18.1,18.3,89.7,26.4,27.6,18.4,17.3,9.4,3.0,0.6,3.1,2.7
Upper Moreland,PSA,2017,2,0,0,0.0,0.0,0.0,0.0,0.0,0.0,0.0,0.0,0.0,0.0,75.15,23.9,21.75,14.45,15.05,0.0,0.0,0.0,0.0,0.0
Upper Moreland,PSA,2017,3,1,1,75.15,23.9,21.75,14.45,15.05,75.15,23.9,21.75,14.45,15.05,74.451,22.7,21.9,14.5,15.35,0.0,0.0,0.0,0.0,0.0
Upper Moreland,PSA,2017,4,1,2,74.8,23.3,21.825,14.475,15.2,74.451,22.7,21.9,14.5,15.35,78.8,23.75,24.0,14.9,16.15,-0.699,-1.2,0.15,0.05,0.3
Upper Moreland,PSA,2017,5,1,3,76.134,23.45,22.55,14.617,15.517,78.8,23.75,24.0,14.9,16.15,83.65,25.3,24.45,16.7,17.2,4.349,1.05,2.1,0.4,0.8
Upper Moreland,PSA,2017,7,2,4,78.013,23.912,23.025,15.138,15.938,83.65,25.3,24.45,16.7,17.2,81.301,25.45,24.6,16.05,15.2,4.85,1.55,0.45,1.8,1.05
Upper Moreland,PSA,2017,8,1,5,78.67,24.22,23.34,15.32,15.79,81.301,25.45,24.6,16.05,15.2,84.351,25.2,25.35,16.8,17.0,-2.349,0.15,0.15,-0.65,-2.0
Valencia HS (OC),PSA,2017,-1,0,0,0.0,0.0,0.0,0.0,0.0,0.0,0.0,0.0,0.0,0.0,72.95,21.75,13.4,23.3,14.5,0.0,0.0,0.0,0.0,0.0
Valencia HS (OC),PSA,2017,2,3,1,72.95,21.75,13.4,23.3,14.5,72.95,21.75,13.4,23.3,14.5,70.075,21.225,14.0,20.6,14.25,0.0,0.0,0.0,0.0,0.0
Valencia HS (OC),PSA,2017,7,5,2,71.512,21.488,13.7,21.95,14.375,70.075,21.225,14.0,20.6,14.25,82.9,25.2,17.0,23.8,16.9,-2.875,-0.525,0.6,-2.7,-0.25
Victor HS,PSA,2017,1,0,0,0.0,0.0,0.0,0.0,0.0,0.0,0.0,0.0,0.0,0.0,79.75,25.05,15.9,23.1,15.7,0.0,0.0,0.0,0.0,0.0
Victor HS,PSA,2017,10,9,1,79.75,25.05,15.9,23.1,15.7,79.75,25.05,15.9,23.1,15.7,94.213,28.763,18.4,28.1,18.95,0.0,0.0,0.0,0.0,0.0
Victor Indoor Percussion Ensemble,PSA,2017,-1,0,0,0.0,0.0,0.0,0.0,0.0,0.0,0.0,0.0,0.0,0.0,76.65,22.3,23.55,15.3,15.5,0.0,0.0,0.0,0.0,0.0
Victor Indoor Percussion Ensemble,PSA,2017,0,1,1,76.65,22.3,23.55,15.3,15.5,76.65,22.3,23.55,15.3,15.5,78.6,23.8,23.4,15.5,15.9,0.0,0.0,0.0,0.0,0.0
Victor Indoor Percussion Ensemble,PSA,2017,3,3,2,77.625,23.05,23.475,15.4,15.7,78.6,23.8,23.4,15.5,15.9,82.7,24.7,25.2,16.3,16.5,1.95,1.5,-0.15,0.2,0.4
Waller HS,PSA,2017,3,0,0,0.0,0.0,0.0,0.0,0.0,0.0,0.0,0.0,0.0,0.0,75.55,24.15,15.2,22.7,13.5,0.0,0.0,0.0,0.0,0.0
Waller HS,PSA,2017,4,1,1,75.55,24.15,15.2,22.7,13.5,75.55,24.15,15.2,22.7,13.5,81.55,24.75,16.0,24.4,16.4,0.0,0.0,0.0,0.0,0.0
Webster Percussion Theater,PSA,2017,0,0,0,0.0,0.0,0.0,0.0,0.0,0.0,0.0,0.0,0.0,0.0,65.05,20.6,18.45,12.9,13.1,0.0,0.0,0.0,0.0,0.0
Webster Percussion Theater,PSA,2017,3,3,1,65.05,20.6,18.45,12.9,13.1,65.05,20.6,18.45,12.9,13.1,67.951,20.2,21.15,13.2,13.4,0.0,0.0,0.0,0.0,0.0
Webster Percussion Theater,PSA,2017,4,1,2,66.5,20.4,19.8,13.05,13.25,67.951,20.2,21.15,13.2,13.4,67.251,21.0,19.65,13.2,13.4,2.901,-0.4,2.7,0.3,0.3
Webster Percussion Theater,PSA,2017,6,2,3,66.751,20.6,19.75,13.1,13.3,67.251,21.0,19.65,13.2,13.4,66.451,18.5,20.85,13.5,13.6,-0.7,0.8,-1.5,0.0,0.0
Webster Percussion Theater,PSA,2017,7,1,4,66.676,20.075,20.025,13.2,13.375,66.451,18.5,20.85,13.5,13.6,72.451,22.2,21.15,14.5,14.6,-0.8,-2.5,1.2,0.3,0.2
West Bloomfield HS,PSA,2017,0,0,0,0.0,0.0,0.0,0.0,0.0,0.0,0.0,0.0,0.0,0.0,71.9,21.9,14.9,21.4,13.7,0.0,0.0,0.0,0.0,0.0
West Bloomfield HS,PSA,2017,6,6,1,71.9,21.9,14.9,21.4,13.7,71.9,21.9,14.9,21.4,13.7,86.375,25.95,17.1,26.05,17.275,0.0,0.0,0.0,0.0,0.0
West HS (Torrance),PSA,2017,-1,0,0,0.0,0.0,0.0,0.0,0.0,0.0,0.0,0.0,0.0,0.0,71.2,19.8,13.2,24.2,14.0,0.0,0.0,0.0,0.0,0.0
West HS (Torrance),PSA,2017,2,3,1,71.2,19.8,13.2,24.2,14.0,71.2,19.8,13.2,24.2,14.0,76.175,24.675,15.0,22.15,14.35,0.0,0.0,0.0,0.0,0.0
West Milford HS,PSA,2017,3,0,0,0.0,0.0,0.0,0.0,0.0,0.0,0.0,0.0,0.0,0.0,71.7,22.5,14.5,21.3,13.4,0.0,0.0,0.0,0.0,0.0
West Milford HS,PSA,2017,6,3,1,71.7,22.5,14.5,21.3,13.4,71.7,22.5,14.5,21.3,13.4,80.825,26.175,16.7,23.05,14.9,0.0,0.0,0.0,0.0,0.0
Westhill HS,PSA,2017,3,0,0,0.0,0.0,0.0,0.0,0.0,0.0,0.0,0.0,0.0,0.0,78.451,24.9,15.2,23.6,14.75,0.0,0.0,0.0,0.0,0.0
Westhill HS,PSA,2017,6,3,1,78.451,24.9,15.2,23.6,14.75,78.451,24.9,15.2,23.6,14.75,82.901,25.65,16.575,24.075,16.6,0.0,0.0,0.0,0.0,0.0
Westminster HS,PSA,2017,-1,0,0,0.0,0.0,0.0,0.0,0.0,0.0,0.0,0.0,0.0,0.0,70.801,20.1,14.1,22.7,13.9,0.0,0.0,0.0,0.0,0.0
Westminster HS,PSA,2017,1,2,1,70.801,20.1,14.1,22.7,13.9,70.801,20.1,14.1,22.7,13.9,75.451,23.85,14.9,22.0,14.7,0.0,0.0,0.0,0.0,0.0
Westminster HS,PSA,2017,6,5,2,73.126,21.975,14.5,22.35,14.3,75.451,23.85,14.9,22.0,14.7,85.301,25.5,16.9,25.9,17.0,4.65,3.75,0.8,-0.7,0.8
Westminster HS,PSA,2017,9,3,3,77.184,23.15,15.3,23.533,15.2,85.301,25.5,16.9,25.9,17.0,85.626,26.025,17.125,25.575,16.9,9.85,1.65,2.0,3.9,2.3
Williamstown,PSA,2017,2,0,0,0.0,0.0,0.0,0.0,0.0,0.0,0.0,0.0,0.0,0.0,69.55,22.1,20.25,13.5,13.7,0.0,0.0,0.0,0.0,0.0
Williamstown,PSA,2017,3,1,1,69.55,22.1,20.25,13.5,13.7,69.55,22.1,20.25,13.5,13.7,73.501,23.2,22.5,13.3,14.5,0.0,0.0,0.0,0.0,0.0
Williamstown,PSA,2017,4,1,2,71.526,22.65,21.375,13.4,14.1,73.501,23.2,22.5,13.3,14.5,76.501,23.8,24.45,13.45,14.8,3.951,1.1,2.25,-0.2,0.8
Zionsville Community HS,PSA,2017,4,0,0,0.0,0.0,0.0,0.0,0.0,0.0,0.0,0.0,0.0,0.0,86.5,25.5,17.1,26.9,17.0,0.0,0.0,0.0,0.0,0.0
Zionsville Community HS,PSA,2017,10,6,1,86.5,25.5,17.1,26.9,17.0,86.5,25.5,17.1,26.9,17.0,91.05,26.7,18.8,27.075,18.475,0.0,0.0,0.0,0.0,0.0
Atlanta Quest,PIW,2017,4,0,0,0.0,0.0,0.0,0.0,0.0,0.0,0.0,0.0,0.0,0.0,84.275,25.275,16.8,25.7,16.5,0.0,0.0,0.0,0.0,0.0
Atlanta Quest,PIW,2017,6,2,1,84.275,25.275,16.8,25.7,16.5,84.275,25.275,16.8,25.7,16.5,85.325,25.95,17.125,25.6,16.65,0.0,0.0,0.0,0.0,0.0
Atlanta Quest,PIW,2017,10,4,2,84.8,25.612,16.962,25.65,16.575,85.325,25.95,17.125,25.6,16.65,89.575,27.0,17.65,26.825,18.1,1.05,0.675,0.325,-0.1,0.15
Broken City,PIW,2017,0,0,0,0.0,0.0,0.0,0.0,0.0,0.0,0.0,0.0,0.0,0.0,85.5,26.25,16.6,25.3,17.35,0.0,0.0,0.0,0.0,0.0
Broken City,PIW,2017,2,2,1,85.5,26.25,16.6,25.3,17.35,85.5,26.25,16.6,25.3,17.35,85.6,26.7,16.6,25.0,17.3,0.0,0.0,0.0,0.0,0.0
Broken City,PIW,2017,3,1,2,85.55,26.475,16.6,25.15,17.325,85.6,26.7,16.6,25.0,17.3,87.85,26.55,17.4,26.2,17.7,0.1,0.45,0.0,-0.3,-0.05
Broken City,PIW,2017,6,3,3,86.317,26.5,16.867,25.5,17.45,87.85,26.55,17.4,26.2,17.7,89.75,27.15,18.0,27.3,17.3,2.25,-0.15,0.8,1.2,0.4
Broken City,PIW,2017,8,2,4,87.175,26.662,17.15,25.95,17.412,89.75,27.15,18.0,27.3,17.3,94.05,27.75,18.8,28.7,18.8,1.9,0.6,0.6,1.1,-0.4
Broken City,PIW,2017,9,1,5,88.55,26.88,17.48,26.5,17.69,94.05,27.75,18.8,28.7,18.8,94.538,28.237,18.6,28.85,18.85,4.3,0.6,0.8,1.4,1.5
Broken City,PIW,2017,10,1,6,89.548,27.106,17.667,26.892,17.883,94.538,28.237,18.6,28.85,18.85,97.7,29.025,19.7,29.425,19.55,0.488,0.487,-0.2,0.15,0.05
Cap City Percussion,PIW,2017,6,0,0,0.0,0.0,0.0,0.0,0.0,0.0,0.0,0.0,0.0,0.0,87.3,26.7,17.1,26.5,17.0,0.0,0.0,0.0,0.0,0.0
Cap City Percussion,PIW,2017,10,4,1,87.3,26.7,17.1,26.5,17.0,87.3,26.7,17.1,26.5,17.0,89.688,26.888,17.825,26.7,18.275,0.0,0.0,0.0,0.0,0.0
Cavaliers Indoor Percussion,PIW,2017,1,0,0,0.0,0.0,0.0,0.0,0.0,0.0,0.0,0.0,0.0,0.0,78.2,23.25,15.6,24.3,15.05,0.0,0.0,0.0,0.0,0.0
Cavaliers Indoor Percussion,PIW,2017,4,3,1,78.2,23.25,15.6,24.3,15.05,78.2,23.25,15.6,24.3,15.05,83.0,24.45,17.3,25.65,15.6,0.0,0.0,0.0,0.0,0.0
Cavaliers Indoor Percussion,PIW,2017,6,2,2,80.6,23.85,16.45,24.975,15.325,83.0,24.45,17.3,25.65,15.6,85.313,26.137,16.95,25.275,16.95,4.8,1.2,1.7,1.35,0.55
Dark Sky Percussion,PIW,2017,-1,0,0,0.0,0.0,0.0,0.0,0.0,0.0,0.0,0.0,0.0,0.0,70.7,21.6,13.3,21.5,14.3,0.0,0.0,0.0,0.0,0.0
Dark Sky Percussion,PIW,2017,3,4,1,70.7,21.6,13.3,21.5,14.3,70.7,21.6,13.3,21.5,14.3,79.9,24.3,15.9,24.5,15.2,0.0,0.0,0.0,0.0,0.0
Dark Sky Percussion,PIW,2017,6,3,2,75.3,22.95,14.6,23.0,14.75,79.9,24.3,15.9,24.5,15.2,83.85,25.65,16.7,25.6,15.9,9.2,2.7,2.6,3.0,0.9
Dark Sky Percussion,PIW,2017,8,2,3,78.15,23.85,15.3,23.867,15.133,83.85,25.65,16.7,25.6,15.9,88.701,26.85,17.7,27.55,16.6,3.95,1.35,0.8,1.1,0.7
Dark Sky Percussion,PIW,2017,9,1,4,80.788,24.6,15.9,24.787,15.5,88.701,26.85,17.7,27.55,16.6,87.263,25.762,17.25,27.35,16.9,4.851,1.2,1.0,1.95,0.7
Dark Sky Percussion,PIW,2017,10,1,5,82.083,24.832,16.17,25.3,15.78,87.263,25.762,17.25,27.35,16.9,86.013,26.288,17.125,25.4,17.2,-1.438,-1.088,-0.45,-0.2,0.3
Equinox Percussion,PIW,2017,4,0,0,0.0,0.0,0.0,0.0,0.0,0.0,0.0,0.0,0.0,0.0,80.1,23.7,16.8,23.7,15.9,0.0,0.0,0.0,0.0,0.0
Equinox Percussion,PIW,2017,6,2,1,80.1,23.7,16.8,23.7,15.9,80.1,23.7,16.8,23.7,15.9,82.551,24.525,16.75,25.025,16.25,0.0,0.0,0.0,0.0,0.0
Gateway Indoor,PIW,2017,2,0,0,0.0,0.0,0.0,0.0,0.0,0.0,0.0,0.0,0.0,0.0,76.2,22.8,15.6,22.2,15.6,0.0,0.0,0.0,0.0,0.0
Gateway Indoor,PIW,2017,6,4,1,76.2,22.8,15.6,22.2,15.6,76.2,22.8,15.6,22.2,15.6,80.151,25.05,15.4,24.1,15.6,0.0,0.0,0.0,0.0,0.0
George Mason University,PIW,2017,1,0,0,0.0,0.0,0.0,0.0,0.0,0.0,0.0,0.0,0.0,0.0,76.401,23.4,14.7,23.9,14.4,0.0,0.0,0.0,0.0,0.0
George Mason University,PIW,2017,5,4,1,76.401,23.4,14.7,23.9,14.4,76.401,23.4,14.7,23.9,14.4,86.3,26.1,17.2,25.9,17.1,0.0,0.0,0.0,0.0,0.0
George Mason University,PIW,2017,6,1,2,81.35,24.75,15.95,24.9,15.75,86.3,26.1,17.2,25.9,17.1,86.65,27.15,17.4,25.8,16.3,9.899,2.7,2.5,2.0,2.7
George Mason University,PIW,2017,10,4,3,83.117,25.55,16.433,25.2,15.933,86.65,27.15,17.4,25.8,16.3,87.825,26.025,17.85,26.375,17.575,0.35,1.05,0.2,-0.1,-0.8
Infinity,PIW,2017,4,0,0,0.0,0.0,0.0,0.0,0.0,0.0,0.0,0.0,0.0,0.0,85.45,25.65,17.4,25.2,17.2,0.0,0.0,0.0,0.0,0.0
Infinity,PIW,2017,5,1,1,85.45,25.65,17.4,25.2,17.2,85.45,25.65,17.4,25.2,17.2,88.825,26.625,17.8,26.95,17.45,0.0,0.0,0.0,0.0,0.0
Infinity,PIW,2017,10,5,2,87.138,26.138,17.6,26.075,17.325,88.825,26.625,17.8,26.95,17.45,91.776,27.0,18.525,27.875,18.375,3.375,0.975,0.4,1.75,0.25
Legacy Indoor Percussion,PIW,2017,1,0,0,0.0,0.0,0.0,0.0,0.0,0.0,0.0,0.0,0.0,0.0,75.801,21.3,14.9,24.3,15.3,0.0,0.0,0.0,0.0,0.0
Legacy Indoor Percussion,PIW,2017,4,3,1,75.801,21.3,14.9,24.3,15.3,75.801,21.3,14.9,24.3,15.3,80.925,25.125,16.6,24.1,15.1,0.0,0.0,0.0,0.0,0.0
Legacy Indoor Percussion,PIW,2017,6,2,2,78.363,23.212,15.75,24.2,15.2,80.925,25.125,16.6,24.1,15.1,82.576,25.275,16.05,25.25,16.0,5.124,3.825,1.7,-0.2,-0.2
Matrix,PIW,2017,4,0,0,0.0,0.0,0.0,0.0,0.0,0.0,0.0,0.0,0.0,0.0,85.55,25.2,17.65,25.8,16.9,0.0,0.0,0.0,0.0,0.0
Matrix,PIW,2017,10,6,1,85.55,25.2,17.65,25.8,16.9,85.55,25.2,17.65,25.8,16.9,94.4,27.75,19.35,28.325,18.975,0.0,0.0,0.0,0.0,0.0
Monarch Independent,PIW,2017,4,0,0,0.0,0.0,0.0,0.0,0.0,0.0,0.0,0.0,0.0,0.0,85.9,25.8,17.4,25.9,16.8,0.0,0.0,0.0,0.0,0.0
Monarch Independent,PIW,2017,10,6,1,85.9,25.8,17.4,25.9,16.8,85.9,25.8,17.4,25.9,16.8,94.164,28.163,19.05,28.3,18.65,0.0,0.0,0.0,0.0,0.0
Music City Mystique,PIW,2017,1,0,0,0.0,0.0,0.0,0.0,0.0,0.0,0.0,0.0,0.0,0.0,83.5,24.9,16.9,25.0,16.7,0.0,0.0,0.0,0.0,0.0
Music City Mystique,PIW,2017,5,4,1,83.5,24.9,16.9,25.0,16.7,83.5,24.9,16.9,25.0,16.7,91.125,27.675,18.5,26.75,18.2,0.0,0.0,0.0,0.0,0.0
Music City Mystique,PIW,2017,10,5,2,87.312,26.288,17.7,25.875,17.45,91.125,27.675,18.5,26.75,18.2,98.0,29.475,19.9,28.875,19.75,7.625,2.775,1.6,1.75,1.5
NorthCoast Academy,PIW,2017,0,0,0,0.0,0.0,0.0,0.0,0.0,0.0,0.0,0.0,0.0,0.0,78.75,23.7,14.3,24.7,16.05,0.0,0.0,0.0,0.0,0.0
NorthCoast Academy,PIW,2017,4,4,1,78.75,23.7,14.3,24.7,16.05,78.75,23.7,14.3,24.7,16.05,80.376,24.375,16.1,23.8,16.1,0.0,0.0,0.0,0.0,0.0
OC Indoor,PIW,2017,5,0,0,0.0,0.0,0.0,0.0,0.0,0.0,0.0,0.0,0.0,0.0,81.9,24.6,16.0,24.8,16.5,0.0,0.0,0.0,0.0,0.0
OC Indoor,PIW,2017,10,5,1,81.9,24.6,16.0,24.8,16.5,81.9,24.6,16.0,24.8,16.5,87.163,26.212,17.6,25.95,17.4,0.0,0.0,0.0,0.0,0.0
POW Percussion,PIW,2017,-1,0,0,0.0,0.0,0.0,0.0,0.0,0.0,0.0,0.0,0.0,0.0,72.2,21.9,13.9,21.9,14.5,0.0,0.0,0.0,0.0,0.0
POW Percussion,PIW,2017,1,2,1,72.2,21.9,13.9,21.9,14.5,72.2,21.9,13.9,21.9,14.5,80.4,24.3,16.1,24.5,15.5,0.0,0.0,0.0,0.0,0.0
POW Percussion,PIW,2017,4,3,2,76.3,23.1,15.0,23.2,15.0,80.4,24.3,16.1,24.5,15.5,84.275,24.975,17.3,25.2,16.8,8.2,2.4,2.2,2.6,1.0
POW Percussion,PIW,2017,6,2,3,78.958,23.725,15.767,23.867,15.6,84.275,24.975,17.3,25.2,16.8,87.4,26.7,16.9,26.6,17.2,3.875,0.675,1.2,0.7,1.3
POW Percussion,PIW,2017,8,2,4,81.069,24.469,16.05,24.55,16.0,87.4,26.7,16.9,26.6,17.2,89.9,27.3,17.3,27.9,17.4,3.125,1.725,-0.4,1.4,0.4
POW Percussion,PIW,2017,9,1,5,82.835,25.035,16.3,25.22,16.28,89.9,27.3,17.3,27.9,17.4,89.338,26.438,17.5,27.9,17.5,2.5,0.6,0.4,1.3,0.2
POW Percussion,PIW,2017,10,1,6,83.919,25.269,16.5,25.667,16.483,89.338,26.438,17.5,27.9,17.5,91.075,27.15,18.3,27.55,18.075,-0.562,-0.862,0.2,0.0,0.1
Pulse Percussion,PIW,2017,-1,0,0,0.0,0.0,0.0,0.0,0.0,0.0,0.0,0.0,0.0,0.0,81.05,24.15,16.5,24.6,15.8,0.0,0.0,0.0,0.0,0.0
Pulse Percussion,PIW,2017,1,2,1,81.05,24.15,16.5,24.6,15.8,81.05,24.15,16.5,24.6,15.8,84.975,25.275,17.0,25.6,17.1,0.0,0.0,0.0,0.0,0.0
Pulse Percussion,PIW,2017,4,3,2,83.012,24.712,16.75,25.1,16.45,84.975,25.275,17.0,25.6,17.1,91.0,27.45,18.35,26.9,18.3,3.925,1.125,0.5,1.0,1.3
Pulse Percussion,PIW,2017,6,2,3,85.675,25.625,17.283,25.7,17.067,91.0,27.45,18.35,26.9,18.3,92.775,27.525,18.6,27.95,18.7,6.025,2.175,1.35,1.3,1.2
Pulse Percussion,PIW,2017,8,2,4,87.45,26.1,17.612,26.262,17.475,92.775,27.525,18.6,27.95,18.7,95.55,28.65,19.0,28.9,19.0,1.775,0.075,0.25,1.05,0.4
Pulse Percussion,PIW,2017,9,1,5,89.07,26.61,17.89,26.79,17.78,95.55,28.65,19.0,28.9,19.0,94.4,28.8,18.225,28.825,18.55,2.775,1.125,0.4,0.95,0.3
Pulse Percussion,PIW,2017,10,1,6,89.958,26.975,17.946,27.129,17.908,94.4,28.8,18.225,28.825,18.55,96.95,28.8,19.7,29.125,19.325,-1.15,0.15,-0.775,-0.075,-0.45
RCC,PIW,2017,-1,0,0,0.0,0.0,0.0,0.0,0.0,0.0,0.0,0.0,0.0,0.0,79.65,23.25,16.3,24.1,16.0,0.0,0.0,0.0,0.0,0.0
RCC,PIW,2017,1,2,1,79.65,23.25,16.3,24.1,16.0,79.65,23.25,16.3,24.1,16.0,84.55,25.65,16.8,25.4,16.7,0.0,0.0,0.0,0.0,0.0
RCC,PIW,2017,4,3,2,82.1,24.45,16.55,24.75,16.35,84.55,25.65,16.8,25.4,16.7,89.3,26.7,18.3,26.2,18.1,4.9,2.4,0.5,1.3,0.7
RCC,PIW,2017,6,2,3,84.5,25.2,17.133,25.233,16.933,89.3,26.7,18.3,26.2,18.1,93.45,27.9,18.7,28.4,18.45,4.75,1.05,1.5,0.8,1.4
RCC,PIW,2017,8,2,4,86.738,25.875,17.525,26.025,17.312,93.45,27.9,18.7,28.4,18.45,93.475,27.825,18.6,28.55,18.5,4.15,1.2,0.4,2.2,0.35
RCC,PIW,2017,9,1,5,88.085,26.265,17.74,26.53,17.55,93.475,27.825,18.6,28.55,18.5,93.438,27.788,18.55,28.35,18.75,0.025,-0.075,-0.1,0.15,0.05
RCC,PIW,2017,10,1,6,88.977,26.519,17.875,26.833,17.75,93.438,27.788,18.55,28.35,18.75,96.675,28.95,19.6,28.55,19.575,-0.037,-0.037,-0.05,-0.2,0.25
Redline,PIW,2017,1,0,0,0.0,0.0,0.0,0.0,0.0,0.0,0.0,0.0,0.0,0.0,77.201,22.95,15.0,23.9,15.35,0.0,0.0,0.0,0.0,0.0
Redline,PIW,2017,4,3,1,77.201,22.95,15.0,23.9,15.35,77.201,22.95,15.0,23.9,15.35,83.0,24.3,16.6,25.7,16.4,0.0,0.0,0.0,0.0,0.0
Redline,PIW,2017,10,6,2,80.1,23.625,15.8,24.8,15.875,83.0,24.3,16.6,25.7,16.4,88.15,26.175,18.2,26.75,17.025,5.799,1.35,1.6,1.8,1.05
Rhythm X,PIW,2017,1,0,0,0.0,0.0,0.0,0.0,0.0,0.0,0.0,0.0,0.0,0.0,82.85,24.45,16.5,25.8,16.1,0.0,0.0,0.0,0.0,0.0
Rhythm X,PIW,2017,4,3,1,82.85,24.45,16.5,25.8,16.1,82.85,24.45,16.5,25.8,16.1,88.85,25.8,18.05,26.8,18.2,0.0,0.0,0.0,0.0,0.0
Rhythm X,PIW,2017,6,2,2,85.85,25.125,17.275,26.3,17.15,88.85,25.8,18.05,26.8,18.2,91.425,27.525,18.35,27.2,18.35,6.0,1.35,1.55,1.0,2.1
Rhythm X,PIW,2017,10,4,3,87.708,25.925,17.633,26.6,17.55,91.425,27.525,18.35,27.2,18.35,95.263,28.837,19.175,28.1,19.15,2.575,1.725,0.3,0.4,0.15
STRYKE Percussion,PIW,2017,4,0,0,0.0,0.0,0.0,0.0,0.0,0.0,0.0,0.0,0.0,0.0,86.25,25.95,17.7,25.6,17.0,0.0,0.0,0.0,0.0,0.0
STRYKE Percussion,PIW,2017,10,6,1,86.25,25.95,17.7,25.6,17.0,86.25,25.95,17.7,25.6,17.0,90.95,26.7,18.575,27.425,18.25,0.0,0.0,0.0,0.0,0.0
Tates Creek Indoor Ensemble,PIW,2017,1,0,0,0.0,0.0,0.0,0.0,0.0,0.0,0.0,0.0,0.0,0.0,71.101,20.4,14.1,22.4,14.2,0.0,0.0,0.0,0.0,0.0
Tates Creek Indoor Ensemble,PIW,2017,6,5,1,71.101,20.4,14.1,22.4,14.2,71.101,20.4,14.1,22.4,14.2,77.851,24.15,15.2,23.7,14.8,0.0,0.0,0.0,0.0,0.0
United Percussion,PIW,2017,1,0,0,0.0,0.0,0.0,0.0,0.0,0.0,0.0,0.0,0.0,0.0,80.95,23.85,16.2,25.2,15.7,0.0,0.0,0.0,0.0,0.0
United Percussion,PIW,2017,4,3,1,80.95,23.85,16.2,25.2,15.7,80.95,23.85,16.2,25.2,15.7,87.95,25.7,26.55,17.4,18.3,0.0,0.0,0.0,0.0,0.0
United Percussion,PIW,2017,6,2,2,84.45,24.775,21.375,21.3,17.0,87.95,25.7,26.55,17.4,18.3,88.3,26.85,18.15,25.8,17.5,7.0,1.85,10.35,-7.8,2.6
United Percussion,PIW,2017,8,2,3,85.733,25.467,20.3,22.8,17.167,88.3,26.85,18.15,25.8,17.5,88.15,26.2,27.75,17.0,17.2,0.35,1.15,-8.4,8.4,-0.8
United Percussion,PIW,2017,10,2,4,86.338,25.65,22.162,21.35,17.175,88.15,26.2,27.75,17.0,17.2,94.051,28.575,18.675,28.15,18.65,-0.15,-0.65,9.6,-8.8,-0.3
Vigilantes Indoor Percussion,PIW,2017,3,0,0,0.0,0.0,0.0,0.0,0.0,0.0,0.0,0.0,0.0,0.0,78.45,23.25,16.2,23.8,15.2,0.0,0.0,0.0,0.0,0.0
Vigilantes Indoor Percussion,PIW,2017,10,7,1,78.45,23.25,16.2,23.8,15.2,78.45,23.25,16.2,23.8,15.2,85.5,25.95,17.1,25.2,17.25,0.0,0.0,0.0,0.0,0.0
Alchemy Percussion presented by Carolina Gold,PIO,2017,3,0,0,0.0,0.0,0.0,0.0,0.0,0.0,0.0,0.0,0.0,0.0,79.45,24.15,16.3,23.5,15.5,0.0,0.0,0.0,0.0,0.0
Alchemy Percussion presented by Carolina Gold,PIO,2017,5,2,1,79.45,24.15,16.3,23.5,15.5,79.45,24.15,16.3,23.5,15.5,84.775,24.375,17.2,26.3,16.9,0.0,0.0,0.0,0.0,0.0
Atlanta CV Indoor,PIO,2017,3,0,0,0.0,0.0,0.0,0.0,0.0,0.0,0.0,0.0,0.0,0.0,79.25,23.85,16.6,22.8,16.0,0.0,0.0,0.0,0.0,0.0
Atlanta CV Indoor,PIO,2017,4,1,1,79.25,23.85,16.6,22.8,16.0,79.25,23.85,16.6,22.8,16.0,77.65,22.65,15.8,23.8,15.4,0.0,0.0,0.0,0.0,0.0
Audio Theater,PIO,2017,6,0,0,0.0,0.0,0.0,0.0,0.0,0.0,0.0,0.0,0.0,0.0,81.3,22.95,16.35,25.6,16.4,0.0,0.0,0.0,0.0,0.0
Audio Theater,PIO,2017,10,4,1,81.3,22.95,16.35,25.6,16.4,81.3,22.95,16.35,25.6,16.4,88.625,26.325,18.35,26.6,17.35,0.0,0.0,0.0,0.0,0.0
Bakersfield College,PIO,2017,4,0,0,0.0,0.0,0.0,0.0,0.0,0.0,0.0,0.0,0.0,0.0,82.375,24.825,15.95,24.8,16.8,0.0,0.0,0.0,0.0,0.0
Bakersfield College,PIO,2017,6,2,1,82.375,24.825,15.95,24.8,16.8,82.375,24.825,15.95,24.8,16.8,90.338,26.212,18.4,27.675,18.05,0.0,0.0,0.0,0.0,0.0
Bakersfield College,PIO,2017,10,4,2,86.356,25.518,17.175,26.238,17.425,90.338,26.212,18.4,27.675,18.05,91.064,27.038,18.3,27.225,18.5,7.963,1.387,2.45,2.875,1.25
Breakthrough Indoor Percussion,PIO,2017,4,0,0,0.0,0.0,0.0,0.0,0.0,0.0,0.0,0.0,0.0,0.0,82.55,24.75,16.4,25.1,16.3,0.0,0.0,0.0,0.0,0.0
Breakthrough Indoor Percussion,PIO,2017,6,2,1,82.55,24.75,16.4,25.1,16.3,82.55,24.75,16.4,25.1,16.3,87.35,25.875,18.05,26.45,16.975,0.0,0.0,0.0,0.0,0.0
Breakthrough Indoor Percussion,PIO,2017,10,4,2,84.95,25.312,17.225,25.775,16.638,87.35,25.875,18.05,26.45,16.975,91.226,27.525,18.3,27.075,18.325,4.8,1.125,1.65,1.35,0.675
Civitas Independent,PIO,2017,3,0,0,0.0,0.0,0.0,0.0,0.0,0.0,0.0,0.0,0.0,0.0,83.85,25.35,16.9,24.5,17.1,0.0,0.0,0.0,0.0,0.0
Civitas Independent,PIO,2017,4,1,1,83.85,25.35,16.9,24.5,17.1,83.85,25.35,16.9,24.5,17.1,84.6,25.2,17.0,26.0,16.4,0.0,0.0,0.0,0.0,0.0
ConneXus Percussion,PIO,2017,1,0,0,0.0,0.0,0.0,0.0,0.0,0.0,0.0,0.0,0.0,0.0,75.4,21.9,14.9,23.2,15.4,0.0,0.0,0.0,0.0,0.0
ConneXus Percussion,PIO,2017,6,5,1,75.4,21.9,14.9,23.2,15.4,75.4,21.9,14.9,23.2,15.4,85.75,25.95,17.3,24.95,17.55,0.0,0.0,0.0,0.0,0.0
ConneXus Percussion,PIO,2017,10,4,2,80.575,23.925,16.1,24.075,16.475,85.75,25.95,17.3,24.95,17.55,92.276,28.425,18.8,26.725,18.325,10.35,4.05,2.4,1.75,2.15
Elan Percussion,PIO,2017,1,0,0,0.0,0.0,0.0,0.0,0.0,0.0,0.0,0.0,0.0,0.0,72.85,22.65,14.2,21.8,14.2,0.0,0.0,0.0,0.0,0.0
Elan Percussion,PIO,2017,2,1,1,72.85,22.65,14.2,21.8,14.2,72.85,22.65,14.2,21.8,14.2,74.65,23.55,16.0,20.0,15.1,0.0,0.0,0.0,0.0,0.0
Elan Percussion,PIO,2017,3,1,2,73.75,23.1,15.1,20.9,14.65,74.65,23.55,16.0,20.0,15.1,74.05,22.35,14.7,21.4,15.6,1.8,0.9,1.8,-1.8,0.9
Elan Percussion,PIO,2017,6,3,3,73.85,22.85,14.967,21.067,14.967,74.05,22.35,14.7,21.4,15.6,79.701,24.3,15.2,24.5,15.7,-0.6,-1.2,-1.3,1.4,0.5
Elan Percussion,PIO,2017,8,2,4,75.313,23.213,15.025,21.925,15.15,79.701,24.3,15.2,24.5,15.7,83.9,24.9,16.7,25.0,17.3,5.651,1.95,0.5,3.1,0.1
Freedom Percussion,PIO,2017,2,0,0,0.0,0.0,0.0,0.0,0.0,0.0,0.0,0.0,0.0,0.0,77.45,22.35,16.4,24.0,14.7,0.0,0.0,0.0,0.0,0.0
Freedom Percussion,PIO,2017,6,4,1,77.45,22.35,16.4,24.0,14.7,77.45,22.35,16.4,24.0,14.7,86.0,24.6,17.2,27.0,17.2,0.0,0.0,0.0,0.0,0.0
Freedom Percussion,PIO,2017,10,4,2,81.725,23.475,16.8,25.5,15.95,86.0,24.6,17.2,27.0,17.2,94.138,28.012,18.925,28.15,19.05,8.55,2.25,0.8,3.0,2.5
Fusion Percussion,PIO,2017,3,0,0,0.0,0.0,0.0,0.0,0.0,0.0,0.0,0.0,0.0,0.0,67.551,20.25,14.5,20.5,12.3,0.0,0.0,0.0,0.0,0.0
Fusion Percussion,PIO,2017,5,2,1,67.551,20.25,14.5,20.5,12.3,67.551,20.25,14.5,20.5,12.3,74.7,20.4,14.5,25.2,14.6,0.0,0.0,0.0,0.0,0.0
INov8 Winter Percussion,PIO,2017,1,0,0,0.0,0.0,0.0,0.0,0.0,0.0,0.0,0.0,0.0,0.0,76.35,23.25,15.3,22.6,15.2,0.0,0.0,0.0,0.0,0.0
INov8 Winter Percussion,PIO,2017,4,3,1,76.35,23.25,15.3,22.6,15.2,76.35,23.25,15.3,22.6,15.2,82.65,24.0,16.85,25.4,16.4,0.0,0.0,0.0,0.0,0.0
Infinity 2,PIO,2017,4,0,0,0.0,0.0,0.0,0.0,0.0,0.0,0.0,0.0,0.0,0.0,85.2,25.2,17.5,24.7,17.8,0.0,0.0,0.0,0.0,0.0
Infinity 2,PIO,2017,5,1,1,85.2,25.2,17.5,24.7,17.8,85.2,25.2,17.5,24.7,17.8,89.025,26.925,17.7,26.45,17.95,0.0,0.0,0.0,0.0,0.0
Infinity 2,PIO,2017,10,5,2,87.113,26.062,17.6,25.575,17.875,89.025,26.925,17.7,26.45,17.95,98.025,29.475,19.925,29.075,19.55,3.825,1.725,0.2,1.75,0.15
Motor City Percussion,PIO,2017,0,0,0,0.0,0.0,0.0,0.0,0.0,0.0,0.0,0.0,0.0,0.0,76.3,23.1,15.0,22.6,15.6,0.0,0.0,0.0,0.0,0.0
Motor City Percussion,PIO,2017,6,6,1,76.3,23.1,15.0,22.6,15.6,76.3,23.1,15.0,22.6,15.6,81.3,23.7,16.7,24.1,16.8,0.0,0.0,0.0,0.0,0.0
Odyssey Indoor Percussion,PIO,2017,3,0,0,0.0,0.0,0.0,0.0,0.0,0.0,0.0,0.0,0.0,0.0,78.35,22.95,16.0,23.2,16.2,0.0,0.0,0.0,0.0,0.0
Odyssey Indoor Percussion,PIO,2017,5,2,1,78.35,22.95,16.0,23.2,16.2,78.35,22.95,16.0,23.2,16.2,81.1,25.2,15.0,24.6,16.3,0.0,0.0,0.0,0.0,0.0
Odyssey Indoor Percussion,PIO,2017,6,1,2,79.725,24.075,15.5,23.9,16.25,81.1,25.2,15.0,24.6,16.3,84.826,24.975,16.95,26.25,16.65,2.75,2.25,-1.0,1.4,0.1
Odyssey Indoor Percussion,PIO,2017,8,2,3,81.425,24.375,15.983,24.683,16.383,84.826,24.975,16.95,26.25,16.65,86.9,25.5,17.3,26.2,17.9,3.726,-0.225,1.95,1.65,0.35
Odyssey Indoor Percussion,PIO,2017,9,1,4,82.794,24.656,16.312,25.062,16.762,86.9,25.5,17.3,26.2,17.9,88.125,26.925,17.9,26.0,17.3,2.074,0.525,0.35,-0.05,1.25
Orange County Independent,PIO,2017,6,0,0,0.0,0.0,0.0,0.0,0.0,0.0,0.0,0.0,0.0,0.0,86.9,24.9,17.3,26.6,18.1,0.0,0.0,0.0,0.0,0.0
Orange County Independent,PIO,2017,10,4,1,86.9,24.9,17.3,26.6,18.1,86.9,24.9,17.3,26.6,18.1,93.364,28.312,19.05,26.75,19.25,0.0,0.0,0.0,0.0,0.0
Paradigm Percussion,PIO,2017,3,0,0,0.0,0.0,0.0,0.0,0.0,0.0,0.0,0.0,0.0,0.0,75.851,22.95,15.8,22.4,14.7,0.0,0.0,0.0,0.0,0.0
Paradigm Percussion,PIO,2017,5,2,1,75.851,22.95,15.8,22.4,14.7,75.851,22.95,15.8,22.4,14.7,80.95,24.15,16.6,24.9,15.3,0.0,0.0,0.0,0.0,0.0
Pennsauken,PIO,2017,3,0,0,0.0,0.0,0.0,0.0,0.0,0.0,0.0,0.0,0.0,0.0,77.5,23.0,24.0,14.9,15.6,0.0,0.0,0.0,0.0,0.0
Pennsauken,PIO,2017,4,1,1,77.5,23.0,24.0,14.9,15.6,77.5,23.0,24.0,14.9,15.6,83.2,24.5,24.6,16.9,17.2,0.0,0.0,0.0,0.0,0.0
Pennsauken Independent,PIO,2017,5,0,0,0.0,0.0,0.0,0.0,0.0,0.0,0.0,0.0,0.0,0.0,83.025,24.225,16.5,26.2,16.1,0.0,0.0,0.0,0.0,0.0
Pennsauken Independent,PIO,2017,6,1,1,83.025,24.225,16.5,26.2,16.1,83.025,24.225,16.5,26.2,16.1,79.0,23.7,15.6,24.1,15.6,0.0,0.0,0.0,0.0,0.0
Pioneer Indoor,PIO,2017,4,0,0,0.0,0.0,0.0,0.0,0.0,0.0,0.0,0.0,0.0,0.0,79.8,23.7,16.2,24.0,15.9,0.0,0.0,0.0,0.0,0.0
Pioneer Indoor,PIO,2017,6,2,1,79.8,23.7,16.2,24.0,15.9,79.8,23.7,16.2,24.0,15.9,84.05,24.75,16.75,25.7,16.85,0.0,0.0,0.0,0.0,0.0
Q2,PIO,2017,3,0,0,0.0,0.0,0.0,0.0,0.0,0.0,0.0,0.0,0.0,0.0,73.001,22.2,13.7,21.4,15.7,0.0,0.0,0.0,0.0,0.0
Q2,PIO,2017,4,1,1,73.001,22.2,13.7,21.4,15.7,73.001,22.2,13.7,21.4,15.7,77.15,22.35,15.5,24.4,14.9,0.0,0.0,0.0,0.0,0.0
Red Wave Indoor,PIO,2017,3,0,0,0.0,0.0,0.0,0.0,0.0,0.0,0.0,0.0,0.0,0.0,79.65,24.15,16.0,23.8,15.7,0.0,0.0,0.0,0.0,0.0
Red Wave Indoor,PIO,2017,7,4,1,79.65,24.15,16.0,23.8,15.7,79.65,24.15,16.0,23.8,15.7,88.85,26.4,26.85,17.8,17.8,0.0,0.0,0.0,0.0,0.0
Rise Percussion,PIO,2017,5,0,0,0.0,0.0,0.0,0.0,0.0,0.0,0.0,0.0,0.0,0.0,82.5,26.1,16.4,25.0,15.0,0.0,0.0,0.0,0.0,0.0
Rise Percussion,PIO,2017,10,5,1,82.5,26.1,16.4,25.0,15.0,82.5,26.1,16.4,25.0,15.0,96.388,29.513,19.675,28.4,18.8,0.0,0.0,0.0,0.0,0.0
Saints Percussion,PIO,2017,3,0,0,0.0,0.0,0.0,0.0,0.0,0.0,0.0,0.0,0.0,0.0,70.951,22.65,15.1,19.6,13.6,0.0,0.0,0.0,0.0,0.0
Saints Percussion,PIO,2017,4,1,1,70.951,22.65,15.1,19.6,13.6,70.951,22.65,15.1,19.6,13.6,73.15,22.05,14.1,22.2,14.8,0.0,0.0,0.0,0.0,0.0
Spirit Winter Percussion,PIO,2017,3,0,0,0.0,0.0,0.0,0.0,0.0,0.0,0.0,0.0,0.0,0.0,86.9,26.7,17.6,25.5,17.1,0.0,0.0,0.0,0.0,0.0
Spirit Winter Percussion,PIO,2017,6,3,1,86.9,26.7,17.6,25.5,17.1,86.9,26.7,17.6,25.5,17.1,90.075,27.375,18.25,26.35,18.1,0.0,0.0,0.0,0.0,0.0
Vegas Vanguard,PIO,2017,4,0,0,0.0,0.0,0.0,0.0,0.0,0.0,0.0,0.0,0.0,0.0,85.65,26.55,17.8,24.6,16.7,0.0,0.0,0.0,0.0,0.0
Vegas Vanguard,PIO,2017,6,2,1,85.65,26.55,17.8,24.6,16.7,85.65,26.55,17.8,24.6,16.7,88.638,26.062,18.2,26.65,17.725,0.0,0.0,0.0,0.0,0.0
Velocity Independent,PIO,2017,3,0,0,0.0,0.0,0.0,0.0,0.0,0.0,0.0,0.0,0.0,0.0,79.4,24.3,15.9,22.6,16.6,0.0,0.0,0.0,0.0,0.0
Velocity Independent,PIO,2017,5,2,1,79.4,24.3,15.9,22.6,16.6,79.4,24.3,15.9,22.6,16.6,75.1,21.6,14.8,23.3,15.4,0.0,0.0,0.0,0.0,0.0
Velocity Independent,PIO,2017,6,1,2,77.25,22.95,15.35,22.95,16.0,75.1,21.6,14.8,23.3,15.4,77.201,22.2,15.0,24.7,15.3,-4.3,-2.7,-1.1,0.7,-1.2
Velocity Independent,PIO,2017,7,1,3,77.234,22.7,15.233,23.533,15.767,77.201,22.2,15.0,24.7,15.3,80.65,24.45,16.7,23.1,16.4,2.101,0.6,0.2,1.4,-0.1
Velocity Independent,PIO,2017,8,1,4,78.088,23.138,15.6,23.425,15.925,80.65,24.45,16.7,23.1,16.4,84.45,25.05,17.1,25.6,16.7,3.449,2.25,1.7,-1.6,1.1
Velocity Independent,PIO,2017,9,1,5,79.36,23.52,15.9,23.86,16.08,84.45,25.05,17.1,25.6,16.7,82.65,23.85,16.9,25.1,16.8,3.8,0.6,0.4,2.5,0.3
Vessel,PIO,2017,0,0,0,0.0,0.0,0.0,0.0,0.0,0.0,0.0,0.0,0.0,0.0,77.0,23.4,15.4,22.7,15.5,0.0,0.0,0.0,0.0,0.0
Vessel,PIO,2017,2,2,1,77.0,23.4,15.4,22.7,15.5,77.0,23.4,15.4,22.7,15.5,81.3,25.2,16.5,23.4,16.2,0.0,0.0,0.0,0.0,0.0
Vessel,PIO,2017,3,1,2,79.15,24.3,15.95,23.05,15.85,81.3,25.2,16.5,23.4,16.2,83.45,24.45,16.9,24.6,17.5,4.3,1.8,1.1,0.7,0.7
Vessel,PIO,2017,8,5,3,80.583,24.35,16.267,23.567,16.4,83.45,24.45,16.9,24.6,17.5,91.3,27.3,18.1,27.7,18.2,2.15,-0.75,0.4,1.2,1.3
Vessel,PIO,2017,9,1,4,83.262,25.088,16.725,24.6,16.85,91.3,27.3,18.1,27.7,18.2,91.15,27.3,18.65,27.15,18.05,7.85,2.85,1.2,3.1,0.7
Aftermath,PIA,2017,1,0,0,0.0,0.0,0.0,0.0,0.0,0.0,0.0,0.0,0.0,0.0,70.65,20.2,21.75,14.2,14.5,0.0,0.0,0.0,0.0,0.0
Aftermath,PIA,2017,3,2,1,70.65,20.2,21.75,14.2,14.5,70.65,20.2,21.75,14.2,14.5,76.2,22.9,24.3,14.0,15.0,0.0,0.0,0.0,0.0,0.0
Aftermath,PIA,2017,5,2,2,73.425,21.55,23.025,14.1,14.75,76.2,22.9,24.3,14.0,15.0,83.1,24.6,24.9,16.8,16.8,5.55,2.7,2.55,-0.2,0.5
Aftermath,PIA,2017,7,2,3,76.65,22.567,23.65,15.0,15.433,83.1,24.6,24.9,16.8,16.8,84.4,25.2,24.9,17.4,16.9,6.9,1.7,0.6,2.8,1.8
Aftermath,PIA,2017,8,1,4,78.588,23.225,23.962,15.6,15.8,84.4,25.2,24.9,17.4,16.9,86.8,25.4,25.5,17.7,18.2,1.3,0.6,0.0,0.6,0.1
Aftermath Percussion,PIA,2017,6,0,0,0.0,0.0,0.0,0.0,0.0,0.0,0.0,0.0,0.0,0.0,81.3,24.3,16.6,24.0,16.4,0.0,0.0,0.0,0.0,0.0
Aftermath Percussion,PIA,2017,10,4,1,81.3,24.3,16.6,24.0,16.4,81.3,24.3,16.6,24.0,16.4,90.701,27.9,17.75,27.05,18.0,0.0,0.0,0.0,0.0,0.0
Cornell Indoor Drumline,PIA,2017,3,0,0,0.0,0.0,0.0,0.0,0.0,0.0,0.0,0.0,0.0,0.0,65.75,20.3,21.45,12.2,11.8,0.0,0.0,0.0,0.0,0.0
Cornell Indoor Drumline,PIA,2017,5,2,1,65.75,20.3,21.45,12.2,11.8,65.75,20.3,21.45,12.2,11.8,70.9,21.0,22.2,13.4,14.3,0.0,0.0,0.0,0.0,0.0
Cornell Indoor Drumline,PIA,2017,7,2,2,68.325,20.65,21.825,12.8,13.05,70.9,21.0,22.2,13.4,14.3,78.5,24.6,24.3,14.2,15.4,5.15,0.7,0.75,1.2,2.5
Cornerstone Percussion,PIA,2017,0,0,0,0.0,0.0,0.0,0.0,0.0,0.0,0.0,0.0,0.0,0.0,67.25,21.15,12.7,20.2,13.2,0.0,0.0,0.0,0.0,0.0
Cornerstone Percussion,PIA,2017,1,1,1,67.25,21.15,12.7,20.2,13.2,67.25,21.15,12.7,20.2,13.2,68.95,21.15,14.0,19.7,14.1,0.0,0.0,0.0,0.0,0.0
Cornerstone Percussion,PIA,2017,4,3,2,68.1,21.15,13.35,19.95,13.65,68.95,21.15,14.0,19.7,14.1,75.375,22.425,14.95,22.6,15.4,1.7,0.0,1.3,-0.5,0.9
Cornerstone Percussion,PIA,2017,6,2,3,70.525,21.575,13.883,20.833,14.233,75.375,22.425,14.95,22.6,15.4,78.225,24.225,15.45,22.85,15.7,6.425,1.275,0.95,2.9,1.3
Cornerstone Percussion,PIA,2017,8,2,4,72.45,22.237,14.275,21.338,14.6,78.225,24.225,15.45,22.85,15.7,80.75,25.65,15.4,23.1,16.6,2.85,1.8,0.5,0.25,0.3
Cornerstone Percussion,PIA,2017,9,1,5,74.11,22.92,14.5,21.69,15.0,80.75,25.65,15.4,23.1,16.6,77.75,22.95,15.5,23.4,15.9,2.525,1.425,-0.05,0.25,0.9
Dundee Indoor Percussion,PIA,2017,0,0,0,0.0,0.0,0.0,0.0,0.0,0.0,0.0,0.0,0.0,0.0,62.95,19.5,19.65,11.9,11.9,0.0,0.0,0.0,0.0,0.0
Dundee Indoor Percussion,PIA,2017,2,2,1,62.95,19.5,19.65,11.9,11.9,62.95,19.5,19.65,11.9,11.9,65.9,22.4,18.0,12.4,13.1,0.0,0.0,0.0,0.0,0.0
Dundee Indoor Percussion,PIA,2017,5,3,2,64.425,20.95,18.825,12.15,12.5,65.9,22.4,18.0,12.4,13.1,76.35,22.5,23.55,14.4,15.9,2.95,2.9,-1.65,0.5,1.2
Dundee Indoor Percussion,PIA,2017,6,1,3,68.4,21.467,20.4,12.9,13.633,76.35,22.5,23.55,14.4,15.9,78.1,24.6,22.8,15.2,15.5,10.45,0.1,5.55,2.0,2.8
Dundee Indoor Percussion,PIA,2017,7,1,4,70.825,22.25,21.0,13.475,14.1,78.1,24.6,22.8,15.2,15.5,86.55,27.3,26.25,16.5,16.5,1.75,2.1,-0.75,0.8,-0.4
East Coast Percussion,PIA,2017,3,0,0,0.0,0.0,0.0,0.0,0.0,0.0,0.0,0.0,0.0,0.0,70.975,23.175,12.7,22.0,13.1,0.0,0.0,0.0,0.0,0.0
East Coast Percussion,PIA,2017,6,3,1,70.975,23.175,12.7,22.0,13.1,70.975,23.175,12.7,22.0,13.1,78.55,24.15,15.8,23.9,14.7,0.0,0.0,0.0,0.0,0.0
Farmington United Percussion Ensemble,PIA,2017,0,0,0,0.0,0.0,0.0,0.0,0.0,0.0,0.0,0.0,0.0,0.0,77.45,23.1,15.6,22.9,15.85,0.0,0.0,0.0,0.0,0.0
Farmington United Percussion Ensemble,PIA,2017,10,10,1,77.45,23.1,15.6,22.9,15.85,77.45,23.1,15.6,22.9,15.85,95.1,28.875,19.125,28.525,18.575,0.0,0.0,0.0,0.0,0.0
G2,PIA,2017,0,0,0,0.0,0.0,0.0,0.0,0.0,0.0,0.0,0.0,0.0,0.0,74.2,22.35,15.2,20.6,16.05,0.0,0.0,0.0,0.0,0.0
G2,PIA,2017,10,10,1,74.2,22.35,15.2,20.6,16.05,74.2,22.35,15.2,20.6,16.05,90.651,27.375,18.7,26.45,18.125,0.0,0.0,0.0,0.0,0.0
Huron Valley Percussion,PIA,2017,0,0,0,0.0,0.0,0.0,0.0,0.0,0.0,0.0,0.0,0.0,0.0,72.8,21.3,14.7,21.6,15.2,0.0,0.0,0.0,0.0,0.0
Huron Valley Percussion,PIA,2017,10,10,1,72.8,21.3,14.7,21.6,15.2,72.8,21.3,14.7,21.6,15.2,88.139,27.188,17.275,26.4,17.275,0.0,0.0,0.0,0.0,0.0
Lake Effect Percussion,PIA,2017,0,0,0,0.0,0.0,0.0,0.0,0.0,0.0,0.0,0.0,0.0,0.0,72.55,22.95,14.2,20.5,14.9,0.0,0.0,0.0,0.0,0.0
Lake Effect Percussion,PIA,2017,10,10,1,72.55,22.95,14.2,20.5,14.9,72.55,22.95,14.2,20.5,14.9,90.239,27.487,17.775,27.375,17.6,0.0,0.0,0.0,0.0,0.0
Midlakes Independent,PIA,2017,-1,0,0,0.0,0.0,0.0,0.0,0.0,0.0,0.0,0.0,0.0,0.0,59.7,18.8,17.4,12.2,11.3,0.0,0.0,0.0,0.0,0.0
Midlakes Independent,PIA,2017,0,1,1,59.7,18.8,17.4,12.2,11.3,59.7,18.8,17.4,12.2,11.3,64.0,20.3,18.9,12.4,12.4,0.0,0.0,0.0,0.0,0.0
Midlakes Independent,PIA,2017,2,2,2,61.85,19.55,18.15,12.3,11.85,64.0,20.3,18.9,12.4,12.4,69.05,22.8,18.75,14.0,13.5,4.3,1.5,1.5,0.2,1.1
Midlakes Independent,PIA,2017,4,2,3,64.25,20.633,18.35,12.867,12.4,69.05,22.8,18.75,14.0,13.5,76.45,23.4,22.65,15.1,15.3,5.05,2.5,-0.15,1.6,1.1
Midlakes Independent,PIA,2017,5,1,4,67.3,21.325,19.425,13.425,13.125,76.45,23.4,22.65,15.1,15.3,75.75,22.2,23.25,14.9,15.4,7.4,0.6,3.9,1.1,1.8
Midlakes Independent,PIA,2017,6,1,5,68.99,21.5,20.19,13.72,13.58,75.75,22.2,23.25,14.9,15.4,78.75,24.3,22.65,16.1,15.7,-0.7,-1.2,0.6,-0.2,0.1
Midlakes Independent,PIA,2017,7,1,6,70.617,21.967,20.6,14.117,13.933,78.75,24.3,22.65,16.1,15.7,85.9,26.8,25.5,16.8,16.8,3.0,2.1,-0.6,1.2,0.3
Modulation Z,PIA,2017,2,0,0,0.0,0.0,0.0,0.0,0.0,0.0,0.0,0.0,0.0,0.0,82.1,25.5,16.4,23.8,16.4,0.0,0.0,0.0,0.0,0.0
Modulation Z,PIA,2017,10,8,1,82.1,25.5,16.4,23.8,16.4,82.1,25.5,16.4,23.8,16.4,96.025,28.875,19.6,28.55,19.0,0.0,0.0,0.0,0.0,0.0
Pace Percussion Ensemble,PIA,2017,1,0,0,0.0,0.0,0.0,0.0,0.0,0.0,0.0,0.0,0.0,0.0,73.35,22.05,14.9,21.7,14.7,0.0,0.0,0.0,0.0,0.0
Pace Percussion Ensemble,PIA,2017,3,2,1,73.35,22.05,14.9,21.7,14.7,73.35,22.05,14.9,21.7,14.7,71.95,21.15,14.4,21.4,15.0,0.0,0.0,0.0,0.0,0.0
Pace Percussion Ensemble,PIA,2017,4,1,2,72.65,21.6,14.65,21.55,14.85,71.95,21.15,14.4,21.4,15.0,70.75,20.7,13.45,22.1,14.5,-1.4,-0.9,-0.5,-0.3,0.3
Pace Percussion Ensemble,PIA,2017,8,4,3,72.017,21.3,14.25,21.733,14.733,70.75,20.7,13.45,22.1,14.5,77.45,24.75,15.5,22.4,14.8,-1.2,-0.45,-0.95,0.7,-0.5
Pasadena City College,PIA,2017,3,0,0,0.0,0.0,0.0,0.0,0.0,0.0,0.0,0.0,0.0,0.0,68.5,20.4,14.1,19.6,14.4,0.0,0.0,0.0,0.0,0.0
Pasadena City College,PIA,2017,4,1,1,68.5,20.4,14.1,19.6,14.4,68.5,20.4,14.1,19.6,14.4,73.95,21.45,15.2,22.5,14.8,0.0,0.0,0.0,0.0,0.0
Pasadena City College,PIA,2017,8,4,2,71.225,20.925,14.65,21.05,14.6,73.95,21.45,15.2,22.5,14.8,83.0,25.2,17.1,24.7,16.0,5.45,1.05,1.1,2.9,0.4
Pasadena City College,PIA,2017,9,1,3,75.15,22.35,15.467,22.267,15.067,83.0,25.2,17.1,24.7,16.0,83.7,24.6,17.2,25.25,16.65,9.05,3.75,1.9,2.2,1.2
Pinnacle Percussion,PIA,2017,4,0,0,0.0,0.0,0.0,0.0,0.0,0.0,0.0,0.0,0.0,0.0,73.15,22.95,15.5,19.8,14.9,0.0,0.0,0.0,0.0,0.0
Pinnacle Percussion,PIA,2017,6,2,1,73.15,22.95,15.5,19.8,14.9,73.15,22.95,15.5,19.8,14.9,77.125,24.225,15.1,22.7,15.1,0.0,0.0,0.0,0.0,0.0
Pinnacle Percussion,PIA,2017,8,2,2,75.138,23.588,15.3,21.25,15.0,77.125,24.225,15.1,22.7,15.1,79.5,23.1,16.4,24.4,15.6,3.975,1.275,-0.4,2.9,0.2
Pinnacle Percussion,PIA,2017,9,1,3,76.592,23.425,15.667,22.3,15.2,79.5,23.1,16.4,24.4,15.6,81.75,24.6,16.45,24.5,16.2,2.375,-1.125,1.3,1.7,0.5
REEF Independent,PIA,2017,4,0,0,0.0,0.0,0.0,0.0,0.0,0.0,0.0,0.0,0.0,0.0,77.501,22.8,15.7,23.5,15.5,0.0,0.0,0.0,0.0,0.0
REEF Independent,PIA,2017,10,6,1,77.501,22.8,15.7,23.5,15.5,77.501,22.8,15.7,23.5,15.5,85.138,25.837,16.85,25.1,17.35,0.0,0.0,0.0,0.0,0.0
Resistance Indoor Percussion,PIA,2017,3,0,0,0.0,0.0,0.0,0.0,0.0,0.0,0.0,0.0,0.0,0.0,78.35,23.85,15.8,24.3,14.4,0.0,0.0,0.0,0.0,0.0
Resistance Indoor Percussion,PIA,2017,10,7,1,78.35,23.85,15.8,24.3,14.4,78.35,23.85,15.8,24.3,14.4,90.825,27.675,17.75,27.85,17.55,0.0,0.0,0.0,0.0,0.0
Rome Free Academy,PIA,2017,-1,0,0,0.0,0.0,0.0,0.0,0.0,0.0,0.0,0.0,0.0,0.0,50.55,15.5,15.15,10.2,9.7,0.0,0.0,0.0,0.0,0.0
Rome Free Academy,PIA,2017,2,3,1,50.55,15.5,15.15,10.2,9.7,50.55,15.5,15.15,10.2,9.7,52.95,16.0,16.35,10.0,10.6,0.0,0.0,0.0,0.0,0.0
Rome Free Academy,PIA,2017,6,4,2,51.75,15.75,15.75,10.1,10.15,52.95,16.0,16.35,10.0,10.6,62.35,18.9,19.35,11.3,12.8,2.4,0.5,1.2,-0.2,0.9
Rome Free Academy,PIA,2017,7,1,3,55.283,16.8,16.95,10.5,11.033,62.35,18.9,19.35,11.3,12.8,70.0,22.5,21.0,12.6,13.9,9.4,2.9,3.0,1.3,2.2
Roots Percussion Independent,PIA,2017,3,0,0,0.0,0.0,0.0,0.0,0.0,0.0,0.0,0.0,0.0,0.0,81.85,25.05,15.6,25.9,15.3,0.0,0.0,0.0,0.0,0.0
Roots Percussion Independent,PIA,2017,4,1,1,81.85,25.05,15.6,25.9,15.3,81.85,25.05,15.6,25.9,15.3,91.65,28.05,18.8,26.8,18.0,0.0,0.0,0.0,0.0,0.0
Solaris Percussion,PIA,2017,4,0,0,0.0,0.0,0.0,0.0,0.0,0.0,0.0,0.0,0.0,0.0,79.95,24.45,16.1,23.9,15.5,0.0,0.0,0.0,0.0,0.0
Solaris Percussion,PIA,2017,10,6,1,79.95,24.45,16.1,23.9,15.5,79.95,24.45,16.1,23.9,15.5,89.339,27.488,17.85,27.175,16.825,0.0,0.0,0.0,0.0,0.0
South Indoor Percussion,PIA,2017,1,0,0,0.0,0.0,0.0,0.0,0.0,0.0,0.0,0.0,0.0,0.0,68.3,22.2,14.1,19.2,12.8,0.0,0.0,0.0,0.0,0.0
South Indoor Percussion,PIA,2017,10,9,1,68.3,22.2,14.1,19.2,12.8,68.3,22.2,14.1,19.2,12.8,86.525,26.85,17.625,25.5,16.55,0.0,0.0,0.0,0.0,0.0
Tar River Independent Percussion,PIA,2017,3,0,0,0.0,0.0,0.0,0.0,0.0,0.0,0.0,0.0,0.0,0.0,67.25,20.85,13.4,19.7,13.3,0.0,0.0,0.0,0.0,0.0
Tar River Independent Percussion,PIA,2017,5,2,1,67.25,20.85,13.4,19.7,13.3,67.25,20.85,13.4,19.7,13.3,67.5,18.9,12.9,22.8,12.9,0.0,0.0,0.0,0.0,0.0
Unity Percussion,PIA,2017,4,0,0,0.0,0.0,0.0,0.0,0.0,0.0,0.0,0.0,0.0,0.0,82.65,25.35,17.1,23.7,16.5,0.0,0.0,0.0,0.0,0.0
Unity Percussion,PIA,2017,10,6,1,82.65,25.35,17.1,23.7,16.5,82.65,25.35,17.1,23.7,16.5,94.488,28.238,19.225,27.975,19.05,0.0,0.0,0.0,0.0,0.0
Vision Percussion,PIA,2017,4,0,0,0.0,0.0,0.0,0.0,0.0,0.0,0.0,0.0,0.0,0.0,79.9,24.0,16.5,23.0,16.4,0.0,0.0,0.0,0.0,0.0
Vision Percussion,PIA,2017,6,2,1,79.9,24.0,16.5,23.0,16.4,79.9,24.0,16.5,23.0,16.4,88.05,27.15,17.5,24.8,18.6,0.0,0.0,0.0,0.0,0.0
Arcadia HS,PSW,2018,1,0,0,0.0,0.0,0.0,0.0,0.0,0.0,0.0,0.0,0.0,0.0,81.95,24.45,16.5,24.3,16.7,0.0,0.0,0.0,0.0,0.0
Arcadia HS,PSW,2018,3,2,1,81.95,24.45,16.5,24.3,16.7,81.95,24.45,16.5,24.3,16.7,80.5,24.6,15.8,24.6,15.5,0.0,0.0,0.0,0.0,0.0
Arcadia HS,PSW,2018,8,5,2,81.225,24.525,16.15,24.45,16.1,80.5,24.6,15.8,24.6,15.5,90.7,27.825,17.95,27.2,17.725,-1.45,0.15,-0.7,0.3,-1.2
Arcadia HS,PSW,2018,11,3,3,84.383,25.625,16.75,25.367,16.642,90.7,27.825,17.95,27.2,17.725,93.25,28.5,18.4,27.75,18.6,10.2,3.225,2.15,2.6,2.225
Arcadia HS,PSW,2018,12,1,4,86.6,26.344,17.162,25.963,17.131,93.25,28.5,18.4,27.75,18.6,96.338,28.913,19.3,29.025,19.1,2.55,0.675,0.45,0.55,0.875
Avon HS,PSW,2018,6,0,0,0.0,0.0,0.0,0.0,0.0,0.0,0.0,0.0,0.0,0.0,87.35,26.25,16.8,27.4,16.9,0.0,0.0,0.0,0.0,0.0
Avon HS,PSW,2018,12,6,1,87.35,26.25,16.8,27.4,16.9,87.35,26.25,16.8,27.4,16.9,91.976,27.9,18.275,27.85,17.95,0.0,0.0,0.0,0.0,0.0
Ayala HS,PSW,2018,3,0,0,0.0,0.0,0.0,0.0,0.0,0.0,0.0,0.0,0.0,0.0,83.15,23.85,17.2,25.0,17.1,0.0,0.0,0.0,0.0,0.0
Ayala HS,PSW,2018,5,2,1,83.15,23.85,17.2,25.0,17.1,83.15,23.85,17.2,25.0,17.1,85.1,25.5,16.8,26.0,16.8,0.0,0.0,0.0,0.0,0.0
Ayala HS,PSW,2018,7,2,2,84.125,24.675,17.0,25.5,16.95,85.1,25.5,16.8,26.0,16.8,87.9,27.0,18.0,25.9,17.0,1.95,1.65,-0.4,1.0,-0.3
Ayala HS,PSW,2018,8,1,3,85.383,25.45,17.333,25.633,16.967,87.9,27.0,18.0,25.9,17.0,89.513,27.488,18.25,25.85,17.925,2.8,1.5,1.2,-0.1,0.2
Ayala HS,PSW,2018,10,2,4,86.416,25.96,17.562,25.688,17.206,89.513,27.488,18.25,25.85,17.925,90.75,27.15,18.7,26.3,18.6,1.613,0.488,0.25,-0.05,0.925
Ayala HS,PSW,2018,11,1,5,87.283,26.198,17.79,25.81,17.485,90.75,27.15,18.7,26.3,18.6,91.95,27.9,18.65,26.425,18.975,1.237,-0.338,0.45,0.45,0.675
Ayala HS,PSW,2018,12,1,6,88.06,26.481,17.933,25.913,17.733,91.95,27.9,18.65,26.425,18.975,94.538,28.387,19.525,27.475,19.15,1.2,0.75,-0.05,0.125,0.375
Azle HS,PSW,2018,4,0,0,0.0,0.0,0.0,0.0,0.0,0.0,0.0,0.0,0.0,0.0,74.875,23.775,15.3,21.3,14.5,0.0,0.0,0.0,0.0,0.0
Azle HS,PSW,2018,6,2,1,74.875,23.775,15.3,21.3,14.5,74.875,23.775,15.3,21.3,14.5,76.15,22.95,15.4,22.7,15.1,0.0,0.0,0.0,0.0,0.0
Burleson Centennial HS,PSW,2018,4,0,0,0.0,0.0,0.0,0.0,0.0,0.0,0.0,0.0,0.0,0.0,81.85,25.35,16.5,23.8,16.2,0.0,0.0,0.0,0.0,0.0
Burleson Centennial HS,PSW,2018,6,2,1,81.85,25.35,16.5,23.8,16.2,81.85,25.35,16.5,23.8,16.2,83.95,26.55,16.5,24.4,16.5,0.0,0.0,0.0,0.0,0.0
Burleson Centennial HS,PSW,2018,12,6,2,82.9,25.95,16.5,24.1,16.35,83.95,26.55,16.5,24.4,16.5,92.876,28.125,18.4,27.95,18.4,2.1,1.2,0.0,0.6,0.3
Centerville HS,PSW,2018,3,0,0,0.0,0.0,0.0,0.0,0.0,0.0,0.0,0.0,0.0,0.0,74.25,21.45,16.0,22.7,14.1,0.0,0.0,0.0,0.0,0.0
Centerville HS,PSW,2018,6,3,1,74.25,21.45,16.0,22.7,14.1,74.25,21.45,16.0,22.7,14.1,82.9,24.9,16.4,25.4,16.2,0.0,0.0,0.0,0.0,0.0
Chino Hills HS,PSW,2018,1,0,0,0.0,0.0,0.0,0.0,0.0,0.0,0.0,0.0,0.0,0.0,82.65,24.75,16.6,23.8,17.5,0.0,0.0,0.0,0.0,0.0
Chino Hills HS,PSW,2018,4,3,1,82.65,24.75,16.6,23.8,17.5,82.65,24.75,16.6,23.8,17.5,89.6,27.0,17.8,27.2,17.6,0.0,0.0,0.0,0.0,0.0
Chino Hills HS,PSW,2018,5,1,2,86.125,25.875,17.2,25.5,17.55,89.6,27.0,17.8,27.2,17.6,87.8,26.1,17.4,27.2,17.1,6.95,2.25,1.2,3.4,0.1
Chino Hills HS,PSW,2018,7,2,3,86.683,25.95,17.267,26.067,17.4,87.8,26.1,17.4,27.2,17.1,92.4,27.6,18.7,28.5,17.6,-1.8,-0.9,-0.4,0.0,-0.5
Chino Hills HS,PSW,2018,8,1,4,88.113,26.362,17.625,26.675,17.45,92.4,27.6,18.7,28.5,17.6,94.25,28.65,19.1,28.2,18.3,4.6,1.5,1.3,1.3,0.5
Chino Hills HS,PSW,2018,10,2,5,89.34,26.82,17.92,26.98,17.62,94.25,28.65,19.1,28.2,18.3,93.85,28.35,17.9,28.6,19.0,1.85,1.05,0.4,-0.3,0.7
Chino Hills HS,PSW,2018,11,1,6,90.092,27.075,17.917,27.25,17.85,93.85,28.35,17.9,28.6,19.0,96.15,28.95,19.35,28.85,19.0,-0.4,-0.3,-1.2,0.4,0.7
Chino Hills HS,PSW,2018,12,1,7,90.957,27.343,18.121,27.479,18.014,96.15,28.95,19.35,28.85,19.0,98.775,29.775,19.85,29.825,19.325,2.3,0.6,1.45,0.25,0.0
Dartmouth HS,PSW,2018,5,0,0,0.0,0.0,0.0,0.0,0.0,0.0,0.0,0.0,0.0,0.0,89.1,27.3,17.6,26.9,17.3,0.0,0.0,0.0,0.0,0.0
Dartmouth HS,PSW,2018,12,7,1,89.1,27.3,17.6,26.9,17.3,89.1,27.3,17.6,26.9,17.3,97.188,29.363,19.7,29.05,19.075,0.0,0.0,0.0,0.0,0.0
Diamond Bar HS,PSW,2018,3,0,0,0.0,0.0,0.0,0.0,0.0,0.0,0.0,0.0,0.0,0.0,80.25,23.55,16.6,23.8,16.3,0.0,0.0,0.0,0.0,0.0
Diamond Bar HS,PSW,2018,5,2,1,80.25,23.55,16.6,23.8,16.3,80.25,23.55,16.6,23.8,16.3,81.65,24.75,15.2,25.9,15.8,0.0,0.0,0.0,0.0,0.0
Diamond Bar HS,PSW,2018,7,2,2,80.95,24.15,15.9,24.85,16.05,81.65,24.75,15.2,25.9,15.8,81.35,25.35,16.0,23.9,16.1,1.4,1.2,-1.4,2.1,-0.5
Diamond Bar HS,PSW,2018,8,1,3,81.083,24.55,15.933,24.533,16.067,81.35,25.35,16.0,23.9,16.1,82.751,26.1,16.4,23.85,16.4,-0.3,0.6,0.8,-2.0,0.3
Diamond Bar HS,PSW,2018,10,2,4,81.5,24.938,16.05,24.362,16.15,82.751,26.1,16.4,23.85,16.4,84.651,25.2,16.9,24.85,17.7,1.401,0.75,0.4,-0.05,0.3
Diamond Bar HS,PSW,2018,11,1,5,82.13,24.99,16.22,24.46,16.46,84.651,25.2,16.9,24.85,17.7,85.538,26.288,17.375,24.775,17.1,1.9,-0.9,0.5,1.0,1.3
Etiwanda HS,PSW,2018,3,0,0,0.0,0.0,0.0,0.0,0.0,0.0,0.0,0.0,0.0,0.0,80.25,24.45,16.0,24.1,15.7,0.0,0.0,0.0,0.0,0.0
Etiwanda HS,PSW,2018,4,1,1,80.25,24.45,16.0,24.1,15.7,80.25,24.45,16.0,24.1,15.7,85.45,26.25,16.9,25.6,16.7,0.0,0.0,0.0,0.0,0.0
Etiwanda HS,PSW,2018,6,2,2,82.85,25.35,16.45,24.85,16.2,85.45,26.25,16.9,25.6,16.7,86.7,27.0,17.2,25.6,16.9,5.2,1.8,0.9,1.5,1.0
Etiwanda HS,PSW,2018,8,2,3,84.133,25.9,16.7,25.1,16.433,86.7,27.0,17.2,25.6,16.9,89.3,27.15,18.15,26.35,17.65,1.25,0.75,0.3,0.0,0.2
Etiwanda HS,PSW,2018,10,2,4,85.425,26.212,17.062,25.412,16.737,89.3,27.15,18.15,26.35,17.65,89.35,27.6,16.65,27.2,17.9,2.6,0.15,0.95,0.75,0.75
Etiwanda HS,PSW,2018,11,1,5,86.21,26.49,16.98,25.77,16.97,89.35,27.6,16.65,27.2,17.9,92.188,28.012,18.825,27.2,18.15,0.05,0.45,-1.5,0.85,0.25
Franklin Central HS,PSW,2018,6,0,0,0.0,0.0,0.0,0.0,0.0,0.0,0.0,0.0,0.0,0.0,85.95,25.35,17.6,26.0,17.0,0.0,0.0,0.0,0.0,0.0
Franklin Central HS,PSW,2018,12,6,1,85.95,25.35,17.6,26.0,17.0,85.95,25.35,17.6,26.0,17.0,93.738,28.237,18.875,27.8,18.825,0.0,0.0,0.0,0.0,0.0
Homestead HS,PSW,2018,4,0,0,0.0,0.0,0.0,0.0,0.0,0.0,0.0,0.0,0.0,0.0,80.7,24.6,16.2,25.0,14.9,0.0,0.0,0.0,0.0,0.0
Homestead HS,PSW,2018,8,4,1,80.7,24.6,16.2,25.0,14.9,80.7,24.6,16.2,25.0,14.9,84.326,25.575,16.85,25.4,16.5,0.0,0.0,0.0,0.0,0.0
James Logan HS,PSW,2018,5,0,0,0.0,0.0,0.0,0.0,0.0,0.0,0.0,0.0,0.0,0.0,80.6,24.3,16.6,23.8,15.9,0.0,0.0,0.0,0.0,0.0
James Logan HS,PSW,2018,12,7,1,80.6,24.3,16.6,23.8,15.9,80.6,24.3,16.6,23.8,15.9,89.513,26.663,17.825,27.225,17.8,0.0,0.0,0.0,0.0,0.0
Lebanon HS,PSW,2018,3,0,0,0.0,0.0,0.0,0.0,0.0,0.0,0.0,0.0,0.0,0.0,79.3,22.8,16.8,24.3,15.4,0.0,0.0,0.0,0.0,0.0
Lebanon HS,PSW,2018,12,9,1,79.3,22.8,16.8,24.3,15.4,79.3,22.8,16.8,24.3,15.4,90.763,26.962,18.825,26.55,18.425,0.0,0.0,0.0,0.0,0.0
Leigh HS,PSW,2018,5,0,0,0.0,0.0,0.0,0.0,0.0,0.0,0.0,0.0,0.0,0.0,77.3,24.0,15.5,22.5,15.3,0.0,0.0,0.0,0.0,0.0
Leigh HS,PSW,2018,12,7,1,77.3,24.0,15.5,22.5,15.3,77.3,24.0,15.5,22.5,15.3,88.375,26.775,17.8,26.65,17.15,0.0,0.0,0.0,0.0,0.0
Los Alamitos HS,PSW,2018,10,0,0,0.0,0.0,0.0,0.0,0.0,0.0,0.0,0.0,0.0,0.0,85.951,25.95,15.6,27.4,17.0,0.0,0.0,0.0,0.0,0.0
Los Alamitos HS,PSW,2018,11,1,1,85.951,25.95,15.6,27.4,17.0,85.951,25.95,15.6,27.4,17.0,87.913,26.663,17.0,27.05,17.2,0.0,0.0,0.0,0.0,0.0
Petal HS,PSW,2018,6,0,0,0.0,0.0,0.0,0.0,0.0,0.0,0.0,0.0,0.0,0.0,79.451,23.25,16.7,23.3,16.2,0.0,0.0,0.0,0.0,0.0
Petal HS,PSW,2018,7,1,1,79.451,23.25,16.7,23.3,16.2,79.451,23.25,16.7,23.3,16.2,83.375,25.275,16.5,25.15,16.45,0.0,0.0,0.0,0.0,0.0
Rowland HS,PSW,2018,3,0,0,0.0,0.0,0.0,0.0,0.0,0.0,0.0,0.0,0.0,0.0,82.6,24.0,16.7,25.4,16.5,0.0,0.0,0.0,0.0,0.0
Rowland HS,PSW,2018,5,2,1,82.6,24.0,16.7,25.4,16.5,82.6,24.0,16.7,25.4,16.5,80.2,24.6,14.7,25.8,15.1,0.0,0.0,0.0,0.0,0.0
Rowland HS,PSW,2018,8,3,2,81.4,24.3,15.7,25.6,15.8,80.2,24.6,14.7,25.8,15.1,83.626,25.65,16.175,25.8,16.0,-2.4,0.6,-2.0,0.4,-1.4
Rowland HS,PSW,2018,10,2,3,82.142,24.75,15.858,25.667,15.867,83.626,25.65,16.175,25.8,16.0,83.251,25.05,16.4,25.2,16.6,3.426,1.05,1.475,0.0,0.9
Rowland HS,PSW,2018,11,1,4,82.419,24.825,15.994,25.55,16.05,83.251,25.05,16.4,25.2,16.6,85.601,25.725,16.825,26.15,16.9,-0.375,-0.6,0.225,-0.6,0.6
San Marino HS,PSW,2018,10,0,0,0.0,0.0,0.0,0.0,0.0,0.0,0.0,0.0,0.0,0.0,82.226,24.825,15.8,24.8,16.8,0.0,0.0,0.0,0.0,0.0
San Marino HS,PSW,2018,11,1,1,82.226,24.825,15.8,24.8,16.8,82.226,24.825,15.8,24.8,16.8,83.401,24.9,17.1,24.7,16.7,0.0,0.0,0.0,0.0,0.0
Vista Murrieta HS,PSW,2018,4,0,0,0.0,0.0,0.0,0.0,0.0,0.0,0.0,0.0,0.0,0.0,81.0,25.5,14.9,25.0,15.6,0.0,0.0,0.0,0.0,0.0
Vista Murrieta HS,PSW,2018,6,2,1,81.0,25.5,14.9,25.0,15.6,81.0,25.5,14.9,25.0,15.6,82.85,25.05,16.2,25.1,16.5,0.0,0.0,0.0,0.0,0.0
Vista Murrieta HS,PSW,2018,7,1,2,81.925,25.275,15.55,25.05,16.05,82.85,25.05,16.2,25.1,16.5,83.15,24.75,16.7,25.7,16.0,1.85,-0.45,1.3,0.1,0.9
Vista Murrieta HS,PSW,2018,8,1,3,82.333,25.1,15.933,25.267,16.033,83.15,24.75,16.7,25.7,16.0,82.701,25.2,16.3,25.1,16.1,0.3,-0.3,0.5,0.6,-0.5
Vista Murrieta HS,PSW,2018,10,2,4,82.425,25.125,16.025,25.225,16.05,82.701,25.2,16.3,25.1,16.1,87.201,26.1,16.2,26.1,18.8,-0.449,0.45,-0.4,-0.6,0.1
Vista Murrieta HS,PSW,2018,11,1,5,83.38,25.32,16.06,25.4,16.6,87.201,26.1,16.2,26.1,18.8,89.425,27.3,17.35,26.725,18.05,4.5,0.9,-0.1,1.0,2.7
Arcadia HS,PSO,2018,2,0,0,0.0,0.0,0.0,0.0,0.0,0.0,0.0,0.0,0.0,0.0,74.35,22.65,14.0,22.8,14.9,0.0,0.0,0.0,0.0,0.0
Arcadia HS,PSO,2018,4,2,1,74.35,22.65,14.0,22.8,14.9,74.35,22.65,14.0,22.8,14.9,83.95,25.35,16.9,25.7,16.0,0.0,0.0,0.0,0.0,0.0
Arcadia HS,PSO,2018,5,1,2,79.15,24.0,15.45,24.25,15.45,83.95,25.35,16.9,25.7,16.0,80.0,22.5,16.7,24.5,16.3,9.6,2.7,2.9,2.9,1.1
Arroyo HS,PSO,2018,5,0,0,0.0,0.0,0.0,0.0,0.0,0.0,0.0,0.0,0.0,0.0,68.451,20.25,11.7,21.7,14.8,0.0,0.0,0.0,0.0,0.0
Arroyo HS,PSO,2018,6,1,1,68.451,20.25,11.7,21.7,14.8,68.451,20.25,11.7,21.7,14.8,69.25,21.15,12.6,22.3,13.2,0.0,0.0,0.0,0.0,0.0
Arroyo HS,PSO,2018,7,1,2,68.85,20.7,12.15,22.0,14.0,69.25,21.15,12.6,22.3,13.2,72.251,21.75,14.3,22.7,13.5,0.799,0.9,0.9,0.6,-1.6
Boswell HS,PSO,2018,6,0,0,0.0,0.0,0.0,0.0,0.0,0.0,0.0,0.0,0.0,0.0,83.85,25.05,17.3,25.2,16.3,0.0,0.0,0.0,0.0,0.0
Boswell HS,PSO,2018,12,6,1,83.85,25.05,17.3,25.2,16.3,83.85,25.05,17.3,25.2,16.3,91.826,27.375,19.025,27.6,17.825,0.0,0.0,0.0,0.0,0.0
Buena HS,PSO,2018,7,0,0,0.0,0.0,0.0,0.0,0.0,0.0,0.0,0.0,0.0,0.0,79.85,25.65,15.1,24.6,14.5,0.0,0.0,0.0,0.0,0.0
Buena HS,PSO,2018,11,4,1,79.85,25.65,15.1,24.6,14.5,79.85,25.65,15.1,24.6,14.5,82.425,24.525,16.7,24.85,16.35,0.0,0.0,0.0,0.0,0.0
Casa Grande HS,PSO,2018,5,0,0,0.0,0.0,0.0,0.0,0.0,0.0,0.0,0.0,0.0,0.0,82.4,23.7,16.8,26.2,15.7,0.0,0.0,0.0,0.0,0.0
Casa Grande HS,PSO,2018,8,3,1,82.4,23.7,16.8,26.2,15.7,82.4,23.7,16.8,26.2,15.7,87.725,27.075,17.4,26.075,17.175,0.0,0.0,0.0,0.0,0.0
Chino HS,PSO,2018,3,0,0,0.0,0.0,0.0,0.0,0.0,0.0,0.0,0.0,0.0,0.0,69.001,21.3,13.4,21.1,13.2,0.0,0.0,0.0,0.0,0.0
Chino HS,PSO,2018,7,4,1,69.001,21.3,13.4,21.1,13.2,69.001,21.3,13.4,21.1,13.2,79.951,23.85,15.9,25.7,14.5,0.0,0.0,0.0,0.0,0.0
Chino HS,PSO,2018,8,1,2,74.476,22.575,14.65,23.4,13.85,79.951,23.85,15.9,25.7,14.5,77.95,22.05,15.7,24.1,16.1,10.95,2.55,2.5,4.6,1.3
Clear Brook HS,PSO,2018,4,0,0,0.0,0.0,0.0,0.0,0.0,0.0,0.0,0.0,0.0,0.0,83.45,25.35,16.4,25.4,16.3,0.0,0.0,0.0,0.0,0.0
Clear Brook HS,PSO,2018,12,8,1,83.45,25.35,16.4,25.4,16.3,83.45,25.35,16.4,25.4,16.3,96.538,29.212,19.65,28.475,19.2,0.0,0.0,0.0,0.0,0.0
Clovis HS,PSO,2018,5,0,0,0.0,0.0,0.0,0.0,0.0,0.0,0.0,0.0,0.0,0.0,79.1,23.7,16.2,23.1,16.1,0.0,0.0,0.0,0.0,0.0
Clovis HS,PSO,2018,11,6,1,79.1,23.7,16.2,23.1,16.1,79.1,23.7,16.2,23.1,16.1,87.613,26.438,16.95,27.175,17.05,0.0,0.0,0.0,0.0,0.0
Douglas MacArthur HS,PSO,2018,4,0,0,0.0,0.0,0.0,0.0,0.0,0.0,0.0,0.0,0.0,0.0,77.701,24.6,15.0,23.6,14.5,0.0,0.0,0.0,0.0,0.0
Douglas MacArthur HS,PSO,2018,6,2,1,77.701,24.6,15.0,23.6,14.5,77.701,24.6,15.0,23.6,14.5,80.45,24.75,16.9,23.3,15.5,0.0,0.0,0.0,0.0,0.0
Downingtown,PSO,2018,4,0,0,0.0,0.0,0.0,0.0,0.0,0.0,0.0,0.0,0.0,0.0,70.45,21.8,23.25,12.8,12.6,0.0,0.0,0.0,0.0,0.0
Downingtown,PSO,2018,6,2,1,70.45,21.8,23.25,12.8,12.6,70.45,21.8,23.25,12.8,12.6,76.6,23.2,24.9,14.5,14.0,0.0,0.0,0.0,0.0,0.0
Downingtown,PSO,2018,8,2,2,73.525,22.5,24.075,13.65,13.3,76.6,23.2,24.9,14.5,14.0,77.0,22.4,23.7,15.4,15.5,6.15,1.4,1.65,1.7,1.4
Downingtown,PSO,2018,10,2,3,74.683,22.467,23.95,14.233,14.033,77.0,22.4,23.7,15.4,15.5,80.7,23.9,24.6,15.8,16.4,0.4,-0.8,-1.2,0.9,1.5
Downingtown,PSO,2018,11,1,4,76.188,22.825,24.112,14.625,14.625,80.7,23.9,24.6,15.8,16.4,80.45,24.3,24.75,16.0,15.4,3.7,1.5,0.9,0.4,0.9
Eagle Pass HS,PSO,2018,4,0,0,0.0,0.0,0.0,0.0,0.0,0.0,0.0,0.0,0.0,0.0,71.851,22.8,14.15,21.2,13.7,0.0,0.0,0.0,0.0,0.0
Eagle Pass HS,PSO,2018,6,2,1,71.851,22.8,14.15,21.2,13.7,71.851,22.8,14.15,21.2,13.7,73.401,22.5,13.4,22.1,15.4,0.0,0.0,0.0,0.0,0.0
East Syracuse Minoa,PSO,2018,4,0,0,0.0,0.0,0.0,0.0,0.0,0.0,0.0,0.0,0.0,0.0,79.85,25.0,23.85,15.5,15.5,0.0,0.0,0.0,0.0,0.0
East Syracuse Minoa,PSO,2018,5,1,1,79.85,25.0,23.85,15.5,15.5,79.85,25.0,23.85,15.5,15.5,81.6,24.7,24.6,16.2,16.1,0.0,0.0,0.0,0.0,0.0
East Syracuse Minoa,PSO,2018,7,2,2,80.725,24.85,24.225,15.85,15.8,81.6,24.7,24.6,16.2,16.1,84.8,25.7,25.5,16.9,16.7,1.75,-0.3,0.75,0.7,0.6
East Syracuse Minoa,PSO,2018,8,1,3,82.083,25.133,24.65,16.2,16.1,84.8,25.7,25.5,16.9,16.7,87.85,26.8,26.55,17.1,17.4,3.2,1.0,0.9,0.7,0.6
East Syracuse Minoa,PSO,2018,9,1,4,83.525,25.55,25.125,16.425,16.425,87.85,26.8,26.55,17.1,17.4,87.75,26.8,25.65,17.8,17.5,3.05,1.1,1.05,0.2,0.7
East Syracuse Minoa,PSO,2018,10,1,5,84.37,25.8,25.23,16.7,16.64,87.75,26.8,25.65,17.8,17.5,91.4,27.8,28.2,17.5,17.9,-0.1,0.0,-0.9,0.7,0.1
Edinburg HS,PSO,2018,4,0,0,0.0,0.0,0.0,0.0,0.0,0.0,0.0,0.0,0.0,0.0,79.6,24.3,14.9,24.6,15.8,0.0,0.0,0.0,0.0,0.0
Edinburg HS,PSO,2018,6,2,1,79.6,24.3,14.9,24.6,15.8,79.6,24.3,14.9,24.6,15.8,75.701,22.5,16.1,22.9,14.2,0.0,0.0,0.0,0.0,0.0
El Dorado HS,PSO,2018,3,0,0,0.0,0.0,0.0,0.0,0.0,0.0,0.0,0.0,0.0,0.0,81.1,23.1,17.6,23.5,16.9,0.0,0.0,0.0,0.0,0.0
El Dorado HS,PSO,2018,5,2,1,81.1,23.1,17.6,23.5,16.9,81.1,23.1,17.6,23.5,16.9,82.05,25.95,16.3,23.9,15.9,0.0,0.0,0.0,0.0,0.0
El Dorado HS,PSO,2018,8,3,2,81.575,24.525,16.95,23.7,16.4,82.05,25.95,16.3,23.9,15.9,84.338,25.988,17.25,24.2,16.9,0.95,2.85,-1.3,0.4,-1.0
El Dorado HS,PSO,2018,11,3,3,82.496,25.013,17.05,23.867,16.567,84.338,25.988,17.25,24.2,16.9,88.7,27.0,17.6,26.425,17.675,2.288,0.038,0.95,0.3,1.0
Fair Lawn HS,PSO,2018,5,0,0,0.0,0.0,0.0,0.0,0.0,0.0,0.0,0.0,0.0,0.0,81.55,24.45,16.5,24.5,16.1,0.0,0.0,0.0,0.0,0.0
Fair Lawn HS,PSO,2018,7,2,1,81.55,24.45,16.5,24.5,16.1,81.55,24.45,16.5,24.5,16.1,82.875,25.275,16.45,24.4,16.75,0.0,0.0,0.0,0.0,0.0
Fountain Valley HS,PSO,2018,3,0,0,0.0,0.0,0.0,0.0,0.0,0.0,0.0,0.0,0.0,0.0,78.5,24.0,13.9,24.7,15.9,0.0,0.0,0.0,0.0,0.0
Fountain Valley HS,PSO,2018,4,1,1,78.5,24.0,13.9,24.7,15.9,78.5,24.0,13.9,24.7,15.9,77.5,23.7,15.1,23.9,14.8,0.0,0.0,0.0,0.0,0.0
Fountain Valley HS,PSO,2018,5,1,2,78.0,23.85,14.5,24.3,15.35,77.5,23.7,15.1,23.9,14.8,76.25,23.7,13.6,23.95,15.0,-1.0,-0.3,1.2,-0.8,-1.1
Fountain Valley HS,PSO,2018,6,1,3,77.417,23.8,14.2,24.183,15.233,76.25,23.7,13.6,23.95,15.0,82.25,24.75,16.3,25.3,15.9,-1.25,0.0,-1.5,0.05,0.2
Fountain Valley HS,PSO,2018,8,2,4,78.625,24.038,14.725,24.462,15.4,82.25,24.75,16.3,25.3,15.9,89.238,27.337,17.8,26.7,17.4,6.0,1.05,2.7,1.35,0.9
Fountain Valley HS,PSO,2018,11,3,5,80.748,24.697,15.34,24.91,15.8,89.238,27.337,17.8,26.7,17.4,88.275,26.625,17.35,26.575,17.725,6.988,2.587,1.5,1.4,1.5
Granada Hills CHS,PSO,2018,1,0,0,0.0,0.0,0.0,0.0,0.0,0.0,0.0,0.0,0.0,0.0,70.75,20.85,13.3,21.1,15.5,0.0,0.0,0.0,0.0,0.0
Granada Hills CHS,PSO,2018,6,5,1,70.75,20.85,13.3,21.1,15.5,70.75,20.85,13.3,21.1,15.5,76.05,22.95,14.8,23.2,15.1,0.0,0.0,0.0,0.0,0.0
Granada Hills CHS,PSO,2018,11,5,2,73.4,21.9,14.05,22.15,15.3,76.05,22.95,14.8,23.2,15.1,84.15,25.5,17.0,24.875,16.775,5.3,2.1,1.5,2.1,-0.4
Great Oak HS,PSO,2018,4,0,0,0.0,0.0,0.0,0.0,0.0,0.0,0.0,0.0,0.0,0.0,82.15,24.75,16.7,25.1,15.6,0.0,0.0,0.0,0.0,0.0
Great Oak HS,PSO,2018,6,2,1,82.15,24.75,16.7,25.1,15.6,82.15,24.75,16.7,25.1,15.6,80.4,24.3,16.6,23.0,16.5,0.0,0.0,0.0,0.0,0.0
Great Oak HS,PSO,2018,7,1,2,81.275,24.525,16.65,24.05,16.05,80.4,24.3,16.6,23.0,16.5,86.15,27.15,17.4,25.0,16.6,-1.75,-0.45,-0.1,-2.1,0.9
Great Oak HS,PSO,2018,8,1,3,82.9,25.4,16.9,24.367,16.233,86.15,27.15,17.4,25.0,16.6,88.825,27.675,18.2,25.3,17.65,5.75,2.85,0.8,2.0,0.1
Great Oak HS,PSO,2018,11,3,4,84.381,25.969,17.225,24.6,16.588,88.825,27.675,18.2,25.3,17.65,91.575,27.825,18.55,26.8,18.4,2.675,0.525,0.8,0.3,1.05
Hendrickson HS,PSO,2018,4,0,0,0.0,0.0,0.0,0.0,0.0,0.0,0.0,0.0,0.0,0.0,77.351,23.55,15.5,23.3,15.0,0.0,0.0,0.0,0.0,0.0
Hendrickson HS,PSO,2018,6,2,1,77.351,23.55,15.5,23.3,15.0,77.351,23.55,15.5,23.3,15.0,80.3,24.3,16.3,24.0,15.7,0.0,0.0,0.0,0.0,0.0
La Quinta HS,PSO,2018,4,0,0,0.0,0.0,0.0,0.0,0.0,0.0,0.0,0.0,0.0,0.0,82.2,24.9,16.5,24.5,16.3,0.0,0.0,0.0,0.0,0.0
La Quinta HS,PSO,2018,5,1,1,82.2,24.9,16.5,24.5,16.3,82.2,24.9,16.5,24.5,16.3,82.05,24.45,15.8,24.9,16.9,0.0,0.0,0.0,0.0,0.0
La Quinta HS,PSO,2018,8,3,2,82.125,24.675,16.15,24.7,16.6,82.05,24.45,15.8,24.9,16.9,89.675,27.525,18.35,25.75,18.05,-0.15,-0.45,-0.7,0.4,0.6
La Quinta HS (W),PSO,2018,7,0,0,0.0,0.0,0.0,0.0,0.0,0.0,0.0,0.0,0.0,0.0,86.75,25.95,17.9,25.6,17.3,0.0,0.0,0.0,0.0,0.0
La Quinta HS (W),PSO,2018,11,4,1,86.75,25.95,17.9,25.6,17.3,86.75,25.95,17.9,25.6,17.3,93.838,27.938,19.1,28.05,18.75,0.0,0.0,0.0,0.0,0.0
Lawrence Township,PSO,2018,6,0,0,0.0,0.0,0.0,0.0,0.0,0.0,0.0,0.0,0.0,0.0,88.85,26.25,17.6,27.2,17.8,0.0,0.0,0.0,0.0,0.0
Lawrence Township,PSO,2018,12,6,1,88.85,26.25,17.6,27.2,17.8,88.85,26.25,17.6,27.2,17.8,92.138,27.337,18.975,26.725,19.1,0.0,0.0,0.0,0.0,0.0
Los Alamitos HS,PSO,2018,3,0,0,0.0,0.0,0.0,0.0,0.0,0.0,0.0,0.0,0.0,0.0,78.15,22.65,16.6,23.8,15.1,0.0,0.0,0.0,0.0,0.0
Los Alamitos HS,PSO,2018,6,3,1,78.15,22.65,16.6,23.8,15.1,78.15,22.65,16.6,23.8,15.1,84.2,24.9,16.9,25.7,16.7,0.0,0.0,0.0,0.0,0.0
Los Alamitos HS,PSO,2018,7,1,2,81.175,23.775,16.75,24.75,15.9,84.2,24.9,16.9,25.7,16.7,86.0,26.4,15.8,26.9,16.9,6.05,2.25,0.3,1.9,1.6
Mission Viejo HS,PSO,2018,5,0,0,0.0,0.0,0.0,0.0,0.0,0.0,0.0,0.0,0.0,0.0,75.35,22.35,15.5,23.0,14.5,0.0,0.0,0.0,0.0,0.0
Mission Viejo HS,PSO,2018,7,2,1,75.35,22.35,15.5,23.0,14.5,75.35,22.35,15.5,23.0,14.5,79.801,24.6,15.4,24.1,15.7,0.0,0.0,0.0,0.0,0.0
Mission Viejo HS,PSO,2018,11,4,2,77.576,23.475,15.45,23.55,15.1,79.801,24.6,15.4,24.1,15.7,85.401,25.35,16.75,25.65,17.65,4.451,2.25,-0.1,1.1,1.2
Morton Ranch HS,PSO,2018,4,0,0,0.0,0.0,0.0,0.0,0.0,0.0,0.0,0.0,0.0,0.0,67.825,20.625,13.2,19.9,14.1,0.0,0.0,0.0,0.0,0.0
Morton Ranch HS,PSO,2018,6,2,1,67.825,20.625,13.2,19.9,14.1,67.825,20.625,13.2,19.9,14.1,71.2,21.6,14.5,20.6,14.5,0.0,0.0,0.0,0.0,0.0
Nogales HS,PSO,2018,6,0,0,0.0,0.0,0.0,0.0,0.0,0.0,0.0,0.0,0.0,0.0,76.1,22.8,15.7,21.5,16.1,0.0,0.0,0.0,0.0,0.0
Nogales HS,PSO,2018,11,5,1,76.1,22.8,15.7,21.5,16.1,76.1,22.8,15.7,21.5,16.1,85.038,25.238,17.0,25.55,17.25,0.0,0.0,0.0,0.0,0.0
Norwalk HS,PSO,2018,5,0,0,0.0,0.0,0.0,0.0,0.0,0.0,0.0,0.0,0.0,0.0,78.15,24.45,14.7,24.5,14.5,0.0,0.0,0.0,0.0,0.0
Norwalk HS,PSO,2018,7,2,1,78.15,24.45,14.7,24.5,14.5,78.15,24.45,14.7,24.5,14.5,85.725,26.025,17.15,25.65,16.9,0.0,0.0,0.0,0.0,0.0
Old Bridge,PSO,2018,6,0,0,0.0,0.0,0.0,0.0,0.0,0.0,0.0,0.0,0.0,0.0,87.25,25.8,27.15,17.0,17.3,0.0,0.0,0.0,0.0,0.0
Old Bridge,PSO,2018,8,2,1,87.25,25.8,27.15,17.0,17.3,87.25,25.8,27.15,17.0,17.3,90.4,27.4,27.3,18.1,17.6,0.0,0.0,0.0,0.0,0.0
Old Bridge,PSO,2018,10,2,2,88.825,26.6,27.225,17.55,17.45,90.4,27.4,27.3,18.1,17.6,91.65,27.5,27.45,18.2,18.5,3.15,1.6,0.15,1.1,0.3
Old Bridge,PSO,2018,11,1,3,89.767,26.9,27.3,17.767,17.8,91.65,27.5,27.45,18.2,18.5,91.55,27.4,27.45,18.3,18.4,1.25,0.1,0.15,0.1,0.9
Old Bridge HS,PSO,2018,5,0,0,0.0,0.0,0.0,0.0,0.0,0.0,0.0,0.0,0.0,0.0,84.15,25.05,16.8,25.4,16.9,0.0,0.0,0.0,0.0,0.0
Old Bridge HS,PSO,2018,7,2,1,84.15,25.05,16.8,25.4,16.9,84.15,25.05,16.8,25.4,16.9,90.425,27.525,18.15,26.85,17.9,0.0,0.0,0.0,0.0,0.0
Old Bridge HS,PSO,2018,12,5,2,87.288,26.288,17.475,26.125,17.4,90.425,27.525,18.15,26.85,17.9,95.475,28.575,19.55,28.15,19.2,6.275,2.475,1.35,1.45,1.0
Palisades CHS,PSO,2018,5,0,0,0.0,0.0,0.0,0.0,0.0,0.0,0.0,0.0,0.0,0.0,74.45,21.15,14.7,23.4,15.2,0.0,0.0,0.0,0.0,0.0
Palisades CHS,PSO,2018,7,2,1,74.45,21.15,14.7,23.4,15.2,74.45,21.15,14.7,23.4,15.2,79.701,25.2,15.5,24.0,15.0,0.0,0.0,0.0,0.0,0.0
Palisades CHS,PSO,2018,11,4,2,77.076,23.175,15.1,23.7,15.1,79.701,25.2,15.5,24.0,15.0,79.675,23.625,15.95,23.9,16.2,5.251,4.05,0.8,0.6,-0.2
Patriot HS,PSO,2018,5,0,0,0.0,0.0,0.0,0.0,0.0,0.0,0.0,0.0,0.0,0.0,77.85,21.75,16.3,23.5,16.3,0.0,0.0,0.0,0.0,0.0
Patriot HS,PSO,2018,7,2,1,77.85,21.75,16.3,23.5,16.3,77.85,21.75,16.3,23.5,16.3,82.05,24.75,16.4,25.3,15.6,0.0,0.0,0.0,0.0,0.0
Perkiomen Valley,PSO,2018,3,0,0,0.0,0.0,0.0,0.0,0.0,0.0,0.0,0.0,0.0,0.0,69.35,21.9,21.45,13.0,13.0,0.0,0.0,0.0,0.0,0.0
Perkiomen Valley,PSO,2018,4,1,1,69.35,21.9,21.45,13.0,13.0,69.35,21.9,21.45,13.0,13.0,73.65,22.5,24.75,12.9,13.5,0.0,0.0,0.0,0.0,0.0
Perkiomen Valley,PSO,2018,10,6,2,71.5,22.2,23.1,12.95,13.25,73.65,22.5,24.75,12.9,13.5,84.15,24.7,25.65,16.7,17.1,4.3,0.6,3.3,-0.1,0.5
Perkiomen Valley,PSO,2018,11,1,3,75.717,23.033,23.95,14.2,14.533,84.15,24.7,25.65,16.7,17.1,84.75,25.4,26.25,16.8,16.3,10.5,2.2,0.9,3.8,3.6
Plymouth Canton Community Schools,PSO,2018,3,0,0,0.0,0.0,0.0,0.0,0.0,0.0,0.0,0.0,0.0,0.0,80.0,23.1,15.3,25.3,16.3,0.0,0.0,0.0,0.0,0.0
Plymouth Canton Community Schools,PSO,2018,12,9,1,80.0,23.1,15.3,25.3,16.3,80.0,23.1,15.3,25.3,16.3,92.288,27.638,18.8,27.35,18.5,0.0,0.0,0.0,0.0,0.0
Rancho Cucamonga HS,PSO,2018,3,0,0,0.0,0.0,0.0,0.0,0.0,0.0,0.0,0.0,0.0,0.0,71.251,22.2,13.8,22.0,13.25,0.0,0.0,0.0,0.0,0.0
Rancho Cucamonga HS,PSO,2018,5,2,1,71.251,22.2,13.8,22.0,13.25,71.251,22.2,13.8,22.0,13.25,76.7,22.2,14.6,25.6,14.3,0.0,0.0,0.0,0.0,0.0
Rancho Cucamonga HS,PSO,2018,6,1,2,73.976,22.2,14.2,23.8,13.775,76.7,22.2,14.6,25.6,14.3,77.55,23.55,13.8,25.7,14.5,5.449,0.0,0.8,3.6,1.05
Rancho Cucamonga HS,PSO,2018,7,1,3,75.167,22.65,14.067,24.433,14.017,77.55,23.55,13.8,25.7,14.5,80.201,24.9,16.1,24.4,14.8,0.85,1.35,-0.8,0.1,0.2
San Marino HS,PSO,2018,3,0,0,0.0,0.0,0.0,0.0,0.0,0.0,0.0,0.0,0.0,0.0,76.95,21.15,17.2,22.1,16.5,0.0,0.0,0.0,0.0,0.0
San Marino HS,PSO,2018,7,4,1,76.95,21.15,17.2,22.1,16.5,76.95,21.15,17.2,22.1,16.5,85.2,25.8,17.2,26.1,16.1,0.0,0.0,0.0,0.0,0.0
San Marino HS,PSO,2018,8,1,2,81.075,23.475,17.2,24.1,16.3,85.2,25.8,17.2,26.1,16.1,86.126,26.025,17.35,25.6,17.15,8.25,4.65,0.0,4.0,-0.4
Sparkman HS,PSO,2018,6,0,0,0.0,0.0,0.0,0.0,0.0,0.0,0.0,0.0,0.0,0.0,84.0,25.5,15.8,25.6,17.1,0.0,0.0,0.0,0.0,0.0
Sparkman HS,PSO,2018,7,1,1,84.0,25.5,15.8,25.6,17.1,84.0,25.5,15.8,25.6,17.1,89.0,26.4,17.9,27.45,17.25,0.0,0.0,0.0,0.0,0.0
Springford,PSO,2018,5,0,0,0.0,0.0,0.0,0.0,0.0,0.0,0.0,0.0,0.0,0.0,77.9,23.8,24.6,15.0,14.5,0.0,0.0,0.0,0.0,0.0
Springford,PSO,2018,6,1,1,77.9,23.8,24.6,15.0,14.5,77.9,23.8,24.6,15.0,14.5,81.7,25.0,27.0,14.9,14.8,0.0,0.0,0.0,0.0,0.0
Springford,PSO,2018,8,2,2,79.8,24.4,25.8,14.95,14.65,81.7,25.0,27.0,14.9,14.8,83.4,25.3,26.1,15.8,16.2,3.8,1.2,2.4,-0.1,0.3
Springford,PSO,2018,10,2,3,81.0,24.7,25.9,15.233,15.167,83.4,25.3,26.1,15.8,16.2,85.5,25.2,27.0,16.6,16.7,1.7,0.3,-0.9,0.9,1.4
Springford,PSO,2018,11,1,4,82.125,24.825,26.175,15.575,15.55,85.5,25.2,27.0,16.6,16.7,86.9,26.4,26.1,17.2,17.2,2.1,-0.1,0.9,0.8,0.5
Sunny Hills HS,PSO,2018,3,0,0,0.0,0.0,0.0,0.0,0.0,0.0,0.0,0.0,0.0,0.0,71.501,21.6,14.2,21.6,14.1,0.0,0.0,0.0,0.0,0.0
Sunny Hills HS,PSO,2018,5,2,1,71.501,21.6,14.2,21.6,14.1,71.501,21.6,14.2,21.6,14.1,77.1,24.0,13.2,24.5,15.4,0.0,0.0,0.0,0.0,0.0
Sunny Hills HS,PSO,2018,8,3,2,74.3,22.8,13.7,23.05,14.75,77.1,24.0,13.2,24.5,15.4,79.25,24.45,15.3,24.5,15.0,5.599,2.4,-1.0,2.9,1.3
Sunny Hills HS,PSO,2018,11,3,3,75.95,23.35,14.233,23.533,14.833,79.25,24.45,15.3,24.5,15.0,87.763,26.513,16.95,27.25,17.05,2.15,0.45,2.1,0.0,-0.4
Thousand Oaks HS,PSO,2018,1,0,0,0.0,0.0,0.0,0.0,0.0,0.0,0.0,0.0,0.0,0.0,65.05,18.75,12.3,19.7,14.3,0.0,0.0,0.0,0.0,0.0
Thousand Oaks HS,PSO,2018,2,1,1,65.05,18.75,12.3,19.7,14.3,65.05,18.75,12.3,19.7,14.3,66.0,20.4,13.4,19.8,12.4,0.0,0.0,0.0,0.0,0.0
Thousand Oaks HS,PSO,2018,5,3,2,65.525,19.575,12.85,19.75,13.35,66.0,20.4,13.4,19.8,12.4,72.251,20.25,15.1,23.0,13.9,0.95,1.65,1.1,0.1,-1.9
Timber Creek HS,PSO,2018,4,0,0,0.0,0.0,0.0,0.0,0.0,0.0,0.0,0.0,0.0,0.0,79.55,24.45,15.4,24.4,15.3,0.0,0.0,0.0,0.0,0.0
Timber Creek HS,PSO,2018,6,2,1,79.55,24.45,15.4,24.4,15.3,79.55,24.45,15.4,24.4,15.3,83.3,24.9,17.2,24.5,16.7,0.0,0.0,0.0,0.0,0.0
Trumbull HS,PSO,2018,5,0,0,0.0,0.0,0.0,0.0,0.0,0.0,0.0,0.0,0.0,0.0,79.25,23.85,15.8,24.1,15.5,0.0,0.0,0.0,0.0,0.0
Trumbull HS,PSO,2018,7,2,1,79.25,23.85,15.8,24.1,15.5,79.25,23.85,15.8,24.1,15.5,87.488,26.888,17.6,25.6,17.4,0.0,0.0,0.0,0.0,0.0
Victor Indoor Percussion Ensemble,PSO,2018,5,0,0,0.0,0.0,0.0,0.0,0.0,0.0,0.0,0.0,0.0,0.0,80.2,23.7,24.3,15.9,16.3,0.0,0.0,0.0,0.0,0.0
Victor Indoor Percussion Ensemble,PSO,2018,7,2,1,80.2,23.7,24.3,15.9,16.3,80.2,23.7,24.3,15.9,16.3,83.4,24.8,24.6,17.1,16.9,0.0,0.0,0.0,0.0,0.0
Victor Indoor Percussion Ensemble,PSO,2018,8,1,2,81.8,24.25,24.45,16.5,16.6,83.4,24.8,24.6,17.1,16.9,87.15,26.3,25.65,17.2,18.0,3.2,1.1,0.3,1.2,0.6
Victor Indoor Percussion Ensemble,PSO,2018,9,1,3,83.583,24.933,24.85,16.733,17.067,87.15,26.3,25.65,17.2,18.0,86.75,26.3,24.75,17.9,17.8,3.75,1.5,1.05,0.1,1.1
Victor Indoor Percussion Ensemble,PSO,2018,10,1,4,84.375,25.275,24.825,17.025,17.25,86.75,26.3,24.75,17.9,17.8,90.2,27.2,27.0,17.8,18.2,-0.4,0.0,-0.9,0.7,-0.2
Victor J. Andrew HS,PSO,2018,3,0,0,0.0,0.0,0.0,0.0,0.0,0.0,0.0,0.0,0.0,0.0,82.05,23.25,16.3,26.3,16.2,0.0,0.0,0.0,0.0,0.0
Victor J. Andrew HS,PSO,2018,6,3,1,82.05,23.25,16.3,26.3,16.2,82.05,23.25,16.3,26.3,16.2,86.95,25.65,17.3,26.6,17.4,0.0,0.0,0.0,0.0,0.0
Victor J. Andrew HS,PSO,2018,8,2,2,84.5,24.45,16.8,26.45,16.8,86.95,25.65,17.3,26.6,17.4,89.625,26.475,18.2,26.65,18.3,4.9,2.4,1.0,0.3,1.2
Victor J. Andrew HS,PSO,2018,12,4,3,86.208,25.125,17.267,26.517,17.3,89.625,26.475,18.2,26.65,18.3,94.525,27.675,19.2,28.35,19.3,2.675,0.825,0.9,0.05,0.9
William S. Hart HS,PSO,2018,3,0,0,0.0,0.0,0.0,0.0,0.0,0.0,0.0,0.0,0.0,0.0,74.25,22.35,14.8,22.8,14.3,0.0,0.0,0.0,0.0,0.0
William S. Hart HS,PSO,2018,7,4,1,74.25,22.35,14.8,22.8,14.3,74.25,22.35,14.8,22.8,14.3,82.3,25.5,16.7,24.1,16.0,0.0,0.0,0.0,0.0,0.0
William S. Hart HS,PSO,2018,11,4,2,78.275,23.925,15.75,23.45,15.15,82.3,25.5,16.7,24.1,16.0,86.638,26.212,17.25,25.925,17.25,8.05,3.15,1.9,1.3,1.7
Williams Field HS,PSO,2018,5,0,0,0.0,0.0,0.0,0.0,0.0,0.0,0.0,0.0,0.0,0.0,77.0,21.9,16.2,24.5,14.4,0.0,0.0,0.0,0.0,0.0
Williams Field HS,PSO,2018,8,3,1,77.0,21.9,16.2,24.5,14.4,77.0,21.9,16.2,24.5,14.4,76.85,23.55,14.9,23.9,14.5,0.0,0.0,0.0,0.0,0.0
Albany Indoor Percussion,PSA,2018,2,0,0,0.0,0.0,0.0,0.0,0.0,0.0,0.0,0.0,0.0,0.0,61.3,17.6,18.6,12.7,12.4,0.0,0.0,0.0,0.0,0.0
Albany Indoor Percussion,PSA,2018,6,4,1,61.3,17.6,18.6,12.7,12.4,61.3,17.6,18.6,12.7,12.4,65.051,19.2,18.75,13.4,13.7,0.0,0.0,0.0,0.0,0.0
Albany Indoor Percussion,PSA,2018,9,3,2,63.176,18.4,18.675,13.05,13.05,65.051,19.2,18.75,13.4,13.7,69.451,20.2,21.45,13.5,14.3,3.751,1.6,0.15,0.7,1.3
Albany Indoor Percussion,PSA,2018,10,1,3,65.267,19.0,19.6,13.2,13.467,69.451,20.2,21.45,13.5,14.3,70.901,20.6,21.9,13.3,15.1,4.4,1.0,2.7,0.1,0.6
Avon Grove,PSA,2018,5,0,0,0.0,0.0,0.0,0.0,0.0,0.0,0.0,0.0,0.0,0.0,72.951,22.4,24.15,13.4,13.0,0.0,0.0,0.0,0.0,0.0
Avon Grove,PSA,2018,6,1,1,72.951,22.4,24.15,13.4,13.0,72.951,22.4,24.15,13.4,13.0,79.3,23.8,25.2,14.7,15.6,0.0,0.0,0.0,0.0,0.0
Avon Grove,PSA,2018,8,2,2,76.125,23.1,24.675,14.05,14.3,79.3,23.8,25.2,14.7,15.6,80.651,23.1,24.75,16.8,16.0,6.349,1.4,1.05,1.3,2.6
Avon Grove,PSA,2018,10,2,3,77.634,23.1,24.7,14.967,14.867,80.651,23.1,24.75,16.8,16.0,83.65,24.8,24.75,16.9,17.2,1.351,-0.7,-0.45,2.1,0.4
Avon Grove,PSA,2018,11,1,4,79.138,23.525,24.712,15.45,15.45,83.65,24.8,24.75,16.9,17.2,83.475,25.1,24.525,16.75,17.1,2.999,1.7,0.0,0.1,1.2
Baldwin Park HS,PSA,2018,3,0,0,0.0,0.0,0.0,0.0,0.0,0.0,0.0,0.0,0.0,0.0,71.25,19.65,16.6,18.6,16.4,0.0,0.0,0.0,0.0,0.0
Baldwin Park HS,PSA,2018,7,4,1,71.25,19.65,16.6,18.6,16.4,71.25,19.65,16.6,18.6,16.4,76.925,21.825,14.9,23.3,16.9,0.0,0.0,0.0,0.0,0.0
Baldwinsville indoor Percussion,PSA,2018,1,0,0,0.0,0.0,0.0,0.0,0.0,0.0,0.0,0.0,0.0,0.0,64.901,18.8,20.1,13.2,12.8,0.0,0.0,0.0,0.0,0.0
Baldwinsville indoor Percussion,PSA,2018,2,1,1,64.901,18.8,20.1,13.2,12.8,64.901,18.8,20.1,13.2,12.8,65.151,19.9,18.75,13.6,12.9,0.0,0.0,0.0,0.0,0.0
Baldwinsville indoor Percussion,PSA,2018,4,2,2,65.026,19.35,19.425,13.4,12.85,65.151,19.9,18.75,13.6,12.9,67.75,20.1,20.25,14.2,13.2,0.25,1.1,-1.35,0.4,0.1
Baldwinsville indoor Percussion,PSA,2018,5,1,3,65.934,19.6,19.7,13.667,12.967,67.75,20.1,20.25,14.2,13.2,70.85,20.7,21.75,13.9,14.5,2.599,0.2,1.5,0.6,0.3
Baldwinsville indoor Percussion,PSA,2018,8,3,4,67.163,19.875,20.212,13.725,13.35,70.85,20.7,21.75,13.9,14.5,72.6,21.2,21.6,14.5,15.3,3.1,0.6,1.5,-0.3,1.3
Baldwinsville indoor Percussion,PSA,2018,9,1,5,68.25,20.14,20.49,13.88,13.74,72.6,21.2,21.6,14.5,15.3,75.751,22.0,22.65,15.4,15.7,1.75,0.5,-0.15,0.6,0.8
Baldwinsville indoor Percussion,PSA,2018,10,1,6,69.5,20.45,20.85,14.133,14.067,75.751,22.0,22.65,15.4,15.7,77.051,22.1,23.85,15.0,16.1,3.151,0.8,1.05,0.9,0.4
Bellbrook HS,PSA,2018,3,0,0,0.0,0.0,0.0,0.0,0.0,0.0,0.0,0.0,0.0,0.0,82.2,25.2,15.5,25.1,16.4,0.0,0.0,0.0,0.0,0.0
Bellbrook HS,PSA,2018,12,9,1,82.2,25.2,15.5,25.1,16.4,82.2,25.2,15.5,25.1,16.4,91.851,28.575,18.8,26.275,18.2,0.0,0.0,0.0,0.0,0.0
Bonita HS,PSA,2018,3,0,0,0.0,0.0,0.0,0.0,0.0,0.0,0.0,0.0,0.0,0.0,72.001,21.6,16.2,18.7,15.5,0.0,0.0,0.0,0.0,0.0
Bonita HS,PSA,2018,7,4,1,72.001,21.6,16.2,18.7,15.5,72.001,21.6,16.2,18.7,15.5,78.551,22.65,15.4,24.4,16.1,0.0,0.0,0.0,0.0,0.0
Bonita HS,PSA,2018,11,4,2,75.276,22.125,15.8,21.55,15.8,78.551,22.65,15.4,24.4,16.1,85.225,25.65,17.625,24.95,17.0,6.55,1.05,-0.8,5.7,0.6
Bonita Vista HS,PSA,2018,3,0,0,0.0,0.0,0.0,0.0,0.0,0.0,0.0,0.0,0.0,0.0,65.625,21.525,12.6,18.25,13.25,0.0,0.0,0.0,0.0,0.0
Bonita Vista HS,PSA,2018,6,3,1,65.625,21.525,12.6,18.25,13.25,65.625,21.525,12.6,18.25,13.25,75.05,23.25,15.65,20.65,15.5,0.0,0.0,0.0,0.0,0.0
Bonita Vista HS,PSA,2018,7,1,2,70.338,22.388,14.125,19.45,14.375,75.05,23.25,15.65,20.65,15.5,78.001,23.7,15.3,24.3,14.7,9.425,1.725,3.05,2.4,2.25
Buena HS,PSA,2018,2,0,0,0.0,0.0,0.0,0.0,0.0,0.0,0.0,0.0,0.0,0.0,75.8,23.1,14.8,24.1,13.8,0.0,0.0,0.0,0.0,0.0
Buena HS,PSA,2018,3,1,1,75.8,23.1,14.8,24.1,13.8,75.8,23.1,14.8,24.1,13.8,79.1,23.1,17.2,22.0,16.8,0.0,0.0,0.0,0.0,0.0
Camarillo HS,PSA,2018,3,0,0,0.0,0.0,0.0,0.0,0.0,0.0,0.0,0.0,0.0,0.0,76.05,20.85,15.8,23.5,15.9,0.0,0.0,0.0,0.0,0.0
Camarillo HS,PSA,2018,11,8,1,76.05,20.85,15.8,23.5,15.9,76.05,20.85,15.8,23.5,15.9,84.0,25.2,16.8,25.45,16.55,0.0,0.0,0.0,0.0,0.0
Canyon HS (CC),PSA,2018,2,0,0,0.0,0.0,0.0,0.0,0.0,0.0,0.0,0.0,0.0,0.0,67.55,20.55,13.4,20.0,13.6,0.0,0.0,0.0,0.0,0.0
Canyon HS (CC),PSA,2018,3,1,1,67.55,20.55,13.4,20.0,13.6,67.55,20.55,13.4,20.0,13.6,67.075,20.025,12.1,19.1,15.85,0.0,0.0,0.0,0.0,0.0
Canyon HS (CC),PSA,2018,5,2,2,67.312,20.288,12.75,19.55,14.725,67.075,20.025,12.1,19.1,15.85,76.001,21.6,15.1,23.8,15.5,-0.475,-0.525,-1.3,-0.9,2.25
Canyon HS (CC),PSA,2018,7,2,3,70.209,20.725,13.533,20.967,14.983,76.001,21.6,15.1,23.8,15.5,80.951,23.85,15.9,25.2,16.0,8.926,1.575,3.0,4.7,-0.35
Carlsbad HS,PSA,2018,3,0,0,0.0,0.0,0.0,0.0,0.0,0.0,0.0,0.0,0.0,0.0,77.2,22.8,14.9,24.1,15.4,0.0,0.0,0.0,0.0,0.0
Carlsbad HS,PSA,2018,7,4,1,77.2,22.8,14.9,24.1,15.4,77.2,22.8,14.9,24.1,15.4,83.2,25.5,16.9,25.4,15.4,0.0,0.0,0.0,0.0,0.0
Carlsbad HS,PSA,2018,8,1,2,80.2,24.15,15.9,24.75,15.4,83.2,25.5,16.9,25.4,15.4,85.9,26.175,16.85,25.7,17.175,6.0,2.7,2.0,1.3,0.0
Carlsbad HS,PSA,2018,11,3,3,82.1,24.825,16.217,25.067,15.992,85.9,26.175,16.85,25.7,17.175,84.2,25.95,16.9,25.05,16.3,2.7,0.675,-0.05,0.3,1.775
Central Square High School,PSA,2018,2,0,0,0.0,0.0,0.0,0.0,0.0,0.0,0.0,0.0,0.0,0.0,62.851,19.3,18.15,13.2,12.2,0.0,0.0,0.0,0.0,0.0
Central Square High School,PSA,2018,4,2,1,62.851,19.3,18.15,13.2,12.2,62.851,19.3,18.15,13.2,12.2,66.4,19.8,20.1,13.7,12.8,0.0,0.0,0.0,0.0,0.0
Central Square High School,PSA,2018,6,2,2,64.626,19.55,19.125,13.45,12.5,66.4,19.8,20.1,13.7,12.8,73.201,21.4,22.2,14.3,15.3,3.549,0.5,1.95,0.5,0.6
Central Square High School,PSA,2018,7,1,3,67.484,20.167,20.15,13.733,13.433,73.201,21.4,22.2,14.3,15.3,76.0,22.7,22.5,15.4,15.4,6.801,1.6,2.1,0.6,2.5
Central Square High School,PSA,2018,8,1,4,69.613,20.8,20.738,14.15,13.925,76.0,22.7,22.5,15.4,15.4,78.95,23.2,24.45,15.9,15.4,2.799,1.3,0.3,1.1,0.1
Central Square High School,PSA,2018,10,2,5,71.48,21.28,21.48,14.5,14.22,78.95,23.2,24.45,15.9,15.4,80.501,24.4,23.1,16.5,16.5,2.95,0.5,1.95,0.5,0.0
Chaffey HS,PSA,2018,3,0,0,0.0,0.0,0.0,0.0,0.0,0.0,0.0,0.0,0.0,0.0,69.5,21.3,12.8,20.5,14.9,0.0,0.0,0.0,0.0,0.0
Chaffey HS,PSA,2018,8,5,1,69.5,21.3,12.8,20.5,14.9,69.5,21.3,12.8,20.5,14.9,83.775,25.425,16.55,25.35,16.45,0.0,0.0,0.0,0.0,0.0
Chaffey HS,PSA,2018,11,3,2,76.638,23.362,14.675,22.925,15.675,83.775,25.425,16.55,25.35,16.45,85.963,26.212,16.525,26.55,16.675,14.275,4.125,3.75,4.85,1.55
Chaparral HS,PSA,2018,4,0,0,0.0,0.0,0.0,0.0,0.0,0.0,0.0,0.0,0.0,0.0,74.475,23.175,13.5,22.6,15.2,0.0,0.0,0.0,0.0,0.0
Chaparral HS,PSA,2018,7,3,1,74.475,23.175,13.5,22.6,15.2,74.475,23.175,13.5,22.6,15.2,80.401,23.7,15.5,24.4,16.8,0.0,0.0,0.0,0.0,0.0
Chaparral HS,PSA,2018,8,1,2,77.438,23.438,14.5,23.5,16.0,80.401,23.7,15.5,24.4,16.8,81.1,23.85,16.3,24.45,16.5,5.926,0.525,2.0,1.8,1.6
Cheltenham,PSA,2018,4,0,0,0.0,0.0,0.0,0.0,0.0,0.0,0.0,0.0,0.0,0.0,71.951,21.2,23.85,13.7,13.2,0.0,0.0,0.0,0.0,0.0
Cheltenham,PSA,2018,6,2,1,71.951,21.2,23.85,13.7,13.2,71.951,21.2,23.85,13.7,13.2,73.825,21.9,23.325,14.1,14.5,0.0,0.0,0.0,0.0,0.0
Cheltenham,PSA,2018,10,4,2,72.888,21.55,23.588,13.9,13.85,73.825,21.9,23.325,14.1,14.5,78.3,23.1,23.4,15.45,16.35,1.874,0.7,-0.525,0.4,1.3
Cheltenham,PSA,2018,11,1,3,74.692,22.067,23.525,14.417,14.683,78.3,23.1,23.4,15.45,16.35,78.1,23.9,22.8,15.6,15.8,4.475,1.2,0.075,1.35,1.85
Coatesville,PSA,2018,3,0,0,0.0,0.0,0.0,0.0,0.0,0.0,0.0,0.0,0.0,0.0,66.05,20.3,19.05,13.1,13.6,0.0,0.0,0.0,0.0,0.0
Coatesville,PSA,2018,4,1,1,66.05,20.3,19.05,13.1,13.6,66.05,20.3,19.05,13.1,13.6,70.301,20.8,21.9,14.6,13.0,0.0,0.0,0.0,0.0,0.0
Coatesville,PSA,2018,5,1,2,68.176,20.55,20.475,13.85,13.3,70.301,20.8,21.9,14.6,13.0,70.401,20.9,22.2,13.7,13.6,4.251,0.5,2.85,1.5,-0.6
Coatesville,PSA,2018,6,1,3,68.917,20.667,21.05,13.8,13.4,70.401,20.9,22.2,13.7,13.6,73.925,21.75,23.475,15.0,13.7,0.1,0.1,0.3,-0.9,0.6
Coatesville,PSA,2018,8,2,4,70.169,20.938,21.656,14.1,13.475,73.925,21.75,23.475,15.0,13.7,69.95,21.2,20.55,14.7,13.5,3.524,0.85,1.275,1.3,0.1
Coatesville,PSA,2018,10,2,5,70.125,20.99,21.435,14.22,13.48,69.95,21.2,20.55,14.7,13.5,73.9,21.9,22.2,14.5,15.3,-3.975,-0.55,-2.925,-0.3,-0.2
Coatesville,PSA,2018,11,1,6,70.754,21.142,21.562,14.267,13.783,73.9,21.9,22.2,14.5,15.3,75.1,23.3,22.2,15.0,14.6,3.95,0.7,1.65,-0.2,1.8
Cranston HS East,PSA,2018,5,0,0,0.0,0.0,0.0,0.0,0.0,0.0,0.0,0.0,0.0,0.0,77.851,24.15,15.6,23.2,14.9,0.0,0.0,0.0,0.0,0.0
Cranston HS East,PSA,2018,7,2,1,77.851,24.15,15.6,23.2,14.9,77.851,24.15,15.6,23.2,14.9,82.951,24.45,17.2,24.6,16.7,0.0,0.0,0.0,0.0,0.0
Crescenta Valley HS,PSA,2018,3,0,0,0.0,0.0,0.0,0.0,0.0,0.0,0.0,0.0,0.0,0.0,68.4,18.9,15.8,21.6,12.1,0.0,0.0,0.0,0.0,0.0
Crescenta Valley HS,PSA,2018,6,3,1,68.4,18.9,15.8,21.6,12.1,68.4,18.9,15.8,21.6,12.1,74.801,22.8,14.2,23.4,14.4,0.0,0.0,0.0,0.0,0.0
Cypress HS,PSA,2018,1,0,0,0.0,0.0,0.0,0.0,0.0,0.0,0.0,0.0,0.0,0.0,72.05,23.55,14.7,19.4,14.4,0.0,0.0,0.0,0.0,0.0
Cypress HS,PSA,2018,3,2,1,72.05,23.55,14.7,19.4,14.4,72.05,23.55,14.7,19.4,14.4,73.126,21.675,13.65,23.0,14.8,0.0,0.0,0.0,0.0,0.0
Cypress HS,PSA,2018,6,3,2,72.588,22.612,14.175,21.2,14.6,73.126,21.675,13.65,23.0,14.8,81.6,24.9,16.2,24.2,16.3,1.076,-1.875,-1.05,3.6,0.4
Del Norte HS,PSA,2018,3,0,0,0.0,0.0,0.0,0.0,0.0,0.0,0.0,0.0,0.0,0.0,60.275,18.975,11.4,17.9,12.0,0.0,0.0,0.0,0.0,0.0
Del Norte HS,PSA,2018,6,3,1,60.275,18.975,11.4,17.9,12.0,60.275,18.975,11.4,17.9,12.0,69.5,20.7,14.6,20.8,13.4,0.0,0.0,0.0,0.0,0.0
Del Norte HS,PSA,2018,7,1,2,64.888,19.838,13.0,19.35,12.7,69.5,20.7,14.6,20.8,13.4,68.1,20.7,12.8,21.9,12.7,9.225,1.725,3.2,2.9,1.4
Dorman HS,PSA,2018,5,0,0,0.0,0.0,0.0,0.0,0.0,0.0,0.0,0.0,0.0,0.0,84.175,25.575,15.7,25.9,17.0,0.0,0.0,0.0,0.0,0.0
Dorman HS,PSA,2018,6,1,1,84.175,25.575,15.7,25.9,17.0,84.175,25.575,15.7,25.9,17.0,83.45,25.05,17.0,25.1,16.3,0.0,0.0,0.0,0.0,0.0
Dorman HS,PSA,2018,12,6,2,83.812,25.312,16.35,25.5,16.65,83.45,25.05,17.0,25.1,16.3,94.638,29.138,18.9,27.25,19.35,-0.725,-0.525,1.3,-0.8,-0.7
Eagan HS,PSA,2018,5,0,0,0.0,0.0,0.0,0.0,0.0,0.0,0.0,0.0,0.0,0.0,74.676,21.525,15.6,22.95,14.6,0.0,0.0,0.0,0.0,0.0
Eagan HS,PSA,2018,6,1,1,74.676,21.525,15.6,22.95,14.6,74.676,21.525,15.6,22.95,14.6,68.7,20.4,13.3,21.5,13.5,0.0,0.0,0.0,0.0,0.0
East Irondequoit,PSA,2018,1,0,0,0.0,0.0,0.0,0.0,0.0,0.0,0.0,0.0,0.0,0.0,69.85,19.1,21.75,14.3,14.7,0.0,0.0,0.0,0.0,0.0
East Irondequoit,PSA,2018,2,1,1,69.85,19.1,21.75,14.3,14.7,69.85,19.1,21.75,14.3,14.7,71.1,21.7,19.8,15.2,14.4,0.0,0.0,0.0,0.0,0.0
East Irondequoit,PSA,2018,5,3,2,70.475,20.4,20.775,14.75,14.55,71.1,21.7,19.8,15.2,14.4,74.8,21.3,22.5,15.7,15.3,1.25,2.6,-1.95,0.9,-0.3
East Irondequoit,PSA,2018,6,1,3,71.917,20.7,21.35,15.067,14.8,74.8,21.3,22.5,15.7,15.3,79.3,22.0,24.15,16.4,16.75,3.7,-0.4,2.7,0.5,0.9
East Irondequoit,PSA,2018,9,3,4,73.762,21.025,22.05,15.4,15.288,79.3,22.0,24.15,16.4,16.75,82.2,24.1,24.0,16.8,17.3,4.5,0.7,1.65,0.7,1.45
East Irondequoit,PSA,2018,10,1,5,75.45,21.64,22.44,15.68,15.69,82.2,24.1,24.0,16.8,17.3,84.5,25.5,25.2,16.6,17.2,2.9,2.1,-0.15,0.4,0.55
East Syracuse Minoa,PSA,2018,1,0,0,0.0,0.0,0.0,0.0,0.0,0.0,0.0,0.0,0.0,0.0,75.45,22.1,22.95,15.0,15.4,0.0,0.0,0.0,0.0,0.0
East Syracuse Minoa,PSA,2018,2,1,1,75.45,22.1,22.95,15.0,15.4,75.45,22.1,22.95,15.0,15.4,77.85,24.7,22.65,15.5,15.0,0.0,0.0,0.0,0.0,0.0
Eastside HS,PSA,2018,4,0,0,0.0,0.0,0.0,0.0,0.0,0.0,0.0,0.0,0.0,0.0,64.151,20.25,12.0,18.7,13.2,0.0,0.0,0.0,0.0,0.0
Eastside HS,PSA,2018,8,4,1,64.151,20.25,12.0,18.7,13.2,64.151,20.25,12.0,18.7,13.2,68.45,21.15,14.2,19.3,13.8,0.0,0.0,0.0,0.0,0.0
El Segundo HS,PSA,2018,3,0,0,0.0,0.0,0.0,0.0,0.0,0.0,0.0,0.0,0.0,0.0,59.65,18.3,11.6,17.2,12.55,0.0,0.0,0.0,0.0,0.0
El Segundo HS,PSA,2018,5,2,1,59.65,18.3,11.6,17.2,12.55,59.65,18.3,11.6,17.2,12.55,68.35,19.65,12.5,22.3,13.9,0.0,0.0,0.0,0.0,0.0
El Segundo HS,PSA,2018,7,2,2,64.0,18.975,12.05,19.75,13.225,68.35,19.65,12.5,22.3,13.9,72.05,21.3,14.4,23.55,12.8,8.7,1.35,0.9,5.1,1.35
El Toro HS,PSA,2018,3,0,0,0.0,0.0,0.0,0.0,0.0,0.0,0.0,0.0,0.0,0.0,76.65,23.25,15.1,22.7,15.6,0.0,0.0,0.0,0.0,0.0
El Toro HS,PSA,2018,7,4,1,76.65,23.25,15.1,22.7,15.6,76.65,23.25,15.1,22.7,15.6,85.25,25.35,17.1,26.4,16.4,0.0,0.0,0.0,0.0,0.0
El Toro HS,PSA,2018,11,4,2,80.95,24.3,16.1,24.55,16.0,85.25,25.35,17.1,26.4,16.4,87.176,25.95,17.7,26.3,17.225,8.6,2.1,2.0,3.7,0.8
Farragut High School Indoor Percussion Ensemble,PSA,2018,0,0,0,0.0,0.0,0.0,0.0,0.0,0.0,0.0,0.0,0.0,0.0,67.65,20.6,19.35,13.6,14.1,0.0,0.0,0.0,0.0,0.0
Farragut High School Indoor Percussion Ensemble,PSA,2018,2,2,1,67.65,20.6,19.35,13.6,14.1,67.65,20.6,19.35,13.6,14.1,67.2,20.3,19.5,14.0,13.4,0.0,0.0,0.0,0.0,0.0
Farragut High School Indoor Percussion Ensemble,PSA,2018,4,2,2,67.425,20.45,19.425,13.8,13.75,67.2,20.3,19.5,14.0,13.4,82.1,26.4,23.7,15.8,16.2,-0.45,-0.3,0.15,0.4,-0.7
Farragut High School Indoor Percussion Ensemble,PSA,2018,8,4,3,72.317,22.433,20.85,14.467,14.567,82.1,26.4,23.7,15.8,16.2,84.9,26.7,25.2,16.4,16.6,14.9,6.1,4.2,1.8,2.8
Farragut High School Indoor Percussion Ensemble,PSA,2018,10,2,4,75.462,23.5,21.938,14.95,15.075,84.9,26.7,25.2,16.4,16.6,86.35,25.7,26.4,17.65,16.6,2.8,0.3,1.5,0.6,0.4
Foothill HS (NV),PSA,2018,4,0,0,0.0,0.0,0.0,0.0,0.0,0.0,0.0,0.0,0.0,0.0,79.8,24.6,16.5,23.0,15.7,0.0,0.0,0.0,0.0,0.0
Foothill HS (NV),PSA,2018,6,2,1,79.8,24.6,16.5,23.0,15.7,79.8,24.6,16.5,23.0,15.7,81.0,24.3,15.1,25.3,16.3,0.0,0.0,0.0,0.0,0.0
Francis Howell HS,PSA,2018,3,0,0,0.0,0.0,0.0,0.0,0.0,0.0,0.0,0.0,0.0,0.0,70.15,23.55,13.8,19.1,13.7,0.0,0.0,0.0,0.0,0.0
Francis Howell HS,PSA,2018,8,5,1,70.15,23.55,13.8,19.1,13.7,70.15,23.55,13.8,19.1,13.7,77.55,22.95,15.4,24.0,15.2,0.0,0.0,0.0,0.0,0.0
Gaffney HS,PSA,2018,5,0,0,0.0,0.0,0.0,0.0,0.0,0.0,0.0,0.0,0.0,0.0,67.7,21.0,14.4,19.2,13.1,0.0,0.0,0.0,0.0,0.0
Gaffney HS,PSA,2018,6,1,1,67.7,21.0,14.4,19.2,13.1,67.7,21.0,14.4,19.2,13.1,73.201,21.9,14.3,22.4,14.6,0.0,0.0,0.0,0.0,0.0
Gahr HS,PSA,2018,5,0,0,0.0,0.0,0.0,0.0,0.0,0.0,0.0,0.0,0.0,0.0,73.751,21.75,13.5,23.8,14.7,0.0,0.0,0.0,0.0,0.0
Gahr HS,PSA,2018,6,1,1,73.751,21.75,13.5,23.8,14.7,73.751,21.75,13.5,23.8,14.7,77.65,23.85,15.6,22.9,15.3,0.0,0.0,0.0,0.0,0.0
Gahr HS,PSA,2018,7,1,2,75.7,22.8,14.55,23.35,15.0,77.65,23.85,15.6,22.9,15.3,79.676,24.075,16.1,24.7,14.8,3.899,2.1,2.1,-0.9,0.6
Gilbert HS,PSA,2018,5,0,0,0.0,0.0,0.0,0.0,0.0,0.0,0.0,0.0,0.0,0.0,77.4,21.6,16.6,23.5,15.7,0.0,0.0,0.0,0.0,0.0
Gilbert HS,PSA,2018,8,3,1,77.4,21.6,16.6,23.5,15.7,77.4,21.6,16.6,23.5,15.7,84.25,26.25,17.3,24.1,16.6,0.0,0.0,0.0,0.0,0.0
Glendora HS,PSA,2018,5,0,0,0.0,0.0,0.0,0.0,0.0,0.0,0.0,0.0,0.0,0.0,72.601,22.8,13.1,23.0,13.7,0.0,0.0,0.0,0.0,0.0
Glendora HS,PSA,2018,7,2,1,72.601,22.8,13.1,23.0,13.7,72.601,22.8,13.1,23.0,13.7,75.8,21.6,15.7,23.9,14.6,0.0,0.0,0.0,0.0,0.0
Golden Valley HS,PSA,2018,5,0,0,0.0,0.0,0.0,0.0,0.0,0.0,0.0,0.0,0.0,0.0,70.85,21.15,13.6,22.1,14.0,0.0,0.0,0.0,0.0,0.0
Golden Valley HS,PSA,2018,6,1,1,70.85,21.15,13.6,22.1,14.0,70.85,21.15,13.6,22.1,14.0,69.5,20.85,13.8,21.35,13.5,0.0,0.0,0.0,0.0,0.0
Halls HS,PSA,2018,5,0,0,0.0,0.0,0.0,0.0,0.0,0.0,0.0,0.0,0.0,0.0,83.025,25.125,16.6,24.8,16.5,0.0,0.0,0.0,0.0,0.0
Halls HS,PSA,2018,8,3,1,83.025,25.125,16.6,24.8,16.5,83.025,25.125,16.6,24.8,16.5,89.588,27.337,18.05,26.35,17.85,0.0,0.0,0.0,0.0,0.0
Halls Indoor Percussion Ensemble,PSA,2018,0,0,0,0.0,0.0,0.0,0.0,0.0,0.0,0.0,0.0,0.0,0.0,72.15,22.1,20.85,14.6,14.6,0.0,0.0,0.0,0.0,0.0
Halls Indoor Percussion Ensemble,PSA,2018,2,2,1,72.15,22.1,20.85,14.6,14.6,72.15,22.1,20.85,14.6,14.6,72.05,21.6,20.85,15.0,14.6,0.0,0.0,0.0,0.0,0.0
Halls Indoor Percussion Ensemble,PSA,2018,10,8,2,72.1,21.85,20.85,14.8,14.6,72.05,21.6,20.85,15.0,14.6,92.05,27.3,27.9,18.75,18.1,-0.1,-0.5,0.0,0.4,0.0
Hardin Valley Academy,PSA,2018,5,0,0,0.0,0.0,0.0,0.0,0.0,0.0,0.0,0.0,0.0,0.0,74.451,22.95,14.9,22.8,13.8,0.0,0.0,0.0,0.0,0.0
Hardin Valley Academy,PSA,2018,8,3,1,74.451,22.95,14.9,22.8,13.8,74.451,22.95,14.9,22.8,13.8,82.701,23.25,17.7,24.05,17.7,0.0,0.0,0.0,0.0,0.0
Hardin Valley Academy Indoor Percussion Ensemble,PSA,2018,0,0,0,0.0,0.0,0.0,0.0,0.0,0.0,0.0,0.0,0.0,0.0,67.35,20.3,19.95,13.4,13.7,0.0,0.0,0.0,0.0,0.0
Hardin Valley Academy Indoor Percussion Ensemble,PSA,2018,2,2,1,67.35,20.3,19.95,13.4,13.7,67.35,20.3,19.95,13.4,13.7,67.85,20.6,18.75,14.4,14.1,0.0,0.0,0.0,0.0,0.0
Hardin Valley Academy Indoor Percussion Ensemble,PSA,2018,10,8,2,67.6,20.45,19.35,13.9,13.9,67.85,20.6,18.75,14.4,14.1,85.825,25.7,25.575,17.45,17.1,0.5,0.3,-1.2,1.0,0.4
Hatboro-Horsham,PSA,2018,4,0,0,0.0,0.0,0.0,0.0,0.0,0.0,0.0,0.0,0.0,0.0,80.8,23.4,25.8,16.4,15.2,0.0,0.0,0.0,0.0,0.0
Hatboro-Horsham,PSA,2018,5,1,1,80.8,23.4,25.8,16.4,15.2,80.8,23.4,25.8,16.4,15.2,80.0,24.1,24.9,15.8,15.2,0.0,0.0,0.0,0.0,0.0
Hatboro-Horsham,PSA,2018,8,3,2,80.4,23.75,25.35,16.1,15.2,80.0,24.1,24.9,15.8,15.2,85.45,26.1,25.35,17.6,16.4,-0.8,0.7,-0.9,-0.6,0.0
Hatboro-Horsham,PSA,2018,10,2,3,82.083,24.533,25.35,16.6,15.6,85.45,26.1,25.35,17.6,16.4,87.8,26.8,26.1,16.7,18.2,5.45,2.0,0.45,1.8,1.2
Hatboro-Horsham,PSA,2018,11,1,4,83.512,25.1,25.538,16.625,16.25,87.8,26.8,26.1,16.7,18.2,87.6,26.4,26.1,17.4,17.7,2.35,0.7,0.75,-0.9,1.8
Heritage Indoor Percussion,PSA,2018,0,0,0,0.0,0.0,0.0,0.0,0.0,0.0,0.0,0.0,0.0,0.0,63.751,19.0,19.05,12.7,13.0,0.0,0.0,0.0,0.0,0.0
Heritage Indoor Percussion,PSA,2018,2,2,1,63.751,19.0,19.05,12.7,13.0,63.751,19.0,19.05,12.7,13.0,64.501,19.4,18.3,13.3,13.5,0.0,0.0,0.0,0.0,0.0
Heritage Indoor Percussion,PSA,2018,4,2,2,64.126,19.2,18.675,13.0,13.25,64.501,19.4,18.3,13.3,13.5,76.05,25.5,21.75,14.9,13.9,0.75,0.4,-0.75,0.6,0.5
Heritage Indoor Percussion,PSA,2018,8,4,3,68.101,21.3,19.7,13.633,13.467,76.05,25.5,21.75,14.9,13.9,80.5,25.9,23.4,15.5,15.7,11.549,6.1,3.45,1.6,0.4
Heritage Indoor Percussion,PSA,2018,10,2,4,71.2,22.45,20.625,14.1,14.025,80.5,25.9,23.4,15.5,15.7,81.8,24.35,24.75,16.85,15.85,4.45,0.4,1.65,0.6,1.8
Hilton HS Percussion,PSA,2018,1,0,0,0.0,0.0,0.0,0.0,0.0,0.0,0.0,0.0,0.0,0.0,68.2,20.8,20.7,13.4,13.3,0.0,0.0,0.0,0.0,0.0
Hilton HS Percussion,PSA,2018,2,1,1,68.2,20.8,20.7,13.4,13.3,68.2,20.8,20.7,13.4,13.3,74.9,23.5,21.9,14.9,14.6,0.0,0.0,0.0,0.0,0.0
Hilton HS Percussion,PSA,2018,5,3,2,71.55,22.15,21.3,14.15,13.95,74.9,23.5,21.9,14.9,14.6,80.1,23.0,24.9,16.3,15.9,6.7,2.7,1.2,1.5,1.3
Hilton HS Percussion,PSA,2018,6,1,3,74.4,22.433,22.5,14.867,14.6,80.1,23.0,24.9,16.3,15.9,81.7,24.4,24.9,16.8,15.6,5.2,-0.5,3.0,1.4,1.3
Hilton HS Percussion,PSA,2018,8,2,4,76.225,22.925,23.1,15.35,14.85,81.7,24.4,24.9,16.8,15.6,87.35,25.7,27.15,16.8,17.7,1.6,1.4,0.0,0.5,-0.3
Hilton HS Percussion,PSA,2018,9,1,5,78.45,23.48,23.91,15.64,15.42,87.35,25.7,27.15,16.8,17.7,87.05,26.0,25.95,17.2,17.9,5.65,1.3,2.25,0.0,2.1
Hilton HS Percussion,PSA,2018,10,1,6,79.883,23.9,24.25,15.9,15.833,87.05,26.0,25.95,17.2,17.9,88.8,27.2,26.4,17.2,18.0,-0.3,0.3,-1.2,0.4,0.2
Hopewell Valley Central,PSA,2018,3,0,0,0.0,0.0,0.0,0.0,0.0,0.0,0.0,0.0,0.0,0.0,67.95,20.7,19.95,14.0,13.3,0.0,0.0,0.0,0.0,0.0
Hopewell Valley Central,PSA,2018,4,1,1,67.95,20.7,19.95,14.0,13.3,67.95,20.7,19.95,14.0,13.3,74.05,22.1,23.55,15.5,12.9,0.0,0.0,0.0,0.0,0.0
Hopewell Valley Central,PSA,2018,6,2,2,71.0,21.4,21.75,14.75,13.1,74.05,22.1,23.55,15.5,12.9,78.701,25.1,24.0,14.2,15.4,6.1,1.4,3.6,1.5,-0.4
Hopewell Valley Central,PSA,2018,8,2,3,73.567,22.633,22.5,14.567,13.867,78.701,25.1,24.0,14.2,15.4,81.126,24.9,24.825,16.2,15.2,4.651,3.0,0.45,-1.3,2.5
Hopewell Valley Central,PSA,2018,10,2,4,75.457,23.2,23.081,14.975,14.2,81.126,24.9,24.825,16.2,15.2,81.651,25.8,23.85,16.15,15.85,2.425,-0.2,0.825,2.0,-0.2
Hopewell Valley Central,PSA,2018,11,1,5,76.696,23.72,23.235,15.21,14.53,81.651,25.8,23.85,16.15,15.85,79.7,24.25,24.3,16.25,14.9,0.525,0.9,-0.975,-0.05,0.65
Irondale HS,PSA,2018,5,0,0,0.0,0.0,0.0,0.0,0.0,0.0,0.0,0.0,0.0,0.0,85.2,25.8,17.0,25.1,17.3,0.0,0.0,0.0,0.0,0.0
Irondale HS,PSA,2018,12,7,1,85.2,25.8,17.0,25.1,17.3,85.2,25.8,17.0,25.1,17.3,94.675,28.95,19.45,27.325,18.95,0.0,0.0,0.0,0.0,0.0
Jordan Elbridge Indoor Percussion,PSA,2018,2,0,0,0.0,0.0,0.0,0.0,0.0,0.0,0.0,0.0,0.0,0.0,62.0,18.2,18.3,13.4,12.1,0.0,0.0,0.0,0.0,0.0
Jordan Elbridge Indoor Percussion,PSA,2018,5,3,1,62.0,18.2,18.3,13.4,12.1,62.0,18.2,18.3,13.4,12.1,63.601,17.7,20.1,12.4,13.4,0.0,0.0,0.0,0.0,0.0
Jordan Elbridge Indoor Percussion,PSA,2018,8,3,2,62.8,17.95,19.2,12.9,12.75,63.601,17.7,20.1,12.4,13.4,65.101,18.4,18.9,13.2,14.6,1.601,-0.5,1.8,-1.0,1.3
Jordan Elbridge Indoor Percussion,PSA,2018,9,1,3,63.567,18.1,19.1,13.0,13.367,65.101,18.4,18.9,13.2,14.6,69.601,19.0,21.6,14.3,14.7,1.5,0.7,-1.2,0.8,1.2
Jordan Elbridge Indoor Percussion,PSA,2018,10,1,4,65.076,18.325,19.725,13.325,13.7,69.601,19.0,21.6,14.3,14.7,68.5,19.2,20.4,14.1,14.8,4.5,0.6,2.7,1.1,0.1
Liverpool Indoor Percussion,PSA,2018,2,0,0,0.0,0.0,0.0,0.0,0.0,0.0,0.0,0.0,0.0,0.0,70.3,20.6,21.3,14.5,13.9,0.0,0.0,0.0,0.0,0.0
Liverpool Indoor Percussion,PSA,2018,4,2,1,70.3,20.6,21.3,14.5,13.9,70.3,20.6,21.3,14.5,13.9,72.75,22.7,21.15,14.6,14.3,0.0,0.0,0.0,0.0,0.0
Liverpool Indoor Percussion,PSA,2018,6,2,2,71.525,21.65,21.225,14.55,14.1,72.75,22.7,21.15,14.6,14.3,77.1,22.6,23.1,14.8,16.6,2.45,2.1,-0.15,0.1,0.4
Liverpool Indoor Percussion,PSA,2018,9,3,3,73.383,21.967,21.85,14.633,14.933,77.1,22.6,23.1,14.8,16.6,82.6,24.4,24.6,16.7,16.9,4.35,-0.1,1.95,0.2,2.3
Liverpool Indoor Percussion,PSA,2018,10,1,4,75.688,22.575,22.538,15.15,15.425,82.6,24.4,24.6,16.7,16.9,84.2,26.0,25.5,16.1,16.6,5.5,1.8,1.5,1.9,0.3
Madera HS,PSA,2018,5,0,0,0.0,0.0,0.0,0.0,0.0,0.0,0.0,0.0,0.0,0.0,69.05,21.15,13.5,21.2,13.2,0.0,0.0,0.0,0.0,0.0
Madera HS,PSA,2018,8,3,1,69.05,21.15,13.5,21.2,13.2,69.05,21.15,13.5,21.2,13.2,72.825,22.425,15.2,22.0,13.2,0.0,0.0,0.0,0.0,0.0
Marcus Whitman,PSA,2018,5,0,0,0.0,0.0,0.0,0.0,0.0,0.0,0.0,0.0,0.0,0.0,52.201,16.1,15.0,10.5,10.6,0.0,0.0,0.0,0.0,0.0
Marcus Whitman,PSA,2018,6,1,1,52.201,16.1,15.0,10.5,10.6,52.201,16.1,15.0,10.5,10.6,57.251,16.6,17.85,11.0,11.8,0.0,0.0,0.0,0.0,0.0
Marcus Whitman,PSA,2018,7,1,2,54.726,16.35,16.425,10.75,11.2,57.251,16.6,17.85,11.0,11.8,57.15,16.3,18.45,11.2,11.2,5.05,0.5,2.85,0.5,1.2
Marcus Whitman,PSA,2018,8,1,3,55.534,16.333,17.1,10.9,11.2,57.15,16.3,18.45,11.2,11.2,57.801,16.7,16.5,11.9,12.7,-0.101,-0.3,0.6,0.2,-0.6
Marcus Whitman,PSA,2018,10,2,4,56.101,16.425,16.95,11.15,11.575,57.801,16.7,16.5,11.9,12.7,63.1,18.2,19.2,12.8,12.9,0.651,0.4,-1.95,0.7,1.5
Merced HS,PSA,2018,5,0,0,0.0,0.0,0.0,0.0,0.0,0.0,0.0,0.0,0.0,0.0,70.55,22.05,13.1,21.0,14.4,0.0,0.0,0.0,0.0,0.0
Merced HS,PSA,2018,8,3,1,70.55,22.05,13.1,21.0,14.4,70.55,22.05,13.1,21.0,14.4,74.05,22.05,14.1,22.8,15.1,0.0,0.0,0.0,0.0,0.0
Methacton,PSA,2018,3,0,0,0.0,0.0,0.0,0.0,0.0,0.0,0.0,0.0,0.0,0.0,69.7,21.7,20.7,13.3,14.0,0.0,0.0,0.0,0.0,0.0
Methacton,PSA,2018,4,1,1,69.7,21.7,20.7,13.3,14.0,69.7,21.7,20.7,13.3,14.0,73.701,22.4,23.1,13.5,14.7,0.0,0.0,0.0,0.0,0.0
Methacton,PSA,2018,6,2,2,71.7,22.05,21.9,13.4,14.35,73.701,22.4,23.1,13.5,14.7,76.751,23.0,23.55,15.4,14.8,4.001,0.7,2.4,0.2,0.7
Methacton,PSA,2018,10,4,3,73.384,22.367,22.45,14.067,14.5,76.751,23.0,23.55,15.4,14.8,79.401,24.0,22.5,15.9,17.0,3.05,0.6,0.45,1.9,0.1
Methacton,PSA,2018,11,1,4,74.888,22.775,22.462,14.525,15.125,79.401,24.0,22.5,15.9,17.0,83.151,25.6,24.15,16.4,17.0,2.65,1.0,-1.05,0.5,2.2
Milford HS (OH),PSA,2018,3,0,0,0.0,0.0,0.0,0.0,0.0,0.0,0.0,0.0,0.0,0.0,79.225,23.925,15.2,24.2,15.9,0.0,0.0,0.0,0.0,0.0
Milford HS (OH),PSA,2018,8,5,1,79.225,23.925,15.2,24.2,15.9,79.225,23.925,15.2,24.2,15.9,84.713,25.312,16.45,25.95,17.0,0.0,0.0,0.0,0.0,0.0
Minooka Community HS,PSA,2018,3,0,0,0.0,0.0,0.0,0.0,0.0,0.0,0.0,0.0,0.0,0.0,73.9,23.7,14.4,20.0,15.8,0.0,0.0,0.0,0.0,0.0
Minooka Community HS,PSA,2018,6,3,1,73.9,23.7,14.4,20.0,15.8,73.9,23.7,14.4,20.0,15.8,82.3,24.3,16.7,24.6,16.7,0.0,0.0,0.0,0.0,0.0
Mission Hills HS,PSA,2018,3,0,0,0.0,0.0,0.0,0.0,0.0,0.0,0.0,0.0,0.0,0.0,67.825,20.325,13.0,21.3,13.2,0.0,0.0,0.0,0.0,0.0
Mission Hills HS,PSA,2018,7,4,1,67.825,20.325,13.0,21.3,13.2,67.825,20.325,13.0,21.3,13.2,78.601,22.2,16.0,25.2,15.2,0.0,0.0,0.0,0.0,0.0
Monrovia HS,PSA,2018,3,0,0,0.0,0.0,0.0,0.0,0.0,0.0,0.0,0.0,0.0,0.0,61.1,19.2,11.9,17.9,12.1,0.0,0.0,0.0,0.0,0.0
Monrovia HS,PSA,2018,5,2,1,61.1,19.2,11.9,17.9,12.1,61.1,19.2,11.9,17.9,12.1,66.975,19.575,12.0,21.9,13.5,0.0,0.0,0.0,0.0,0.0
New Hartford,PSA,2018,1,0,0,0.0,0.0,0.0,0.0,0.0,0.0,0.0,0.0,0.0,0.0,67.35,18.4,21.45,13.0,14.5,0.0,0.0,0.0,0.0,0.0
New Hartford,PSA,2018,2,1,1,67.35,18.4,21.45,13.0,14.5,67.35,18.4,21.45,13.0,14.5,68.751,20.7,19.95,14.0,14.1,0.0,0.0,0.0,0.0,0.0
New Hartford,PSA,2018,5,3,2,68.05,19.55,20.7,13.5,14.3,68.751,20.7,19.95,14.0,14.1,75.2,21.6,23.4,15.0,15.2,1.401,2.3,-1.5,1.0,-0.4
New Hartford,PSA,2018,6,1,3,70.434,20.233,21.6,14.0,14.6,75.2,21.6,23.4,15.0,15.2,79.45,23.2,23.85,16.1,16.3,6.449,0.9,3.45,1.0,1.1
New Hartford,PSA,2018,8,2,4,72.688,20.975,22.162,14.525,15.025,79.45,23.2,23.85,16.1,16.3,82.75,24.3,25.35,16.4,16.7,4.25,1.6,0.45,1.1,1.1
New Hartford,PSA,2018,9,1,5,74.7,21.64,22.8,14.9,15.36,82.75,24.3,25.35,16.4,16.7,83.725,24.9,24.825,16.6,17.4,3.3,1.1,1.5,0.3,0.4
New Hartford,PSA,2018,10,1,6,76.204,22.183,23.138,15.183,15.7,83.725,24.9,24.825,16.6,17.4,83.35,25.8,23.85,16.4,17.3,0.975,0.6,-0.525,0.2,0.7
Nogales HS,PSA,2018,3,0,0,0.0,0.0,0.0,0.0,0.0,0.0,0.0,0.0,0.0,0.0,76.4,22.2,16.7,22.2,15.3,0.0,0.0,0.0,0.0,0.0
Nogales HS,PSA,2018,5,2,1,76.4,22.2,16.7,22.2,15.3,76.4,22.2,16.7,22.2,15.3,81.1,23.7,16.5,25.0,15.9,0.0,0.0,0.0,0.0,0.0
North Penn,PSA,2018,5,0,0,0.0,0.0,0.0,0.0,0.0,0.0,0.0,0.0,0.0,0.0,72.001,22.8,22.5,13.0,13.7,0.0,0.0,0.0,0.0,0.0
North Penn,PSA,2018,6,1,1,72.001,22.8,22.5,13.0,13.7,72.001,22.8,22.5,13.0,13.7,79.425,24.05,24.525,14.75,16.1,0.0,0.0,0.0,0.0,0.0
North Penn,PSA,2018,8,2,2,75.713,23.425,23.512,13.875,14.9,79.425,24.05,24.525,14.75,16.1,81.3,24.95,23.85,16.6,15.9,7.424,1.25,2.025,1.75,2.4
North Penn,PSA,2018,10,2,3,77.575,23.933,23.625,14.783,15.233,81.3,24.95,23.85,16.6,15.9,84.45,26.3,24.3,16.4,17.45,1.875,0.9,-0.675,1.85,-0.2
North Penn,PSA,2018,11,1,4,79.294,24.525,23.794,15.188,15.788,84.45,26.3,24.3,16.4,17.45,83.95,25.0,25.35,16.9,16.7,3.15,1.35,0.45,-0.2,1.55
North Pointe Prep,PSA,2018,5,0,0,0.0,0.0,0.0,0.0,0.0,0.0,0.0,0.0,0.0,0.0,73.451,22.65,15.3,21.3,14.2,0.0,0.0,0.0,0.0,0.0
North Pointe Prep,PSA,2018,8,3,1,73.451,22.65,15.3,21.3,14.2,73.451,22.65,15.3,21.3,14.2,74.65,22.65,16.0,21.4,14.6,0.0,0.0,0.0,0.0,0.0
Olentangy Liberty HS,PSA,2018,3,0,0,0.0,0.0,0.0,0.0,0.0,0.0,0.0,0.0,0.0,0.0,78.676,24.375,14.6,23.6,16.1,0.0,0.0,0.0,0.0,0.0
Olentangy Liberty HS,PSA,2018,8,5,1,78.676,24.375,14.6,23.6,16.1,78.676,24.375,14.6,23.6,16.1,77.601,22.2,16.1,23.5,15.8,0.0,0.0,0.0,0.0,0.0
Ontario HS,PSA,2018,3,0,0,0.0,0.0,0.0,0.0,0.0,0.0,0.0,0.0,0.0,0.0,66.15,22.05,13.4,17.5,13.2,0.0,0.0,0.0,0.0,0.0
Ontario HS,PSA,2018,5,2,1,66.15,22.05,13.4,17.5,13.2,66.15,22.05,13.4,17.5,13.2,69.5,20.1,13.6,22.4,13.4,0.0,0.0,0.0,0.0,0.0
Ontario HS,PSA,2018,7,2,2,67.825,21.075,13.5,19.95,13.3,69.5,20.1,13.6,22.4,13.4,73.1,23.1,14.0,23.6,12.4,3.35,-1.95,0.2,4.9,0.2
Owen J Roberts,PSA,2018,5,0,0,0.0,0.0,0.0,0.0,0.0,0.0,0.0,0.0,0.0,0.0,68.1,21.4,21.3,12.8,12.6,0.0,0.0,0.0,0.0,0.0
Owen J Roberts,PSA,2018,6,1,1,68.1,21.4,21.3,12.8,12.6,68.1,21.4,21.3,12.8,12.6,69.7,21.2,21.0,13.6,13.9,0.0,0.0,0.0,0.0,0.0
Owen J Roberts,PSA,2018,8,2,2,68.9,21.3,21.15,13.2,13.25,69.7,21.2,21.0,13.6,13.9,70.2,21.1,21.6,13.9,13.6,1.6,-0.2,-0.3,0.8,1.3
Owen J Roberts,PSA,2018,10,2,3,69.333,21.233,21.3,13.433,13.367,70.2,21.1,21.6,13.9,13.6,73.2,22.2,21.6,14.3,15.1,0.5,-0.1,0.6,0.3,-0.3
Owen J Roberts,PSA,2018,11,1,4,70.3,21.475,21.375,13.65,13.8,73.2,22.2,21.6,14.3,15.1,73.25,22.8,21.45,14.6,14.4,3.0,1.1,0.0,0.4,1.5
Pace HS,PSA,2018,4,0,0,0.0,0.0,0.0,0.0,0.0,0.0,0.0,0.0,0.0,0.0,78.6,24.3,15.8,22.8,15.7,0.0,0.0,0.0,0.0,0.0
Pace HS,PSA,2018,7,3,1,78.6,24.3,15.8,22.8,15.7,78.6,24.3,15.8,22.8,15.7,89.0,26.7,18.05,26.5,17.75,0.0,0.0,0.0,0.0,0.0
Pacifica HS,PSA,2018,2,0,0,0.0,0.0,0.0,0.0,0.0,0.0,0.0,0.0,0.0,0.0,77.0,22.5,15.7,24.0,14.8,0.0,0.0,0.0,0.0,0.0
Pacifica HS,PSA,2018,7,5,1,77.0,22.5,15.7,24.0,14.8,77.0,22.5,15.7,24.0,14.8,89.1,26.4,18.1,27.2,17.4,0.0,0.0,0.0,0.0,0.0
Pacifica HS,PSA,2018,11,4,2,83.05,24.45,16.9,25.6,16.1,89.1,26.4,18.1,27.2,17.4,90.8,28.05,18.05,26.55,18.15,12.1,3.9,2.4,3.2,2.6
Palm Desert HS,PSA,2018,3,0,0,0.0,0.0,0.0,0.0,0.0,0.0,0.0,0.0,0.0,0.0,62.1,19.95,11.9,17.75,12.5,0.0,0.0,0.0,0.0,0.0
Palm Desert HS,PSA,2018,5,2,1,62.1,19.95,11.9,17.75,12.5,62.1,19.95,11.9,17.75,12.5,69.45,20.7,12.8,21.75,14.2,0.0,0.0,0.0,0.0,0.0
Palm Desert HS,PSA,2018,6,1,2,65.775,20.325,12.35,19.75,13.35,69.45,20.7,12.8,21.75,14.2,72.851,22.35,15.3,21.3,13.9,7.35,0.75,0.9,4.0,1.7
Parkland,PSA,2018,4,0,0,0.0,0.0,0.0,0.0,0.0,0.0,0.0,0.0,0.0,0.0,70.201,20.2,23.4,12.9,13.7,0.0,0.0,0.0,0.0,0.0
Parkland,PSA,2018,6,2,1,70.201,20.2,23.4,12.9,13.7,70.201,20.2,23.4,12.9,13.7,73.2,21.6,23.4,13.9,14.3,0.0,0.0,0.0,0.0,0.0
Parkland,PSA,2018,8,2,2,71.7,20.9,23.4,13.4,14.0,73.2,21.6,23.4,13.9,14.3,74.15,21.8,22.95,14.6,14.8,2.999,1.4,0.0,1.0,0.6
Parkland,PSA,2018,10,2,3,72.517,21.2,23.25,13.8,14.267,74.15,21.8,22.95,14.6,14.8,76.9,22.9,22.8,14.8,16.4,0.95,0.2,-0.45,0.7,0.5
Parkland,PSA,2018,11,1,4,73.613,21.625,23.138,14.05,14.8,76.9,22.9,22.8,14.8,16.4,77.075,24.3,22.275,15.2,15.3,2.75,1.1,-0.15,0.2,1.6
Penncrest,PSA,2018,3,0,0,0.0,0.0,0.0,0.0,0.0,0.0,0.0,0.0,0.0,0.0,66.65,20.4,19.65,13.9,12.7,0.0,0.0,0.0,0.0,0.0
Penncrest,PSA,2018,5,2,1,66.65,20.4,19.65,13.9,12.7,66.65,20.4,19.65,13.9,12.7,74.751,23.6,23.55,14.2,13.4,0.0,0.0,0.0,0.0,0.0
Phoenix Indoor Percussion,PSA,2018,1,0,0,0.0,0.0,0.0,0.0,0.0,0.0,0.0,0.0,0.0,0.0,67.95,19.8,20.55,13.7,13.9,0.0,0.0,0.0,0.0,0.0
Phoenix Indoor Percussion,PSA,2018,2,1,1,67.95,19.8,20.55,13.7,13.9,67.95,19.8,20.55,13.7,13.9,65.301,18.5,18.9,14.4,13.5,0.0,0.0,0.0,0.0,0.0
Phoenix Indoor Percussion,PSA,2018,7,5,2,66.626,19.15,19.725,14.05,13.7,65.301,18.5,18.9,14.4,13.5,73.9,22.4,21.6,14.8,15.1,-2.649,-1.3,-1.65,0.7,-0.4
Phoenix Indoor Percussion,PSA,2018,8,1,3,69.05,20.233,20.35,14.3,14.167,73.9,22.4,21.6,14.8,15.1,76.5,22.8,22.5,15.3,15.9,8.599,3.9,2.7,0.4,1.6
Phoenix Indoor Percussion,PSA,2018,9,1,4,70.913,20.875,20.888,14.55,14.6,76.5,22.8,22.5,15.3,15.9,79.15,23.2,23.25,16.1,16.6,2.6,0.4,0.9,0.5,0.8
Phoenix Indoor Percussion,PSA,2018,10,1,5,72.56,21.34,21.36,14.86,15.0,79.15,23.2,23.25,16.1,16.6,79.201,24.1,23.7,15.6,15.8,2.65,0.4,0.75,0.8,0.7
Phoenixville,PSA,2018,5,0,0,0.0,0.0,0.0,0.0,0.0,0.0,0.0,0.0,0.0,0.0,73.401,21.9,22.8,13.7,15.0,0.0,0.0,0.0,0.0,0.0
Phoenixville,PSA,2018,6,1,1,73.401,21.9,22.8,13.7,15.0,73.401,21.9,22.8,13.7,15.0,75.726,22.0,24.225,14.5,15.0,0.0,0.0,0.0,0.0,0.0
Phoenixville,PSA,2018,10,4,2,74.564,21.95,23.513,14.1,15.0,75.726,22.0,24.225,14.5,15.0,78.7,23.2,23.7,15.7,16.1,2.325,0.1,1.425,0.8,0.0
Phoenixville,PSA,2018,11,1,3,75.942,22.367,23.575,14.633,15.367,78.7,23.2,23.7,15.7,16.1,81.526,25.7,23.025,16.3,16.5,2.974,1.2,-0.525,1.2,1.1
Plainfield HS,PSA,2018,6,0,0,0.0,0.0,0.0,0.0,0.0,0.0,0.0,0.0,0.0,0.0,90.35,26.85,18.2,27.1,18.2,0.0,0.0,0.0,0.0,0.0
Plainfield HS,PSA,2018,12,6,1,90.35,26.85,18.2,27.1,18.2,90.35,26.85,18.2,27.1,18.2,96.225,29.55,19.45,27.925,19.3,0.0,0.0,0.0,0.0,0.0
Quakertown,PSA,2018,4,0,0,0.0,0.0,0.0,0.0,0.0,0.0,0.0,0.0,0.0,0.0,76.2,23.0,24.9,14.1,14.2,0.0,0.0,0.0,0.0,0.0
Quakertown,PSA,2018,6,2,1,76.2,23.0,24.9,14.1,14.2,76.2,23.0,24.9,14.1,14.2,76.401,23.75,24.75,13.8,14.1,0.0,0.0,0.0,0.0,0.0
Quakertown,PSA,2018,8,2,2,76.3,23.375,24.825,13.95,14.15,76.401,23.75,24.75,13.8,14.1,76.95,23.8,24.15,14.9,14.1,0.201,0.75,-0.15,-0.3,-0.1
Quakertown,PSA,2018,10,2,3,76.517,23.517,24.6,14.267,14.133,76.95,23.8,24.15,14.9,14.1,79.901,24.8,24.3,15.1,15.7,0.549,0.05,-0.6,1.1,0.0
Quakertown,PSA,2018,11,1,4,77.363,23.838,24.525,14.475,14.525,79.901,24.8,24.3,15.1,15.7,80.301,25.4,24.0,15.9,15.0,2.951,1.0,0.15,0.2,1.6
Rancho Verde HS,PSA,2018,3,0,0,0.0,0.0,0.0,0.0,0.0,0.0,0.0,0.0,0.0,0.0,67.85,19.65,14.2,20.1,13.9,0.0,0.0,0.0,0.0,0.0
Rancho Verde HS,PSA,2018,6,3,1,67.85,19.65,14.2,20.1,13.9,67.85,19.65,14.2,20.1,13.9,78.25,24.15,16.0,21.7,16.4,0.0,0.0,0.0,0.0,0.0
Rancho Verde HS,PSA,2018,7,1,2,73.05,21.9,15.1,20.9,15.15,78.25,24.15,16.0,21.7,16.4,83.65,24.45,16.5,26.5,16.2,10.4,4.5,1.8,1.6,2.5
Redondo Union HS,PSA,2018,3,0,0,0.0,0.0,0.0,0.0,0.0,0.0,0.0,0.0,0.0,0.0,66.025,19.125,14.8,19.9,12.2,0.0,0.0,0.0,0.0,0.0
Redondo Union HS,PSA,2018,6,3,1,66.025,19.125,14.8,19.9,12.2,66.025,19.125,14.8,19.9,12.2,71.701,22.2,13.0,21.5,15.0,0.0,0.0,0.0,0.0,0.0
San Marcos HS (SB),PSA,2018,1,0,0,0.0,0.0,0.0,0.0,0.0,0.0,0.0,0.0,0.0,0.0,63.151,19.95,11.5,18.9,12.8,0.0,0.0,0.0,0.0,0.0
San Marcos HS (SB),PSA,2018,2,1,1,63.151,19.95,11.5,18.9,12.8,63.151,19.95,11.5,18.9,12.8,71.151,20.85,15.1,22.1,13.1,0.0,0.0,0.0,0.0,0.0
Savanna HS,PSA,2018,3,0,0,0.0,0.0,0.0,0.0,0.0,0.0,0.0,0.0,0.0,0.0,64.3,19.2,13.8,18.9,12.4,0.0,0.0,0.0,0.0,0.0
Savanna HS,PSA,2018,4,1,1,64.3,19.2,13.8,18.9,12.4,64.3,19.2,13.8,18.9,12.4,68.15,21.15,13.6,19.8,13.6,0.0,0.0,0.0,0.0,0.0
Savanna HS,PSA,2018,8,4,2,66.225,20.175,13.7,19.35,13.0,68.15,21.15,13.6,19.8,13.6,72.225,21.375,15.5,22.35,13.0,3.85,1.95,-0.2,0.9,1.2
Seymour HS,PSA,2018,5,0,0,0.0,0.0,0.0,0.0,0.0,0.0,0.0,0.0,0.0,0.0,82.076,24.675,15.7,25.3,16.4,0.0,0.0,0.0,0.0,0.0
Seymour HS,PSA,2018,8,3,1,82.076,24.675,15.7,25.3,16.4,82.076,24.675,15.7,25.3,16.4,86.2,26.625,17.6,25.45,16.525,0.0,0.0,0.0,0.0,0.0
Seymour Indoor Percussion,PSA,2018,0,0,0,0.0,0.0,0.0,0.0,0.0,0.0,0.0,0.0,0.0,0.0,69.1,20.9,20.1,14.2,13.9,0.0,0.0,0.0,0.0,0.0
Seymour Indoor Percussion,PSA,2018,2,2,1,69.1,20.9,20.1,14.2,13.9,69.1,20.9,20.1,14.2,13.9,67.85,21.5,19.95,14.6,11.8,0.0,0.0,0.0,0.0,0.0
Seymour Indoor Percussion,PSA,2018,10,8,2,68.475,21.2,20.025,14.4,12.85,67.85,21.5,19.95,14.6,11.8,90.025,26.2,27.675,18.35,17.8,-1.25,0.6,-0.15,0.4,-2.1
Shadow Hills HS,PSA,2018,3,0,0,0.0,0.0,0.0,0.0,0.0,0.0,0.0,0.0,0.0,0.0,62.575,19.275,12.3,18.2,12.8,0.0,0.0,0.0,0.0,0.0
Shadow Hills HS,PSA,2018,7,4,1,62.575,19.275,12.3,18.2,12.8,62.575,19.275,12.3,18.2,12.8,72.25,21.0,13.8,22.3,15.15,0.0,0.0,0.0,0.0,0.0
Sierra Vista HS,PSA,2018,1,0,0,0.0,0.0,0.0,0.0,0.0,0.0,0.0,0.0,0.0,0.0,63.001,19.65,11.8,19.55,12.0,0.0,0.0,0.0,0.0,0.0
Sierra Vista HS,PSA,2018,5,4,1,63.001,19.65,11.8,19.55,12.0,63.001,19.65,11.8,19.55,12.0,79.4,23.55,16.5,24.2,15.15,0.0,0.0,0.0,0.0,0.0
Sierra Vista HS,PSA,2018,6,1,2,71.2,21.6,14.15,21.875,13.575,79.4,23.55,16.5,24.2,15.15,82.0,24.0,16.2,25.6,16.2,16.399,3.9,4.7,4.65,3.15
Sierra Vista HS,PSA,2018,7,1,3,74.8,22.4,14.833,23.117,14.45,82.0,24.0,16.2,25.6,16.2,74.375,21.075,13.9,24.5,14.9,2.6,0.45,-0.3,1.4,1.05
South Hills HS,PSA,2018,1,0,0,0.0,0.0,0.0,0.0,0.0,0.0,0.0,0.0,0.0,0.0,73.55,23.85,13.4,21.8,14.5,0.0,0.0,0.0,0.0,0.0
South Hills HS,PSA,2018,3,2,1,73.55,23.85,13.4,21.8,14.5,73.55,23.85,13.4,21.8,14.5,77.5,23.7,14.6,22.5,16.7,0.0,0.0,0.0,0.0,0.0
South Hills HS,PSA,2018,5,2,2,75.525,23.775,14.0,22.15,15.6,77.5,23.7,14.6,22.5,16.7,77.05,22.2,14.2,24.85,15.8,3.95,-0.15,1.2,0.7,2.2
South Hills HS,PSA,2018,11,6,3,76.033,23.25,14.067,23.05,15.667,77.05,22.2,14.2,24.85,15.8,92.588,28.237,17.95,28.05,18.35,-0.45,-1.5,-0.4,2.35,-0.9
South Torrance HS,PSA,2018,2,0,0,0.0,0.0,0.0,0.0,0.0,0.0,0.0,0.0,0.0,0.0,71.051,21.45,14.5,20.6,14.5,0.0,0.0,0.0,0.0,0.0
South Torrance HS,PSA,2018,4,2,1,71.051,21.45,14.5,20.6,14.5,71.051,21.45,14.5,20.6,14.5,75.95,24.15,15.4,21.4,15.0,0.0,0.0,0.0,0.0,0.0
South Torrance HS,PSA,2018,7,3,2,73.5,22.8,14.95,21.0,14.75,75.95,24.15,15.4,21.4,15.0,85.05,25.05,17.8,25.8,16.4,4.899,2.7,0.9,0.8,0.5
South Torrance HS,PSA,2018,8,1,3,77.35,23.55,15.9,22.6,15.3,85.05,25.05,17.8,25.8,16.4,79.526,23.025,16.1,24.5,15.9,9.1,0.9,2.4,4.4,1.4
Southern Regional,PSA,2018,3,0,0,0.0,0.0,0.0,0.0,0.0,0.0,0.0,0.0,0.0,0.0,80.65,22.4,25.05,16.6,16.6,0.0,0.0,0.0,0.0,0.0
Southern Regional,PSA,2018,6,3,1,80.65,22.4,25.05,16.6,16.6,80.65,22.4,25.05,16.6,16.6,87.15,25.7,27.15,16.5,17.8,0.0,0.0,0.0,0.0,0.0
Southern Regional,PSA,2018,8,2,2,83.9,24.05,26.1,16.55,17.2,87.15,25.7,27.15,16.5,17.8,90.25,26.6,27.15,18.3,18.2,6.5,3.3,2.1,-0.1,1.2
Southern Regional,PSA,2018,10,2,3,86.017,24.9,26.45,17.133,17.533,90.25,26.6,27.15,18.3,18.2,92.2,27.8,27.6,18.0,18.8,3.1,0.9,0.0,1.8,0.4
Southern Regional,PSA,2018,11,1,4,87.562,25.625,26.737,17.35,17.85,92.2,27.8,27.6,18.0,18.8,90.1,26.9,27.0,18.1,18.1,1.95,1.2,0.45,-0.3,0.6
St. Genevieve HS,PSA,2018,2,0,0,0.0,0.0,0.0,0.0,0.0,0.0,0.0,0.0,0.0,0.0,69.851,22.35,12.7,21.3,13.5,0.0,0.0,0.0,0.0,0.0
St. Genevieve HS,PSA,2018,8,6,1,69.851,22.35,12.7,21.3,13.5,69.851,22.35,12.7,21.3,13.5,78.95,23.55,14.5,24.9,16.0,0.0,0.0,0.0,0.0,0.0
Temple City HS,PSA,2018,3,0,0,0.0,0.0,0.0,0.0,0.0,0.0,0.0,0.0,0.0,0.0,76.15,22.35,15.0,23.7,15.1,0.0,0.0,0.0,0.0,0.0
Temple City HS,PSA,2018,5,2,1,76.15,22.35,15.0,23.7,15.1,76.15,22.35,15.0,23.7,15.1,84.55,25.05,17.4,25.4,16.7,0.0,0.0,0.0,0.0,0.0
Temple City HS,PSA,2018,8,3,2,80.35,23.7,16.2,24.55,15.9,84.55,25.05,17.4,25.4,16.7,88.175,26.625,18.05,25.4,18.1,8.4,2.7,2.4,1.7,1.6
Temple City HS,PSA,2018,11,3,3,82.958,24.675,16.817,24.833,16.633,88.175,26.625,18.05,25.4,18.1,90.813,27.337,18.65,26.525,18.3,3.625,1.575,0.65,0.0,1.4
Torrance HS,PSA,2018,3,0,0,0.0,0.0,0.0,0.0,0.0,0.0,0.0,0.0,0.0,0.0,70.176,20.175,15.2,20.3,14.5,0.0,0.0,0.0,0.0,0.0
Torrance HS,PSA,2018,8,5,1,70.176,20.175,15.2,20.3,14.5,70.176,20.175,15.2,20.3,14.5,77.5,23.4,15.6,23.65,14.85,0.0,0.0,0.0,0.0,0.0
Unionville,PSA,2018,4,0,0,0.0,0.0,0.0,0.0,0.0,0.0,0.0,0.0,0.0,0.0,80.55,24.2,25.05,15.4,15.9,0.0,0.0,0.0,0.0,0.0
Unionville,PSA,2018,5,1,1,80.55,24.2,25.05,15.4,15.9,80.55,24.2,25.05,15.4,15.9,81.6,23.5,25.5,16.0,16.6,0.0,0.0,0.0,0.0,0.0
Unionville,PSA,2018,10,5,2,81.075,23.85,25.275,15.7,16.25,81.6,23.5,25.5,16.0,16.6,90.3,27.5,27.0,17.3,18.5,1.05,-0.7,0.45,0.6,0.7
Unionville,PSA,2018,11,1,3,84.15,25.067,25.85,16.233,17.0,90.3,27.5,27.0,17.3,18.5,89.325,26.8,27.075,17.7,17.75,8.7,4.0,1.5,1.3,1.9
Unionville HS,PSA,2018,7,0,0,0.0,0.0,0.0,0.0,0.0,0.0,0.0,0.0,0.0,0.0,87.625,27.675,17.1,26.2,16.65,0.0,0.0,0.0,0.0,0.0
Unionville HS,PSA,2018,12,5,1,87.625,27.675,17.1,26.2,16.65,87.625,27.675,17.1,26.2,16.65,92.875,28.725,18.775,27.275,18.1,0.0,0.0,0.0,0.0,0.0
Upland HS,PSA,2018,3,0,0,0.0,0.0,0.0,0.0,0.0,0.0,0.0,0.0,0.0,0.0,71.325,21.525,13.4,21.4,15.0,0.0,0.0,0.0,0.0,0.0
Upland HS,PSA,2018,7,4,1,71.325,21.525,13.4,21.4,15.0,71.325,21.525,13.4,21.4,15.0,80.425,22.275,16.3,25.6,16.25,0.0,0.0,0.0,0.0,0.0
Upper Darby,PSA,2018,4,0,0,0.0,0.0,0.0,0.0,0.0,0.0,0.0,0.0,0.0,0.0,73.8,22.7,22.5,15.1,13.5,0.0,0.0,0.0,0.0,0.0
Upper Darby,PSA,2018,5,1,1,73.8,22.7,22.5,15.1,13.5,73.8,22.7,22.5,15.1,13.5,77.7,24.4,24.6,14.9,13.8,0.0,0.0,0.0,0.0,0.0
Upper Darby,PSA,2018,6,1,2,75.75,23.55,23.55,15.0,13.65,77.7,24.4,24.6,14.9,13.8,75.5,22.6,23.7,14.0,15.2,3.9,1.7,2.1,-0.2,0.3
Upper Darby,PSA,2018,8,2,3,75.667,23.233,23.6,14.667,14.167,75.5,22.6,23.7,14.0,15.2,77.001,24.6,21.3,15.5,15.6,-2.2,-1.8,-0.9,-0.9,1.4
Upper Darby,PSA,2018,10,2,4,76.0,23.575,23.025,14.875,14.525,77.001,24.6,21.3,15.5,15.6,82.826,25.9,24.375,15.8,16.75,1.501,2.0,-2.4,1.5,0.4
Upper Darby,PSA,2018,11,1,5,77.365,24.04,23.295,15.06,14.97,82.826,25.9,24.375,15.8,16.75,80.676,24.2,24.225,16.05,16.2,5.825,1.3,3.075,0.3,1.15
Valhalla HS,PSA,2018,1,0,0,0.0,0.0,0.0,0.0,0.0,0.0,0.0,0.0,0.0,0.0,71.05,24.15,11.9,20.2,14.8,0.0,0.0,0.0,0.0,0.0
Valhalla HS,PSA,2018,5,4,1,71.05,24.15,11.9,20.2,14.8,71.05,24.15,11.9,20.2,14.8,78.85,23.25,15.4,24.5,15.7,0.0,0.0,0.0,0.0,0.0
Valhalla HS,PSA,2018,7,2,2,74.95,23.7,13.65,22.35,15.25,78.85,23.25,15.4,24.5,15.7,75.4,24.0,14.0,23.6,13.8,7.8,-0.9,3.5,4.3,0.9
Waller HS,PSA,2018,4,0,0,0.0,0.0,0.0,0.0,0.0,0.0,0.0,0.0,0.0,0.0,72.501,21.0,14.7,21.8,15.0,0.0,0.0,0.0,0.0,0.0
Waller HS,PSA,2018,6,2,1,72.501,21.0,14.7,21.8,15.0,72.501,21.0,14.7,21.8,15.0,79.95,24.15,15.9,24.4,15.5,0.0,0.0,0.0,0.0,0.0
Warren HS,PSA,2018,1,0,0,0.0,0.0,0.0,0.0,0.0,0.0,0.0,0.0,0.0,0.0,71.3,21.9,14.0,21.3,14.1,0.0,0.0,0.0,0.0,0.0
Warren HS,PSA,2018,3,2,1,71.3,21.9,14.0,21.3,14.1,71.3,21.9,14.0,21.3,14.1,71.401,19.95,16.2,19.6,15.65,0.0,0.0,0.0,0.0,0.0
Warren HS,PSA,2018,7,4,2,71.35,20.925,15.1,20.45,14.875,71.401,19.95,16.2,19.6,15.65,78.126,21.975,14.95,25.9,15.3,0.101,-1.95,2.2,-1.7,1.55
Webster Percussion Theater,PSA,2018,2,0,0,0.0,0.0,0.0,0.0,0.0,0.0,0.0,0.0,0.0,0.0,62.45,18.8,18.45,12.5,12.7,0.0,0.0,0.0,0.0,0.0
Webster Percussion Theater,PSA,2018,5,3,1,62.45,18.8,18.45,12.5,12.7,62.45,18.8,18.45,12.5,12.7,68.451,19.2,21.45,13.4,14.4,0.0,0.0,0.0,0.0,0.0
Webster Percussion Theater,PSA,2018,9,4,2,65.451,19.0,19.95,12.95,13.55,68.451,19.2,21.45,13.4,14.4,75.151,23.0,22.05,15.1,15.0,6.001,0.4,3.0,0.9,1.7
Webster Percussion Theater,PSA,2018,10,1,3,68.684,20.333,20.65,13.667,14.033,75.151,23.0,22.05,15.1,15.0,74.701,23.5,22.8,13.7,14.7,6.7,3.8,0.6,1.7,0.6
West Johnston HS,PSA,2018,4,0,0,0.0,0.0,0.0,0.0,0.0,0.0,0.0,0.0,0.0,0.0,70.501,21.3,14.0,21.9,13.3,0.0,0.0,0.0,0.0,0.0
West Johnston HS,PSA,2018,6,2,1,70.501,21.3,14.0,21.9,13.3,70.501,21.3,14.0,21.9,13.3,66.901,18.9,14.5,19.9,13.6,0.0,0.0,0.0,0.0,0.0
West Ranch HS,PSA,2018,3,0,0,0.0,0.0,0.0,0.0,0.0,0.0,0.0,0.0,0.0,0.0,72.201,22.5,14.6,19.8,15.3,0.0,0.0,0.0,0.0,0.0
West Ranch HS,PSA,2018,6,3,1,72.201,22.5,14.6,19.8,15.3,72.201,22.5,14.6,19.8,15.3,82.1,25.5,16.6,23.9,16.1,0.0,0.0,0.0,0.0,0.0
West Ranch HS,PSA,2018,8,2,2,77.15,24.0,15.6,21.85,15.7,82.1,25.5,16.6,23.9,16.1,83.9,26.7,16.0,25.8,15.4,9.899,3.0,2.0,4.1,0.8
Westhill HS,PSA,2018,5,0,0,0.0,0.0,0.0,0.0,0.0,0.0,0.0,0.0,0.0,0.0,80.15,22.65,16.9,24.3,16.3,0.0,0.0,0.0,0.0,0.0
Westhill HS,PSA,2018,7,2,1,80.15,22.65,16.9,24.3,16.3,80.15,22.65,16.9,24.3,16.3,88.8,27.6,17.9,26.3,17.0,0.0,0.0,0.0,0.0,0.0
Westlake HS,PSA,2018,2,0,0,0.0,0.0,0.0,0.0,0.0,0.0,0.0,0.0,0.0,0.0,73.775,21.975,14.3,23.2,14.3,0.0,0.0,0.0,0.0,0.0
Westlake HS,PSA,2018,7,5,1,73.775,21.975,14.3,23.2,14.3,73.775,21.975,14.3,23.2,14.3,83.7,24.9,16.7,25.9,16.2,0.0,0.0,0.0,0.0,0.0
Westlake HS,PSA,2018,11,4,2,78.738,23.438,15.5,24.55,15.25,83.7,24.9,16.7,25.9,16.2,88.175,27.0,16.45,27.65,17.075,9.925,2.925,2.4,2.7,1.9
Westminister HS,PSA,2018,4,0,0,0.0,0.0,0.0,0.0,0.0,0.0,0.0,0.0,0.0,0.0,78.05,24.45,15.2,22.5,15.9,0.0,0.0,0.0,0.0,0.0
Westminister HS,PSA,2018,8,4,1,78.05,24.45,15.2,22.5,15.9,78.05,24.45,15.2,22.5,15.9,81.601,24.3,16.2,25.1,16.0,0.0,0.0,0.0,0.0,0.0
Westminster HS,PSA,2018,1,0,0,0.0,0.0,0.0,0.0,0.0,0.0,0.0,0.0,0.0,0.0,70.751,22.65,15.0,20.4,12.7,0.0,0.0,0.0,0.0,0.0
Westminster HS,PSA,2018,3,2,1,70.751,22.65,15.0,20.4,12.7,70.751,22.65,15.0,20.4,12.7,73.801,20.7,16.6,22.3,14.2,0.0,0.0,0.0,0.0,0.0
Westminster HS,PSA,2018,7,4,2,72.276,21.675,15.8,21.35,13.45,73.801,20.7,16.6,22.3,14.2,82.6,22.5,16.6,27.0,16.5,3.05,-1.95,1.6,1.9,1.5
Westminster HS,PSA,2018,11,4,3,75.717,21.95,16.067,23.233,14.467,82.6,22.5,16.6,27.0,16.5,89.225,27.3,18.05,26.1,17.775,8.799,1.8,0.0,4.7,2.3
Williamstown,PSA,2018,5,0,0,0.0,0.0,0.0,0.0,0.0,0.0,0.0,0.0,0.0,0.0,74.95,22.4,23.25,14.6,14.7,0.0,0.0,0.0,0.0,0.0
Williamstown,PSA,2018,6,1,1,74.95,22.4,23.25,14.6,14.7,74.95,22.4,23.25,14.6,14.7,78.75,24.7,23.85,14.3,15.9,0.0,0.0,0.0,0.0,0.0
Atlanta Quest,PIW,2018,6,0,0,0.0,0.0,0.0,0.0,0.0,0.0,0.0,0.0,0.0,0.0,83.95,25.65,16.7,26.2,15.4,0.0,0.0,0.0,0.0,0.0
Atlanta Quest,PIW,2018,8,2,1,83.95,25.65,16.7,26.2,15.4,83.95,25.65,16.7,26.2,15.4,85.475,25.425,16.55,26.65,16.85,0.0,0.0,0.0,0.0,0.0
Atlanta Quest,PIW,2018,12,4,2,84.712,25.538,16.625,26.425,16.125,85.475,25.425,16.55,26.65,16.85,88.288,27.038,17.375,26.35,17.525,1.525,-0.225,-0.15,0.45,1.45
Broken City,PIW,2018,3,0,0,0.0,0.0,0.0,0.0,0.0,0.0,0.0,0.0,0.0,0.0,86.25,25.35,17.7,25.9,17.3,0.0,0.0,0.0,0.0,0.0
Broken City,PIW,2018,5,2,1,86.25,25.35,17.7,25.9,17.3,86.25,25.35,17.7,25.9,17.3,89.0,26.7,18.2,26.1,18.0,0.0,0.0,0.0,0.0,0.0
Broken City,PIW,2018,8,3,2,87.625,26.025,17.95,26.0,17.65,89.0,26.7,18.2,26.1,18.0,92.788,27.938,18.55,27.75,18.55,2.75,1.35,0.5,0.2,0.7
Broken City,PIW,2018,10,2,3,89.346,26.663,18.15,26.583,17.95,92.788,27.938,18.55,27.75,18.55,94.1,28.2,19.2,27.9,18.8,3.788,1.238,0.35,1.65,0.55
Broken City,PIW,2018,11,1,4,90.535,27.047,18.412,26.912,18.162,94.1,28.2,19.2,27.9,18.8,94.313,28.462,18.75,28.2,18.9,1.312,0.262,0.65,0.15,0.25
Broken City,PIW,2018,12,1,5,91.29,27.33,18.48,27.17,18.31,94.313,28.462,18.75,28.2,18.9,97.5,29.325,19.45,29.15,19.575,0.213,0.262,-0.45,0.3,0.1
Cap City Percussion,PIW,2018,6,0,0,0.0,0.0,0.0,0.0,0.0,0.0,0.0,0.0,0.0,0.0,86.15,25.95,16.9,26.0,17.3,0.0,0.0,0.0,0.0,0.0
Cap City Percussion,PIW,2018,8,2,1,86.15,25.95,16.9,26.0,17.3,86.15,25.95,16.9,26.0,17.3,88.65,26.25,17.6,26.95,17.85,0.0,0.0,0.0,0.0,0.0
Cap City Percussion,PIW,2018,12,4,2,87.4,26.1,17.25,26.475,17.575,88.65,26.25,17.6,26.95,17.85,89.625,27.6,18.725,25.8,17.5,2.5,0.3,0.7,0.95,0.55
Cavaliers Indoor Percussion,PIW,2018,3,0,0,0.0,0.0,0.0,0.0,0.0,0.0,0.0,0.0,0.0,0.0,78.45,22.35,15.1,24.4,16.6,0.0,0.0,0.0,0.0,0.0
Cavaliers Indoor Percussion,PIW,2018,6,3,1,78.45,22.35,15.1,24.4,16.6,78.45,22.35,15.1,24.4,16.6,83.1,25.2,17.2,24.4,16.3,0.0,0.0,0.0,0.0,0.0
Cavaliers Indoor Percussion,PIW,2018,8,2,2,80.775,23.775,16.15,24.4,16.45,83.1,25.2,17.2,24.4,16.3,82.901,24.6,17.5,24.6,16.2,4.65,2.85,2.1,0.0,-0.3
Dark Sky Percussion,PIW,2018,3,0,0,0.0,0.0,0.0,0.0,0.0,0.0,0.0,0.0,0.0,0.0,80.85,23.25,16.2,25.5,15.9,0.0,0.0,0.0,0.0,0.0
Dark Sky Percussion,PIW,2018,5,2,1,80.85,23.25,16.2,25.5,15.9,80.85,23.25,16.2,25.5,15.9,81.45,24.15,16.1,25.3,15.9,0.0,0.0,0.0,0.0,0.0
Dark Sky Percussion,PIW,2018,8,3,2,81.15,23.7,16.15,25.4,15.9,81.45,24.15,16.1,25.3,15.9,87.251,26.85,17.3,26.0,17.1,0.6,0.9,-0.1,-0.2,0.0
Dark Sky Percussion,PIW,2018,10,2,3,83.184,24.75,16.533,25.6,16.3,87.251,26.85,17.3,26.0,17.1,86.925,26.025,17.6,25.8,17.5,5.801,2.7,1.2,0.7,1.2
Dark Sky Percussion,PIW,2018,11,1,4,84.119,25.069,16.8,25.65,16.6,86.925,26.025,17.6,25.8,17.5,86.05,26.4,17.4,24.8,17.45,-0.326,-0.825,0.3,-0.2,0.4
Dark Sky Percussion,PIW,2018,12,1,5,84.505,25.335,16.92,25.48,16.77,86.05,26.4,17.4,24.8,17.45,87.325,26.175,18.3,25.45,17.4,-0.875,0.375,-0.2,-1.0,-0.05
Equinox Percussion,PIW,2018,6,0,0,0.0,0.0,0.0,0.0,0.0,0.0,0.0,0.0,0.0,0.0,80.65,23.55,16.8,25.4,14.9,0.0,0.0,0.0,0.0,0.0
Equinox Percussion,PIW,2018,8,2,1,80.65,23.55,16.8,25.4,14.9,80.65,23.55,16.8,25.4,14.9,81.776,24.225,16.35,24.8,16.4,0.0,0.0,0.0,0.0,0.0
Gateway Percussion,PIW,2018,3,0,0,0.0,0.0,0.0,0.0,0.0,0.0,0.0,0.0,0.0,0.0,75.35,22.65,14.3,23.1,15.3,0.0,0.0,0.0,0.0,0.0
Gateway Percussion,PIW,2018,8,5,1,75.35,22.65,14.3,23.1,15.3,75.35,22.65,14.3,23.1,15.3,82.751,24.9,16.6,24.55,16.7,0.0,0.0,0.0,0.0,0.0
George Mason University,PIW,2018,3,0,0,0.0,0.0,0.0,0.0,0.0,0.0,0.0,0.0,0.0,0.0,76.7,22.5,14.9,23.7,15.6,0.0,0.0,0.0,0.0,0.0
George Mason University,PIW,2018,7,4,1,76.7,22.5,14.9,23.7,15.6,76.7,22.5,14.9,23.7,15.6,86.7,26.85,17.45,24.9,17.5,0.0,0.0,0.0,0.0,0.0
George Mason University,PIW,2018,12,5,2,81.7,24.675,16.175,24.3,16.55,86.7,26.85,17.45,24.9,17.5,90.363,27.263,18.7,26.45,17.95,10.0,4.35,2.55,1.2,1.9
Infinity,PIW,2018,4,0,0,0.0,0.0,0.0,0.0,0.0,0.0,0.0,0.0,0.0,0.0,83.15,24.75,16.8,24.2,17.4,0.0,0.0,0.0,0.0,0.0
Infinity,PIW,2018,7,3,1,83.15,24.75,16.8,24.2,17.4,83.15,24.75,16.8,24.2,17.4,87.825,26.625,17.65,25.9,17.65,0.0,0.0,0.0,0.0,0.0
Infinity,PIW,2018,12,5,2,85.488,25.688,17.225,25.05,17.525,87.825,26.625,17.65,25.9,17.65,93.963,28.462,19.1,27.9,18.5,4.675,1.875,0.85,1.7,0.25
Legacy Performing Arts Percussion Ensemble,PIW,2018,3,0,0,0.0,0.0,0.0,0.0,0.0,0.0,0.0,0.0,0.0,0.0,78.45,22.65,15.4,25.3,15.1,0.0,0.0,0.0,0.0,0.0
Legacy Performing Arts Percussion Ensemble,PIW,2018,6,3,1,78.45,22.65,15.4,25.3,15.1,78.45,22.65,15.4,25.3,15.1,85.2,25.5,16.7,26.6,16.4,0.0,0.0,0.0,0.0,0.0
Matrix,PIW,2018,6,0,0,0.0,0.0,0.0,0.0,0.0,0.0,0.0,0.0,0.0,0.0,86.75,26.1,17.8,25.8,17.05,0.0,0.0,0.0,0.0,0.0
Matrix,PIW,2018,12,6,1,86.75,26.1,17.8,25.8,17.05,86.75,26.1,17.8,25.8,17.05,92.238,28.163,19.225,26.325,18.525,0.0,0.0,0.0,0.0,0.0
Monarch Independent,PIW,2018,4,0,0,0.0,0.0,0.0,0.0,0.0,0.0,0.0,0.0,0.0,0.0,81.6,25.2,16.0,24.2,16.2,0.0,0.0,0.0,0.0,0.0
Monarch Independent,PIW,2018,12,8,1,81.6,25.2,16.0,24.2,16.2,81.6,25.2,16.0,24.2,16.2,90.575,27.225,18.0,27.45,17.9,0.0,0.0,0.0,0.0,0.0
Music City Mystique,PIW,2018,3,0,0,0.0,0.0,0.0,0.0,0.0,0.0,0.0,0.0,0.0,0.0,83.9,24.6,16.1,25.6,17.6,0.0,0.0,0.0,0.0,0.0
Music City Mystique,PIW,2018,8,5,1,83.9,24.6,16.1,25.6,17.6,83.9,24.6,16.1,25.6,17.6,91.925,26.625,18.5,28.5,18.3,0.0,0.0,0.0,0.0,0.0
Music City Mystique,PIW,2018,12,4,2,87.912,25.612,17.3,27.05,17.95,91.925,26.625,18.5,28.5,18.3,94.951,28.875,19.1,28.225,18.75,8.025,2.025,2.4,2.9,0.7
POW Percussion,PIW,2018,1,0,0,0.0,0.0,0.0,0.0,0.0,0.0,0.0,0.0,0.0,0.0,79.6,24.0,15.8,24.1,15.7,0.0,0.0,0.0,0.0,0.0
POW Percussion,PIW,2018,4,3,1,79.6,24.0,15.8,24.1,15.7,79.6,24.0,15.8,24.1,15.7,81.65,24.45,16.1,24.7,16.4,0.0,0.0,0.0,0.0,0.0
POW Percussion,PIW,2018,5,1,2,80.625,24.225,15.95,24.4,16.05,81.65,24.45,16.1,24.7,16.4,82.7,25.5,16.9,24.2,16.1,2.05,0.45,0.3,0.6,0.7
POW Percussion,PIW,2018,8,3,3,81.317,24.65,16.267,24.333,16.067,82.7,25.5,16.9,24.2,16.1,88.325,26.775,17.75,26.6,17.2,1.05,1.05,0.8,-0.5,-0.3
POW Percussion,PIW,2018,10,2,4,83.069,25.181,16.638,24.9,16.35,88.325,26.775,17.75,26.6,17.2,88.45,27.15,18.0,25.9,17.4,5.625,1.275,0.85,2.4,1.1
POW Percussion,PIW,2018,11,1,5,84.145,25.575,16.91,25.1,16.56,88.45,27.15,18.0,25.9,17.4,88.775,27.225,17.55,26.3,17.7,0.125,0.375,0.25,-0.7,0.2
POW Percussion,PIW,2018,12,1,6,84.917,25.85,17.017,25.3,16.75,88.775,27.225,17.55,26.3,17.7,90.475,27.375,18.325,27.15,17.625,0.325,0.075,-0.45,0.4,0.3
Pulse Percussion,PIW,2018,1,0,0,0.0,0.0,0.0,0.0,0.0,0.0,0.0,0.0,0.0,0.0,86.05,25.65,17.4,25.1,17.9,0.0,0.0,0.0,0.0,0.0
Pulse Percussion,PIW,2018,4,3,1,86.05,25.65,17.4,25.1,17.9,86.05,25.65,17.4,25.1,17.9,90.2,27.0,18.1,27.0,18.1,0.0,0.0,0.0,0.0,0.0
Pulse Percussion,PIW,2018,6,2,2,88.125,26.325,17.75,26.05,18.0,90.2,27.0,18.1,27.0,18.1,90.1,26.25,18.4,26.9,18.55,4.15,1.35,0.7,1.9,0.2
Pulse Percussion,PIW,2018,8,2,3,88.783,26.3,17.967,26.333,18.183,90.1,26.25,18.4,26.9,18.55,92.6,28.5,19.0,27.4,17.7,-0.1,-0.75,0.3,-0.1,0.45
Pulse Percussion,PIW,2018,10,2,4,89.738,26.85,18.225,26.6,18.062,92.6,28.5,19.0,27.4,17.7,95.05,28.65,19.1,28.4,18.9,2.5,2.25,0.6,0.5,-0.85
Pulse Percussion,PIW,2018,11,1,5,90.8,27.21,18.4,26.96,18.23,95.05,28.65,19.1,28.4,18.9,94.875,28.725,18.75,28.2,19.2,2.45,0.15,0.1,1.0,1.2
Pulse Percussion,PIW,2018,12,1,6,91.479,27.463,18.458,27.167,18.392,94.875,28.725,18.75,28.2,19.2,96.863,28.837,19.625,29.15,19.25,-0.175,0.075,-0.35,-0.2,0.3
RCC,PIW,2018,1,0,0,0.0,0.0,0.0,0.0,0.0,0.0,0.0,0.0,0.0,0.0,84.95,25.35,17.3,25.0,17.3,0.0,0.0,0.0,0.0,0.0
RCC,PIW,2018,3,2,1,84.95,25.35,17.3,25.0,17.3,84.95,25.35,17.3,25.0,17.3,86.2,25.5,17.3,26.0,17.4,0.0,0.0,0.0,0.0,0.0
RCC,PIW,2018,6,3,2,85.575,25.425,17.3,25.5,17.35,86.2,25.5,17.3,26.0,17.4,88.9,25.8,18.2,26.4,18.5,1.25,0.15,0.0,1.0,0.1
RCC,PIW,2018,8,2,3,86.683,25.55,17.6,25.8,17.733,88.9,25.8,18.2,26.4,18.5,92.7,27.9,18.6,27.9,18.3,2.7,0.3,0.9,0.4,1.1
RCC,PIW,2018,10,2,4,88.188,26.138,17.85,26.325,17.875,92.7,27.9,18.6,27.9,18.3,94.0,28.5,19.0,28.0,18.5,3.8,2.1,0.4,1.5,-0.2
RCC,PIW,2018,11,1,5,89.35,26.61,18.08,26.66,18.0,94.0,28.5,19.0,28.0,18.5,95.075,28.275,19.0,28.9,18.9,1.3,0.6,0.4,0.1,0.2
RCC,PIW,2018,12,1,6,90.304,26.888,18.233,27.033,18.15,95.075,28.275,19.0,28.9,18.9,97.863,29.663,19.35,29.225,19.625,1.075,-0.225,0.0,0.9,0.4
Redline,PIW,2018,3,0,0,0.0,0.0,0.0,0.0,0.0,0.0,0.0,0.0,0.0,0.0,75.701,22.2,15.2,23.0,15.3,0.0,0.0,0.0,0.0,0.0
Redline,PIW,2018,6,3,1,75.701,22.2,15.2,23.0,15.3,75.701,22.2,15.2,23.0,15.3,82.801,24.3,16.5,25.3,16.7,0.0,0.0,0.0,0.0,0.0
Rhythm X,PIW,2018,3,0,0,0.0,0.0,0.0,0.0,0.0,0.0,0.0,0.0,0.0,0.0,83.65,24.45,16.7,26.2,16.3,0.0,0.0,0.0,0.0,0.0
Rhythm X,PIW,2018,6,3,1,83.65,24.45,16.7,26.2,16.3,83.65,24.45,16.7,26.2,16.3,91.25,27.45,18.3,27.4,18.1,0.0,0.0,0.0,0.0,0.0
Rhythm X,PIW,2018,8,2,2,87.45,25.95,17.5,26.8,17.2,91.25,27.45,18.3,27.4,18.1,93.538,27.788,18.95,27.8,19.0,7.6,3.0,1.6,1.2,1.8
Rhythm X,PIW,2018,12,4,3,89.479,26.563,17.983,27.133,17.8,93.538,27.788,18.95,27.8,19.0,97.513,29.288,19.9,28.9,19.425,2.288,0.338,0.65,0.4,0.9
STRYKE Percussion,PIW,2018,7,0,0,0.0,0.0,0.0,0.0,0.0,0.0,0.0,0.0,0.0,0.0,84.225,25.425,16.75,25.15,16.9,0.0,0.0,0.0,0.0,0.0
STRYKE Percussion,PIW,2018,12,5,1,84.225,25.425,16.75,25.15,16.9,84.225,25.425,16.75,25.15,16.9,91.026,28.125,18.1,26.625,18.175,0.0,0.0,0.0,0.0,0.0
United Percussion,PIW,2018,3,0,0,0.0,0.0,0.0,0.0,0.0,0.0,0.0,0.0,0.0,0.0,79.75,23.1,24.75,16.0,15.9,0.0,0.0,0.0,0.0,0.0
United Percussion,PIW,2018,7,4,1,79.75,23.1,24.75,16.0,15.9,79.75,23.1,24.75,16.0,15.9,89.45,27.75,17.95,26.1,17.65,0.0,0.0,0.0,0.0,0.0
United Percussion,PIW,2018,8,1,2,84.6,25.425,21.35,21.05,16.775,89.45,27.75,17.95,26.1,17.65,89.425,26.775,17.85,27.2,17.6,9.7,4.65,-6.8,10.1,1.75
United Percussion,PIW,2018,12,4,3,86.208,25.875,20.183,23.1,17.05,89.425,26.775,17.85,27.2,17.6,93.138,28.312,18.375,28.3,18.15,-0.025,-0.975,-0.1,1.1,-0.05
Vessel,PIW,2018,3,0,0,0.0,0.0,0.0,0.0,0.0,0.0,0.0,0.0,0.0,0.0,78.6,22.5,15.4,25.2,15.5,0.0,0.0,0.0,0.0,0.0
Vessel,PIW,2018,6,3,1,78.6,22.5,15.4,25.2,15.5,78.6,22.5,15.4,25.2,15.5,81.55,24.15,16.6,24.5,16.3,0.0,0.0,0.0,0.0,0.0
Vessel,PIW,2018,8,2,2,80.075,23.325,16.0,24.85,15.9,81.55,24.15,16.6,24.5,16.3,83.751,26.55,17.0,25.1,15.1,2.95,1.65,1.2,-0.7,0.8
Vessel,PIW,2018,10,2,3,81.3,24.4,16.333,24.933,15.633,83.751,26.55,17.0,25.1,15.1,85.251,25.95,16.7,26.1,16.5,2.201,2.4,0.4,0.6,-1.2
Vessel,PIW,2018,11,1,4,82.288,24.788,16.425,25.225,15.85,85.251,25.95,16.7,26.1,16.5,84.101,25.2,16.65,25.4,16.85,1.5,-0.6,-0.3,1.0,1.4
Vigilantes Indoor Percussion,PIW,2018,4,0,0,0.0,0.0,0.0,0.0,0.0,0.0,0.0,0.0,0.0,0.0,78.975,24.225,15.85,23.1,15.8,0.0,0.0,0.0,0.0,0.0
Vigilantes Indoor Percussion,PIW,2018,6,2,1,78.975,24.225,15.85,23.1,15.8,78.975,24.225,15.85,23.1,15.8,82.35,24.75,16.7,24.5,16.4,0.0,0.0,0.0,0.0,0.0
Vigilantes Indoor Percussion,PIW,2018,12,6,2,80.662,24.488,16.275,23.8,16.1,82.35,24.75,16.7,24.5,16.4,86.8,27.3,17.025,25.55,16.925,3.375,0.525,0.85,1.4,0.6
Alchemy Percussion presented by Carolina Gold,PIO,2018,4,0,0,0.0,0.0,0.0,0.0,0.0,0.0,0.0,0.0,0.0,0.0,75.25,21.75,14.6,25.0,13.9,0.0,0.0,0.0,0.0,0.0
Alchemy Percussion presented by Carolina Gold,PIO,2018,6,2,1,75.25,21.75,14.6,25.0,13.9,75.25,21.75,14.6,25.0,13.9,77.85,23.25,14.4,24.7,15.5,0.0,0.0,0.0,0.0,0.0
Bakersfield College,PIO,2018,8,0,0,0.0,0.0,0.0,0.0,0.0,0.0,0.0,0.0,0.0,0.0,90.85,26.85,17.95,27.8,18.25,0.0,0.0,0.0,0.0,0.0
Bakersfield College,PIO,2018,10,2,1,90.85,26.85,17.95,27.8,18.25,90.85,26.85,17.95,27.8,18.25,92.8,27.6,18.0,28.4,18.8,0.0,0.0,0.0,0.0,0.0
Bakersfield College,PIO,2018,12,2,2,91.825,27.225,17.975,28.1,18.525,92.8,27.6,18.0,28.4,18.8,93.388,27.788,18.325,28.125,19.15,1.95,0.75,0.05,0.6,0.55
Breakthrough Indoor Percussion,PIO,2018,5,0,0,0.0,0.0,0.0,0.0,0.0,0.0,0.0,0.0,0.0,0.0,83.2,24.0,17.0,25.5,16.7,0.0,0.0,0.0,0.0,0.0
Breakthrough Indoor Percussion,PIO,2018,8,3,1,83.2,24.0,17.0,25.5,16.7,83.2,24.0,17.0,25.5,16.7,86.638,25.387,17.5,26.2,17.55,0.0,0.0,0.0,0.0,0.0
Civitas Independent,PIO,2018,5,0,0,0.0,0.0,0.0,0.0,0.0,0.0,0.0,0.0,0.0,0.0,86.15,25.95,17.2,25.8,17.2,0.0,0.0,0.0,0.0,0.0
Civitas Independent,PIO,2018,12,7,1,86.15,25.95,17.2,25.8,17.2,86.15,25.95,17.2,25.8,17.2,89.763,27.262,17.3,26.7,18.5,0.0,0.0,0.0,0.0,0.0
ConneXus,PIO,2018,3,0,0,0.0,0.0,0.0,0.0,0.0,0.0,0.0,0.0,0.0,0.0,76.0,21.3,15.8,23.4,15.5,0.0,0.0,0.0,0.0,0.0
ConneXus,PIO,2018,8,5,1,76.0,21.3,15.8,23.4,15.5,76.0,21.3,15.8,23.4,15.5,90.25,27.3,17.55,27.3,18.1,0.0,0.0,0.0,0.0,0.0
ConneXus,PIO,2018,12,4,2,83.125,24.3,16.675,25.35,16.8,90.25,27.3,17.55,27.3,18.1,94.75,28.425,18.45,28.475,19.4,14.25,6.0,1.75,3.9,2.6
Elan Percussion,PIO,2018,4,0,0,0.0,0.0,0.0,0.0,0.0,0.0,0.0,0.0,0.0,0.0,73.25,19.95,14.4,24.0,14.9,0.0,0.0,0.0,0.0,0.0
Elan Percussion,PIO,2018,8,4,1,73.25,19.95,14.4,24.0,14.9,73.25,19.95,14.4,24.0,14.9,82.451,25.95,15.4,25.6,15.5,0.0,0.0,0.0,0.0,0.0
Freedom Percussion,PIO,2018,3,0,0,0.0,0.0,0.0,0.0,0.0,0.0,0.0,0.0,0.0,0.0,81.65,25.05,15.5,24.6,16.5,0.0,0.0,0.0,0.0,0.0
Freedom Percussion,PIO,2018,8,5,1,81.65,25.05,15.5,24.6,16.5,81.65,25.05,15.5,24.6,16.5,85.775,25.725,16.55,26.05,17.45,0.0,0.0,0.0,0.0,0.0
Freedom Percussion,PIO,2018,12,4,2,83.712,25.388,16.025,25.325,16.975,85.775,25.725,16.55,26.05,17.45,91.626,27.375,18.2,27.8,18.25,4.125,0.675,1.05,1.45,0.95
INov8 Winter Percussion,PIO,2018,3,0,0,0.0,0.0,0.0,0.0,0.0,0.0,0.0,0.0,0.0,0.0,79.35,21.75,16.5,25.5,15.6,0.0,0.0,0.0,0.0,0.0
INov8 Winter Percussion,PIO,2018,6,3,1,79.35,21.75,16.5,25.5,15.6,79.35,21.75,16.5,25.5,15.6,90.4,27.0,17.9,27.6,17.9,0.0,0.0,0.0,0.0,0.0
INov8 Winter Percussion,PIO,2018,8,2,2,84.875,24.375,17.2,26.55,16.75,90.4,27.0,17.9,27.6,17.9,90.8,27.0,18.15,27.3,18.35,11.05,5.25,1.4,2.1,2.3
Impact Percussion UT,PIO,2018,6,0,0,0.0,0.0,0.0,0.0,0.0,0.0,0.0,0.0,0.0,0.0,79.95,24.45,15.9,24.7,14.9,0.0,0.0,0.0,0.0,0.0
Impact Percussion UT,PIO,2018,8,2,1,79.95,24.45,15.9,24.7,14.9,79.95,24.45,15.9,24.7,14.9,82.101,25.5,16.5,23.4,16.7,0.0,0.0,0.0,0.0,0.0
Imperial Dynasty,PIO,2018,4,0,0,0.0,0.0,0.0,0.0,0.0,0.0,0.0,0.0,0.0,0.0,77.5,23.0,24.3,15.2,15.0,0.0,0.0,0.0,0.0,0.0
Imperial Dynasty,PIO,2018,6,2,1,77.5,23.0,24.3,15.2,15.0,77.5,23.0,24.3,15.2,15.0,80.9,23.8,25.8,15.3,16.0,0.0,0.0,0.0,0.0,0.0
Imperial Dynasty,PIO,2018,7,1,2,79.2,23.4,25.05,15.25,15.5,80.9,23.8,25.8,15.3,16.0,84.025,25.875,16.65,24.7,16.8,3.4,0.8,1.5,0.1,1.0
Imperial Dynasty,PIO,2018,11,4,3,80.808,24.225,22.25,18.4,15.933,84.025,25.875,16.65,24.7,16.8,85.2,26.6,25.5,16.6,16.5,3.125,2.075,-9.15,9.4,0.8
Infinity 2,PIO,2018,4,0,0,0.0,0.0,0.0,0.0,0.0,0.0,0.0,0.0,0.0,0.0,81.9,24.6,16.5,24.3,16.5,0.0,0.0,0.0,0.0,0.0
Infinity 2,PIO,2018,7,3,1,81.9,24.6,16.5,24.3,16.5,81.9,24.6,16.5,24.3,16.5,86.375,26.175,17.7,24.95,17.55,0.0,0.0,0.0,0.0,0.0
Infinity 2,PIO,2018,12,5,2,84.138,25.388,17.1,24.625,17.025,86.375,26.175,17.7,24.95,17.55,95.313,28.387,19.05,28.575,19.3,4.475,1.575,1.2,0.65,1.05
Legacy Performing Arts Percussion Ensemble Open,PIO,2018,3,0,0,0.0,0.0,0.0,0.0,0.0,0.0,0.0,0.0,0.0,0.0,76.25,21.45,15.2,25.0,14.6,0.0,0.0,0.0,0.0,0.0
Legacy Performing Arts Percussion Ensemble Open,PIO,2018,6,3,1,76.25,21.45,15.2,25.0,14.6,76.25,21.45,15.2,25.0,14.6,82.75,25.05,16.8,24.2,16.7,0.0,0.0,0.0,0.0,0.0
Liberty University Indoor Drumline,PIO,2018,4,0,0,0.0,0.0,0.0,0.0,0.0,0.0,0.0,0.0,0.0,0.0,77.2,22.2,15.3,25.0,14.7,0.0,0.0,0.0,0.0,0.0
Liberty University Indoor Drumline,PIO,2018,5,1,1,77.2,22.2,15.3,25.0,14.7,77.2,22.2,15.3,25.0,14.7,79.6,24.0,15.9,24.2,15.5,0.0,0.0,0.0,0.0,0.0
Matrix Open,PIO,2018,6,0,0,0.0,0.0,0.0,0.0,0.0,0.0,0.0,0.0,0.0,0.0,87.15,25.95,17.4,26.5,17.3,0.0,0.0,0.0,0.0,0.0
Matrix Open,PIO,2018,12,6,1,87.15,25.95,17.4,26.5,17.3,87.15,25.95,17.4,26.5,17.3,97.75,29.1,19.75,29.4,19.5,0.0,0.0,0.0,0.0,0.0
Odyssey Indoor Percussion,PIO,2018,3,0,0,0.0,0.0,0.0,0.0,0.0,0.0,0.0,0.0,0.0,0.0,79.6,24.3,14.7,25.2,15.4,0.0,0.0,0.0,0.0,0.0
Odyssey Indoor Percussion,PIO,2018,4,1,1,79.6,24.3,14.7,25.2,15.4,79.6,24.3,14.7,25.2,15.4,76.55,22.65,14.2,24.8,14.9,0.0,0.0,0.0,0.0,0.0
Odyssey Indoor Percussion,PIO,2018,6,2,2,78.075,23.475,14.45,25.0,15.15,76.55,22.65,14.2,24.8,14.9,79.95,23.55,16.0,24.6,15.8,-3.05,-1.65,-0.5,-0.4,-0.5
Odyssey Indoor Percussion,PIO,2018,8,2,3,78.7,23.5,14.967,24.867,15.367,79.95,23.55,16.0,24.6,15.8,82.475,24.375,16.4,24.95,16.75,3.4,0.9,1.8,-0.2,0.9
Odyssey Indoor Percussion,PIO,2018,10,2,4,79.644,23.719,15.325,24.888,15.712,82.475,24.375,16.4,24.95,16.75,89.15,26.55,17.1,27.4,18.1,2.525,0.825,0.4,0.35,0.95
Odyssey Indoor Percussion,PIO,2018,11,1,5,81.545,24.285,15.68,25.39,16.19,89.15,26.55,17.1,27.4,18.1,88.325,26.925,17.3,27.0,17.1,6.675,2.175,0.7,2.45,1.35
Pioneer Indoor,PIO,2018,3,0,0,0.0,0.0,0.0,0.0,0.0,0.0,0.0,0.0,0.0,0.0,75.3,22.5,14.5,23.0,15.3,0.0,0.0,0.0,0.0,0.0
Pioneer Indoor,PIO,2018,6,3,1,75.3,22.5,14.5,23.0,15.3,75.3,22.5,14.5,23.0,15.3,84.8,24.9,16.9,26.2,16.8,0.0,0.0,0.0,0.0,0.0
Q2,PIO,2018,5,0,0,0.0,0.0,0.0,0.0,0.0,0.0,0.0,0.0,0.0,0.0,79.2,23.7,15.2,24.9,15.4,0.0,0.0,0.0,0.0,0.0
Q2,PIO,2018,6,1,1,79.2,23.7,15.2,24.9,15.4,79.2,23.7,15.2,24.9,15.4,80.65,23.85,14.7,25.4,16.7,0.0,0.0,0.0,0.0,0.0
Red Wave Indoor,PIO,2018,5,0,0,0.0,0.0,0.0,0.0,0.0,0.0,0.0,0.0,0.0,0.0,76.45,22.35,15.7,22.9,15.5,0.0,0.0,0.0,0.0,0.0
Red Wave Indoor,PIO,2018,8,3,1,76.45,22.35,15.7,22.9,15.5,76.45,22.35,15.7,22.9,15.5,87.075,25.65,17.875,26.15,17.4,0.0,0.0,0.0,0.0,0.0
Rhythmic Force Percussion,PIO,2018,6,0,0,0.0,0.0,0.0,0.0,0.0,0.0,0.0,0.0,0.0,0.0,77.4,22.8,15.8,23.3,15.5,0.0,0.0,0.0,0.0,0.0
Rhythmic Force Percussion,PIO,2018,12,6,1,77.4,22.8,15.8,23.3,15.5,77.4,22.8,15.8,23.3,15.5,89.5,27.3,16.9,27.7,17.6,0.0,0.0,0.0,0.0,0.0
Spirit Winter Percussion,PIO,2018,5,0,0,0.0,0.0,0.0,0.0,0.0,0.0,0.0,0.0,0.0,0.0,89.25,27.15,18.0,26.0,18.1,0.0,0.0,0.0,0.0,0.0
Spirit Winter Percussion,PIO,2018,7,2,1,89.25,27.15,18.0,26.0,18.1,89.25,27.15,18.0,26.0,18.1,91.475,27.525,18.45,27.2,18.3,0.0,0.0,0.0,0.0,0.0
Spirit Winter Percussion,PIO,2018,12,5,2,90.362,27.338,18.225,26.6,18.2,91.475,27.525,18.45,27.2,18.3,95.363,28.762,18.4,29.1,19.1,2.225,0.375,0.45,1.2,0.2
Tates Creek Indoor Ensemble,PIO,2018,3,0,0,0.0,0.0,0.0,0.0,0.0,0.0,0.0,0.0,0.0,0.0,72.1,21.0,14.7,22.2,14.2,0.0,0.0,0.0,0.0,0.0
Tates Creek Indoor Ensemble,PIO,2018,8,5,1,72.1,21.0,14.7,22.2,14.2,72.1,21.0,14.7,22.2,14.2,80.876,24.225,16.35,24.55,15.75,0.0,0.0,0.0,0.0,0.0
Velocity Independent,PIO,2018,3,0,0,0.0,0.0,0.0,0.0,0.0,0.0,0.0,0.0,0.0,0.0,72.15,21.15,14.6,22.5,13.9,0.0,0.0,0.0,0.0,0.0
Velocity Independent,PIO,2018,6,3,1,72.15,21.15,14.6,22.5,13.9,72.15,21.15,14.6,22.5,13.9,76.25,22.35,15.0,24.2,14.7,0.0,0.0,0.0,0.0,0.0
Velocity Independent,PIO,2018,8,2,2,74.2,21.75,14.8,23.35,14.3,76.25,22.35,15.0,24.2,14.7,80.601,25.2,15.0,25.4,15.0,4.1,1.2,0.4,1.7,0.8
Velocity Independent,PIO,2018,10,2,3,76.334,22.9,14.867,24.033,14.533,80.601,25.2,15.0,25.4,15.0,85.025,25.725,15.9,25.9,17.5,4.351,2.85,0.0,1.2,0.3
Velocity Independent,PIO,2018,11,1,4,78.506,23.606,15.125,24.5,15.275,85.025,25.725,15.9,25.9,17.5,84.35,25.95,16.65,25.3,16.45,4.424,0.525,0.9,0.5,2.5
Vision Percussion,PIO,2018,5,0,0,0.0,0.0,0.0,0.0,0.0,0.0,0.0,0.0,0.0,0.0,78.25,22.35,16.2,23.7,16.0,0.0,0.0,0.0,0.0,0.0
Vision Percussion,PIO,2018,6,1,1,78.25,22.35,16.2,23.7,16.0,78.25,22.35,16.2,23.7,16.0,81.4,24.3,16.3,25.0,15.8,0.0,0.0,0.0,0.0,0.0
Vision Percussion,PIO,2018,8,2,2,79.825,23.325,16.25,24.35,15.9,81.4,24.3,16.3,25.0,15.8,85.175,25.35,17.15,25.05,17.625,3.15,1.95,0.1,1.3,-0.2
Élan Percussion,PIO,2018,5,0,0,0.0,0.0,0.0,0.0,0.0,0.0,0.0,0.0,0.0,0.0,74.45,22.05,14.7,21.1,16.6,0.0,0.0,0.0,0.0,0.0
Élan Percussion,PIO,2018,6,1,1,74.45,22.05,14.7,21.1,16.6,74.45,22.05,14.7,21.1,16.6,75.6,22.2,15.6,22.1,15.7,0.0,0.0,0.0,0.0,0.0
Élan Percussion,PIO,2018,10,4,2,75.025,22.125,15.15,21.6,16.15,75.6,22.2,15.6,22.1,15.7,86.6,25.8,17.0,26.2,17.6,1.15,0.15,0.9,1.0,-0.9
Élan Percussion,PIO,2018,11,1,3,78.883,23.35,15.767,23.133,16.633,86.6,25.8,17.0,26.2,17.6,85.55,25.8,16.75,26.25,16.75,11.0,3.6,1.4,4.1,1.9
Aftermath,PIA,2018,4,0,0,0.0,0.0,0.0,0.0,0.0,0.0,0.0,0.0,0.0,0.0,68.75,20.0,22.35,12.8,13.6,0.0,0.0,0.0,0.0,0.0
Aftermath,PIA,2018,11,7,1,68.75,20.0,22.35,12.8,13.6,68.75,20.0,22.35,12.8,13.6,75.6,21.9,22.2,15.2,16.3,0.0,0.0,0.0,0.0,0.0
Cornell Indoor Drumline,PIA,2018,5,0,0,0.0,0.0,0.0,0.0,0.0,0.0,0.0,0.0,0.0,0.0,67.2,18.4,21.0,13.6,14.2,0.0,0.0,0.0,0.0,0.0
Cornell Indoor Drumline,PIA,2018,10,5,1,67.2,18.4,21.0,13.6,14.2,67.2,18.4,21.0,13.6,14.2,73.2,21.6,21.6,15.3,14.7,0.0,0.0,0.0,0.0,0.0
Cornerstone Percussion,PIA,2018,3,0,0,0.0,0.0,0.0,0.0,0.0,0.0,0.0,0.0,0.0,0.0,66.8,20.1,13.9,19.0,13.8,0.0,0.0,0.0,0.0,0.0
Cornerstone Percussion,PIA,2018,4,1,1,66.8,20.1,13.9,19.0,13.8,66.8,20.1,13.9,19.0,13.8,73.45,22.05,13.8,22.0,15.6,0.0,0.0,0.0,0.0,0.0
Cornerstone Percussion,PIA,2018,6,2,2,70.125,21.075,13.85,20.5,14.7,73.45,22.05,13.8,22.0,15.6,74.55,22.35,14.3,22.3,15.6,6.65,1.95,-0.1,3.0,1.8
Cornerstone Percussion,PIA,2018,8,2,3,71.6,21.5,14.0,21.1,15.0,74.55,22.35,14.3,22.3,15.6,74.751,22.8,14.85,22.35,14.75,1.1,0.3,0.5,0.3,0.0
Cornerstone Percussion,PIA,2018,10,2,4,72.388,21.825,14.212,21.412,14.938,74.751,22.8,14.85,22.35,14.75,83.6,25.2,15.7,25.6,17.1,0.201,0.45,0.55,0.05,-0.85
Cornerstone Percussion,PIA,2018,11,1,5,74.63,22.5,14.51,22.25,15.37,83.6,25.2,15.7,25.6,17.1,82.775,24.975,15.75,25.45,16.6,8.849,2.4,0.85,3.25,2.35
Dundee Indoor Percussion,PIA,2018,2,0,0,0.0,0.0,0.0,0.0,0.0,0.0,0.0,0.0,0.0,0.0,60.4,18.4,17.4,13.0,11.6,0.0,0.0,0.0,0.0,0.0
Dundee Indoor Percussion,PIA,2018,4,2,1,60.4,18.4,17.4,13.0,11.6,60.4,18.4,17.4,13.0,11.6,66.25,20.4,19.95,13.4,12.5,0.0,0.0,0.0,0.0,0.0
Dundee Indoor Percussion,PIA,2018,7,3,2,63.325,19.4,18.675,13.2,12.05,66.25,20.4,19.95,13.4,12.5,75.5,24.8,21.6,14.4,14.7,5.85,2.0,2.55,0.4,0.9
Dundee Indoor Percussion,PIA,2018,9,2,3,67.383,21.2,19.65,13.6,12.933,75.5,24.8,21.6,14.4,14.7,78.75,24.0,22.65,15.4,16.7,9.25,4.4,1.65,1.0,2.2
Dundee Indoor Percussion,PIA,2018,10,1,4,70.225,21.9,20.4,14.05,13.875,78.75,24.0,22.65,15.4,16.7,79.8,23.5,24.3,15.7,16.3,3.25,-0.8,1.05,1.0,2.0
East Coast Percussion,PIA,2018,3,0,0,0.0,0.0,0.0,0.0,0.0,0.0,0.0,0.0,0.0,0.0,72.0,22.8,20.7,14.1,14.4,0.0,0.0,0.0,0.0,0.0
East Coast Percussion,PIA,2018,4,1,1,72.0,22.8,20.7,14.1,14.4,72.0,22.8,20.7,14.1,14.4,74.0,21.2,22.5,15.6,14.7,0.0,0.0,0.0,0.0,0.0
East Coast Percussion,PIA,2018,7,3,2,73.0,22.0,21.6,14.85,14.55,74.0,21.2,22.5,15.6,14.7,80.475,25.575,16.2,23.1,15.6,2.0,-1.6,1.8,1.5,0.3
East Coast Percussion,PIA,2018,11,4,3,75.492,23.192,19.8,17.6,14.9,80.475,25.575,16.2,23.1,15.6,82.3,26.0,24.3,16.0,16.0,6.475,4.375,-6.3,7.5,0.9
FIU Indoor Percussion,PIA,2018,4,0,0,0.0,0.0,0.0,0.0,0.0,0.0,0.0,0.0,0.0,0.0,74.5,23.1,15.0,22.4,14.0,0.0,0.0,0.0,0.0,0.0
FIU Indoor Percussion,PIA,2018,12,8,1,74.5,23.1,15.0,22.4,14.0,74.5,23.1,15.0,22.4,14.0,92.313,28.013,18.25,28.5,17.55,0.0,0.0,0.0,0.0,0.0
IMPACT Percussion,PIA,2018,6,0,0,0.0,0.0,0.0,0.0,0.0,0.0,0.0,0.0,0.0,0.0,84.75,25.95,17.2,24.9,16.7,0.0,0.0,0.0,0.0,0.0
IMPACT Percussion,PIA,2018,12,6,1,84.75,25.95,17.2,24.9,16.7,84.75,25.95,17.2,24.9,16.7,95.3,29.25,18.975,28.5,18.575,0.0,0.0,0.0,0.0,0.0
Onondaga Community College,PIA,2018,6,0,0,0.0,0.0,0.0,0.0,0.0,0.0,0.0,0.0,0.0,0.0,71.75,23.3,20.55,13.9,14.0,0.0,0.0,0.0,0.0,0.0
Onondaga Community College,PIA,2018,9,3,1,71.75,23.3,20.55,13.9,14.0,71.75,23.3,20.55,13.9,14.0,78.7,24.6,22.2,15.5,16.4,0.0,0.0,0.0,0.0,0.0
Onondaga Community College,PIA,2018,10,1,2,75.225,23.95,21.375,14.7,15.2,78.7,24.6,22.2,15.5,16.4,79.9,22.7,24.0,16.2,17.0,6.95,1.3,1.65,1.6,2.4
Pace Percussion Ensemble,PIA,2018,1,0,0,0.0,0.0,0.0,0.0,0.0,0.0,0.0,0.0,0.0,0.0,68.25,20.25,12.1,21.1,14.8,0.0,0.0,0.0,0.0,0.0
Pace Percussion Ensemble,PIA,2018,4,3,1,68.25,20.25,12.1,21.1,14.8,68.25,20.25,12.1,21.1,14.8,72.4,21.9,14.4,21.2,14.9,0.0,0.0,0.0,0.0,0.0
Pace Percussion Ensemble,PIA,2018,8,4,2,70.325,21.075,13.25,21.15,14.85,72.4,21.9,14.4,21.2,14.9,77.201,23.1,15.45,23.3,15.35,4.15,1.65,2.3,0.1,0.1
Pace Percussion Ensemble,PIA,2018,10,2,3,72.617,21.75,13.983,21.867,15.017,77.201,23.1,15.45,23.3,15.35,83.15,25.65,16.2,24.6,16.7,4.801,1.2,1.05,2.1,0.45
Paradigm Percussion,PIA,2018,5,0,0,0.0,0.0,0.0,0.0,0.0,0.0,0.0,0.0,0.0,0.0,76.75,22.95,16.4,22.0,15.4,0.0,0.0,0.0,0.0,0.0
Paradigm Percussion,PIA,2018,12,7,1,76.75,22.95,16.4,22.0,15.4,76.75,22.95,16.4,22.0,15.4,92.013,28.163,18.85,26.625,18.375,0.0,0.0,0.0,0.0,0.0
Pasadena City College,PIA,2018,5,0,0,0.0,0.0,0.0,0.0,0.0,0.0,0.0,0.0,0.0,0.0,71.15,20.25,13.3,23.2,14.4,0.0,0.0,0.0,0.0,0.0
Pasadena City College,PIA,2018,6,1,1,71.15,20.25,13.3,23.2,14.4,71.15,20.25,13.3,23.2,14.4,76.2,23.7,13.8,23.7,15.0,0.0,0.0,0.0,0.0,0.0
Pasadena City College,PIA,2018,10,4,2,73.675,21.975,13.55,23.45,14.7,76.2,23.7,13.8,23.7,15.0,85.05,26.25,16.7,25.5,16.6,5.05,3.45,0.5,0.5,0.6
Pasadena City College,PIA,2018,11,1,3,77.467,23.4,14.6,24.133,15.333,85.05,26.25,16.7,25.5,16.6,82.163,25.312,16.4,24.0,16.45,8.85,2.55,2.9,1.8,1.6
Pinnacle Percussion,PIA,2018,5,0,0,0.0,0.0,0.0,0.0,0.0,0.0,0.0,0.0,0.0,0.0,75.8,21.6,16.1,22.6,15.5,0.0,0.0,0.0,0.0,0.0
Pinnacle Percussion,PIA,2018,6,1,1,75.8,21.6,16.1,22.6,15.5,75.8,21.6,16.1,22.6,15.5,71.1,20.7,13.9,22.4,14.1,0.0,0.0,0.0,0.0,0.0
Pinnacle Percussion,PIA,2018,8,2,2,73.45,21.15,15.0,22.5,14.8,71.1,20.7,13.9,22.4,14.1,78.65,23.7,16.5,22.95,15.5,-4.7,-0.9,-2.2,-0.2,-1.4
Railmen Indoor Percussion,PIA,2018,8,0,0,0.0,0.0,0.0,0.0,0.0,0.0,0.0,0.0,0.0,0.0,85.425,25.725,16.6,26.0,17.1,0.0,0.0,0.0,0.0,0.0
Railmen Indoor Percussion,PIA,2018,12,4,1,85.425,25.725,16.6,26.0,17.1,85.425,25.725,16.6,26.0,17.1,91.713,27.712,18.4,27.625,17.975,0.0,0.0,0.0,0.0,0.0
Tar River Independent Percussion,PIA,2018,5,0,0,0.0,0.0,0.0,0.0,0.0,0.0,0.0,0.0,0.0,0.0,66.25,19.95,14.1,18.8,13.4,0.0,0.0,0.0,0.0,0.0
Tar River Independent Percussion,PIA,2018,7,2,1,66.25,19.95,14.1,18.8,13.4,66.25,19.95,14.1,18.8,13.4,67.55,21.15,13.4,18.8,14.2,0.0,0.0,0.0,0.0,0.0
Unity Percussion,PIA,2018,4,0,0,0.0,0.0,0.0,0.0,0.0,0.0,0.0,0.0,0.0,0.0,75.95,24.15,15.1,21.6,15.1,0.0,0.0,0.0,0.0,0.0
Unity Percussion,PIA,2018,12,8,1,75.95,24.15,15.1,21.6,15.1,75.95,24.15,15.1,21.6,15.1,92.375,28.95,19.25,25.475,18.7,0.0,0.0,0.0,0.0,0.0
Vegas Vanguard,PIA,2018,6,0,0,0.0,0.0,0.0,0.0,0.0,0.0,0.0,0.0,0.0,0.0,81.3,24.3,14.9,25.9,16.2,0.0,0.0,0.0,0.0,0.0
Vegas Vanguard,PIA,2018,8,2,1,81.3,24.3,14.9,25.9,16.2,81.3,24.3,14.9,25.9,16.2,87.75,26.85,18.3,24.6,18.0,0.0,0.0,0.0,0.0,0.0
Watchmen Percussion,PIA,2018,6,0,0,0.0,0.0,0.0,0.0,0.0,0.0,0.0,0.0,0.0,0.0,76.7,23.7,14.8,22.9,15.3,0.0,0.0,0.0,0.0,0.0
Watchmen Percussion,PIA,2018,8,2,1,76.7,23.7,14.8,22.9,15.3,76.7,23.7,14.8,22.9,15.3,82.475,24.525,16.25,25.05,16.65,0.0,0.0,0.0,0.0,0.0
Watchmen Percussion,PIA,2018,10,2,2,79.588,24.112,15.525,23.975,15.975,82.475,24.525,16.25,25.05,16.65,87.05,26.55,17.0,25.9,17.6,5.775,0.825,1.45,2.15,1.35
Watchmen Percussion,PIA,2018,11,1,3,82.075,24.925,16.017,24.617,16.517,87.05,26.55,17.0,25.9,17.6,85.75,25.95,17.1,25.75,16.95,4.575,2.025,0.75,0.85,0.95
Arcadia HS,PSW,2019,1,0,0,0.0,0.0,0.0,0.0,0.0,0.0,0.0,0.0,0.0,0.0,79.7,24.3,15.8,22.9,16.7,0.0,0.0,0.0,0.0,0.0
Arcadia HS,PSW,2019,3,2,1,79.7,24.3,15.8,22.9,16.7,79.7,24.3,15.8,22.9,16.7,82.85,24.45,16.1,25.6,16.7,0.0,0.0,0.0,0.0,0.0
Arcadia HS,PSW,2019,5,2,2,81.275,24.375,15.95,24.25,16.7,82.85,24.45,16.1,25.6,16.7,85.05,25.35,16.9,25.9,16.9,3.15,0.15,0.3,2.7,0.0
Arcadia HS,PSW,2019,8,3,3,82.533,24.7,16.267,24.8,16.767,85.05,25.35,16.9,25.9,16.9,92.7,28.05,18.625,27.125,18.9,2.2,0.9,0.8,0.3,0.2
Arcadia HS,PSW,2019,9,1,4,85.075,25.537,16.856,25.381,17.3,92.7,28.05,18.625,27.125,18.9,94.0,28.2,18.85,27.55,19.4,7.65,2.7,1.725,1.225,2.0
Arcadia HS,PSW,2019,10,1,5,86.86,26.07,17.255,25.815,17.72,94.0,28.2,18.85,27.55,19.4,94.663,28.462,18.85,28.45,18.9,1.3,0.15,0.225,0.425,0.5
Arcadia HS,PSW,2019,11,1,6,88.16,26.469,17.521,26.254,17.917,94.663,28.462,18.85,28.45,18.9,97.338,29.137,19.6,29.05,19.55,0.663,0.262,0.0,0.9,-0.5
Avon HS,PSW,2019,6,0,0,0.0,0.0,0.0,0.0,0.0,0.0,0.0,0.0,0.0,0.0,86.05,25.65,16.6,26.4,17.4,0.0,0.0,0.0,0.0,0.0
Avon HS,PSW,2019,11,5,1,86.05,25.65,16.6,26.4,17.4,86.05,25.65,16.6,26.4,17.4,95.163,28.837,19.35,27.85,19.125,0.0,0.0,0.0,0.0,0.0
Ayala HS,PSW,2019,2,0,0,0.0,0.0,0.0,0.0,0.0,0.0,0.0,0.0,0.0,0.0,79.7,24.0,16.4,22.8,16.5,0.0,0.0,0.0,0.0,0.0
Ayala HS,PSW,2019,3,1,1,79.7,24.0,16.4,22.8,16.5,79.7,24.0,16.4,22.8,16.5,81.15,24.75,16.4,24.3,15.7,0.0,0.0,0.0,0.0,0.0
Ayala HS,PSW,2019,5,2,2,80.425,24.375,16.4,23.55,16.1,81.15,24.75,16.4,24.3,15.7,85.225,25.425,17.2,25.4,17.2,1.45,0.75,0.0,1.5,-0.8
Ayala HS,PSW,2019,7,2,3,82.025,24.725,16.667,24.167,16.467,85.225,25.425,17.2,25.4,17.2,88.05,26.4,18.05,26.0,17.6,4.075,0.675,0.8,1.1,1.5
Ayala HS,PSW,2019,8,1,4,83.531,25.144,17.012,24.625,16.75,88.05,26.4,18.05,26.0,17.6,91.75,27.45,18.3,27.3,18.7,2.825,0.975,0.85,0.6,0.4
Ayala HS,PSW,2019,9,1,5,85.175,25.605,17.27,25.16,17.14,91.75,27.45,18.3,27.3,18.7,91.7,27.3,18.7,27.5,18.2,3.7,1.05,0.25,1.3,1.1
Ayala HS,PSW,2019,10,1,6,86.262,25.888,17.508,25.55,17.317,91.7,27.3,18.7,27.5,18.2,92.563,27.712,18.65,27.55,18.65,-0.05,-0.15,0.4,0.2,-0.5
Ayala HS,PSW,2019,11,1,7,87.163,26.148,17.671,25.836,17.507,92.563,27.712,18.65,27.55,18.65,93.963,28.163,19.05,28.1,18.65,0.863,0.412,-0.05,0.05,0.45
Burleson Centennial HS,PSW,2019,4,0,0,0.0,0.0,0.0,0.0,0.0,0.0,0.0,0.0,0.0,0.0,85.9,26.4,16.8,25.4,17.3,0.0,0.0,0.0,0.0,0.0
Burleson Centennial HS,PSW,2019,6,2,1,85.9,26.4,16.8,25.4,17.3,85.9,26.4,16.8,25.4,17.3,83.35,24.75,17.2,24.5,16.9,0.0,0.0,0.0,0.0,0.0
Burleson Centennial HS,PSW,2019,11,5,2,84.625,25.575,17.0,24.95,17.1,83.35,24.75,17.2,24.5,16.9,93.063,28.462,18.5,27.7,18.4,-2.55,-1.65,0.4,-0.9,-0.4
Center Grove HS,PSW,2019,6,0,0,0.0,0.0,0.0,0.0,0.0,0.0,0.0,0.0,0.0,0.0,80.15,25.05,15.7,23.1,16.3,0.0,0.0,0.0,0.0,0.0
Center Grove HS,PSW,2019,11,5,1,80.15,25.05,15.7,23.1,16.3,80.15,25.05,15.7,23.1,16.3,87.675,26.775,16.825,27.15,16.925,0.0,0.0,0.0,0.0,0.0
Centerville HS,PSW,2019,3,0,0,0.0,0.0,0.0,0.0,0.0,0.0,0.0,0.0,0.0,0.0,75.5,23.1,15.6,21.0,15.8,0.0,0.0,0.0,0.0,0.0
Centerville HS,PSW,2019,6,3,1,75.5,23.1,15.6,21.0,15.8,75.5,23.1,15.6,21.0,15.8,78.85,24.45,15.5,23.2,15.7,0.0,0.0,0.0,0.0,0.0
Centerville HS,PSW,2019,8,2,2,77.175,23.775,15.55,22.1,15.75,78.85,24.45,15.5,23.2,15.7,84.05,25.5,16.9,25.15,16.5,3.35,1.35,-0.1,2.2,-0.1
Centerville HS,PSW,2019,11,3,3,79.467,24.35,16.0,23.117,16.0,84.05,25.5,16.9,25.15,16.5,83.2,25.5,16.55,24.55,16.6,5.2,1.05,1.4,1.95,0.8
Chino Hills HS,PSW,2019,3,0,0,0.0,0.0,0.0,0.0,0.0,0.0,0.0,0.0,0.0,0.0,84.3,25.8,16.9,25.1,16.5,0.0,0.0,0.0,0.0,0.0
Chino Hills HS,PSW,2019,4,1,1,84.3,25.8,16.9,25.1,16.5,84.3,25.8,16.9,25.1,16.5,86.05,25.95,16.9,26.0,17.2,0.0,0.0,0.0,0.0,0.0
Chino Hills HS,PSW,2019,7,3,2,85.175,25.875,16.9,25.55,16.85,86.05,25.95,16.9,26.0,17.2,89.7,26.7,18.4,26.9,17.7,1.75,0.15,0.0,0.9,0.7
Chino Hills HS,PSW,2019,8,1,3,86.683,26.15,17.4,26.0,17.133,89.7,26.7,18.4,26.9,17.7,94.375,28.5,19.05,28.25,18.575,3.65,0.75,1.5,0.9,0.5
Chino Hills HS,PSW,2019,9,1,4,88.606,26.738,17.812,26.562,17.494,94.375,28.5,19.05,28.25,18.575,94.55,28.35,19.2,28.4,18.6,4.675,1.8,0.65,1.35,0.875
Chino Hills HS,PSW,2019,10,1,5,89.795,27.06,18.09,26.93,17.715,94.55,28.35,19.2,28.4,18.6,95.525,28.725,19.125,28.9,18.775,0.175,-0.15,0.15,0.15,0.025
Chino Hills HS,PSW,2019,11,1,6,90.75,27.338,18.262,27.258,17.892,95.525,28.725,19.125,28.9,18.775,97.975,29.325,19.8,29.45,19.4,0.975,0.375,-0.075,0.5,0.175
Dartmouth HS,PSW,2019,7,0,0,0.0,0.0,0.0,0.0,0.0,0.0,0.0,0.0,0.0,0.0,90.4,27.3,18.55,26.4,18.15,0.0,0.0,0.0,0.0,0.0
Dartmouth HS,PSW,2019,11,4,1,90.4,27.3,18.55,26.4,18.15,90.4,27.3,18.55,26.4,18.15,94.888,28.837,19.15,28.4,18.5,0.0,0.0,0.0,0.0,0.0
Diamond Bar HS,PSW,2019,7,0,0,0.0,0.0,0.0,0.0,0.0,0.0,0.0,0.0,0.0,0.0,81.1,24.3,15.7,25.1,16.0,0.0,0.0,0.0,0.0,0.0
Diamond Bar HS,PSW,2019,8,1,1,81.1,24.3,15.7,25.1,16.0,81.1,24.3,15.7,25.1,16.0,82.651,24.75,16.7,24.55,16.65,0.0,0.0,0.0,0.0,0.0
Diamond Bar HS,PSW,2019,9,1,2,81.875,24.525,16.2,24.825,16.325,82.651,24.75,16.7,24.55,16.65,83.576,25.125,17.0,23.85,17.6,1.551,0.45,1.0,-0.55,0.65
Diamond Bar HS,PSW,2019,10,1,3,82.442,24.725,16.467,24.5,16.75,83.576,25.125,17.0,23.85,17.6,84.501,25.725,16.8,25.575,16.4,0.925,0.375,0.3,-0.7,0.95
Etiwanda HS,PSW,2019,4,0,0,0.0,0.0,0.0,0.0,0.0,0.0,0.0,0.0,0.0,0.0,82.65,25.05,16.0,24.9,16.7,0.0,0.0,0.0,0.0,0.0
Etiwanda HS,PSW,2019,6,2,1,82.65,25.05,16.0,24.9,16.7,82.65,25.05,16.0,24.9,16.7,81.7,24.6,17.0,23.7,16.4,0.0,0.0,0.0,0.0,0.0
Etiwanda HS,PSW,2019,8,2,2,82.175,24.825,16.5,24.3,16.55,81.7,24.6,17.0,23.7,16.4,87.65,26.25,18.1,25.2,18.1,-0.95,-0.45,1.0,-1.2,-0.3
Etiwanda HS,PSW,2019,9,1,3,84.0,25.3,17.033,24.6,17.067,87.65,26.25,18.1,25.2,18.1,91.126,26.925,18.9,26.9,18.4,5.95,1.65,1.1,1.5,1.7
Etiwanda HS,PSW,2019,10,1,4,85.782,25.706,17.5,25.175,17.4,91.126,26.925,18.9,26.9,18.4,92.175,28.125,18.7,26.8,18.55,3.476,0.675,0.8,1.7,0.3
Etiwanda HS,PSW,2019,11,1,5,87.06,26.19,17.74,25.5,17.63,92.175,28.125,18.7,26.8,18.55,92.676,27.825,18.55,27.325,18.975,1.049,1.2,-0.2,-0.1,0.15
Franklin Central HS,PSW,2019,6,0,0,0.0,0.0,0.0,0.0,0.0,0.0,0.0,0.0,0.0,0.0,83.825,25.425,16.2,25.2,17.0,0.0,0.0,0.0,0.0,0.0
Franklin Central HS,PSW,2019,11,5,1,83.825,25.425,16.2,25.2,17.0,83.825,25.425,16.2,25.2,17.0,90.288,27.488,18.0,26.5,18.3,0.0,0.0,0.0,0.0,0.0
Homestead HS,PSW,2019,4,0,0,0.0,0.0,0.0,0.0,0.0,0.0,0.0,0.0,0.0,0.0,79.5,23.4,15.8,25.2,15.1,0.0,0.0,0.0,0.0,0.0
Homestead HS,PSW,2019,10,6,1,79.5,23.4,15.8,25.2,15.1,79.5,23.4,15.8,25.2,15.1,86.601,26.25,16.75,26.2,17.4,0.0,0.0,0.0,0.0,0.0
Homestead HS,PSW,2019,11,1,2,83.05,24.825,16.275,25.7,16.25,86.601,26.25,16.75,26.2,17.4,91.438,27.263,18.45,27.55,18.175,7.101,2.85,0.95,1.0,2.3
La Quinta HS (W),PSW,2019,7,0,0,0.0,0.0,0.0,0.0,0.0,0.0,0.0,0.0,0.0,0.0,83.95,25.35,17.5,24.5,16.6,0.0,0.0,0.0,0.0,0.0
La Quinta HS (W),PSW,2019,9,2,1,83.95,25.35,17.5,24.5,16.6,83.95,25.35,17.5,24.5,16.6,87.726,26.625,17.8,26.4,16.9,0.0,0.0,0.0,0.0,0.0
La Quinta HS (W),PSW,2019,10,1,2,85.838,25.988,17.65,25.45,16.75,87.726,26.625,17.8,26.4,16.9,88.276,26.775,17.4,26.65,17.45,3.776,1.275,0.3,1.9,0.3
Lambert HS,PSW,2019,7,0,0,0.0,0.0,0.0,0.0,0.0,0.0,0.0,0.0,0.0,0.0,75.1,21.0,13.6,24.9,15.6,0.0,0.0,0.0,0.0,0.0
Lambert HS,PSW,2019,11,4,1,75.1,21.0,13.6,24.9,15.6,75.1,21.0,13.6,24.9,15.6,82.725,25.275,16.55,24.9,16.0,0.0,0.0,0.0,0.0,0.0
Lebanon HS,PSW,2019,3,0,0,0.0,0.0,0.0,0.0,0.0,0.0,0.0,0.0,0.0,0.0,82.35,25.95,16.9,22.9,16.6,0.0,0.0,0.0,0.0,0.0
Lebanon HS,PSW,2019,8,5,1,82.35,25.95,16.9,22.9,16.6,82.35,25.95,16.9,22.9,16.6,89.15,27.15,17.45,26.95,17.6,0.0,0.0,0.0,0.0,0.0
Lebanon HS,PSW,2019,11,3,2,85.75,26.55,17.175,24.925,17.1,89.15,27.15,17.45,26.95,17.6,89.013,26.887,17.45,26.65,18.025,6.8,1.2,0.55,4.05,1.0
Leigh HS,PSW,2019,5,0,0,0.0,0.0,0.0,0.0,0.0,0.0,0.0,0.0,0.0,0.0,76.3,23.7,14.6,23.6,14.4,0.0,0.0,0.0,0.0,0.0
Leigh HS,PSW,2019,10,5,1,76.3,23.7,14.6,23.6,14.4,76.3,23.7,14.6,23.6,14.4,80.75,24.45,15.7,25.05,15.55,0.0,0.0,0.0,0.0,0.0
Milton HS,PSW,2019,7,0,0,0.0,0.0,0.0,0.0,0.0,0.0,0.0,0.0,0.0,0.0,84.5,25.5,16.4,25.5,17.1,0.0,0.0,0.0,0.0,0.0
Milton HS,PSW,2019,11,4,1,84.5,25.5,16.4,25.5,17.1,84.5,25.5,16.4,25.5,17.1,87.55,26.475,17.55,26.025,17.5,0.0,0.0,0.0,0.0,0.0
Petal HS,PSW,2019,4,0,0,0.0,0.0,0.0,0.0,0.0,0.0,0.0,0.0,0.0,0.0,81.65,25.35,15.8,24.5,16.0,0.0,0.0,0.0,0.0,0.0
Petal HS,PSW,2019,7,3,1,81.65,25.35,15.8,24.5,16.0,81.65,25.35,15.8,24.5,16.0,85.8,26.1,17.2,25.6,16.9,0.0,0.0,0.0,0.0,0.0
Petal HS,PSW,2019,11,4,2,83.725,25.725,16.5,25.05,16.45,85.8,26.1,17.2,25.6,16.9,89.738,26.663,17.65,27.4,18.025,4.15,0.75,1.4,1.1,0.9
Rowland HS,PSW,2019,3,0,0,0.0,0.0,0.0,0.0,0.0,0.0,0.0,0.0,0.0,0.0,74.05,21.75,15.2,23.7,13.4,0.0,0.0,0.0,0.0,0.0
Rowland HS,PSW,2019,5,2,1,74.05,21.75,15.2,23.7,13.4,74.05,21.75,15.2,23.7,13.4,80.95,24.45,16.5,23.5,16.5,0.0,0.0,0.0,0.0,0.0
Rowland HS,PSW,2019,8,3,2,77.5,23.1,15.85,23.6,14.95,80.95,24.45,16.5,23.5,16.5,85.126,25.725,16.5,25.5,17.4,6.9,2.7,1.3,-0.2,3.1
Rowland HS,PSW,2019,9,1,3,80.042,23.975,16.067,24.233,15.767,85.126,25.725,16.5,25.5,17.4,87.151,25.95,18.1,25.1,18.0,4.176,1.275,0.0,2.0,0.9
Rowland HS,PSW,2019,10,1,4,81.819,24.469,16.575,24.45,16.325,87.151,25.95,18.1,25.1,18.0,89.076,27.225,17.85,26.45,17.55,2.025,0.225,1.6,-0.4,0.6
South County HS,PSW,2019,4,0,0,0.0,0.0,0.0,0.0,0.0,0.0,0.0,0.0,0.0,0.0,75.75,22.35,14.5,24.3,14.6,0.0,0.0,0.0,0.0,0.0
South County HS,PSW,2019,11,7,1,75.75,22.35,14.5,24.3,14.6,75.75,22.35,14.5,24.3,14.6,85.325,25.275,16.95,26.15,16.95,0.0,0.0,0.0,0.0,0.0
Sunny Hills HS,PSW,2019,6,0,0,0.0,0.0,0.0,0.0,0.0,0.0,0.0,0.0,0.0,0.0,77.2,23.7,15.6,22.6,15.3,0.0,0.0,0.0,0.0,0.0
Sunny Hills HS,PSW,2019,7,1,1,77.2,23.7,15.6,22.6,15.3,77.2,23.7,15.6,22.6,15.3,79.45,22.95,15.8,24.2,16.5,0.0,0.0,0.0,0.0,0.0
Sunny Hills HS,PSW,2019,8,1,2,78.325,23.325,15.7,23.4,15.9,79.45,22.95,15.8,24.2,16.5,81.751,24.15,16.3,25.1,16.2,2.25,-0.75,0.2,1.6,1.2
Sunny Hills HS,PSW,2019,9,1,3,79.467,23.6,15.9,23.967,16.0,81.751,24.15,16.3,25.1,16.2,82.675,25.425,17.3,23.55,16.4,2.301,1.2,0.5,0.9,-0.3
Sunny Hills HS,PSW,2019,10,1,4,80.269,24.056,16.25,23.862,16.1,82.675,25.425,17.3,23.55,16.4,83.6,25.35,16.3,25.4,16.55,0.924,1.275,1.0,-1.55,0.2
Vista Murrieta HS,PSW,2019,4,0,0,0.0,0.0,0.0,0.0,0.0,0.0,0.0,0.0,0.0,0.0,80.9,24.0,15.9,25.1,15.9,0.0,0.0,0.0,0.0,0.0
Vista Murrieta HS,PSW,2019,6,2,1,80.9,24.0,15.9,25.1,15.9,80.9,24.0,15.9,25.1,15.9,81.2,24.9,16.2,24.2,15.9,0.0,0.0,0.0,0.0,0.0
Vista Murrieta HS,PSW,2019,8,2,2,81.05,24.45,16.05,24.65,15.9,81.2,24.9,16.2,24.2,15.9,88.6,26.925,17.875,25.7,18.1,0.3,0.9,0.3,-0.9,0.0
Vista Murrieta HS,PSW,2019,9,1,3,83.567,25.275,16.658,25.0,16.633,88.6,26.925,17.875,25.7,18.1,92.35,27.0,18.6,27.65,19.1,7.4,2.025,1.675,1.5,2.2
Vista Murrieta HS,PSW,2019,10,1,4,85.762,25.706,17.144,25.662,17.25,92.35,27.0,18.6,27.65,19.1,92.775,27.975,18.475,27.85,18.475,3.75,0.075,0.725,1.95,1.0
Walled Lake Central HS,PSW,2019,3,0,0,0.0,0.0,0.0,0.0,0.0,0.0,0.0,0.0,0.0,0.0,81.55,25.05,16.4,24.0,16.1,0.0,0.0,0.0,0.0,0.0
Walled Lake Central HS,PSW,2019,8,5,1,81.55,25.05,16.4,24.0,16.1,81.55,25.05,16.4,24.0,16.1,86.05,26.55,16.4,26.3,16.8,0.0,0.0,0.0,0.0,0.0
Walled Lake Central HS,PSW,2019,11,3,2,83.8,25.8,16.4,25.15,16.45,86.05,26.55,16.4,26.3,16.8,85.95,25.95,17.15,26.1,16.75,4.5,1.5,0.0,2.3,0.7
Boswell HS,PSO,2019,4,0,0,0.0,0.0,0.0,0.0,0.0,0.0,0.0,0.0,0.0,0.0,78.55,24.15,15.3,24.1,15.0,0.0,0.0,0.0,0.0,0.0
Boswell HS,PSO,2019,6,2,1,78.55,24.15,15.3,24.1,15.0,78.55,24.15,15.3,24.1,15.0,80.4,24.3,15.8,24.5,15.8,0.0,0.0,0.0,0.0,0.0
Cab Calloway,PSO,2019,5,0,0,0.0,0.0,0.0,0.0,0.0,0.0,0.0,0.0,0.0,0.0,74.15,21.7,22.95,14.8,14.7,0.0,0.0,0.0,0.0,0.0
Cab Calloway,PSO,2019,6,1,1,74.15,21.7,22.95,14.8,14.7,74.15,21.7,22.95,14.8,14.7,78.2,23.3,24.0,15.4,15.5,0.0,0.0,0.0,0.0,0.0
Cab Calloway,PSO,2019,8,2,2,76.175,22.5,23.475,15.1,15.1,78.2,23.3,24.0,15.4,15.5,77.15,23.4,22.35,15.3,16.1,4.05,1.6,1.05,0.6,0.8
Cab Calloway,PSO,2019,9,1,3,76.5,22.8,23.1,15.167,15.433,77.15,23.4,22.35,15.3,16.1,78.8,23.1,25.5,14.7,15.5,-1.05,0.1,-1.65,-0.1,0.6
Cab Calloway,PSO,2019,10,1,4,77.075,22.875,23.7,15.05,15.45,78.8,23.1,25.5,14.7,15.5,74.85,24.5,20.55,14.5,15.3,1.65,-0.3,3.15,-0.6,-0.6
Campo Verde HS,PSO,2019,6,0,0,0.0,0.0,0.0,0.0,0.0,0.0,0.0,0.0,0.0,0.0,75.6,21.6,15.3,23.3,15.4,0.0,0.0,0.0,0.0,0.0
Campo Verde HS,PSO,2019,8,2,1,75.6,21.6,15.3,23.3,15.4,75.6,21.6,15.3,23.3,15.4,77.5,23.7,15.2,23.6,15.0,0.0,0.0,0.0,0.0,0.0
Carlsbad HS,PSO,2019,2,0,0,0.0,0.0,0.0,0.0,0.0,0.0,0.0,0.0,0.0,0.0,72.15,22.35,14.2,20.9,14.7,0.0,0.0,0.0,0.0,0.0
Carlsbad HS,PSO,2019,6,4,1,72.15,22.35,14.2,20.9,14.7,72.15,22.35,14.2,20.9,14.7,77.35,22.05,15.2,24.0,16.1,0.0,0.0,0.0,0.0,0.0
Carlsbad HS,PSO,2019,7,1,2,74.75,22.2,14.7,22.45,15.4,77.35,22.05,15.2,24.0,16.1,79.701,23.25,16.0,24.5,15.95,5.2,-0.3,1.0,3.1,1.4
Carlsbad HS,PSO,2019,8,1,3,76.4,22.55,15.133,23.133,15.583,79.701,23.25,16.0,24.5,15.95,79.9,22.95,16.8,24.5,15.65,2.351,1.2,0.8,0.5,-0.15
Casa Grande HS,PSO,2019,6,0,0,0.0,0.0,0.0,0.0,0.0,0.0,0.0,0.0,0.0,0.0,82.75,23.25,17.5,25.6,16.4,0.0,0.0,0.0,0.0,0.0
Casa Grande HS,PSO,2019,8,2,1,82.75,23.25,17.5,25.6,16.4,82.75,23.25,17.5,25.6,16.4,86.213,26.062,17.35,25.275,17.525,0.0,0.0,0.0,0.0,0.0
Chino HS,PSO,2019,3,0,0,0.0,0.0,0.0,0.0,0.0,0.0,0.0,0.0,0.0,0.0,77.05,23.85,16.4,22.1,14.7,0.0,0.0,0.0,0.0,0.0
Chino HS,PSO,2019,5,2,1,77.05,23.85,16.4,22.1,14.7,77.05,23.85,16.4,22.1,14.7,81.9,24.3,16.0,25.3,16.3,0.0,0.0,0.0,0.0,0.0
Chino HS,PSO,2019,8,3,2,79.475,24.075,16.2,23.7,15.5,81.9,24.3,16.0,25.3,16.3,86.563,26.062,17.25,26.05,17.2,4.85,0.45,-0.4,3.2,1.6
Chino HS,PSO,2019,10,2,3,81.838,24.737,16.55,24.483,16.067,86.563,26.062,17.25,26.05,17.2,89.063,26.362,17.35,27.15,18.2,4.663,1.762,1.25,0.75,0.9
Clear Brook HS,PSO,2019,4,0,0,0.0,0.0,0.0,0.0,0.0,0.0,0.0,0.0,0.0,0.0,84.55,25.95,16.5,25.7,16.4,0.0,0.0,0.0,0.0,0.0
Clear Brook HS,PSO,2019,11,7,1,84.55,25.95,16.5,25.7,16.4,84.55,25.95,16.5,25.7,16.4,96.05,28.425,18.975,29.025,19.625,0.0,0.0,0.0,0.0,0.0
Collins Hill HS,PSO,2019,5,0,0,0.0,0.0,0.0,0.0,0.0,0.0,0.0,0.0,0.0,0.0,76.25,22.35,15.6,24.7,13.6,0.0,0.0,0.0,0.0,0.0
Collins Hill HS,PSO,2019,7,2,1,76.25,22.35,15.6,24.7,13.6,76.25,22.35,15.6,24.7,13.6,79.65,23.85,16.0,23.6,16.2,0.0,0.0,0.0,0.0,0.0
Downingtown,PSO,2019,9,0,0,0.0,0.0,0.0,0.0,0.0,0.0,0.0,0.0,0.0,0.0,86.6,26.0,27.0,16.6,17.0,0.0,0.0,0.0,0.0,0.0
Downingtown,PSO,2019,10,1,1,86.6,26.0,27.0,16.6,17.0,86.6,26.0,27.0,16.6,17.0,88.05,27.9,25.05,17.3,17.8,0.0,0.0,0.0,0.0,0.0
East Syracuse Minoa,PSO,2019,8,0,0,0.0,0.0,0.0,0.0,0.0,0.0,0.0,0.0,0.0,0.0,85.55,25.5,25.35,17.2,17.5,0.0,0.0,0.0,0.0,0.0
East Syracuse Minoa,PSO,2019,9,1,1,85.55,25.5,25.35,17.2,17.5,85.55,25.5,25.35,17.2,17.5,89.2,28.0,27.9,16.4,16.9,0.0,0.0,0.0,0.0,0.0
East Syracuse Minoa,PSO,2019,10,1,2,87.375,26.75,26.625,16.8,17.2,89.2,28.0,27.9,16.4,16.9,86.55,26.1,25.65,17.8,17.0,3.65,2.5,2.55,-0.8,-0.6
Edinburg HS,PSO,2019,4,0,0,0.0,0.0,0.0,0.0,0.0,0.0,0.0,0.0,0.0,0.0,74.35,22.95,14.1,23.2,14.1,0.0,0.0,0.0,0.0,0.0
Edinburg HS,PSO,2019,6,2,1,74.35,22.95,14.1,23.2,14.1,74.35,22.95,14.1,23.2,14.1,72.351,21.75,13.9,22.2,14.5,0.0,0.0,0.0,0.0,0.0
El Dorado HS,PSO,2019,3,0,0,0.0,0.0,0.0,0.0,0.0,0.0,0.0,0.0,0.0,0.0,82.25,24.15,17.1,24.2,16.8,0.0,0.0,0.0,0.0,0.0
El Dorado HS,PSO,2019,5,2,1,82.25,24.15,17.1,24.2,16.8,82.25,24.15,17.1,24.2,16.8,84.5,26.1,17.1,24.0,17.3,0.0,0.0,0.0,0.0,0.0
El Dorado HS,PSO,2019,7,2,2,83.375,25.125,17.1,24.1,17.05,84.5,26.1,17.1,24.0,17.3,85.35,26.25,17.8,24.2,17.1,2.25,1.95,0.0,-0.2,0.5
El Dorado HS,PSO,2019,8,1,3,84.033,25.5,17.333,24.133,17.067,85.35,26.25,17.8,24.2,17.1,91.725,28.05,18.4,26.85,18.425,0.85,0.15,0.7,0.2,-0.2
El Dorado HS,PSO,2019,10,2,4,85.956,26.138,17.6,24.812,17.406,91.725,28.05,18.4,26.85,18.425,93.413,28.012,19.05,27.525,18.825,6.375,1.8,0.6,2.65,1.325
Fair Lawn HS,PSO,2019,7,0,0,0.0,0.0,0.0,0.0,0.0,0.0,0.0,0.0,0.0,0.0,89.625,26.925,18.1,27.15,17.45,0.0,0.0,0.0,0.0,0.0
Fair Lawn HS,PSO,2019,11,4,1,89.625,26.925,18.1,27.15,17.45,89.625,26.925,18.1,27.15,17.45,93.925,27.975,18.45,28.35,19.15,0.0,0.0,0.0,0.0,0.0
Foothill HS (NV),PSO,2019,4,0,0,0.0,0.0,0.0,0.0,0.0,0.0,0.0,0.0,0.0,0.0,75.151,22.35,14.9,22.4,15.5,0.0,0.0,0.0,0.0,0.0
Foothill HS (NV),PSO,2019,6,2,1,75.151,22.35,14.9,22.4,15.5,75.151,22.35,14.9,22.4,15.5,81.75,24.15,16.8,25.1,15.7,0.0,0.0,0.0,0.0,0.0
Foothill HS (NV),PSO,2019,8,2,2,78.45,23.25,15.85,23.75,15.6,81.75,24.15,16.8,25.1,15.7,87.075,26.325,17.825,25.975,16.95,6.599,1.8,1.9,2.7,0.2
Fountain Valley HS,PSO,2019,3,0,0,0.0,0.0,0.0,0.0,0.0,0.0,0.0,0.0,0.0,0.0,75.701,21.6,16.3,22.5,15.3,0.0,0.0,0.0,0.0,0.0
Fountain Valley HS,PSO,2019,4,1,1,75.701,21.6,16.3,22.5,15.3,75.701,21.6,16.3,22.5,15.3,75.6,23.7,13.7,24.1,14.1,0.0,0.0,0.0,0.0,0.0
Fountain Valley HS,PSO,2019,5,1,2,75.65,22.65,15.0,23.3,14.7,75.6,23.7,13.7,24.1,14.1,81.1,25.2,16.3,23.0,16.6,-0.101,2.1,-2.6,1.6,-1.2
Fountain Valley HS,PSO,2019,7,2,3,77.467,23.5,15.433,23.2,15.333,81.1,25.2,16.3,23.0,16.6,83.45,24.75,17.2,25.4,16.1,5.5,1.5,2.6,-1.1,2.5
Fountain Valley HS,PSO,2019,10,3,4,78.963,23.812,15.875,23.75,15.525,83.45,24.75,17.2,25.4,16.1,89.65,26.7,17.75,27.55,17.65,2.35,-0.45,0.9,2.4,-0.5
Fountain Valley HS,PSO,2019,11,1,5,81.1,24.39,16.25,24.51,15.95,89.65,26.7,17.75,27.55,17.65,92.451,27.525,18.475,27.725,18.725,6.2,1.95,0.55,2.15,1.55
Francis Howell HS,PSO,2019,3,0,0,0.0,0.0,0.0,0.0,0.0,0.0,0.0,0.0,0.0,0.0,71.6,21.9,13.8,21.4,14.5,0.0,0.0,0.0,0.0,0.0
Francis Howell HS,PSO,2019,6,3,1,71.6,21.9,13.8,21.4,14.5,71.6,21.9,13.8,21.4,14.5,75.501,22.5,14.9,22.9,15.2,0.0,0.0,0.0,0.0,0.0
Gahr HS,PSO,2019,6,0,0,0.0,0.0,0.0,0.0,0.0,0.0,0.0,0.0,0.0,0.0,80.15,25.35,14.8,24.6,15.4,0.0,0.0,0.0,0.0,0.0
Gahr HS,PSO,2019,7,1,1,80.15,25.35,14.8,24.6,15.4,80.15,25.35,14.8,24.6,15.4,82.15,23.55,17.1,24.5,17.0,0.0,0.0,0.0,0.0,0.0
Granada Hills CHS,PSO,2019,3,0,0,0.0,0.0,0.0,0.0,0.0,0.0,0.0,0.0,0.0,0.0,67.451,19.65,14.3,20.9,12.6,0.0,0.0,0.0,0.0,0.0
Granada Hills CHS,PSO,2019,6,3,1,67.451,19.65,14.3,20.9,12.6,67.451,19.65,14.3,20.9,12.6,76.451,21.75,14.6,24.2,15.9,0.0,0.0,0.0,0.0,0.0
Great Oak HS,PSO,2019,2,0,0,0.0,0.0,0.0,0.0,0.0,0.0,0.0,0.0,0.0,0.0,76.65,23.55,15.4,22.5,15.2,0.0,0.0,0.0,0.0,0.0
Great Oak HS,PSO,2019,4,2,1,76.65,23.55,15.4,22.5,15.2,76.65,23.55,15.4,22.5,15.2,77.4,24.15,14.2,23.85,15.2,0.0,0.0,0.0,0.0,0.0
Great Oak HS,PSO,2019,6,2,2,77.025,23.85,14.8,23.175,15.2,77.4,24.15,14.2,23.85,15.2,83.4,25.35,16.6,24.45,17.0,0.75,0.6,-1.2,1.35,0.0
Great Oak HS,PSO,2019,10,4,3,79.15,24.35,15.4,23.6,15.8,83.4,25.35,16.6,24.45,17.0,91.825,27.6,18.35,27.775,18.1,6.0,1.2,2.4,0.6,1.8
Hilton HS Percussion,PSO,2019,9,0,0,0.0,0.0,0.0,0.0,0.0,0.0,0.0,0.0,0.0,0.0,89.75,27.6,28.05,16.9,17.2,0.0,0.0,0.0,0.0,0.0
Hilton HS Percussion,PSO,2019,10,1,1,89.75,27.6,28.05,16.9,17.2,89.75,27.6,28.05,16.9,17.2,85.4,25.8,25.5,17.4,16.7,0.0,0.0,0.0,0.0,0.0
Lawrence Township,PSO,2019,6,0,0,0.0,0.0,0.0,0.0,0.0,0.0,0.0,0.0,0.0,0.0,83.7,24.9,16.5,25.9,16.4,0.0,0.0,0.0,0.0,0.0
Lawrence Township,PSO,2019,8,2,1,83.7,24.9,16.5,25.9,16.4,83.7,24.9,16.5,25.9,16.4,87.55,26.55,17.6,26.4,17.0,0.0,0.0,0.0,0.0,0.0
Liverpool Indoor Percussion,PSO,2019,8,0,0,0.0,0.0,0.0,0.0,0.0,0.0,0.0,0.0,0.0,0.0,81.05,24.0,23.55,16.5,17.0,0.0,0.0,0.0,0.0,0.0
Liverpool Indoor Percussion,PSO,2019,9,1,1,81.05,24.0,23.55,16.5,17.0,81.05,24.0,23.55,16.5,17.0,85.25,26.8,26.55,15.7,16.2,0.0,0.0,0.0,0.0,0.0
Liverpool Indoor Percussion,PSO,2019,10,1,2,83.15,25.4,25.05,16.1,16.6,85.25,26.8,26.55,15.7,16.2,81.85,25.3,23.85,16.5,16.2,4.2,2.8,3.0,-0.8,-0.8
Los Alamitos HS,PSO,2019,3,0,0,0.0,0.0,0.0,0.0,0.0,0.0,0.0,0.0,0.0,0.0,78.05,21.75,16.4,23.7,16.2,0.0,0.0,0.0,0.0,0.0
Los Alamitos HS,PSO,2019,4,1,1,78.05,21.75,16.4,23.7,16.2,78.05,21.75,16.4,23.7,16.2,79.5,23.1,15.6,24.7,16.1,0.0,0.0,0.0,0.0,0.0
Los Alamitos HS,PSO,2019,7,3,2,78.775,22.425,16.0,24.2,16.15,79.5,23.1,15.6,24.7,16.1,87.1,26.55,17.75,25.5,17.3,1.45,1.35,-0.8,1.0,-0.1
Los Alamitos HS,PSO,2019,8,1,3,81.55,23.8,16.583,24.633,16.533,87.1,26.55,17.75,25.5,17.3,91.0,27.6,18.125,27.4,17.875,7.6,3.45,2.15,0.8,1.2
Los Alamitos HS,PSO,2019,10,2,4,83.912,24.75,16.969,25.325,16.869,91.0,27.6,18.125,27.4,17.875,93.488,27.788,18.5,28.5,18.7,3.9,1.05,0.375,1.9,0.575
Los Alamitos HS,PSO,2019,11,1,5,85.828,25.358,17.275,25.96,17.235,93.488,27.788,18.5,28.5,18.7,93.35,28.05,18.1,27.975,19.225,2.488,0.188,0.375,1.1,0.825
Mission Hills HS,PSO,2019,2,0,0,0.0,0.0,0.0,0.0,0.0,0.0,0.0,0.0,0.0,0.0,70.5,21.9,13.7,21.3,13.6,0.0,0.0,0.0,0.0,0.0
Mission Hills HS,PSO,2019,4,2,1,70.5,21.9,13.7,21.3,13.6,70.5,21.9,13.7,21.3,13.6,70.751,20.55,14.1,22.4,13.7,0.0,0.0,0.0,0.0,0.0
Mission Hills HS,PSO,2019,6,2,2,70.626,21.225,13.9,21.85,13.65,70.751,20.55,14.1,22.4,13.7,77.45,23.25,15.8,23.3,15.1,0.251,-1.35,0.4,1.1,0.1
Mission Hills HS,PSO,2019,7,1,3,72.9,21.9,14.533,22.333,14.133,77.45,23.25,15.8,23.3,15.1,80.501,23.1,16.3,24.4,16.7,6.699,2.7,1.7,0.9,1.4
Mission Viejo HS,PSO,2019,3,0,0,0.0,0.0,0.0,0.0,0.0,0.0,0.0,0.0,0.0,0.0,73.45,22.05,14.6,22.2,14.6,0.0,0.0,0.0,0.0,0.0
Mission Viejo HS,PSO,2019,4,1,1,73.45,22.05,14.6,22.2,14.6,73.45,22.05,14.6,22.2,14.6,74.701,22.8,13.1,24.1,14.7,0.0,0.0,0.0,0.0,0.0
Mission Viejo HS,PSO,2019,6,2,2,74.076,22.425,13.85,23.15,14.65,74.701,22.8,13.1,24.1,14.7,78.95,23.85,15.0,24.2,15.9,1.251,0.75,-1.5,1.9,0.1
Mission Viejo HS,PSO,2019,8,2,3,75.7,22.9,14.233,23.5,15.067,78.95,23.85,15.0,24.2,15.9,83.313,24.938,16.325,25.7,16.35,4.249,1.05,1.9,0.1,1.2
Norwalk HS,PSO,2019,7,0,0,0.0,0.0,0.0,0.0,0.0,0.0,0.0,0.0,0.0,0.0,89.2,26.475,17.975,27.0,17.75,0.0,0.0,0.0,0.0,0.0
Norwalk HS,PSO,2019,11,4,1,89.2,26.475,17.975,27.0,17.75,89.2,26.475,17.975,27.0,17.75,95.1,28.575,19.025,28.275,19.225,0.0,0.0,0.0,0.0,0.0
Old Bridge,PSO,2019,4,0,0,0.0,0.0,0.0,0.0,0.0,0.0,0.0,0.0,0.0,0.0,76.0,22.1,24.6,14.7,14.6,0.0,0.0,0.0,0.0,0.0
Old Bridge,PSO,2019,6,2,1,76.0,22.1,24.6,14.7,14.6,76.0,22.1,24.6,14.7,14.6,84.95,24.7,27.15,16.6,16.5,0.0,0.0,0.0,0.0,0.0
Old Bridge,PSO,2019,9,3,2,80.475,23.4,25.875,15.65,15.55,84.95,24.7,27.15,16.6,16.5,88.35,27.1,28.05,16.7,16.5,8.95,2.6,2.55,1.9,1.9
Old Bridge,PSO,2019,10,1,3,83.1,24.633,26.6,16.0,15.867,88.35,27.1,28.05,16.7,16.5,90.85,27.8,26.25,18.3,18.5,3.4,2.4,0.9,0.1,0.0
Patriot HS,PSO,2019,3,0,0,0.0,0.0,0.0,0.0,0.0,0.0,0.0,0.0,0.0,0.0,73.501,21.9,14.8,22.7,14.1,0.0,0.0,0.0,0.0,0.0
Patriot HS,PSO,2019,5,2,1,73.501,21.9,14.8,22.7,14.1,73.501,21.9,14.8,22.7,14.1,76.8,23.7,15.5,22.0,15.6,0.0,0.0,0.0,0.0,0.0
Patriot HS,PSO,2019,7,2,2,75.15,22.8,15.15,22.35,14.85,76.8,23.7,15.5,22.0,15.6,81.6,24.6,16.9,23.8,16.3,3.299,1.8,0.7,-0.7,1.5
Patriot HS,PSO,2019,10,3,3,77.3,23.4,15.733,22.833,15.333,81.6,24.6,16.9,23.8,16.3,84.426,24.825,17.375,25.1,17.125,4.8,0.9,1.4,1.8,0.7
Perkiomen Valley,PSO,2019,3,0,0,0.0,0.0,0.0,0.0,0.0,0.0,0.0,0.0,0.0,0.0,66.55,21.1,19.95,12.3,13.2,0.0,0.0,0.0,0.0,0.0
Perkiomen Valley,PSO,2019,4,1,1,66.55,21.1,19.95,12.3,13.2,66.55,21.1,19.95,12.3,13.2,69.1,20.8,20.1,14.0,14.2,0.0,0.0,0.0,0.0,0.0
Perkiomen Valley,PSO,2019,9,5,2,67.825,20.95,20.025,13.15,13.7,69.1,20.8,20.1,14.0,14.2,83.15,25.4,26.85,15.1,15.8,2.55,-0.3,0.15,1.7,1.0
Perkiomen Valley,PSO,2019,10,1,3,72.933,22.433,22.3,13.8,14.4,83.15,25.4,26.85,15.1,15.8,81.7,23.9,24.6,16.8,16.4,14.05,4.6,6.75,1.1,1.6
Plainfield HS,PSO,2019,6,0,0,0.0,0.0,0.0,0.0,0.0,0.0,0.0,0.0,0.0,0.0,81.75,25.35,15.5,24.9,16.0,0.0,0.0,0.0,0.0,0.0
Plainfield HS,PSO,2019,11,5,1,81.75,25.35,15.5,24.9,16.0,81.75,25.35,15.5,24.9,16.0,92.338,28.237,17.575,27.5,19.025,0.0,0.0,0.0,0.0,0.0
Rancho Cucamonga HS,PSO,2019,3,0,0,0.0,0.0,0.0,0.0,0.0,0.0,0.0,0.0,0.0,0.0,78.3,23.7,15.9,24.0,14.7,0.0,0.0,0.0,0.0,0.0
Rancho Cucamonga HS,PSO,2019,5,2,1,78.3,23.7,15.9,24.0,14.7,78.3,23.7,15.9,24.0,14.7,75.651,23.55,14.8,22.1,15.2,0.0,0.0,0.0,0.0,0.0
Rancho Cucamonga HS,PSO,2019,7,2,2,76.976,23.625,15.35,23.05,14.95,75.651,23.55,14.8,22.1,15.2,85.0,25.5,17.1,25.5,16.9,-2.649,-0.15,-1.1,-1.9,0.5
Rancho Cucamonga HS,PSO,2019,8,1,3,79.65,24.25,15.933,23.867,15.6,85.0,25.5,17.1,25.5,16.9,83.963,25.688,16.85,24.6,16.825,9.349,1.95,2.3,3.4,1.7
Rancho Cucamonga HS,PSO,2019,10,2,4,80.728,24.61,16.163,24.05,15.906,83.963,25.688,16.85,24.6,16.825,86.376,26.1,17.2,26.5,16.575,-1.037,0.188,-0.25,-0.9,-0.075
San Marino HS,PSO,2019,3,0,0,0.0,0.0,0.0,0.0,0.0,0.0,0.0,0.0,0.0,0.0,77.675,22.275,15.6,24.4,15.4,0.0,0.0,0.0,0.0,0.0
San Marino HS,PSO,2019,7,4,1,77.675,22.275,15.6,24.4,15.4,77.675,22.275,15.6,24.4,15.4,83.1,25.65,16.85,24.6,16.0,0.0,0.0,0.0,0.0,0.0
San Marino HS,PSO,2019,8,1,2,80.387,23.962,16.225,24.5,15.7,83.1,25.65,16.85,24.6,16.0,86.725,26.175,16.75,26.8,17.0,5.425,3.375,1.25,0.2,0.6
San Marino HS,PSO,2019,10,2,3,82.5,24.7,16.4,25.267,16.133,86.725,26.175,16.75,26.8,17.0,83.3,24.525,16.75,25.375,16.65,3.625,0.525,-0.1,2.2,1.0
Sharyland HS,PSO,2019,4,0,0,0.0,0.0,0.0,0.0,0.0,0.0,0.0,0.0,0.0,0.0,72.001,21.9,14.0,22.5,13.6,0.0,0.0,0.0,0.0,0.0
Sharyland HS,PSO,2019,6,2,1,72.001,21.9,14.0,22.5,13.6,72.001,21.9,14.0,22.5,13.6,77.0,23.7,15.7,22.7,14.9,0.0,0.0,0.0,0.0,0.0
South Torrance HS,PSO,2019,1,0,0,0.0,0.0,0.0,0.0,0.0,0.0,0.0,0.0,0.0,0.0,69.1,21.0,13.4,21.1,13.6,0.0,0.0,0.0,0.0,0.0
South Torrance HS,PSO,2019,3,2,1,69.1,21.0,13.4,21.1,13.6,69.1,21.0,13.4,21.1,13.6,71.051,21.15,15.4,21.0,13.5,0.0,0.0,0.0,0.0,0.0
South Torrance HS,PSO,2019,6,3,2,70.076,21.075,14.4,21.05,13.55,71.051,21.15,15.4,21.0,13.5,73.351,22.35,14.8,21.9,14.3,1.951,0.15,2.0,-0.1,-0.1
Sparkman HS,PSO,2019,7,0,0,0.0,0.0,0.0,0.0,0.0,0.0,0.0,0.0,0.0,0.0,86.8,26.4,17.9,26.4,16.1,0.0,0.0,0.0,0.0,0.0
Sparkman HS,PSO,2019,11,4,1,86.8,26.4,17.9,26.4,16.1,86.8,26.4,17.9,26.4,16.1,96.2,29.175,19.3,28.425,19.3,0.0,0.0,0.0,0.0,0.0
Springford,PSO,2019,4,0,0,0.0,0.0,0.0,0.0,0.0,0.0,0.0,0.0,0.0,0.0,71.65,20.7,23.25,13.8,13.9,0.0,0.0,0.0,0.0,0.0
Springford,PSO,2019,5,1,1,71.65,20.7,23.25,13.8,13.9,71.65,20.7,23.25,13.8,13.9,78.0,23.4,24.3,15.1,15.2,0.0,0.0,0.0,0.0,0.0
Springford,PSO,2019,6,1,2,74.825,22.05,23.775,14.45,14.55,78.0,23.4,24.3,15.1,15.2,82.3,24.0,25.8,16.3,16.2,6.35,2.7,1.05,1.3,1.3
Springford,PSO,2019,9,3,3,77.317,22.7,24.45,15.067,15.1,82.3,24.0,25.8,16.3,16.2,85.6,25.7,26.7,16.9,16.3,4.3,0.6,1.5,1.2,1.0
Springford,PSO,2019,10,1,4,79.387,23.45,25.012,15.525,15.4,85.6,25.7,26.7,16.9,16.3,85.05,25.6,24.75,16.6,18.1,3.3,1.7,0.9,0.6,0.1
Sunny Hills HS,PSO,2019,3,0,0,0.0,0.0,0.0,0.0,0.0,0.0,0.0,0.0,0.0,0.0,76.9,23.1,15.3,23.1,15.4,0.0,0.0,0.0,0.0,0.0
Sunny Hills HS,PSO,2019,5,2,1,76.9,23.1,15.3,23.1,15.4,76.9,23.1,15.3,23.1,15.4,79.5,24.3,15.0,24.7,15.5,0.0,0.0,0.0,0.0,0.0
Temple City HS,PSO,2019,8,0,0,0.0,0.0,0.0,0.0,0.0,0.0,0.0,0.0,0.0,0.0,81.475,23.325,17.0,24.95,16.2,0.0,0.0,0.0,0.0,0.0
Temple City HS,PSO,2019,10,2,1,81.475,23.325,17.0,24.95,16.2,81.475,23.325,17.0,24.95,16.2,84.35,24.525,16.85,26.15,16.825,0.0,0.0,0.0,0.0,0.0
Timber Creek HS,PSO,2019,4,0,0,0.0,0.0,0.0,0.0,0.0,0.0,0.0,0.0,0.0,0.0,81.65,25.05,15.8,25.0,15.8,0.0,0.0,0.0,0.0,0.0
Timber Creek HS,PSO,2019,6,2,1,81.65,25.05,15.8,25.0,15.8,81.65,25.05,15.8,25.0,15.8,86.2,25.8,17.4,25.6,17.4,0.0,0.0,0.0,0.0,0.0
Trabuco Hills HS,PSO,2019,5,0,0,0.0,0.0,0.0,0.0,0.0,0.0,0.0,0.0,0.0,0.0,78.45,23.85,15.8,22.7,16.1,0.0,0.0,0.0,0.0,0.0
Trabuco Hills HS,PSO,2019,6,1,1,78.45,23.85,15.8,22.7,16.1,78.45,23.85,15.8,22.7,16.1,80.35,22.95,16.2,25.2,16.0,0.0,0.0,0.0,0.0,0.0
Trabuco Hills HS,PSO,2019,7,1,2,79.4,23.4,16.0,23.95,16.05,80.35,22.95,16.2,25.2,16.0,80.2,24.3,16.7,22.5,16.7,1.9,-0.9,0.4,2.5,-0.1
Trabuco Hills HS,PSO,2019,10,3,3,79.667,23.7,16.233,23.467,16.267,80.2,24.3,16.7,22.5,16.7,81.325,23.775,16.05,25.05,16.45,-0.15,1.35,0.5,-2.7,0.7
Victor Indoor Percussion Ensemble,PSO,2019,2,0,0,0.0,0.0,0.0,0.0,0.0,0.0,0.0,0.0,0.0,0.0,61.95,18.9,18.45,12.2,12.4,0.0,0.0,0.0,0.0,0.0
Victor Indoor Percussion Ensemble,PSO,2019,5,3,1,61.95,18.9,18.45,12.2,12.4,61.95,18.9,18.45,12.2,12.4,68.0,19.9,20.7,13.5,13.9,0.0,0.0,0.0,0.0,0.0
Victor Indoor Percussion Ensemble,PSO,2019,7,2,2,64.975,19.4,19.575,12.85,13.15,68.0,19.9,20.7,13.5,13.9,75.7,21.9,24.6,14.8,14.4,6.05,1.0,2.25,1.3,1.5
Victor Indoor Percussion Ensemble,PSO,2019,8,1,3,68.55,20.233,21.25,13.5,13.567,75.7,21.9,24.6,14.8,14.4,78.9,24.1,22.2,16.0,16.6,7.7,2.0,3.9,1.3,0.5
Victor Indoor Percussion Ensemble,PSO,2019,9,1,4,71.137,21.2,21.488,14.125,14.325,78.9,24.1,22.2,16.0,16.6,79.35,23.1,24.45,15.5,16.3,3.2,2.2,-2.4,1.2,2.2
Victor Indoor Percussion Ensemble,PSO,2019,10,1,5,72.78,21.58,22.08,14.4,14.72,79.35,23.1,24.45,15.5,16.3,77.4,23.7,22.5,15.9,15.3,0.45,-1.0,2.25,-0.5,-0.3
West Ranch HS,PSO,2019,6,0,0,0.0,0.0,0.0,0.0,0.0,0.0,0.0,0.0,0.0,0.0,83.3,24.9,16.9,24.9,16.6,0.0,0.0,0.0,0.0,0.0
West Ranch HS,PSO,2019,7,1,1,83.3,24.9,16.9,24.9,16.6,83.3,24.9,16.9,24.9,16.6,76.851,21.75,16.8,22.6,15.7,0.0,0.0,0.0,0.0,0.0
West Ranch HS,PSO,2019,8,1,2,80.076,23.325,16.85,23.75,16.15,76.851,21.75,16.8,22.6,15.7,84.288,25.988,17.2,24.475,16.625,-6.449,-3.15,-0.1,-2.3,-0.9
Westminster HS,PSO,2019,3,0,0,0.0,0.0,0.0,0.0,0.0,0.0,0.0,0.0,0.0,0.0,66.05,19.35,13.0,21.2,12.5,0.0,0.0,0.0,0.0,0.0
Westminster HS,PSO,2019,4,1,1,66.05,19.35,13.0,21.2,12.5,66.05,19.35,13.0,21.2,12.5,69.251,22.05,12.0,20.7,14.5,0.0,0.0,0.0,0.0,0.0
Westminster HS,PSO,2019,6,2,2,67.65,20.7,12.5,20.95,13.5,69.251,22.05,12.0,20.7,14.5,76.001,21.9,15.5,23.9,14.7,3.201,2.7,-1.0,-0.5,2.0
Westminster HS,PSO,2019,7,1,3,70.434,21.1,13.5,21.933,13.9,76.001,21.9,15.5,23.9,14.7,77.001,23.4,15.4,21.9,16.3,6.75,-0.15,3.5,3.2,0.2
Westminster HS,PSO,2019,8,1,4,72.076,21.675,13.975,21.925,14.5,77.001,23.4,15.4,21.9,16.3,75.425,23.025,15.0,21.9,15.5,1.0,1.5,-0.1,-2.0,1.6
William S. Hart HS,PSO,2019,3,0,0,0.0,0.0,0.0,0.0,0.0,0.0,0.0,0.0,0.0,0.0,72.701,21.3,15.2,21.9,14.3,0.0,0.0,0.0,0.0,0.0
William S. Hart HS,PSO,2019,6,3,1,72.701,21.3,15.2,21.9,14.3,72.701,21.3,15.2,21.9,14.3,74.301,22.8,14.4,22.4,14.7,0.0,0.0,0.0,0.0,0.0
William S. Hart HS,PSO,2019,7,1,2,73.501,22.05,14.8,22.15,14.5,74.301,22.8,14.4,22.4,14.7,80.951,24.45,15.6,24.7,16.2,1.6,1.5,-0.8,0.5,0.4
William S. Hart HS,PSO,2019,10,3,3,75.984,22.85,15.067,23.0,15.067,80.951,24.45,15.6,24.7,16.2,87.888,26.887,17.725,26.025,17.25,6.65,1.65,1.2,2.3,1.5
Williams Field HS,PSO,2019,6,0,0,0.0,0.0,0.0,0.0,0.0,0.0,0.0,0.0,0.0,0.0,78.8,22.5,16.2,24.8,15.3,0.0,0.0,0.0,0.0,0.0
Williams Field HS,PSO,2019,8,2,1,78.8,22.5,16.2,24.8,15.3,78.8,22.5,16.2,24.8,15.3,76.625,23.775,14.95,22.5,15.4,0.0,0.0,0.0,0.0,0.0
Aliso Niguel HS,PSA,2019,3,0,0,0.0,0.0,0.0,0.0,0.0,0.0,0.0,0.0,0.0,0.0,78.0,22.35,15.4,25.0,15.25,0.0,0.0,0.0,0.0,0.0
Aliso Niguel HS,PSA,2019,6,3,1,78.0,22.35,15.4,25.0,15.25,78.0,22.35,15.4,25.0,15.25,80.5,24.3,16.3,24.2,15.7,0.0,0.0,0.0,0.0,0.0
Aliso Niguel HS,PSA,2019,10,4,2,79.25,23.325,15.85,24.6,15.475,80.5,24.3,16.3,24.2,15.7,88.675,26.1,17.425,28.0,17.15,2.5,1.95,0.9,-0.8,0.45
Arbor View HS,PSA,2019,4,0,0,0.0,0.0,0.0,0.0,0.0,0.0,0.0,0.0,0.0,0.0,71.6,20.7,13.4,23.8,13.7,0.0,0.0,0.0,0.0,0.0
Arbor View HS,PSA,2019,8,4,1,71.6,20.7,13.4,23.8,13.7,71.6,20.7,13.4,23.8,13.7,82.6,24.45,16.45,25.1,16.6,0.0,0.0,0.0,0.0,0.0
Avon Grove,PSA,2019,3,0,0,0.0,0.0,0.0,0.0,0.0,0.0,0.0,0.0,0.0,0.0,66.251,21.2,19.35,12.9,12.8,0.0,0.0,0.0,0.0,0.0
Avon Grove,PSA,2019,4,1,1,66.251,21.2,19.35,12.9,12.8,66.251,21.2,19.35,12.9,12.8,70.051,22.65,20.7,13.4,13.3,0.0,0.0,0.0,0.0,0.0
Avon Grove,PSA,2019,6,2,2,68.151,21.925,20.025,13.15,13.05,70.051,22.65,20.7,13.4,13.3,72.6,21.9,23.1,13.5,14.1,3.8,1.45,1.35,0.5,0.5
Avon Grove,PSA,2019,9,3,3,69.634,21.917,21.05,13.267,13.4,72.6,21.9,23.1,13.5,14.1,75.4,22.7,23.1,15.3,14.3,2.549,-0.75,2.4,0.1,0.8
Avon Grove,PSA,2019,10,1,4,71.076,22.112,21.562,13.775,13.625,75.4,22.7,23.1,15.3,14.3,72.15,22.8,20.85,14.9,13.6,2.8,0.8,0.0,1.8,0.2
Baldwin Park HS,PSA,2019,7,0,0,0.0,0.0,0.0,0.0,0.0,0.0,0.0,0.0,0.0,0.0,80.7,24.45,15.4,24.5,16.35,0.0,0.0,0.0,0.0,0.0
Baldwin Park HS,PSA,2019,10,3,1,80.7,24.45,15.4,24.5,16.35,80.7,24.45,15.4,24.5,16.35,82.15,23.925,16.85,24.7,16.675,0.0,0.0,0.0,0.0,0.0
Baldwinsville indoor Percussion,PSA,2019,2,0,0,0.0,0.0,0.0,0.0,0.0,0.0,0.0,0.0,0.0,0.0,63.301,19.7,19.2,12.1,12.3,0.0,0.0,0.0,0.0,0.0
Baldwinsville indoor Percussion,PSA,2019,3,1,1,63.301,19.7,19.2,12.1,12.3,63.301,19.7,19.2,12.1,12.3,72.45,22.3,22.05,13.4,14.7,0.0,0.0,0.0,0.0,0.0
Baldwinsville indoor Percussion,PSA,2019,5,2,2,67.876,21.0,20.625,12.75,13.5,72.45,22.3,22.05,13.4,14.7,71.9,20.8,21.3,15.5,14.3,9.149,2.6,2.85,1.3,2.4
Baldwinsville indoor Percussion,PSA,2019,8,3,3,69.217,20.933,20.85,13.667,13.767,71.9,20.8,21.3,15.5,14.3,75.9,22.4,23.1,15.2,15.2,-0.55,-1.5,-0.75,2.1,-0.4
Baldwinsville indoor Percussion,PSA,2019,9,1,4,70.888,21.3,21.412,14.05,14.125,75.9,22.4,23.1,15.2,15.2,81.4,26.2,24.0,15.6,15.6,4.0,1.6,1.8,-0.3,0.9
Baldwinsville indoor Percussion,PSA,2019,10,1,5,72.99,22.28,21.93,14.36,14.42,81.4,26.2,24.0,15.6,15.6,75.101,22.4,22.8,15.3,14.6,5.5,3.8,0.9,0.4,0.4
Basha HS,PSA,2019,4,0,0,0.0,0.0,0.0,0.0,0.0,0.0,0.0,0.0,0.0,0.0,73.9,21.6,13.4,24.9,14.0,0.0,0.0,0.0,0.0,0.0
Basha HS,PSA,2019,6,2,1,73.9,21.6,13.4,24.9,14.0,73.9,21.6,13.4,24.9,14.0,83.3,24.6,16.8,25.4,16.5,0.0,0.0,0.0,0.0,0.0
Bearden High School Indoor Percussion,PSA,2019,5,0,0,0.0,0.0,0.0,0.0,0.0,0.0,0.0,0.0,0.0,0.0,76.2,24.5,21.9,14.7,15.1,0.0,0.0,0.0,0.0,0.0
Bearden High School Indoor Percussion,PSA,2019,9,4,1,76.2,24.5,21.9,14.7,15.1,76.2,24.5,21.9,14.7,15.1,79.9,24.8,22.8,16.25,16.05,0.0,0.0,0.0,0.0,0.0
Belleville East HS,PSA,2019,3,0,0,0.0,0.0,0.0,0.0,0.0,0.0,0.0,0.0,0.0,0.0,79.4,24.0,16.3,22.8,16.3,0.0,0.0,0.0,0.0,0.0
Belleville East HS,PSA,2019,8,5,1,79.4,24.0,16.3,22.8,16.3,79.4,24.0,16.3,22.8,16.3,90.95,28.65,18.0,26.2,18.1,0.0,0.0,0.0,0.0,0.0
Buena HS,PSA,2019,6,0,0,0.0,0.0,0.0,0.0,0.0,0.0,0.0,0.0,0.0,0.0,78.3,23.7,14.9,23.5,16.2,0.0,0.0,0.0,0.0,0.0
Buena HS,PSA,2019,10,4,1,78.3,23.7,14.9,23.5,16.2,78.3,23.7,14.9,23.5,16.2,92.138,27.262,18.225,28.5,18.15,0.0,0.0,0.0,0.0,0.0
Canyon HS (AH),PSA,2019,3,0,0,0.0,0.0,0.0,0.0,0.0,0.0,0.0,0.0,0.0,0.0,76.3,21.9,15.7,23.6,15.1,0.0,0.0,0.0,0.0,0.0
Canyon HS (AH),PSA,2019,7,4,1,76.3,21.9,15.7,23.6,15.1,76.3,21.9,15.7,23.6,15.1,79.001,23.7,14.9,25.6,14.8,0.0,0.0,0.0,0.0,0.0
Canyon HS (AH),PSA,2019,10,3,2,77.65,22.8,15.3,24.6,14.95,79.001,23.7,14.9,25.6,14.8,83.838,24.637,16.75,26.35,16.1,2.701,1.8,-0.8,2.0,-0.3
Central Square High School,PSA,2019,3,0,0,0.0,0.0,0.0,0.0,0.0,0.0,0.0,0.0,0.0,0.0,71.451,21.6,22.65,12.6,14.6,0.0,0.0,0.0,0.0,0.0
Central Square High School,PSA,2019,4,1,1,71.451,21.6,22.65,12.6,14.6,71.451,21.6,22.65,12.6,14.6,69.65,21.5,20.55,13.4,14.2,0.0,0.0,0.0,0.0,0.0
Central Square High School,PSA,2019,6,2,2,70.55,21.55,21.6,13.0,14.4,69.65,21.5,20.55,13.4,14.2,76.451,22.1,23.85,15.1,15.4,-1.801,-0.1,-2.1,0.8,-0.4
Central Square High School,PSA,2019,7,1,3,72.517,21.733,22.35,13.7,14.733,76.451,22.1,23.85,15.1,15.4,78.5,23.6,24.6,14.9,15.4,6.801,0.6,3.3,1.7,1.2
Central Square High School,PSA,2019,8,1,4,74.013,22.2,22.912,14.0,14.9,78.5,23.6,24.6,14.9,15.4,74.7,23.0,22.2,14.7,14.8,2.049,1.5,0.75,-0.2,0.0
Central Square High School,PSA,2019,9,1,5,74.15,22.36,22.77,14.14,14.88,74.7,23.0,22.2,14.7,14.8,84.4,25.9,26.55,15.85,16.1,-3.8,-0.6,-2.4,-0.2,-0.6
Central Square High School,PSA,2019,10,1,6,75.859,22.95,23.4,14.425,15.083,84.4,25.9,26.55,15.85,16.1,81.75,24.9,24.45,16.1,16.3,9.7,2.9,4.35,1.15,1.3
Chaparral HS,PSA,2019,2,0,0,0.0,0.0,0.0,0.0,0.0,0.0,0.0,0.0,0.0,0.0,65.176,20.475,13.1,18.8,12.8,0.0,0.0,0.0,0.0,0.0
Chaparral HS,PSA,2019,4,2,1,65.176,20.475,13.1,18.8,12.8,65.176,20.475,13.1,18.8,12.8,65.501,18.3,12.8,21.7,12.7,0.0,0.0,0.0,0.0,0.0
Chaparral HS,PSA,2019,6,2,2,65.339,19.388,12.95,20.25,12.75,65.501,18.3,12.8,21.7,12.7,71.451,21.45,14.6,20.3,15.1,0.325,-2.175,-0.3,2.9,-0.1
Clover HS,PSA,2019,5,0,0,0.0,0.0,0.0,0.0,0.0,0.0,0.0,0.0,0.0,0.0,81.8,25.35,15.1,25.6,15.75,0.0,0.0,0.0,0.0,0.0
Clover HS,PSA,2019,7,2,1,81.8,25.35,15.1,25.6,15.75,81.8,25.35,15.1,25.6,15.75,83.901,24.9,16.8,25.3,16.9,0.0,0.0,0.0,0.0,0.0
Coatesville,PSA,2019,3,0,0,0.0,0.0,0.0,0.0,0.0,0.0,0.0,0.0,0.0,0.0,60.601,20.2,16.8,12.1,11.5,0.0,0.0,0.0,0.0,0.0
Coatesville,PSA,2019,4,1,1,60.601,20.2,16.8,12.1,11.5,60.601,20.2,16.8,12.1,11.5,62.9,19.5,17.7,12.7,13.0,0.0,0.0,0.0,0.0,0.0
Coatesville,PSA,2019,5,1,2,61.75,19.85,17.25,12.4,12.25,62.9,19.5,17.7,12.7,13.0,67.051,20.3,19.95,13.2,13.6,2.299,-0.7,0.9,0.6,1.5
Coatesville,PSA,2019,6,1,3,63.517,20.0,18.15,12.667,12.7,67.051,20.3,19.95,13.2,13.6,73.3,21.2,23.4,14.1,14.6,4.151,0.8,2.25,0.5,0.6
Coatesville,PSA,2019,8,2,4,65.963,20.3,19.462,13.025,13.175,73.3,21.2,23.4,14.1,14.6,73.775,21.4,21.975,15.0,15.4,6.249,0.9,3.45,0.9,1.0
Coatesville,PSA,2019,9,1,5,67.525,20.52,19.965,13.42,13.62,73.775,21.4,21.975,15.0,15.4,81.501,23.9,25.5,14.9,17.2,0.475,0.2,-1.425,0.9,0.8
Coatesville,PSA,2019,10,1,6,69.855,21.083,20.888,13.667,14.217,81.501,23.9,25.5,14.9,17.2,70.4,22.2,20.4,14.6,13.2,7.726,2.5,3.525,-0.1,1.8
Corning-Painted Post,PSA,2019,3,0,0,0.0,0.0,0.0,0.0,0.0,0.0,0.0,0.0,0.0,0.0,69.901,21.1,21.3,13.3,14.2,0.0,0.0,0.0,0.0,0.0
Corning-Painted Post,PSA,2019,4,1,1,69.901,21.1,21.3,13.3,14.2,69.901,21.1,21.3,13.3,14.2,70.95,22.5,21.15,13.9,13.4,0.0,0.0,0.0,0.0,0.0
Corning-Painted Post,PSA,2019,6,2,2,70.426,21.8,21.225,13.6,13.8,70.95,22.5,21.15,13.9,13.4,73.301,20.8,22.5,15.0,15.0,1.049,1.4,-0.15,0.6,-0.8
Corning-Painted Post,PSA,2019,9,3,3,71.384,21.467,21.65,14.067,14.2,73.301,20.8,22.5,15.0,15.0,80.15,24.8,25.35,14.9,15.1,2.351,-1.7,1.35,1.1,1.6
Corning-Painted Post,PSA,2019,10,1,4,73.576,22.3,22.575,14.275,14.425,80.15,24.8,25.35,14.9,15.1,78.626,23.4,23.625,15.9,15.7,6.849,4.0,2.85,-0.1,0.1
Cypress HS,PSA,2019,1,0,0,0.0,0.0,0.0,0.0,0.0,0.0,0.0,0.0,0.0,0.0,67.9,19.8,13.9,21.4,12.8,0.0,0.0,0.0,0.0,0.0
Cypress HS,PSA,2019,3,2,1,67.9,19.8,13.9,21.4,12.8,67.9,19.8,13.9,21.4,12.8,73.051,20.7,15.35,22.4,14.6,0.0,0.0,0.0,0.0,0.0
Cypress HS,PSA,2019,6,3,2,70.476,20.25,14.625,21.9,13.7,73.051,20.7,15.35,22.4,14.6,76.75,22.05,15.8,23.2,15.7,5.151,0.9,1.45,1.0,1.8
Cypress HS,PSA,2019,7,1,3,72.567,20.85,15.017,22.333,14.367,76.75,22.05,15.8,23.2,15.7,77.876,23.175,16.2,23.6,14.9,3.699,1.35,0.45,0.8,1.1
Dorman HS,PSA,2019,5,0,0,0.0,0.0,0.0,0.0,0.0,0.0,0.0,0.0,0.0,0.0,78.9,23.1,16.9,24.3,14.6,0.0,0.0,0.0,0.0,0.0
Dorman HS,PSA,2019,7,2,1,78.9,23.1,16.9,24.3,14.6,78.9,23.1,16.9,24.3,14.6,86.725,26.175,16.85,26.9,16.8,0.0,0.0,0.0,0.0,0.0
Dorman HS,PSA,2019,11,4,2,82.812,24.638,16.875,25.6,15.7,86.725,26.175,16.85,26.9,16.8,89.713,27.263,17.375,27.975,17.1,7.825,3.075,-0.05,2.6,2.2
Downingtown,PSA,2019,4,0,0,0.0,0.0,0.0,0.0,0.0,0.0,0.0,0.0,0.0,0.0,78.25,23.1,23.85,15.9,15.4,0.0,0.0,0.0,0.0,0.0
Downingtown,PSA,2019,6,2,1,78.25,23.1,23.85,15.9,15.4,78.25,23.1,23.85,15.9,15.4,82.55,24.9,24.45,16.2,17.0,0.0,0.0,0.0,0.0,0.0
E.D. White HS,PSA,2019,7,0,0,0.0,0.0,0.0,0.0,0.0,0.0,0.0,0.0,0.0,0.0,90.6,27.3,17.85,27.55,17.9,0.0,0.0,0.0,0.0,0.0
E.D. White HS,PSA,2019,11,4,1,90.6,27.3,17.85,27.55,17.9,90.6,27.3,17.85,27.55,17.9,95.925,29.1,19.5,29.1,18.225,0.0,0.0,0.0,0.0,0.0
East Irondequoit,PSA,2019,2,0,0,0.0,0.0,0.0,0.0,0.0,0.0,0.0,0.0,0.0,0.0,64.975,19.7,19.125,13.3,12.85,0.0,0.0,0.0,0.0,0.0
East Irondequoit,PSA,2019,5,3,1,64.975,19.7,19.125,13.3,12.85,64.975,19.7,19.125,13.3,12.85,78.3,22.0,24.3,16.4,15.6,0.0,0.0,0.0,0.0,0.0
East Syracuse Minoa,PSA,2019,2,0,0,0.0,0.0,0.0,0.0,0.0,0.0,0.0,0.0,0.0,0.0,70.2,21.1,21.0,14.9,13.2,0.0,0.0,0.0,0.0,0.0
East Syracuse Minoa,PSA,2019,3,1,1,70.2,21.1,21.0,14.9,13.2,70.2,21.1,21.0,14.9,13.2,78.05,24.2,24.75,13.9,15.2,0.0,0.0,0.0,0.0,0.0
East Syracuse Minoa,PSA,2019,6,3,2,74.125,22.65,22.875,14.4,14.2,78.05,24.2,24.75,13.9,15.2,84.2,24.4,25.5,17.1,17.2,7.85,3.1,3.75,-1.0,2.0
El Toro HS,PSA,2019,3,0,0,0.0,0.0,0.0,0.0,0.0,0.0,0.0,0.0,0.0,0.0,76.15,22.2,15.25,23.9,14.8,0.0,0.0,0.0,0.0,0.0
El Toro HS,PSA,2019,7,4,1,76.15,22.2,15.25,23.9,14.8,76.15,22.2,15.25,23.9,14.8,77.051,23.25,15.8,22.7,15.3,0.0,0.0,0.0,0.0,0.0
Farragut HS,PSA,2019,5,0,0,0.0,0.0,0.0,0.0,0.0,0.0,0.0,0.0,0.0,0.0,81.375,24.675,16.5,24.7,15.5,0.0,0.0,0.0,0.0,0.0
Farragut HS,PSA,2019,8,3,1,81.375,24.675,16.5,24.7,15.5,81.375,24.675,16.5,24.7,15.5,81.701,25.2,15.5,25.0,16.0,0.0,0.0,0.0,0.0,0.0
Farragut High School Indoor Percussion Ensemble,PSA,2019,0,0,0,0.0,0.0,0.0,0.0,0.0,0.0,0.0,0.0,0.0,0.0,67.6,20.8,19.8,13.3,13.7,0.0,0.0,0.0,0.0,0.0
Farragut High School Indoor Percussion Ensemble,PSA,2019,3,3,1,67.6,20.8,19.8,13.3,13.7,67.6,20.8,19.8,13.3,13.7,77.55,24.5,22.95,15.0,15.1,0.0,0.0,0.0,0.0,0.0
Farragut High School Indoor Percussion Ensemble,PSA,2019,9,6,2,72.575,22.65,21.375,14.15,14.4,77.55,24.5,22.95,15.0,15.1,86.85,27.1,26.4,16.9,16.45,9.95,3.7,3.15,1.7,1.4
Gaffney HS,PSA,2019,5,0,0,0.0,0.0,0.0,0.0,0.0,0.0,0.0,0.0,0.0,0.0,70.75,21.45,13.8,20.9,14.6,0.0,0.0,0.0,0.0,0.0
Gaffney HS,PSA,2019,7,2,1,70.75,21.45,13.8,20.9,14.6,70.75,21.45,13.8,20.9,14.6,69.95,21.0,14.05,21.5,13.4,0.0,0.0,0.0,0.0,0.0
Gilbert HS,PSA,2019,6,0,0,0.0,0.0,0.0,0.0,0.0,0.0,0.0,0.0,0.0,0.0,76.55,22.65,15.0,23.4,15.5,0.0,0.0,0.0,0.0,0.0
Gilbert HS,PSA,2019,8,2,1,76.55,22.65,15.0,23.4,15.5,76.55,22.65,15.0,23.4,15.5,76.776,23.775,15.3,22.2,15.5,0.0,0.0,0.0,0.0,0.0
Grand Blanc HS,PSA,2019,2,0,0,0.0,0.0,0.0,0.0,0.0,0.0,0.0,0.0,0.0,0.0,76.95,23.25,14.4,23.8,15.5,0.0,0.0,0.0,0.0,0.0
Grand Blanc HS,PSA,2019,11,9,1,76.95,23.25,14.4,23.8,15.5,76.95,23.25,14.4,23.8,15.5,96.075,29.175,19.1,28.6,19.2,0.0,0.0,0.0,0.0,0.0
Halls Indoor Percussion Ensemble,PSA,2019,0,0,0,0.0,0.0,0.0,0.0,0.0,0.0,0.0,0.0,0.0,0.0,72.35,22.4,21.15,14.6,14.2,0.0,0.0,0.0,0.0,0.0
Halls Indoor Percussion Ensemble,PSA,2019,1,1,1,72.35,22.4,21.15,14.6,14.2,72.35,22.4,21.15,14.6,14.2,70.55,21.6,19.35,15.4,14.2,0.0,0.0,0.0,0.0,0.0
Hamilton HS,PSA,2019,3,0,0,0.0,0.0,0.0,0.0,0.0,0.0,0.0,0.0,0.0,0.0,72.651,22.05,14.4,21.1,15.1,0.0,0.0,0.0,0.0,0.0
Hamilton HS,PSA,2019,6,3,1,72.651,22.05,14.4,21.1,15.1,72.651,22.05,14.4,21.1,15.1,74.05,22.05,15.4,22.1,14.5,0.0,0.0,0.0,0.0,0.0
Hamilton Southeastern HS,PSA,2019,6,0,0,0.0,0.0,0.0,0.0,0.0,0.0,0.0,0.0,0.0,0.0,85.725,26.325,17.1,26.2,16.1,0.0,0.0,0.0,0.0,0.0
Hamilton Southeastern HS,PSA,2019,11,5,1,85.725,26.325,17.1,26.2,16.1,85.725,26.325,17.1,26.2,16.1,93.788,28.387,18.7,27.925,18.775,0.0,0.0,0.0,0.0,0.0
Hardin Valley Academy,PSA,2019,5,0,0,0.0,0.0,0.0,0.0,0.0,0.0,0.0,0.0,0.0,0.0,80.15,24.45,16.3,23.8,15.6,0.0,0.0,0.0,0.0,0.0
Hardin Valley Academy,PSA,2019,7,2,1,80.15,24.45,16.3,23.8,15.6,80.15,24.45,16.3,23.8,15.6,85.825,25.875,17.2,26.3,16.45,0.0,0.0,0.0,0.0,0.0
Hardin Valley Academy Indoor Percussion Ensemble,PSA,2019,0,0,0,0.0,0.0,0.0,0.0,0.0,0.0,0.0,0.0,0.0,0.0,70.4,21.0,21.3,13.8,14.3,0.0,0.0,0.0,0.0,0.0
Hardin Valley Academy Indoor Percussion Ensemble,PSA,2019,1,1,1,70.4,21.0,21.3,13.8,14.3,70.4,21.0,21.3,13.8,14.3,71.6,22.2,19.8,14.8,14.8,0.0,0.0,0.0,0.0,0.0
Hardin Valley Academy Indoor Percussion Ensemble,PSA,2019,9,8,2,71.0,21.6,20.55,14.3,14.55,71.6,22.2,19.8,14.8,14.8,89.75,26.8,27.525,17.575,17.85,1.2,1.2,-1.5,1.0,0.5
Hatboro-Horsham,PSA,2019,3,0,0,0.0,0.0,0.0,0.0,0.0,0.0,0.0,0.0,0.0,0.0,72.05,21.8,20.85,14.9,14.5,0.0,0.0,0.0,0.0,0.0
Hatboro-Horsham,PSA,2019,4,1,1,72.05,21.8,20.85,14.9,14.5,72.05,21.8,20.85,14.9,14.5,74.8,23.5,21.9,15.2,14.2,0.0,0.0,0.0,0.0,0.0
Hatboro-Horsham,PSA,2019,8,4,2,73.425,22.65,21.375,15.05,14.35,74.8,23.5,21.9,15.2,14.2,85.05,25.3,25.95,16.9,16.9,2.75,1.7,1.05,0.3,-0.3
Hatboro-Horsham,PSA,2019,9,1,3,77.3,23.533,22.9,15.667,15.2,85.05,25.3,25.95,16.9,16.9,85.85,25.35,26.4,17.3,16.8,10.25,1.8,4.05,1.7,2.7
Hatboro-Horsham,PSA,2019,10,1,4,79.438,23.987,23.775,16.075,15.6,85.85,25.35,26.4,17.3,16.8,86.275,25.9,24.075,18.0,18.3,0.8,0.05,0.45,0.4,-0.1
Hempfield,PSA,2019,3,0,0,0.0,0.0,0.0,0.0,0.0,0.0,0.0,0.0,0.0,0.0,70.15,21.9,20.55,14.5,13.2,0.0,0.0,0.0,0.0,0.0
Hempfield,PSA,2019,4,1,1,70.15,21.9,20.55,14.5,13.2,70.15,21.9,20.55,14.5,13.2,71.651,22.4,21.45,13.9,13.9,0.0,0.0,0.0,0.0,0.0
Hempfield,PSA,2019,9,5,2,70.9,22.15,21.0,14.2,13.55,71.651,22.4,21.45,13.9,13.9,80.275,25.8,25.125,15.15,14.2,1.501,0.5,0.9,-0.6,0.7
Hempfield,PSA,2019,10,1,3,74.025,23.367,22.375,14.517,13.767,80.275,25.8,25.125,15.15,14.2,83.101,26.3,24.0,16.8,16.0,8.624,3.4,3.675,1.25,0.3
Heritage HS,PSA,2019,5,0,0,0.0,0.0,0.0,0.0,0.0,0.0,0.0,0.0,0.0,0.0,73.575,22.575,14.6,22.4,14.0,0.0,0.0,0.0,0.0,0.0
Heritage HS,PSA,2019,8,3,1,73.575,22.575,14.6,22.4,14.0,73.575,22.575,14.6,22.4,14.0,77.0,24.9,15.0,22.4,14.7,0.0,0.0,0.0,0.0,0.0
Heritage Indoor Percussion Ensemble,PSA,2019,0,0,0,0.0,0.0,0.0,0.0,0.0,0.0,0.0,0.0,0.0,0.0,64.3,19.9,19.2,12.1,13.1,0.0,0.0,0.0,0.0,0.0
Heritage Indoor Percussion Ensemble,PSA,2019,1,1,1,64.3,19.9,19.2,12.1,13.1,64.3,19.9,19.2,12.1,13.1,65.701,20.1,18.6,14.3,12.7,0.0,0.0,0.0,0.0,0.0
Heritage Indoor Percussion Ensemble,PSA,2019,9,8,2,65.0,20.0,18.9,13.2,12.9,65.701,20.1,18.6,14.3,12.7,81.126,24.9,24.825,16.85,14.55,1.401,0.2,-0.6,2.2,-0.4
Hilton HS Percussion,PSA,2019,2,0,0,0.0,0.0,0.0,0.0,0.0,0.0,0.0,0.0,0.0,0.0,68.15,20.4,20.55,13.9,13.3,0.0,0.0,0.0,0.0,0.0
Hilton HS Percussion,PSA,2019,3,1,1,68.15,20.4,20.55,13.9,13.3,68.15,20.4,20.55,13.9,13.3,77.7,23.4,24.0,14.3,16.0,0.0,0.0,0.0,0.0,0.0
Hilton HS Percussion,PSA,2019,5,2,2,72.925,21.9,22.275,14.1,14.65,77.7,23.4,24.0,14.3,16.0,80.0,23.8,24.0,16.5,15.7,9.55,3.0,3.45,0.4,2.7
Hilton HS Percussion,PSA,2019,6,1,3,75.283,22.533,22.85,14.9,15.0,80.0,23.8,24.0,16.5,15.7,83.15,24.9,25.35,16.1,16.8,2.3,0.4,0.0,2.2,-0.3
Hopewell Valley Central,PSA,2019,3,0,0,0.0,0.0,0.0,0.0,0.0,0.0,0.0,0.0,0.0,0.0,62.101,20.3,17.4,12.5,11.9,0.0,0.0,0.0,0.0,0.0
Hopewell Valley Central,PSA,2019,4,1,1,62.101,20.3,17.4,12.5,11.9,62.101,20.3,17.4,12.5,11.9,67.15,20.5,19.35,13.6,13.7,0.0,0.0,0.0,0.0,0.0
Hopewell Valley Central,PSA,2019,5,1,2,64.626,20.4,18.375,13.05,12.8,67.15,20.5,19.35,13.6,13.7,69.851,21.3,20.55,14.2,13.8,5.049,0.2,1.95,1.1,1.8
Hopewell Valley Central,PSA,2019,8,3,3,66.367,20.7,19.1,13.433,13.133,69.851,21.3,20.55,14.2,13.8,77.901,25.0,22.2,15.1,15.6,2.701,0.8,1.2,0.6,0.1
Hopewell Valley Central,PSA,2019,9,1,4,69.251,21.775,19.875,13.85,13.75,77.901,25.0,22.2,15.1,15.6,82.8,25.2,25.8,16.7,15.1,8.05,3.7,1.65,0.9,1.8
Hopewell Valley Central,PSA,2019,10,1,5,71.961,22.46,21.06,14.42,14.02,82.8,25.2,25.8,16.7,15.1,82.901,25.35,23.1,16.85,17.6,4.899,0.2,3.6,1.6,-0.5
Ironwood Ridge HS,PSA,2019,6,0,0,0.0,0.0,0.0,0.0,0.0,0.0,0.0,0.0,0.0,0.0,70.951,21.15,15.0,21.5,13.3,0.0,0.0,0.0,0.0,0.0
Ironwood Ridge HS,PSA,2019,8,2,1,70.951,21.15,15.0,21.5,13.3,70.951,21.15,15.0,21.5,13.3,80.001,24.45,15.4,23.8,16.35,0.0,0.0,0.0,0.0,0.0
James Pace Early College HS,PSA,2019,4,0,0,0.0,0.0,0.0,0.0,0.0,0.0,0.0,0.0,0.0,0.0,71.701,22.8,13.8,21.5,13.6,0.0,0.0,0.0,0.0,0.0
James Pace Early College HS,PSA,2019,6,2,1,71.701,22.8,13.8,21.5,13.6,71.701,22.8,13.8,21.5,13.6,67.1,19.65,13.3,20.85,13.3,0.0,0.0,0.0,0.0,0.0
Jordan Elbridge Indoor Percussion,PSA,2019,2,0,0,0.0,0.0,0.0,0.0,0.0,0.0,0.0,0.0,0.0,0.0,60.401,18.2,18.3,12.0,11.9,0.0,0.0,0.0,0.0,0.0
Jordan Elbridge Indoor Percussion,PSA,2019,4,2,1,60.401,18.2,18.3,12.0,11.9,60.401,18.2,18.3,12.0,11.9,74.1,21.2,22.8,14.3,15.8,0.0,0.0,0.0,0.0,0.0
Jordan Elbridge Indoor Percussion,PSA,2019,6,2,2,67.25,19.7,20.55,13.15,13.85,74.1,21.2,22.8,14.3,15.8,76.701,22.4,22.8,15.7,15.8,13.699,3.0,4.5,2.3,3.9
Jordan Elbridge Indoor Percussion,PSA,2019,9,3,3,70.401,20.6,21.3,14.0,14.5,76.701,22.4,22.8,15.7,15.8,84.05,25.3,27.15,15.2,16.4,2.601,1.2,0.0,1.4,0.0
Jordan Elbridge Indoor Percussion,PSA,2019,10,1,4,73.813,21.775,22.763,14.3,14.975,84.05,25.3,27.15,15.2,16.4,81.6,25.4,23.7,16.0,16.5,7.349,2.9,4.35,-0.5,0.6
Kamiak HS,PSA,2019,8,0,0,0.0,0.0,0.0,0.0,0.0,0.0,0.0,0.0,0.0,0.0,86.5,26.1,17.7,25.9,16.8,0.0,0.0,0.0,0.0,0.0
Kamiak HS,PSA,2019,11,3,1,86.5,26.1,17.7,25.9,16.8,86.5,26.1,17.7,25.9,16.8,92.613,28.013,18.05,28.475,18.075,0.0,0.0,0.0,0.0,0.0
Karns High School,PSA,2019,0,0,0,0.0,0.0,0.0,0.0,0.0,0.0,0.0,0.0,0.0,0.0,63.3,19.0,18.9,12.3,13.1,0.0,0.0,0.0,0.0,0.0
Karns High School,PSA,2019,1,1,1,63.3,19.0,18.9,12.3,13.1,63.3,19.0,18.9,12.3,13.1,65.35,20.2,19.05,13.6,12.5,0.0,0.0,0.0,0.0,0.0
Karns High School,PSA,2019,3,2,2,64.325,19.6,18.975,12.95,12.8,65.35,20.2,19.05,13.6,12.5,68.5,21.9,19.5,13.2,13.9,2.05,1.2,0.15,1.3,-0.6
Karns High School,PSA,2019,5,2,3,65.717,20.367,19.15,13.033,13.167,68.5,21.9,19.5,13.2,13.9,73.2,23.3,21.3,14.2,14.4,3.15,1.7,0.45,-0.4,1.4
Karns High School,PSA,2019,9,4,4,67.587,21.1,19.688,13.325,13.475,73.2,23.3,21.3,14.2,14.4,74.525,23.35,21.825,14.6,14.75,4.7,1.4,1.8,1.0,0.5
Kettering Fairmont HS,PSA,2019,3,0,0,0.0,0.0,0.0,0.0,0.0,0.0,0.0,0.0,0.0,0.0,72.5,21.9,14.2,21.6,14.8,0.0,0.0,0.0,0.0,0.0
Kettering Fairmont HS,PSA,2019,8,5,1,72.5,21.9,14.2,21.6,14.8,72.5,21.9,14.2,21.6,14.8,79.9,24.75,15.9,23.45,15.8,0.0,0.0,0.0,0.0,0.0
La Canada HS,PSA,2019,3,0,0,0.0,0.0,0.0,0.0,0.0,0.0,0.0,0.0,0.0,0.0,68.6,20.4,14.0,20.7,13.5,0.0,0.0,0.0,0.0,0.0
La Canada HS,PSA,2019,6,3,1,68.6,20.4,14.0,20.7,13.5,68.6,20.4,14.0,20.7,13.5,71.251,21.15,14.3,21.9,13.9,0.0,0.0,0.0,0.0,0.0
Lemoore HS,PSA,2019,5,0,0,0.0,0.0,0.0,0.0,0.0,0.0,0.0,0.0,0.0,0.0,80.45,24.75,15.7,24.6,15.4,0.0,0.0,0.0,0.0,0.0
Lemoore HS,PSA,2019,8,3,1,80.45,24.75,15.7,24.6,15.4,80.45,24.75,15.7,24.6,15.4,82.825,24.525,16.55,24.9,16.85,0.0,0.0,0.0,0.0,0.0
Lewisville HS,PSA,2019,4,0,0,0.0,0.0,0.0,0.0,0.0,0.0,0.0,0.0,0.0,0.0,79.1,24.6,15.5,23.9,15.1,0.0,0.0,0.0,0.0,0.0
Lewisville HS,PSA,2019,6,2,1,79.1,24.6,15.5,23.9,15.1,79.1,24.6,15.5,23.9,15.1,85.45,25.2,17.1,26.45,16.7,0.0,0.0,0.0,0.0,0.0
Liverpool Indoor Percussion,PSA,2019,2,0,0,0.0,0.0,0.0,0.0,0.0,0.0,0.0,0.0,0.0,0.0,69.45,21.4,21.3,13.35,13.4,0.0,0.0,0.0,0.0,0.0
Liverpool Indoor Percussion,PSA,2019,3,1,1,69.45,21.4,21.3,13.35,13.4,69.45,21.4,21.3,13.35,13.4,77.8,23.8,24.3,14.1,15.6,0.0,0.0,0.0,0.0,0.0
Liverpool Indoor Percussion,PSA,2019,4,1,2,73.625,22.6,22.8,13.725,14.5,77.8,23.8,24.3,14.1,15.6,77.75,23.7,22.95,15.6,15.5,8.35,2.4,3.0,0.75,2.2
Liverpool Indoor Percussion,PSA,2019,6,2,3,75.0,22.967,22.85,14.35,14.833,77.75,23.7,22.95,15.6,15.5,83.6,25.1,25.5,16.5,16.5,-0.05,-0.1,-1.35,1.5,-0.1
Marcus Whitman,PSA,2019,3,0,0,0.0,0.0,0.0,0.0,0.0,0.0,0.0,0.0,0.0,0.0,57.301,16.0,18.0,11.7,11.6,0.0,0.0,0.0,0.0,0.0
Marcus Whitman,PSA,2019,5,2,1,57.301,16.0,18.0,11.7,11.6,57.301,16.0,18.0,11.7,11.6,60.1,17.3,18.0,12.3,12.5,0.0,0.0,0.0,0.0,0.0
Marcus Whitman,PSA,2019,7,2,2,58.701,16.65,18.0,12.0,12.05,60.1,17.3,18.0,12.3,12.5,62.5,18.1,19.8,12.2,12.4,2.799,1.3,0.0,0.6,0.9
Marcus Whitman,PSA,2019,8,1,3,59.967,17.133,18.6,12.067,12.167,62.5,18.1,19.8,12.2,12.4,63.35,19.8,18.45,12.7,12.4,2.4,0.8,1.8,-0.1,-0.1
Marcus Whitman,PSA,2019,10,2,4,60.813,17.8,18.562,12.225,12.225,63.35,19.8,18.45,12.7,12.4,68.251,20.8,20.55,13.6,13.3,0.85,1.7,-1.35,0.5,0.0
Merced HS,PSA,2019,5,0,0,0.0,0.0,0.0,0.0,0.0,0.0,0.0,0.0,0.0,0.0,71.876,23.175,14.3,20.3,14.1,0.0,0.0,0.0,0.0,0.0
Merced HS,PSA,2019,8,3,1,71.876,23.175,14.3,20.3,14.1,71.876,23.175,14.3,20.3,14.1,75.05,23.25,15.6,21.7,14.5,0.0,0.0,0.0,0.0,0.0
Methacton,PSA,2019,3,0,0,0.0,0.0,0.0,0.0,0.0,0.0,0.0,0.0,0.0,0.0,67.451,20.8,19.65,13.3,13.7,0.0,0.0,0.0,0.0,0.0
Methacton,PSA,2019,5,2,1,67.451,20.8,19.65,13.3,13.7,67.451,20.8,19.65,13.3,13.7,71.55,21.2,22.35,15.0,13.0,0.0,0.0,0.0,0.0,0.0
Methacton,PSA,2019,6,1,2,69.5,21.0,21.0,14.15,13.35,71.55,21.2,22.35,15.0,13.0,73.951,22.2,22.95,14.3,14.5,4.099,0.4,2.7,1.7,-0.7
Methacton,PSA,2019,9,3,3,70.984,21.4,21.65,14.2,13.733,73.951,22.2,22.95,14.3,14.5,77.35,23.4,24.15,14.8,15.0,2.401,1.0,0.6,-0.7,1.5
Methacton,PSA,2019,10,1,4,72.575,21.9,22.275,14.35,14.05,77.35,23.4,24.15,14.8,15.0,78.5,25.0,23.4,15.7,14.4,3.399,1.2,1.2,0.5,0.5
Milford HS (OH),PSA,2019,3,0,0,0.0,0.0,0.0,0.0,0.0,0.0,0.0,0.0,0.0,0.0,79.9,24.75,15.85,23.5,15.8,0.0,0.0,0.0,0.0,0.0
Milford HS (OH),PSA,2019,8,5,1,79.9,24.75,15.85,23.5,15.8,79.9,24.75,15.85,23.5,15.8,89.075,27.75,17.4,26.025,17.9,0.0,0.0,0.0,0.0,0.0
Minooka Community HS,PSA,2019,5,0,0,0.0,0.0,0.0,0.0,0.0,0.0,0.0,0.0,0.0,0.0,72.6,21.3,14.6,22.4,14.3,0.0,0.0,0.0,0.0,0.0
Minooka Community HS,PSA,2019,6,1,1,72.6,21.3,14.6,22.4,14.3,72.6,21.3,14.6,22.4,14.3,78.651,24.45,15.4,23.5,15.3,0.0,0.0,0.0,0.0,0.0
Mohonasen,PSA,2019,6,0,0,0.0,0.0,0.0,0.0,0.0,0.0,0.0,0.0,0.0,0.0,71.301,20.7,21.3,14.6,14.7,0.0,0.0,0.0,0.0,0.0
Mohonasen,PSA,2019,7,1,1,71.301,20.7,21.3,14.6,14.7,71.301,20.7,21.3,14.6,14.7,72.35,21.3,23.25,14.0,13.8,0.0,0.0,0.0,0.0,0.0
Mohonasen,PSA,2019,10,3,2,71.826,21.0,22.275,14.3,14.25,72.35,21.3,23.25,14.0,13.8,74.351,22.5,21.45,15.4,15.0,1.049,0.6,1.95,-0.6,-0.9
Morton Ranch HS,PSA,2019,4,0,0,0.0,0.0,0.0,0.0,0.0,0.0,0.0,0.0,0.0,0.0,74.451,22.05,15.6,21.8,15.0,0.0,0.0,0.0,0.0,0.0
Morton Ranch HS,PSA,2019,6,2,1,74.451,22.05,15.6,21.8,15.0,74.451,22.05,15.6,21.8,15.0,75.0,22.65,15.1,22.35,14.9,0.0,0.0,0.0,0.0,0.0
New Hartford,PSA,2019,2,0,0,0.0,0.0,0.0,0.0,0.0,0.0,0.0,0.0,0.0,0.0,64.3,19.2,19.05,13.25,12.8,0.0,0.0,0.0,0.0,0.0
New Hartford,PSA,2019,5,3,1,64.3,19.2,19.05,13.25,12.8,64.3,19.2,19.05,13.25,12.8,73.3,21.2,21.9,16.0,14.2,0.0,0.0,0.0,0.0,0.0
New Hartford,PSA,2019,6,1,2,68.8,20.2,20.475,14.625,13.5,73.3,21.2,21.9,16.0,14.2,76.451,23.4,22.65,15.2,15.2,9.0,2.0,2.85,2.75,1.4
New Hartford,PSA,2019,8,2,3,71.35,21.267,21.2,14.817,14.067,76.451,23.4,22.65,15.2,15.2,78.1,23.9,24.3,14.9,15.0,3.151,2.2,0.75,-0.8,1.0
New Hartford,PSA,2019,10,2,4,73.038,21.925,21.975,14.838,14.3,78.1,23.9,24.3,14.9,15.0,83.075,25.7,24.375,16.6,16.4,1.649,0.5,1.65,-0.3,-0.2
Ninety Six HS,PSA,2019,5,0,0,0.0,0.0,0.0,0.0,0.0,0.0,0.0,0.0,0.0,0.0,77.251,21.0,14.9,24.85,16.5,0.0,0.0,0.0,0.0,0.0
Ninety Six HS,PSA,2019,7,2,1,77.251,21.0,14.9,24.85,16.5,77.251,21.0,14.9,24.85,16.5,85.425,25.275,17.15,26.4,16.6,0.0,0.0,0.0,0.0,0.0
Nogales HS,PSA,2019,3,0,0,0.0,0.0,0.0,0.0,0.0,0.0,0.0,0.0,0.0,0.0,79.05,23.55,15.9,23.8,15.8,0.0,0.0,0.0,0.0,0.0
Nogales HS,PSA,2019,7,4,1,79.05,23.55,15.9,23.8,15.8,79.05,23.55,15.9,23.8,15.8,83.7,24.9,17.4,24.6,16.8,0.0,0.0,0.0,0.0,0.0
Nogales HS,PSA,2019,10,3,2,81.375,24.225,16.65,24.2,16.3,83.7,24.9,17.4,24.6,16.8,90.963,26.962,18.7,26.8,18.5,4.65,1.35,1.5,0.8,1.0
North Penn,PSA,2019,5,0,0,0.0,0.0,0.0,0.0,0.0,0.0,0.0,0.0,0.0,0.0,66.501,20.2,19.8,14.8,11.7,0.0,0.0,0.0,0.0,0.0
North Penn,PSA,2019,6,1,1,66.501,20.2,19.8,14.8,11.7,66.501,20.2,19.8,14.8,11.7,72.75,20.2,22.05,15.0,15.5,0.0,0.0,0.0,0.0,0.0
North Penn,PSA,2019,8,2,2,69.626,20.2,20.925,14.9,13.6,72.75,20.2,22.05,15.0,15.5,76.6,23.2,21.9,16.0,15.5,6.249,0.0,2.25,0.2,3.8
North Penn,PSA,2019,9,1,3,71.95,21.2,21.25,15.267,14.233,76.6,23.2,21.9,16.0,15.5,78.65,22.6,23.85,16.8,15.4,3.85,3.0,-0.15,1.0,0.0
North Penn,PSA,2019,10,1,4,73.625,21.55,21.9,15.65,14.525,78.65,22.6,23.85,16.8,15.4,80.55,23.8,23.85,15.6,17.3,2.05,-0.6,1.95,0.8,-0.1
Oak Ridge Indoor Percussion,PSA,2019,0,0,0,0.0,0.0,0.0,0.0,0.0,0.0,0.0,0.0,0.0,0.0,70.05,20.2,21.45,14.3,14.1,0.0,0.0,0.0,0.0,0.0
Oak Ridge Indoor Percussion,PSA,2019,1,1,1,70.05,20.2,21.45,14.3,14.1,70.05,20.2,21.45,14.3,14.1,68.0,20.5,18.9,14.5,14.1,0.0,0.0,0.0,0.0,0.0
Oak Ridge Indoor Percussion,PSA,2019,3,2,2,69.025,20.35,20.175,14.4,14.1,68.0,20.5,18.9,14.5,14.1,77.15,23.6,23.85,14.7,15.0,-2.05,0.3,-2.55,0.2,0.0
Oak Ridge Indoor Percussion,PSA,2019,9,6,3,71.733,21.433,21.4,14.5,14.4,77.15,23.6,23.85,14.7,15.0,87.375,27.4,25.425,17.4,17.15,9.15,3.1,4.95,0.2,0.9
Olentangy Liberty HS,PSA,2019,3,0,0,0.0,0.0,0.0,0.0,0.0,0.0,0.0,0.0,0.0,0.0,72.626,22.425,15.0,20.0,15.2,0.0,0.0,0.0,0.0,0.0
Olentangy Liberty HS,PSA,2019,8,5,1,72.626,22.425,15.0,20.0,15.2,72.626,22.425,15.0,20.0,15.2,83.576,24.525,16.75,25.45,16.85,0.0,0.0,0.0,0.0,0.0
Owen J Roberts,PSA,2019,3,0,0,0.0,0.0,0.0,0.0,0.0,0.0,0.0,0.0,0.0,0.0,69.05,22.3,19.95,14.1,12.7,0.0,0.0,0.0,0.0,0.0
Owen J Roberts,PSA,2019,5,2,1,69.05,22.3,19.95,14.1,12.7,69.05,22.3,19.95,14.1,12.7,75.95,23.2,21.75,15.7,15.3,0.0,0.0,0.0,0.0,0.0
Owen J Roberts,PSA,2019,6,1,2,72.5,22.75,20.85,14.9,14.0,75.95,23.2,21.75,15.7,15.3,80.076,22.35,25.725,15.9,16.1,6.9,0.9,1.8,1.6,2.6
Owen J Roberts,PSA,2019,8,2,3,75.025,22.617,22.475,15.233,14.7,80.076,22.35,25.725,15.9,16.1,78.851,22.2,22.95,16.6,17.1,4.126,-0.85,3.975,0.2,0.8
Owen J Roberts,PSA,2019,9,1,4,75.982,22.512,22.594,15.575,15.3,78.851,22.2,22.95,16.6,17.1,82.651,24.4,25.95,16.2,16.1,-1.225,-0.15,-2.775,0.7,1.0
Owen J Roberts,PSA,2019,10,1,5,77.316,22.89,23.265,15.7,15.46,82.651,24.4,25.95,16.2,16.1,81.551,26.35,22.8,16.5,15.9,3.8,2.2,3.0,-0.4,-1.0
Palm Desert HS,PSA,2019,2,0,0,0.0,0.0,0.0,0.0,0.0,0.0,0.0,0.0,0.0,0.0,65.551,19.05,13.7,19.1,13.7,0.0,0.0,0.0,0.0,0.0
Palm Desert HS,PSA,2019,3,1,1,65.551,19.05,13.7,19.1,13.7,65.551,19.05,13.7,19.1,13.7,67.6,19.2,13.6,21.0,13.8,0.0,0.0,0.0,0.0,0.0
Patrick Henry HS,PSA,2019,2,0,0,0.0,0.0,0.0,0.0,0.0,0.0,0.0,0.0,0.0,0.0,65.251,20.85,12.6,18.7,13.1,0.0,0.0,0.0,0.0,0.0
Patrick Henry HS,PSA,2019,3,1,1,65.251,20.85,12.6,18.7,13.1,65.251,20.85,12.6,18.7,13.1,67.55,18.75,13.5,21.4,13.9,0.0,0.0,0.0,0.0,0.0
Patrick Henry HS,PSA,2019,6,3,2,66.4,19.8,13.05,20.05,13.5,67.55,18.75,13.5,21.4,13.9,71.151,22.95,13.7,20.2,14.3,2.299,-2.1,0.9,2.7,0.8
Perry HS,PSA,2019,6,0,0,0.0,0.0,0.0,0.0,0.0,0.0,0.0,0.0,0.0,0.0,76.75,23.25,15.2,22.1,16.2,0.0,0.0,0.0,0.0,0.0
Perry HS,PSA,2019,8,2,1,76.75,23.25,15.2,22.1,16.2,76.75,23.25,15.2,22.1,16.2,72.95,19.05,16.9,20.6,16.4,0.0,0.0,0.0,0.0,0.0
Phoenix Indoor Percussion,PSA,2019,2,0,0,0.0,0.0,0.0,0.0,0.0,0.0,0.0,0.0,0.0,0.0,61.476,18.6,18.225,12.55,12.1,0.0,0.0,0.0,0.0,0.0
Phoenix Indoor Percussion,PSA,2019,3,1,1,61.476,18.6,18.225,12.55,12.1,61.476,18.6,18.225,12.55,12.1,71.051,21.4,21.45,13.1,15.1,0.0,0.0,0.0,0.0,0.0
Phoenix Indoor Percussion,PSA,2019,4,1,2,66.264,20.0,19.838,12.825,13.6,71.051,21.4,21.45,13.1,15.1,74.2,21.1,22.5,15.1,15.5,9.575,2.8,3.225,0.55,3.0
Phoenix Indoor Percussion,PSA,2019,7,3,3,68.909,20.367,20.725,13.583,14.233,74.2,21.1,22.5,15.1,15.5,79.15,23.1,24.75,15.4,15.9,3.149,-0.3,1.05,2.0,0.4
Phoenix Indoor Percussion,PSA,2019,9,2,4,71.469,21.05,21.731,14.038,14.65,79.15,23.1,24.75,15.4,15.9,83.8,24.8,26.1,16.3,16.6,4.95,2.0,2.25,0.3,0.4
Phoenix Indoor Percussion,PSA,2019,10,1,5,73.935,21.8,22.605,14.49,15.04,83.8,24.8,26.1,16.3,16.6,82.475,24.6,24.675,16.4,16.8,4.65,1.7,1.35,0.9,0.7
Phoenixville,PSA,2019,4,0,0,0.0,0.0,0.0,0.0,0.0,0.0,0.0,0.0,0.0,0.0,68.451,21.1,20.25,13.1,14.0,0.0,0.0,0.0,0.0,0.0
Phoenixville,PSA,2019,5,1,1,68.451,21.1,20.25,13.1,14.0,68.451,21.1,20.25,13.1,14.0,73.75,21.7,23.55,15.1,13.4,0.0,0.0,0.0,0.0,0.0
Phoenixville,PSA,2019,6,1,2,71.1,21.4,21.9,14.1,13.7,73.75,21.7,23.55,15.1,13.4,75.301,22.7,22.5,14.8,15.3,5.299,0.6,3.3,2.0,-0.6
Phoenixville,PSA,2019,9,3,3,72.501,21.833,22.1,14.333,14.233,75.301,22.7,22.5,14.8,15.3,79.45,24.3,23.55,15.0,16.6,1.551,1.0,-1.05,-0.3,1.9
Phoenixville,PSA,2019,10,1,4,74.238,22.45,22.462,14.5,14.825,79.45,24.3,23.55,15.0,16.6,78.5,23.2,22.65,16.4,16.25,4.149,1.6,1.05,0.2,1.3
Quakertown,PSA,2019,4,0,0,0.0,0.0,0.0,0.0,0.0,0.0,0.0,0.0,0.0,0.0,70.751,20.6,21.3,14.4,14.45,0.0,0.0,0.0,0.0,0.0
Quakertown,PSA,2019,6,2,1,70.751,20.6,21.3,14.4,14.45,70.751,20.6,21.3,14.4,14.45,76.626,22.5,23.925,15.3,14.9,0.0,0.0,0.0,0.0,0.0
Quakertown,PSA,2019,8,2,2,73.688,21.55,22.612,14.85,14.675,76.626,22.5,23.925,15.3,14.9,78.551,24.8,23.4,15.25,15.1,5.875,1.9,2.625,0.9,0.45
Quakertown,PSA,2019,9,1,3,75.309,22.633,22.875,14.983,14.817,78.551,24.8,23.4,15.25,15.1,80.401,25.3,24.9,15.4,14.8,1.925,2.3,-0.525,-0.05,0.2
Quakertown,PSA,2019,10,1,4,76.582,23.3,23.381,15.088,14.812,80.401,25.3,24.9,15.4,14.8,79.75,25.2,23.55,15.4,15.6,1.85,0.5,1.5,0.15,-0.3
Rancho Verde HS,PSA,2019,6,0,0,0.0,0.0,0.0,0.0,0.0,0.0,0.0,0.0,0.0,0.0,78.8,23.85,15.55,23.9,15.5,0.0,0.0,0.0,0.0,0.0
Rancho Verde HS,PSA,2019,7,1,1,78.8,23.85,15.55,23.9,15.5,78.8,23.85,15.55,23.9,15.5,82.85,24.15,16.6,25.7,16.4,0.0,0.0,0.0,0.0,0.0
Rancho Verde HS,PSA,2019,10,3,2,80.825,24.0,16.075,24.8,15.95,82.85,24.15,16.6,25.7,16.4,91.913,27.488,18.5,28.1,17.825,4.05,0.3,1.05,1.8,0.9
Rhea County Percussion,PSA,2019,0,0,0,0.0,0.0,0.0,0.0,0.0,0.0,0.0,0.0,0.0,0.0,61.15,18.1,18.45,11.9,12.7,0.0,0.0,0.0,0.0,0.0
Rhea County Percussion,PSA,2019,3,3,1,61.15,18.1,18.45,11.9,12.7,61.15,18.1,18.45,11.9,12.7,68.65,20.7,19.35,14.2,14.4,0.0,0.0,0.0,0.0,0.0
Rhea County Percussion,PSA,2019,5,2,2,64.9,19.4,18.9,13.05,13.55,68.65,20.7,19.35,14.2,14.4,70.8,22.0,20.7,14.0,14.1,7.5,2.6,0.9,2.3,1.7
Rhea County Percussion,PSA,2019,9,4,3,66.867,20.267,19.5,13.367,13.733,70.8,22.0,20.7,14.0,14.1,73.3,22.35,21.15,14.75,15.05,2.15,1.3,1.35,-0.2,-0.3
Ridley,PSA,2019,4,0,0,0.0,0.0,0.0,0.0,0.0,0.0,0.0,0.0,0.0,0.0,74.0,22.6,21.75,15.25,14.4,0.0,0.0,0.0,0.0,0.0
Ridley,PSA,2019,5,1,1,74.0,22.6,21.75,15.25,14.4,74.0,22.6,21.75,15.25,14.4,79.6,24.8,22.5,16.2,16.1,0.0,0.0,0.0,0.0,0.0
Ridley,PSA,2019,8,3,2,76.8,23.7,22.125,15.725,15.25,79.6,24.8,22.5,16.2,16.1,86.125,26.2,26.025,17.4,16.5,5.6,2.2,0.75,0.95,1.7
Ridley,PSA,2019,9,1,3,79.908,24.533,23.425,16.283,15.667,86.125,26.2,26.025,17.4,16.5,85.425,25.1,25.125,17.6,17.6,6.525,1.4,3.525,1.2,0.4
Ridley,PSA,2019,10,1,4,81.288,24.675,23.85,16.612,16.15,85.425,25.1,25.125,17.6,17.6,87.15,27.4,24.45,17.3,18.0,-0.7,-1.1,-0.9,0.2,1.1
Riverside Poly HS,PSA,2019,2,0,0,0.0,0.0,0.0,0.0,0.0,0.0,0.0,0.0,0.0,0.0,69.85,20.25,14.9,20.3,14.4,0.0,0.0,0.0,0.0,0.0
Riverside Poly HS,PSA,2019,6,4,1,69.85,20.25,14.9,20.3,14.4,69.85,20.25,14.9,20.3,14.4,73.175,21.825,15.45,21.0,14.9,0.0,0.0,0.0,0.0,0.0
Seymour HS,PSA,2019,5,0,0,0.0,0.0,0.0,0.0,0.0,0.0,0.0,0.0,0.0,0.0,75.55,22.35,14.4,24.5,14.3,0.0,0.0,0.0,0.0,0.0
Seymour HS,PSA,2019,8,3,1,75.55,22.35,14.4,24.5,14.3,75.55,22.35,14.4,24.5,14.3,80.45,26.55,16.9,22.2,14.8,0.0,0.0,0.0,0.0,0.0
Seymour Indoor Percussion,PSA,2019,0,0,0,0.0,0.0,0.0,0.0,0.0,0.0,0.0,0.0,0.0,0.0,67.7,20.9,19.5,13.7,13.6,0.0,0.0,0.0,0.0,0.0
Seymour Indoor Percussion,PSA,2019,1,1,1,67.7,20.9,19.5,13.7,13.6,67.7,20.9,19.5,13.7,13.6,67.95,21.2,19.95,13.7,13.1,0.0,0.0,0.0,0.0,0.0
Seymour Indoor Percussion,PSA,2019,9,8,2,67.825,21.05,19.725,13.7,13.35,67.95,21.2,19.95,13.7,13.1,87.775,27.5,26.325,17.1,16.85,0.25,0.3,0.45,0.0,-0.5
South Pasadena HS,PSA,2019,2,0,0,0.0,0.0,0.0,0.0,0.0,0.0,0.0,0.0,0.0,0.0,61.25,19.65,12.2,17.1,12.3,0.0,0.0,0.0,0.0,0.0
South Pasadena HS,PSA,2019,6,4,1,61.25,19.65,12.2,17.1,12.3,61.25,19.65,12.2,17.1,12.3,68.75,20.7,13.8,21.05,13.2,0.0,0.0,0.0,0.0,0.0
South Pasadena HS,PSA,2019,7,1,2,65.0,20.175,13.0,19.075,12.75,68.75,20.7,13.8,21.05,13.2,72.9,22.8,14.7,22.3,13.1,7.5,1.05,1.6,3.95,0.9
Southern Regional,PSA,2019,3,0,0,0.0,0.0,0.0,0.0,0.0,0.0,0.0,0.0,0.0,0.0,75.2,22.8,21.3,15.9,15.2,0.0,0.0,0.0,0.0,0.0
Southern Regional,PSA,2019,6,3,1,75.2,22.8,21.3,15.9,15.2,75.2,22.8,21.3,15.9,15.2,80.55,23.95,25.2,15.4,16.0,0.0,0.0,0.0,0.0,0.0
Southern Regional,PSA,2019,8,2,2,77.875,23.375,23.25,15.65,15.6,80.55,23.95,25.2,15.4,16.0,87.65,25.9,26.25,17.9,17.6,5.35,1.15,3.9,-0.5,0.8
Southern Regional,PSA,2019,9,1,3,81.133,24.217,24.25,16.4,16.267,87.65,25.9,26.25,17.9,17.6,87.35,26.7,26.7,17.25,16.7,7.1,1.95,1.05,2.5,1.6
Southern Regional,PSA,2019,10,1,4,82.688,24.838,24.862,16.612,16.375,87.35,26.7,26.7,17.25,16.7,88.75,27.9,24.75,17.6,18.5,-0.3,0.8,0.45,-0.65,-0.9
St. Genevieve HS,PSA,2019,1,0,0,0.0,0.0,0.0,0.0,0.0,0.0,0.0,0.0,0.0,0.0,68.1,21.3,13.5,20.0,13.3,0.0,0.0,0.0,0.0,0.0
St. Genevieve HS,PSA,2019,3,2,1,68.1,21.3,13.5,20.0,13.3,68.1,21.3,13.5,20.0,13.3,73.476,21.975,13.3,24.0,14.2,0.0,0.0,0.0,0.0,0.0
St. Genevieve HS,PSA,2019,10,7,2,70.788,21.638,13.4,22.0,13.75,73.476,21.975,13.3,24.0,14.2,83.35,25.5,16.8,24.9,16.15,5.376,0.675,-0.2,4.0,0.9
Sycamore HS,PSA,2019,3,0,0,0.0,0.0,0.0,0.0,0.0,0.0,0.0,0.0,0.0,0.0,77.95,23.7,15.6,22.8,15.85,0.0,0.0,0.0,0.0,0.0
Sycamore HS,PSA,2019,11,8,1,77.95,23.7,15.6,22.8,15.85,77.95,23.7,15.6,22.8,15.85,89.638,26.663,18.05,26.675,18.25,0.0,0.0,0.0,0.0,0.0
Temecula Valley HS,PSA,2019,2,0,0,0.0,0.0,0.0,0.0,0.0,0.0,0.0,0.0,0.0,0.0,63.575,20.175,12.0,19.3,12.1,0.0,0.0,0.0,0.0,0.0
Temecula Valley HS,PSA,2019,6,4,1,63.575,20.175,12.0,19.3,12.1,63.575,20.175,12.0,19.3,12.1,70.951,22.35,15.0,20.9,12.7,0.0,0.0,0.0,0.0,0.0
Temescal Canyon HS,PSA,2019,2,0,0,0.0,0.0,0.0,0.0,0.0,0.0,0.0,0.0,0.0,0.0,64.951,19.95,13.2,17.9,13.9,0.0,0.0,0.0,0.0,0.0
Temescal Canyon HS,PSA,2019,6,4,1,64.951,19.95,13.2,17.9,13.9,64.951,19.95,13.2,17.9,13.9,69.35,20.85,14.55,20.25,13.7,0.0,0.0,0.0,0.0,0.0
Unionville,PSA,2019,4,0,0,0.0,0.0,0.0,0.0,0.0,0.0,0.0,0.0,0.0,0.0,75.2,22.5,22.95,14.95,14.8,0.0,0.0,0.0,0.0,0.0
Unionville,PSA,2019,5,1,1,75.2,22.5,22.95,14.95,14.8,75.2,22.5,22.95,14.95,14.8,80.95,25.3,23.85,16.1,15.7,0.0,0.0,0.0,0.0,0.0
Unionville,PSA,2019,9,4,2,78.075,23.9,23.4,15.525,15.25,80.95,25.3,23.85,16.1,15.7,88.6,25.0,27.6,17.8,18.2,5.75,2.8,0.9,1.15,0.9
Unionville,PSA,2019,10,1,3,81.583,24.267,24.8,16.283,16.233,88.6,25.0,27.6,17.8,18.2,89.95,27.95,25.95,17.9,18.15,7.65,-0.3,3.75,1.7,2.5
Upper Darby,PSA,2019,4,0,0,0.0,0.0,0.0,0.0,0.0,0.0,0.0,0.0,0.0,0.0,73.35,21.7,21.15,15.5,15.0,0.0,0.0,0.0,0.0,0.0
Upper Darby,PSA,2019,6,2,1,73.35,21.7,21.15,15.5,15.0,73.35,21.7,21.15,15.5,15.0,78.201,23.2,23.7,15.5,15.8,0.0,0.0,0.0,0.0,0.0
Upper Darby,PSA,2019,8,2,2,75.776,22.45,22.425,15.5,15.4,78.201,23.2,23.7,15.5,15.8,80.201,24.4,23.7,15.7,16.4,4.851,1.5,2.55,0.0,0.8
Upper Darby,PSA,2019,9,1,3,77.251,23.1,22.85,15.567,15.733,80.201,24.4,23.7,15.7,16.4,82.351,25.5,25.35,15.7,15.8,2.0,1.2,0.0,0.2,0.6
Upper Darby,PSA,2019,10,1,4,78.526,23.7,23.475,15.6,15.75,82.351,25.5,25.35,15.7,15.8,82.601,26.1,24.6,15.8,16.1,2.15,1.1,1.65,0.0,-0.6
Upper Moreland,PSA,2019,9,0,0,0.0,0.0,0.0,0.0,0.0,0.0,0.0,0.0,0.0,0.0,80.1,21.8,25.2,16.0,17.1,0.0,0.0,0.0,0.0,0.0
Upper Moreland,PSA,2019,10,1,1,80.1,21.8,25.2,16.0,17.1,80.1,21.8,25.2,16.0,17.1,84.001,25.9,25.05,16.45,16.6,0.0,0.0,0.0,0.0,0.0
Valhalla HS,PSA,2019,2,0,0,0.0,0.0,0.0,0.0,0.0,0.0,0.0,0.0,0.0,0.0,72.9,21.3,15.2,21.2,15.2,0.0,0.0,0.0,0.0,0.0
Valhalla HS,PSA,2019,4,2,1,72.9,21.3,15.2,21.2,15.2,72.9,21.3,15.2,21.2,15.2,70.5,20.7,14.8,21.9,13.1,0.0,0.0,0.0,0.0,0.0
Valhalla HS,PSA,2019,6,2,2,71.7,21.0,15.0,21.55,14.15,70.5,20.7,14.8,21.9,13.1,76.1,23.55,15.35,20.6,16.6,-2.4,-0.6,-0.4,0.7,-2.1
Valhalla HS,PSA,2019,8,2,3,73.167,21.85,15.117,21.233,14.967,76.1,23.55,15.35,20.6,16.6,83.025,24.975,16.75,24.45,16.85,5.6,2.85,0.55,-1.3,3.5
Victor J. Andrew HS,PSA,2019,3,0,0,0.0,0.0,0.0,0.0,0.0,0.0,0.0,0.0,0.0,0.0,85.5,26.1,17.6,23.9,17.9,0.0,0.0,0.0,0.0,0.0
Victor J. Andrew HS,PSA,2019,5,2,1,85.5,26.1,17.6,23.9,17.9,85.5,26.1,17.6,23.9,17.9,88.25,26.85,17.9,25.7,17.8,0.0,0.0,0.0,0.0,0.0
Vista HS,PSA,2019,2,0,0,0.0,0.0,0.0,0.0,0.0,0.0,0.0,0.0,0.0,0.0,66.001,19.2,12.8,20.6,13.4,0.0,0.0,0.0,0.0,0.0
Vista HS,PSA,2019,6,4,1,66.001,19.2,12.8,20.6,13.4,66.001,19.2,12.8,20.6,13.4,70.351,21.75,12.8,21.5,14.3,0.0,0.0,0.0,0.0,0.0
West Bloomfield HS,PSA,2019,2,0,0,0.0,0.0,0.0,0.0,0.0,0.0,0.0,0.0,0.0,0.0,71.3,21.0,13.7,22.4,14.2,0.0,0.0,0.0,0.0,0.0
West Bloomfield HS,PSA,2019,8,6,1,71.3,21.0,13.7,22.4,14.2,71.3,21.0,13.7,22.4,14.2,81.151,24.3,15.55,25.55,15.75,0.0,0.0,0.0,0.0,0.0
West HS (T),PSA,2019,3,0,0,0.0,0.0,0.0,0.0,0.0,0.0,0.0,0.0,0.0,0.0,74.051,21.3,15.0,22.9,14.85,0.0,0.0,0.0,0.0,0.0
West HS (T),PSA,2019,6,3,1,74.051,21.3,15.0,22.9,14.85,74.051,21.3,15.0,22.9,14.85,77.35,23.1,15.45,23.2,15.6,0.0,0.0,0.0,0.0,0.0
West HS (T),PSA,2019,10,4,2,75.7,22.2,15.225,23.05,15.225,77.35,23.1,15.45,23.2,15.6,82.35,24.0,16.55,25.25,16.55,3.299,1.8,0.45,0.3,0.75
Zionsville Community HS,PSA,2019,6,0,0,0.0,0.0,0.0,0.0,0.0,0.0,0.0,0.0,0.0,0.0,85.3,26.4,17.4,25.6,15.9,0.0,0.0,0.0,0.0,0.0
Zionsville Community HS,PSA,2019,11,5,1,85.3,26.4,17.4,25.6,15.9,85.3,26.4,17.4,25.6,15.9,95.05,28.65,19.45,28.525,18.425,0.0,0.0,0.0,0.0,0.0
Atlanta Quest,PIW,2019,7,0,0,0.0,0.0,0.0,0.0,0.0,0.0,0.0,0.0,0.0,0.0,84.8,25.05,16.4,25.95,17.4,0.0,0.0,0.0,0.0,0.0
Atlanta Quest,PIW,2019,8,1,1,84.8,25.05,16.4,25.95,17.4,84.8,25.05,16.4,25.95,17.4,86.875,25.875,16.9,26.85,17.25,0.0,0.0,0.0,0.0,0.0
Breakthrough Indoor Percussion,PIW,2019,4,0,0,0.0,0.0,0.0,0.0,0.0,0.0,0.0,0.0,0.0,0.0,77.8,24.0,15.1,23.0,15.7,0.0,0.0,0.0,0.0,0.0
Breakthrough Indoor Percussion,PIW,2019,6,2,1,77.8,24.0,15.1,23.0,15.7,77.8,24.0,15.1,23.0,15.7,81.9,24.9,17.2,23.6,16.2,0.0,0.0,0.0,0.0,0.0
Breakthrough Indoor Percussion,PIW,2019,8,2,2,79.85,24.45,16.15,23.3,15.95,81.9,24.9,17.2,23.6,16.2,79.851,23.85,16.3,23.4,16.3,4.1,0.9,2.1,0.6,0.5
Broken City,PIW,2019,3,0,0,0.0,0.0,0.0,0.0,0.0,0.0,0.0,0.0,0.0,0.0,85.75,25.95,17.4,24.6,17.8,0.0,0.0,0.0,0.0,0.0
Broken City,PIW,2019,6,3,1,85.75,25.95,17.4,24.6,17.8,85.75,25.95,17.4,24.6,17.8,89.65,27.45,18.1,26.1,18.0,0.0,0.0,0.0,0.0,0.0
Broken City,PIW,2019,8,2,2,87.7,26.7,17.75,25.35,17.9,89.65,27.45,18.1,26.1,18.0,94.75,28.95,19.0,28.3,18.5,3.9,1.5,0.7,1.5,0.2
Broken City,PIW,2019,9,1,3,90.05,27.45,18.167,26.333,18.1,94.75,28.95,19.0,28.3,18.5,95.5,28.5,19.4,28.8,18.8,5.1,1.5,0.9,2.2,0.5
Broken City,PIW,2019,10,1,4,91.412,27.712,18.475,26.95,18.275,95.5,28.5,19.4,28.8,18.8,96.95,29.1,19.3,29.1,19.45,0.75,-0.45,0.4,0.5,0.3
Broken City,PIW,2019,11,1,5,92.52,27.99,18.64,27.38,18.51,96.95,29.1,19.3,29.1,19.45,98.85,29.775,19.9,29.325,19.85,1.45,0.6,-0.1,0.3,0.65
Cap City Percussion,PIW,2019,6,0,0,0.0,0.0,0.0,0.0,0.0,0.0,0.0,0.0,0.0,0.0,82.05,24.75,16.5,25.6,15.2,0.0,0.0,0.0,0.0,0.0
Cap City Percussion,PIW,2019,11,5,1,82.05,24.75,16.5,25.6,15.2,82.05,24.75,16.5,25.6,15.2,89.663,27.038,17.975,26.35,18.3,0.0,0.0,0.0,0.0,0.0
ConneXus,PIW,2019,3,0,0,0.0,0.0,0.0,0.0,0.0,0.0,0.0,0.0,0.0,0.0,78.15,24.45,15.9,22.2,15.6,0.0,0.0,0.0,0.0,0.0
ConneXus,PIW,2019,8,5,1,78.15,24.45,15.9,22.2,15.6,78.15,24.45,15.9,22.2,15.6,85.85,26.25,16.75,25.65,17.2,0.0,0.0,0.0,0.0,0.0
Dark Sky Percussion,PIW,2019,3,0,0,0.0,0.0,0.0,0.0,0.0,0.0,0.0,0.0,0.0,0.0,82.15,24.15,16.6,24.9,16.5,0.0,0.0,0.0,0.0,0.0
Dark Sky Percussion,PIW,2019,5,2,1,82.15,24.15,16.6,24.9,16.5,82.15,24.15,16.6,24.9,16.5,84.85,25.65,16.9,25.0,17.3,0.0,0.0,0.0,0.0,0.0
Dark Sky Percussion,PIW,2019,8,3,2,83.5,24.9,16.75,24.95,16.9,84.85,25.65,16.9,25.0,17.3,86.975,25.575,17.0,27.15,17.25,2.7,1.5,0.3,0.1,0.8
Dark Sky Percussion,PIW,2019,9,1,3,84.658,25.125,16.833,25.683,17.017,86.975,25.575,17.0,27.15,17.25,89.8,27.3,18.5,26.4,17.6,2.125,-0.075,0.1,2.15,-0.05
Dark Sky Percussion,PIW,2019,10,1,4,85.944,25.669,17.25,25.862,17.162,89.8,27.3,18.5,26.4,17.6,89.1,27.075,17.6,27.225,17.2,2.825,1.725,1.5,-0.75,0.35
Dark Sky Percussion,PIW,2019,11,1,5,86.575,25.95,17.32,26.135,17.17,89.1,27.075,17.6,27.225,17.2,90.613,26.737,18.175,27.15,18.55,-0.7,-0.225,-0.9,0.825,-0.4
Equinox Percussion,PIW,2019,5,0,0,0.0,0.0,0.0,0.0,0.0,0.0,0.0,0.0,0.0,0.0,75.55,23.85,13.0,24.3,14.4,0.0,0.0,0.0,0.0,0.0
Equinox Percussion,PIW,2019,7,2,1,75.55,23.85,13.0,24.3,14.4,75.55,23.85,13.0,24.3,14.4,80.35,24.45,14.8,25.2,15.9,0.0,0.0,0.0,0.0,0.0
Genesis,PIW,2019,2,0,0,0.0,0.0,0.0,0.0,0.0,0.0,0.0,0.0,0.0,0.0,70.55,20.55,13.7,22.8,13.5,0.0,0.0,0.0,0.0,0.0
Genesis,PIW,2019,5,3,1,70.55,20.55,13.7,22.8,13.5,70.55,20.55,13.7,22.8,13.5,74.75,23.25,14.5,22.4,14.6,0.0,0.0,0.0,0.0,0.0
George Mason University,PIW,2019,4,0,0,0.0,0.0,0.0,0.0,0.0,0.0,0.0,0.0,0.0,0.0,80.15,23.85,16.1,24.8,15.4,0.0,0.0,0.0,0.0,0.0
George Mason University,PIW,2019,7,3,1,80.15,23.85,16.1,24.8,15.4,80.15,23.85,16.1,24.8,15.4,88.65,26.55,18.3,25.75,18.05,0.0,0.0,0.0,0.0,0.0
George Mason University,PIW,2019,11,4,2,84.4,25.2,17.2,25.275,16.725,88.65,26.55,18.3,25.75,18.05,91.476,28.2,18.525,26.875,17.875,8.5,2.7,2.2,0.95,2.65
INov8 Winter Percussion,PIW,2019,3,0,0,0.0,0.0,0.0,0.0,0.0,0.0,0.0,0.0,0.0,0.0,78.8,24.0,16.0,22.5,16.3,0.0,0.0,0.0,0.0,0.0
INov8 Winter Percussion,PIW,2019,6,3,1,78.8,24.0,16.0,22.5,16.3,78.8,24.0,16.0,22.5,16.3,81.55,24.75,16.1,23.9,16.8,0.0,0.0,0.0,0.0,0.0
INov8 Winter Percussion,PIW,2019,8,2,2,80.175,24.375,16.05,23.2,16.55,81.55,24.75,16.1,23.9,16.8,85.525,26.025,17.05,25.25,17.2,2.75,0.75,0.1,1.4,0.5
Infinity,PIW,2019,4,0,0,0.0,0.0,0.0,0.0,0.0,0.0,0.0,0.0,0.0,0.0,82.75,25.65,16.7,24.3,16.1,0.0,0.0,0.0,0.0,0.0
Infinity,PIW,2019,7,3,1,82.75,25.65,16.7,24.3,16.1,82.75,25.65,16.7,24.3,16.1,87.45,26.85,17.4,26.0,17.2,0.0,0.0,0.0,0.0,0.0
Infinity,PIW,2019,11,4,2,85.1,26.25,17.05,25.15,16.65,87.45,26.85,17.4,26.0,17.2,92.213,28.163,18.6,27.1,18.35,4.7,1.2,0.7,1.7,1.1
Matrix,PIW,2019,6,0,0,0.0,0.0,0.0,0.0,0.0,0.0,0.0,0.0,0.0,0.0,84.85,25.05,16.8,26.1,16.9,0.0,0.0,0.0,0.0,0.0
Matrix,PIW,2019,11,5,1,84.85,25.05,16.8,26.1,16.9,84.85,25.05,16.8,26.1,16.9,93.801,28.125,19.0,27.75,18.925,0.0,0.0,0.0,0.0,0.0
Monarch Independent,PIW,2019,6,0,0,0.0,0.0,0.0,0.0,0.0,0.0,0.0,0.0,0.0,0.0,83.3,24.9,17.1,24.5,16.8,0.0,0.0,0.0,0.0,0.0
Monarch Independent,PIW,2019,11,5,1,83.3,24.9,17.1,24.5,16.8,83.3,24.9,17.1,24.5,16.8,93.426,28.5,18.625,28.125,18.175,0.0,0.0,0.0,0.0,0.0
Music City Mystique,PIW,2019,3,0,0,0.0,0.0,0.0,0.0,0.0,0.0,0.0,0.0,0.0,0.0,84.9,26.1,17.1,24.5,17.2,0.0,0.0,0.0,0.0,0.0
Music City Mystique,PIW,2019,7,4,1,84.9,26.1,17.1,24.5,17.2,84.9,26.1,17.1,24.5,17.2,90.075,27.225,18.4,26.55,17.9,0.0,0.0,0.0,0.0,0.0
Music City Mystique,PIW,2019,11,4,2,87.488,26.662,17.75,25.525,17.55,90.075,27.225,18.4,26.55,17.9,97.513,29.438,19.375,29.2,19.5,5.175,1.125,1.3,2.05,0.7
POW Percussion,PIW,2019,1,0,0,0.0,0.0,0.0,0.0,0.0,0.0,0.0,0.0,0.0,0.0,80.2,24.6,16.2,23.1,16.3,0.0,0.0,0.0,0.0,0.0
POW Percussion,PIW,2019,4,3,1,80.2,24.6,16.2,23.1,16.3,80.2,24.6,16.2,23.1,16.3,81.35,24.15,16.4,24.3,16.5,0.0,0.0,0.0,0.0,0.0
POW Percussion,PIW,2019,5,1,2,80.775,24.375,16.3,23.7,16.4,81.35,24.15,16.4,24.3,16.5,83.95,25.35,16.8,25.1,16.7,1.15,-0.45,0.2,1.2,0.2
POW Percussion,PIW,2019,8,3,3,81.833,24.7,16.467,24.167,16.5,83.95,25.35,16.8,25.1,16.7,88.15,26.175,17.2,27.375,17.4,2.6,1.2,0.4,0.8,0.2
POW Percussion,PIW,2019,9,1,4,83.412,25.069,16.65,24.969,16.725,88.15,26.175,17.2,27.375,17.4,89.326,26.925,17.7,27.2,17.5,4.2,0.825,0.4,2.275,0.7
POW Percussion,PIW,2019,10,1,5,84.595,25.44,16.86,25.415,16.88,89.326,26.925,17.7,27.2,17.5,90.688,27.337,17.85,27.6,17.9,1.176,0.75,0.5,-0.175,0.1
POW Percussion,PIW,2019,11,1,6,85.611,25.756,17.025,25.779,17.05,90.688,27.337,17.85,27.6,17.9,92.626,27.975,18.4,27.7,18.55,1.362,0.412,0.15,0.4,0.4
Pulse Percussion,PIW,2019,1,0,0,0.0,0.0,0.0,0.0,0.0,0.0,0.0,0.0,0.0,0.0,85.65,26.25,17.2,24.6,17.6,0.0,0.0,0.0,0.0,0.0
Pulse Percussion,PIW,2019,4,3,1,85.65,26.25,17.2,24.6,17.6,85.65,26.25,17.2,24.6,17.6,86.3,25.8,17.6,25.5,17.4,0.0,0.0,0.0,0.0,0.0
Pulse Percussion,PIW,2019,6,2,2,85.975,26.025,17.4,25.05,17.5,86.3,25.8,17.6,25.5,17.4,89.25,27.15,18.3,25.7,18.1,0.65,-0.45,0.4,0.9,-0.2
Pulse Percussion,PIW,2019,8,2,3,87.067,26.4,17.7,25.267,17.7,89.25,27.15,18.3,25.7,18.1,93.5,27.825,18.3,28.5,18.875,2.95,1.35,0.7,0.2,0.7
Pulse Percussion,PIW,2019,9,1,4,88.675,26.756,17.85,26.075,17.994,93.5,27.825,18.3,28.5,18.875,94.775,28.575,18.9,28.6,18.7,4.25,0.675,0.0,2.8,0.775
Pulse Percussion,PIW,2019,10,1,5,89.895,27.12,18.06,26.58,18.135,94.775,28.575,18.9,28.6,18.7,95.675,28.725,19.1,28.75,19.1,1.275,0.75,0.6,0.1,-0.175
Pulse Percussion,PIW,2019,11,1,6,90.858,27.388,18.233,26.942,18.296,95.675,28.725,19.1,28.75,19.1,97.6,29.475,19.6,29.125,19.4,0.9,0.15,0.2,0.15,0.4
RCC,PIW,2019,1,0,0,0.0,0.0,0.0,0.0,0.0,0.0,0.0,0.0,0.0,0.0,84.0,25.8,17.1,24.0,17.1,0.0,0.0,0.0,0.0,0.0
RCC,PIW,2019,3,2,1,84.0,25.8,17.1,24.0,17.1,84.0,25.8,17.1,24.0,17.1,84.75,25.35,17.1,24.8,17.5,0.0,0.0,0.0,0.0,0.0
RCC,PIW,2019,8,5,2,84.375,25.575,17.1,24.4,17.3,84.75,25.35,17.1,24.8,17.5,92.4,28.2,18.4,27.7,18.1,0.75,-0.45,0.0,0.8,0.4
RCC,PIW,2019,9,1,3,87.05,26.45,17.533,25.5,17.567,92.4,28.2,18.4,27.7,18.1,93.1,27.9,18.7,28.3,18.2,7.65,2.85,1.3,2.9,0.6
RCC,PIW,2019,10,1,4,88.562,26.812,17.825,26.2,17.725,93.1,27.9,18.7,28.3,18.2,93.938,28.388,18.7,28.25,18.6,0.7,-0.3,0.3,0.6,0.1
RCC,PIW,2019,11,1,5,89.638,27.128,18.0,26.61,17.9,93.938,28.388,18.7,28.25,18.6,95.525,29.1,19.05,28.6,18.775,0.838,0.488,0.0,-0.05,0.4
Rhythm X,PIW,2019,3,0,0,0.0,0.0,0.0,0.0,0.0,0.0,0.0,0.0,0.0,0.0,85.55,26.25,17.1,25.0,17.2,0.0,0.0,0.0,0.0,0.0
Rhythm X,PIW,2019,6,3,1,85.55,26.25,17.1,25.0,17.2,85.55,26.25,17.1,25.0,17.2,89.4,27.0,18.0,27.1,17.3,0.0,0.0,0.0,0.0,0.0
Rhythm X,PIW,2019,8,2,2,87.475,26.625,17.55,26.05,17.25,89.4,27.0,18.0,27.1,17.3,91.775,27.675,18.1,27.6,18.4,3.85,0.75,0.9,2.1,0.1
Rhythm X,PIW,2019,11,3,3,88.908,26.975,17.733,26.567,17.633,91.775,27.675,18.1,27.6,18.4,97.225,29.475,19.35,28.8,19.6,2.375,0.675,0.1,0.5,1.1
United Percussion,PIW,2019,3,0,0,0.0,0.0,0.0,0.0,0.0,0.0,0.0,0.0,0.0,0.0,77.9,24.2,23.1,15.6,15.0,0.0,0.0,0.0,0.0,0.0
United Percussion,PIW,2019,7,4,1,77.9,24.2,23.1,15.6,15.0,77.9,24.2,23.1,15.6,15.0,87.7,26.55,17.7,25.9,17.55,0.0,0.0,0.0,0.0,0.0
United Percussion,PIW,2019,10,3,2,82.8,25.375,20.4,20.75,16.275,87.7,26.55,17.7,25.9,17.55,88.25,25.6,27.15,17.6,17.9,9.8,2.35,-5.4,10.3,2.55
United Percussion,PIW,2019,11,1,3,84.617,25.45,22.65,19.7,16.817,88.25,25.6,27.15,17.6,17.9,90.288,27.188,17.9,27.25,17.95,0.55,-0.95,9.45,-8.3,0.35
Vessel,PIW,2019,1,0,0,0.0,0.0,0.0,0.0,0.0,0.0,0.0,0.0,0.0,0.0,75.85,22.65,15.4,22.5,15.3,0.0,0.0,0.0,0.0,0.0
Vessel,PIW,2019,3,2,1,75.85,22.65,15.4,22.5,15.3,75.85,22.65,15.4,22.5,15.3,81.3,24.3,16.2,24.5,16.3,0.0,0.0,0.0,0.0,0.0
Vessel,PIW,2019,5,2,2,78.575,23.475,15.8,23.5,15.8,81.3,24.3,16.2,24.5,16.3,82.2,25.8,16.2,23.8,16.4,5.45,1.65,0.8,2.0,1.0
Vessel,PIW,2019,8,3,3,79.783,24.25,15.933,23.6,16.0,82.2,25.8,16.2,23.8,16.4,84.676,24.825,16.45,26.45,16.95,0.9,1.5,0.0,-0.7,0.1
Vessel,PIW,2019,9,1,4,81.006,24.394,16.062,24.312,16.238,84.676,24.825,16.45,26.45,16.95,89.001,26.7,18.3,26.9,17.1,2.476,-0.975,0.25,2.65,0.55
Vessel,PIW,2019,10,1,5,82.605,24.855,16.51,24.83,16.41,89.001,26.7,18.3,26.9,17.1,87.001,26.7,16.9,26.25,17.15,4.325,1.875,1.85,0.45,0.15
Vigilantes Indoor Percussion,PIW,2019,4,0,0,0.0,0.0,0.0,0.0,0.0,0.0,0.0,0.0,0.0,0.0,77.75,23.55,14.7,24.5,15.0,0.0,0.0,0.0,0.0,0.0
Vigilantes Indoor Percussion,PIW,2019,6,2,1,77.75,23.55,14.7,24.5,15.0,77.75,23.55,14.7,24.5,15.0,77.85,23.55,16.2,22.8,15.3,0.0,0.0,0.0,0.0,0.0
Alchemy Percussion presented by Carolina Gold,PIO,2019,4,0,0,0.0,0.0,0.0,0.0,0.0,0.0,0.0,0.0,0.0,0.0,72.35,22.35,14.9,20.0,15.1,0.0,0.0,0.0,0.0,0.0
Alchemy Percussion presented by Carolina Gold,PIO,2019,7,3,1,72.35,22.35,14.9,20.0,15.1,72.35,22.35,14.9,20.0,15.1,78.65,24.15,14.2,23.7,16.6,0.0,0.0,0.0,0.0,0.0
Bakersfield College,PIO,2019,4,0,0,0.0,0.0,0.0,0.0,0.0,0.0,0.0,0.0,0.0,0.0,79.7,24.9,14.8,24.1,15.9,0.0,0.0,0.0,0.0,0.0
Bakersfield College,PIO,2019,8,4,1,79.7,24.9,14.8,24.1,15.9,79.7,24.9,14.8,24.1,15.9,89.55,26.325,17.85,27.275,18.1,0.0,0.0,0.0,0.0,0.0
Bakersfield College,PIO,2019,11,3,2,84.625,25.612,16.325,25.688,17.0,89.55,26.325,17.85,27.275,18.1,96.725,29.175,19.55,28.925,19.075,9.85,1.425,3.05,3.175,2.2
Catalyst Percussion,PIO,2019,5,0,0,0.0,0.0,0.0,0.0,0.0,0.0,0.0,0.0,0.0,0.0,72.9,21.3,13.9,23.4,14.3,0.0,0.0,0.0,0.0,0.0
Catalyst Percussion,PIO,2019,6,1,1,72.9,21.3,13.9,23.4,14.3,72.9,21.3,13.9,23.4,14.3,74.5,22.5,14.4,22.7,14.9,0.0,0.0,0.0,0.0,0.0
Catalyst Percussion,PIO,2019,9,3,2,73.7,21.9,14.15,23.05,14.6,74.5,22.5,14.4,22.7,14.9,79.7,24.0,15.7,23.8,16.2,1.6,1.2,0.5,-0.7,0.6
Catalyst Percussion,PIO,2019,10,1,3,75.7,22.6,14.667,23.3,15.133,79.7,24.0,15.7,23.8,16.2,80.225,24.375,16.4,23.45,16.0,5.2,1.5,1.3,1.1,1.3
Civitas Independent,PIO,2019,5,0,0,0.0,0.0,0.0,0.0,0.0,0.0,0.0,0.0,0.0,0.0,80.85,23.55,15.7,25.5,16.1,0.0,0.0,0.0,0.0,0.0
Civitas Independent,PIO,2019,7,2,1,80.85,23.55,15.7,25.5,16.1,80.85,23.55,15.7,25.5,16.1,83.15,25.35,16.3,25.2,16.3,0.0,0.0,0.0,0.0,0.0
Civitas Independent,PIO,2019,11,4,2,82.0,24.45,16.0,25.35,16.2,83.15,25.35,16.3,25.2,16.3,92.688,28.238,18.5,27.7,18.25,2.3,1.8,0.6,-0.3,0.2
Elan Percussion,PIO,2019,4,0,0,0.0,0.0,0.0,0.0,0.0,0.0,0.0,0.0,0.0,0.0,78.2,24.0,14.9,24.0,15.3,0.0,0.0,0.0,0.0,0.0
Elan Percussion,PIO,2019,8,4,1,78.2,24.0,14.9,24.0,15.3,78.2,24.0,14.9,24.0,15.3,85.525,25.2,16.4,26.675,17.25,0.0,0.0,0.0,0.0,0.0
FIU Indoor Percussion,PIO,2019,4,0,0,0.0,0.0,0.0,0.0,0.0,0.0,0.0,0.0,0.0,0.0,80.05,24.75,16.4,23.1,15.8,0.0,0.0,0.0,0.0,0.0
FIU Indoor Percussion,PIO,2019,7,3,1,80.05,24.75,16.4,23.1,15.8,80.05,24.75,16.4,23.1,15.8,80.9,24.9,15.4,24.6,16.0,0.0,0.0,0.0,0.0,0.0
Flux Indoor Percussion,PIO,2019,6,0,0,0.0,0.0,0.0,0.0,0.0,0.0,0.0,0.0,0.0,0.0,78.5,22.8,15.2,24.8,15.7,0.0,0.0,0.0,0.0,0.0
Flux Indoor Percussion,PIO,2019,8,2,1,78.5,22.8,15.2,24.8,15.7,78.5,22.8,15.2,24.8,15.7,79.801,23.7,16.0,24.9,15.2,0.0,0.0,0.0,0.0,0.0
Gold Indoor Percussion,PIO,2019,3,0,0,0.0,0.0,0.0,0.0,0.0,0.0,0.0,0.0,0.0,0.0,72.5,21.3,15.0,22.3,13.9,0.0,0.0,0.0,0.0,0.0
Gold Indoor Percussion,PIO,2019,4,1,1,72.5,21.3,15.0,22.3,13.9,72.5,21.3,15.0,22.3,13.9,73.6,21.6,14.2,23.0,14.8,0.0,0.0,0.0,0.0,0.0
Gold Indoor Percussion,PIO,2019,6,2,2,73.05,21.45,14.6,22.65,14.35,73.6,21.6,14.2,23.0,14.8,76.7,22.8,14.5,24.4,15.0,1.1,0.3,-0.8,0.7,0.9
Gold Indoor Percussion,PIO,2019,8,2,3,74.267,21.9,14.567,23.233,14.567,76.7,22.8,14.5,24.4,15.0,81.076,25.275,15.1,23.7,17.0,3.1,1.2,0.3,1.4,0.2
Gold Indoor Percussion,PIO,2019,9,1,4,75.969,22.744,14.7,23.35,15.175,81.076,25.275,15.1,23.7,17.0,84.0,25.8,16.8,24.6,16.8,4.376,2.475,0.6,-0.7,2.0
Gold Indoor Percussion,PIO,2019,10,1,5,77.575,23.355,15.12,23.6,15.5,84.0,25.8,16.8,24.6,16.8,86.3,26.1,16.8,26.0,17.4,2.924,0.525,1.7,0.9,-0.2
Gold Indoor Percussion,PIO,2019,11,1,6,79.029,23.812,15.4,24.0,15.817,86.3,26.1,16.8,26.0,17.4,88.05,26.7,17.2,26.525,17.625,2.3,0.3,0.0,1.4,0.6
IMPACT Percussion,PIO,2019,8,0,0,0.0,0.0,0.0,0.0,0.0,0.0,0.0,0.0,0.0,0.0,85.7,25.5,17.2,25.6,17.4,0.0,0.0,0.0,0.0,0.0
IMPACT Percussion,PIO,2019,11,3,1,85.7,25.5,17.2,25.6,17.4,85.7,25.5,17.2,25.6,17.4,89.388,26.513,17.925,26.825,18.125,0.0,0.0,0.0,0.0,0.0
Imperial Dynasty,PIO,2019,4,0,0,0.0,0.0,0.0,0.0,0.0,0.0,0.0,0.0,0.0,0.0,70.15,21.2,20.55,14.1,14.3,0.0,0.0,0.0,0.0,0.0
Imperial Dynasty,PIO,2019,6,2,1,70.15,21.2,20.55,14.1,14.3,70.15,21.2,20.55,14.1,14.3,80.35,24.7,25.95,14.4,15.3,0.0,0.0,0.0,0.0,0.0
Imperial Dynasty,PIO,2019,7,1,2,75.25,22.95,23.25,14.25,14.8,80.35,24.7,25.95,14.4,15.3,78.275,23.175,14.8,25.75,14.55,10.2,3.5,5.4,0.3,1.0
Imperial Dynasty,PIO,2019,10,3,3,76.258,23.025,20.433,18.083,14.717,78.275,23.175,14.8,25.75,14.55,82.4,24.5,26.1,16.2,15.6,-2.075,-1.525,-11.15,11.35,-0.75
Infinity 2,PIO,2019,4,0,0,0.0,0.0,0.0,0.0,0.0,0.0,0.0,0.0,0.0,0.0,79.75,25.05,15.2,24.4,15.1,0.0,0.0,0.0,0.0,0.0
Infinity 2,PIO,2019,7,3,1,79.75,25.05,15.2,24.4,15.1,79.75,25.05,15.2,24.4,15.1,85.5,25.8,16.3,25.9,17.5,0.0,0.0,0.0,0.0,0.0
Infinity 2,PIO,2019,11,4,2,82.625,25.425,15.75,25.15,16.3,85.5,25.8,16.3,25.9,17.5,95.375,28.2,19.15,29.075,18.95,5.75,0.75,1.1,1.5,2.4
Liberty University Indoor Drumline,PIO,2019,4,0,0,0.0,0.0,0.0,0.0,0.0,0.0,0.0,0.0,0.0,0.0,76.55,23.25,15.1,22.8,15.4,0.0,0.0,0.0,0.0,0.0
Liberty University Indoor Drumline,PIO,2019,5,1,1,76.55,23.25,15.1,22.8,15.4,76.55,23.25,15.1,22.8,15.4,77.7,23.1,15.3,23.6,15.7,0.0,0.0,0.0,0.0,0.0
Liberty University Indoor Drumline,PIO,2019,11,6,2,77.125,23.175,15.2,23.2,15.55,77.7,23.1,15.3,23.6,15.7,93.538,28.688,17.95,29.0,17.9,1.15,-0.15,0.2,0.8,0.3
Matrix Open,PIO,2019,6,0,0,0.0,0.0,0.0,0.0,0.0,0.0,0.0,0.0,0.0,0.0,82.3,23.4,17.2,25.0,16.7,0.0,0.0,0.0,0.0,0.0
Matrix Open,PIO,2019,11,5,1,82.3,23.4,17.2,25.0,16.7,82.3,23.4,17.2,25.0,16.7,96.138,28.462,19.325,29.075,19.275,0.0,0.0,0.0,0.0,0.0
Motor City Percussion,PIO,2019,2,0,0,0.0,0.0,0.0,0.0,0.0,0.0,0.0,0.0,0.0,0.0,73.05,21.15,14.1,23.3,14.5,0.0,0.0,0.0,0.0,0.0
Motor City Percussion,PIO,2019,8,6,1,73.05,21.15,14.1,23.3,14.5,73.05,21.15,14.1,23.3,14.5,81.875,25.425,16.15,23.65,16.65,0.0,0.0,0.0,0.0,0.0
Pi Percussion Inc.,PIO,2019,3,0,0,0.0,0.0,0.0,0.0,0.0,0.0,0.0,0.0,0.0,0.0,69.55,20.85,13.2,22.5,13.0,0.0,0.0,0.0,0.0,0.0
Pi Percussion Inc.,PIO,2019,5,2,1,69.55,20.85,13.2,22.5,13.0,69.55,20.85,13.2,22.5,13.0,76.4,23.1,15.4,22.5,15.4,0.0,0.0,0.0,0.0,0.0
Q2,PIO,2019,5,0,0,0.0,0.0,0.0,0.0,0.0,0.0,0.0,0.0,0.0,0.0,73.7,21.6,14.6,22.4,15.1,0.0,0.0,0.0,0.0,0.0
Q2,PIO,2019,7,2,1,73.7,21.6,14.6,22.4,15.1,73.7,21.6,14.6,22.4,15.1,78.6,24.6,15.6,22.6,15.8,0.0,0.0,0.0,0.0,0.0
Red Wave Indoor,PIO,2019,5,0,0,0.0,0.0,0.0,0.0,0.0,0.0,0.0,0.0,0.0,0.0,80.65,24.75,15.8,24.9,15.2,0.0,0.0,0.0,0.0,0.0
Red Wave Indoor,PIO,2019,8,3,1,80.65,24.75,15.8,24.9,15.2,80.65,24.75,15.8,24.9,15.2,88.0,26.1,17.9,26.75,17.25,0.0,0.0,0.0,0.0,0.0
Red Wave Indoor,PIO,2019,11,3,2,84.325,25.425,16.85,25.825,16.225,88.0,26.1,17.9,26.75,17.25,91.425,27.6,18.45,27.45,17.925,7.35,1.35,2.1,1.85,2.05
Rhythmic Force Percussion,PIO,2019,4,0,0,0.0,0.0,0.0,0.0,0.0,0.0,0.0,0.0,0.0,0.0,79.7,25.2,14.2,25.1,15.2,0.0,0.0,0.0,0.0,0.0
Rhythmic Force Percussion,PIO,2019,6,2,1,79.7,25.2,14.2,25.1,15.2,79.7,25.2,14.2,25.1,15.2,73.1,21.6,14.8,22.4,14.3,0.0,0.0,0.0,0.0,0.0
Rhythmic Force Percussion,PIO,2019,11,5,2,76.4,23.4,14.5,23.75,14.75,73.1,21.6,14.8,22.4,14.3,91.738,27.562,17.775,28.05,18.35,-6.6,-3.6,0.6,-2.7,-0.9
Spirit Winter Percussion,PIO,2019,7,0,0,0.0,0.0,0.0,0.0,0.0,0.0,0.0,0.0,0.0,0.0,89.175,26.775,18.5,26.5,17.4,0.0,0.0,0.0,0.0,0.0
Spirit Winter Percussion,PIO,2019,11,4,1,89.175,26.775,18.5,26.5,17.4,89.175,26.775,18.5,26.5,17.4,95.738,28.913,19.1,28.8,18.925,0.0,0.0,0.0,0.0,0.0
Tri-City Percussion,PIO,2019,5,0,0,0.0,0.0,0.0,0.0,0.0,0.0,0.0,0.0,0.0,0.0,76.35,23.25,14.9,22.7,15.5,0.0,0.0,0.0,0.0,0.0
Tri-City Percussion,PIO,2019,8,3,1,76.35,23.25,14.9,22.7,15.5,76.35,23.25,14.9,22.7,15.5,77.901,22.5,17.0,23.2,15.2,0.0,0.0,0.0,0.0,0.0
Triple Crown,PIO,2019,3,0,0,0.0,0.0,0.0,0.0,0.0,0.0,0.0,0.0,0.0,0.0,77.5,23.7,16.1,22.5,15.2,0.0,0.0,0.0,0.0,0.0
Triple Crown,PIO,2019,8,5,1,77.5,23.7,16.1,22.5,15.2,77.5,23.7,16.1,22.5,15.2,86.9,27.15,17.35,25.35,17.05,0.0,0.0,0.0,0.0,0.0
Triple Crown,PIO,2019,11,3,2,82.2,25.425,16.725,23.925,16.125,86.9,27.15,17.35,25.35,17.05,93.763,27.863,19.05,28.0,18.85,9.4,3.45,1.25,2.85,1.85
UTSA,PIO,2019,6,0,0,0.0,0.0,0.0,0.0,0.0,0.0,0.0,0.0,0.0,0.0,79.5,24.3,16.2,23.3,15.7,0.0,0.0,0.0,0.0,0.0
UTSA,PIO,2019,11,5,1,79.5,24.3,16.2,23.3,15.7,79.5,24.3,16.2,23.3,15.7,92.763,27.413,18.8,28.15,18.4,0.0,0.0,0.0,0.0,0.0
Violet Crown Independent,PIO,2019,6,0,0,0.0,0.0,0.0,0.0,0.0,0.0,0.0,0.0,0.0,0.0,80.95,23.85,17.2,23.8,16.1,0.0,0.0,0.0,0.0,0.0
Violet Crown Independent,PIO,2019,11,5,1,80.95,23.85,17.2,23.8,16.1,80.95,23.85,17.2,23.8,16.1,96.488,28.913,19.825,28.1,19.65,0.0,0.0,0.0,0.0,0.0
Vision Percussion,PIO,2019,4,0,0,0.0,0.0,0.0,0.0,0.0,0.0,0.0,0.0,0.0,0.0,74.45,22.65,14.0,21.7,16.1,0.0,0.0,0.0,0.0,0.0
Vision Percussion,PIO,2019,6,2,1,74.45,22.65,14.0,21.7,16.1,74.45,22.65,14.0,21.7,16.1,80.15,23.55,16.4,24.2,16.0,0.0,0.0,0.0,0.0,0.0
Vision Percussion,PIO,2019,8,2,2,77.3,23.1,15.2,22.95,16.05,80.15,23.55,16.4,24.2,16.0,83.05,24.3,16.8,25.25,16.7,5.7,0.9,2.4,2.5,-0.1
Élan Percussion,PIO,2019,5,0,0,0.0,0.0,0.0,0.0,0.0,0.0,0.0,0.0,0.0,0.0,75.55,22.35,15.2,23.0,15.0,0.0,0.0,0.0,0.0,0.0
Élan Percussion,PIO,2019,7,2,1,75.55,22.35,15.2,23.0,15.0,75.55,22.35,15.2,23.0,15.0,79.85,21.75,16.3,24.3,17.5,0.0,0.0,0.0,0.0,0.0
Élan Percussion,PIO,2019,9,2,2,77.7,22.05,15.75,23.65,16.25,79.85,21.75,16.3,24.3,17.5,86.75,25.95,17.5,26.0,17.3,4.3,-0.6,1.1,1.3,2.5
Élan Percussion,PIO,2019,10,1,3,80.717,23.35,16.333,24.433,16.6,86.75,25.95,17.5,26.0,17.3,86.9,26.25,17.35,25.9,17.4,6.9,4.2,1.2,1.7,-0.2
Albany Indoor Percussion,PIA,2019,3,0,0,0.0,0.0,0.0,0.0,0.0,0.0,0.0,0.0,0.0,0.0,66.65,19.1,21.45,12.5,13.6,0.0,0.0,0.0,0.0,0.0
Albany Indoor Percussion,PIA,2019,4,1,1,66.65,19.1,21.45,12.5,13.6,66.65,19.1,21.45,12.5,13.6,63.6,21.3,17.4,12.2,12.7,0.0,0.0,0.0,0.0,0.0
Albany Indoor Percussion,PIA,2019,10,6,2,65.125,20.2,19.425,12.35,13.15,63.6,21.3,17.4,12.2,12.7,72.35,21.9,21.75,14.4,14.3,-3.05,2.2,-4.05,-0.3,-0.9
Avant Garde,PIA,2019,3,0,0,0.0,0.0,0.0,0.0,0.0,0.0,0.0,0.0,0.0,0.0,63.3,19.5,12.5,18.8,12.5,0.0,0.0,0.0,0.0,0.0
Avant Garde,PIA,2019,5,2,1,63.3,19.5,12.5,18.8,12.5,63.3,19.5,12.5,18.8,12.5,66.35,21.75,12.3,20.4,11.9,0.0,0.0,0.0,0.0,0.0
Cornell Indoor Drumline,PIA,2019,6,0,0,0.0,0.0,0.0,0.0,0.0,0.0,0.0,0.0,0.0,0.0,65.2,19.3,19.2,13.2,13.5,0.0,0.0,0.0,0.0,0.0
Cornell Indoor Drumline,PIA,2019,10,4,1,65.2,19.3,19.2,13.2,13.5,65.2,19.3,19.2,13.2,13.5,68.5,20.2,21.0,13.5,13.8,0.0,0.0,0.0,0.0,0.0
Cornerstone Percussion,PIA,2019,4,0,0,0.0,0.0,0.0,0.0,0.0,0.0,0.0,0.0,0.0,0.0,62.7,18.0,12.2,20.1,12.4,0.0,0.0,0.0,0.0,0.0
Cornerstone Percussion,PIA,2019,6,2,1,62.7,18.0,12.2,20.1,12.4,62.7,18.0,12.2,20.1,12.4,70.15,21.45,14.7,19.4,14.6,0.0,0.0,0.0,0.0,0.0
Cornerstone Percussion,PIA,2019,8,2,2,66.425,19.725,13.45,19.75,13.5,70.15,21.45,14.7,19.4,14.6,75.95,23.55,15.4,22.2,14.8,7.45,3.45,2.5,-0.7,2.2
Cornerstone Percussion,PIA,2019,9,1,3,69.6,21.0,14.1,20.567,13.933,75.95,23.55,15.4,22.2,14.8,79.8,24.6,14.4,23.7,17.1,5.8,2.1,0.7,2.8,0.2
Cornerstone Percussion,PIA,2019,10,1,4,72.15,21.9,14.175,21.35,14.725,79.8,24.6,14.4,23.7,17.1,78.7,24.3,15.25,23.9,15.25,3.85,1.05,-1.0,1.5,2.3
Crystal Lake Thunder,PIA,2019,5,0,0,0.0,0.0,0.0,0.0,0.0,0.0,0.0,0.0,0.0,0.0,74.55,23.25,14.5,22.6,14.2,0.0,0.0,0.0,0.0,0.0
Crystal Lake Thunder,PIA,2019,6,1,1,74.55,23.25,14.5,22.6,14.2,74.55,23.25,14.5,22.6,14.2,79.5,24.3,15.6,25.0,14.6,0.0,0.0,0.0,0.0,0.0
Crystal Lake Thunder,PIA,2019,11,5,2,77.025,23.775,15.05,23.8,14.4,79.5,24.3,15.6,25.0,14.6,84.375,25.2,16.525,25.7,16.95,4.95,1.05,1.1,2.4,0.4
Fusion Percussion,PIA,2019,5,0,0,0.0,0.0,0.0,0.0,0.0,0.0,0.0,0.0,0.0,0.0,75.85,21.75,14.8,24.7,14.6,0.0,0.0,0.0,0.0,0.0
Fusion Percussion,PIA,2019,11,6,1,75.85,21.75,14.8,24.7,14.6,75.85,21.75,14.8,24.7,14.6,86.738,25.837,17.75,25.575,17.575,0.0,0.0,0.0,0.0,0.0
G2,PIA,2019,5,0,0,0.0,0.0,0.0,0.0,0.0,0.0,0.0,0.0,0.0,0.0,76.2,23.7,15.2,22.0,15.3,0.0,0.0,0.0,0.0,0.0
G2,PIA,2019,11,6,1,76.2,23.7,15.2,22.0,15.3,76.2,23.7,15.2,22.0,15.3,88.251,26.775,17.425,26.525,17.525,0.0,0.0,0.0,0.0,0.0
Huron Valley Percussion,PIA,2019,2,0,0,0.0,0.0,0.0,0.0,0.0,0.0,0.0,0.0,0.0,0.0,71.5,20.4,13.3,23.3,14.5,0.0,0.0,0.0,0.0,0.0
Huron Valley Percussion,PIA,2019,11,9,1,71.5,20.4,13.3,23.3,14.5,71.5,20.4,13.3,23.3,14.5,89.901,27.375,18.525,26.45,17.55,0.0,0.0,0.0,0.0,0.0
Incognito,PIA,2019,4,0,0,0.0,0.0,0.0,0.0,0.0,0.0,0.0,0.0,0.0,0.0,67.55,18.15,13.2,22.3,13.9,0.0,0.0,0.0,0.0,0.0
Incognito,PIA,2019,7,3,1,67.55,18.15,13.2,22.3,13.9,67.55,18.15,13.2,22.3,13.9,66.5,19.2,13.1,20.4,13.8,0.0,0.0,0.0,0.0,0.0
Incognito,PIA,2019,9,2,2,67.025,18.675,13.15,21.35,13.85,66.5,19.2,13.1,20.4,13.8,75.8,22.5,15.4,21.8,16.1,-1.05,1.05,-0.1,-1.9,-0.1
Lake Effect Percussion,PIA,2019,2,0,0,0.0,0.0,0.0,0.0,0.0,0.0,0.0,0.0,0.0,0.0,66.5,18.9,13.4,20.6,13.6,0.0,0.0,0.0,0.0,0.0
Lake Effect Percussion,PIA,2019,11,9,1,66.5,18.9,13.4,20.6,13.6,66.5,18.9,13.4,20.6,13.6,82.925,24.15,17.475,24.95,16.35,0.0,0.0,0.0,0.0,0.0
Modulation Z,PIA,2019,3,0,0,0.0,0.0,0.0,0.0,0.0,0.0,0.0,0.0,0.0,0.0,72.8,23.1,14.5,21.9,13.3,0.0,0.0,0.0,0.0,0.0
Modulation Z,PIA,2019,6,3,1,72.8,23.1,14.5,21.9,13.3,72.8,23.1,14.5,21.9,13.3,84.4,25.8,16.8,26.6,15.2,0.0,0.0,0.0,0.0,0.0
Modulation Z,PIA,2019,11,5,2,78.6,24.45,15.65,24.25,14.25,84.4,25.8,16.8,26.6,15.2,92.85,27.825,18.225,28.2,18.6,11.6,2.7,2.3,4.7,1.9
Nomad Indoor,PIA,2019,8,0,0,0.0,0.0,0.0,0.0,0.0,0.0,0.0,0.0,0.0,0.0,79.85,25.05,15.55,23.7,15.55,0.0,0.0,0.0,0.0,0.0
Nomad Indoor,PIA,2019,11,3,1,79.85,25.05,15.55,23.7,15.55,79.85,25.05,15.55,23.7,15.55,88.076,26.55,17.85,26.25,17.425,0.0,0.0,0.0,0.0,0.0
Onondaga Community College,PIA,2019,4,0,0,0.0,0.0,0.0,0.0,0.0,0.0,0.0,0.0,0.0,0.0,72.1,23.4,22.5,13.2,13.0,0.0,0.0,0.0,0.0,0.0
Onondaga Community College,PIA,2019,8,4,1,72.1,23.4,22.5,13.2,13.0,72.1,23.4,22.5,13.2,13.0,73.85,24.3,21.15,13.8,14.6,0.0,0.0,0.0,0.0,0.0
Onondaga Community College,PIA,2019,10,2,2,72.975,23.85,21.825,13.5,13.8,73.85,24.3,21.15,13.8,14.6,78.525,25.5,22.725,15.3,15.0,1.75,0.9,-1.35,0.6,1.6
Paradigm Percussion,PIA,2019,5,0,0,0.0,0.0,0.0,0.0,0.0,0.0,0.0,0.0,0.0,0.0,80.15,23.25,17.0,24.4,15.5,0.0,0.0,0.0,0.0,0.0
Paradigm Percussion,PIA,2019,11,6,1,80.15,23.25,17.0,24.4,15.5,80.15,23.25,17.0,24.4,15.5,93.35,28.2,19.075,27.575,18.5,0.0,0.0,0.0,0.0,0.0
Pasadena City College,PIA,2019,7,0,0,0.0,0.0,0.0,0.0,0.0,0.0,0.0,0.0,0.0,0.0,75.0,22.2,15.4,22.8,14.6,0.0,0.0,0.0,0.0,0.0
Pasadena City College,PIA,2019,8,1,1,75.0,22.2,15.4,22.8,14.6,75.0,22.2,15.4,22.8,14.6,71.05,20.55,14.9,19.8,15.8,0.0,0.0,0.0,0.0,0.0
Pasadena City College,PIA,2019,9,1,2,73.025,21.375,15.15,21.3,15.2,71.05,20.55,14.9,19.8,15.8,80.25,23.25,15.7,24.1,17.2,-3.95,-1.65,-0.5,-3.0,1.2
Pasadena City College,PIA,2019,10,1,3,75.433,22.0,15.333,22.233,15.867,80.25,23.25,15.7,24.1,17.2,81.175,24.075,16.2,24.85,16.05,9.2,2.7,0.8,4.3,1.4
Pinnacle Percussion,PIA,2019,6,0,0,0.0,0.0,0.0,0.0,0.0,0.0,0.0,0.0,0.0,0.0,77.25,22.65,16.3,23.4,14.9,0.0,0.0,0.0,0.0,0.0
Pinnacle Percussion,PIA,2019,8,2,1,77.25,22.65,16.3,23.4,14.9,77.25,22.65,16.3,23.4,14.9,83.65,25.05,16.6,25.9,16.1,0.0,0.0,0.0,0.0,0.0
Railmen Indoor Percussion,PIA,2019,8,0,0,0.0,0.0,0.0,0.0,0.0,0.0,0.0,0.0,0.0,0.0,85.9,27.9,16.8,24.6,16.6,0.0,0.0,0.0,0.0,0.0
Railmen Indoor Percussion,PIA,2019,11,3,1,85.9,27.9,16.8,24.6,16.6,85.9,27.9,16.8,24.6,16.6,94.1,28.65,18.55,27.85,19.05,0.0,0.0,0.0,0.0,0.0
SB Percussion,PIA,2019,5,0,0,0.0,0.0,0.0,0.0,0.0,0.0,0.0,0.0,0.0,0.0,74.8,22.8,14.7,22.8,14.5,0.0,0.0,0.0,0.0,0.0
SB Percussion,PIA,2019,6,1,1,74.8,22.8,14.7,22.8,14.5,74.8,22.8,14.7,22.8,14.5,71.55,22.05,15.2,20.9,13.4,0.0,0.0,0.0,0.0,0.0
STRYKE Percussion 2,PIA,2019,4,0,0,0.0,0.0,0.0,0.0,0.0,0.0,0.0,0.0,0.0,0.0,78.875,23.175,15.8,24.0,15.9,0.0,0.0,0.0,0.0,0.0
STRYKE Percussion 2,PIA,2019,11,7,1,78.875,23.175,15.8,24.0,15.9,78.875,23.175,15.8,24.0,15.9,93.25,27.825,18.95,28.1,18.375,0.0,0.0,0.0,0.0,0.0
Saints Percussion,PIA,2019,5,0,0,0.0,0.0,0.0,0.0,0.0,0.0,0.0,0.0,0.0,0.0,72.65,21.45,14.2,23.1,13.9,0.0,0.0,0.0,0.0,0.0
Saints Percussion,PIA,2019,11,6,1,72.65,21.45,14.2,23.1,13.9,72.65,21.45,14.2,23.1,13.9,83.763,24.938,16.225,26.65,15.95,0.0,0.0,0.0,0.0,0.0
Shadow Indoor Percussion,PIA,2019,5,0,0,0.0,0.0,0.0,0.0,0.0,0.0,0.0,0.0,0.0,0.0,74.0,23.1,14.1,22.6,14.2,0.0,0.0,0.0,0.0,0.0
Shadow Indoor Percussion,PIA,2019,11,6,1,74.0,23.1,14.1,22.6,14.2,74.0,23.1,14.1,22.6,14.2,85.338,25.688,16.975,25.775,16.9,0.0,0.0,0.0,0.0,0.0
United 2,PIA,2019,3,0,0,0.0,0.0,0.0,0.0,0.0,0.0,0.0,0.0,0.0,0.0,69.6,22.4,19.8,14.3,13.1,0.0,0.0,0.0,0.0,0.0
United 2,PIA,2019,8,5,1,69.6,22.4,19.8,14.3,13.1,69.6,22.4,19.8,14.3,13.1,81.45,25.0,22.95,16.8,16.7,0.0,0.0,0.0,0.0,0.0
United 2,PIA,2019,10,2,2,75.525,23.7,21.375,15.55,14.9,81.45,25.0,22.95,16.8,16.7,80.6,24.9,22.8,16.3,16.6,11.85,2.6,3.15,2.5,3.6
Unity Percussion,PIA,2019,4,0,0,0.0,0.0,0.0,0.0,0.0,0.0,0.0,0.0,0.0,0.0,77.9,22.2,16.4,23.5,15.8,0.0,0.0,0.0,0.0,0.0
Unity Percussion,PIA,2019,11,7,1,77.9,22.2,16.4,23.5,15.8,77.9,22.2,16.4,23.5,15.8,96.15,29.175,19.45,28.3,19.225,0.0,0.0,0.0,0.0,0.0
Vegas Vanguard,PIA,2019,4,0,0,0.0,0.0,0.0,0.0,0.0,0.0,0.0,0.0,0.0,0.0,68.85,18.75,13.8,22.6,13.7,0.0,0.0,0.0,0.0,0.0
Vegas Vanguard,PIA,2019,8,4,1,68.85,18.75,13.8,22.6,13.7,68.85,18.75,13.8,22.6,13.7,83.25,25.95,16.7,25.6,15.0,0.0,0.0,0.0,0.0,0.0
Vegas Vanguard,PIA,2019,9,1,2,76.05,22.35,15.25,24.1,14.35,83.25,25.95,16.7,25.6,15.0,84.35,24.9,16.9,25.4,17.15,14.4,7.2,2.9,3.0,1.3
Vegas Vanguard,PIA,2019,10,1,3,78.817,23.2,15.8,24.533,15.283,84.35,24.9,16.9,25.4,17.15,84.6,25.5,16.45,26.55,16.1,1.1,-1.05,0.2,-0.2,2.15
Webster Percussion Theater,PIA,2019,2,0,0,0.0,0.0,0.0,0.0,0.0,0.0,0.0,0.0,0.0,0.0,60.45,18.4,18.45,11.5,12.1,0.0,0.0,0.0,0.0,0.0
Webster Percussion Theater,PIA,2019,5,3,1,60.45,18.4,18.45,11.5,12.1,60.45,18.4,18.45,11.5,12.1,68.35,20.2,21.75,13.4,13.0,0.0,0.0,0.0,0.0,0.0
Webster Percussion Theater,PIA,2019,8,3,2,64.4,19.3,20.1,12.45,12.55,68.35,20.2,21.75,13.4,13.0,70.6,22.1,21.9,13.4,13.2,7.9,1.8,3.3,1.9,0.9
Webster Percussion Theater,PIA,2019,9,1,3,66.467,20.233,20.7,12.767,12.767,70.6,22.1,21.9,13.4,13.2,82.3,25.6,26.55,14.95,15.2,2.25,1.9,0.15,0.0,0.2
Webster Percussion Theater,PIA,2019,10,1,4,70.425,21.575,22.162,13.312,13.375,82.3,25.6,26.55,14.95,15.2,72.8,21.8,21.6,14.9,14.5,11.7,3.5,4.65,1.55,2.0
Arcadia HS,PSW,2020,1,0,0,0.0,0.0,0.0,0.0,0.0,0.0,0.0,0.0,0.0,0.0,78.75,24.15,16.2,22.7,15.7,0.0,0.0,0.0,0.0,0.0
Arcadia HS,PSW,2020,3,2,1,78.75,24.15,16.2,22.7,15.7,78.75,24.15,16.2,22.7,15.7,81.25,24.75,16.2,24.6,15.7,0.0,0.0,0.0,0.0,0.0
Arcadia HS,PSW,2020,5,2,2,80.0,24.45,16.2,23.65,15.7,81.25,24.75,16.2,24.6,15.7,82.95,25.05,16.5,24.6,16.8,2.5,0.6,0.0,1.9,0.0
Ayala HS,PSW,2020,2,0,0,0.0,0.0,0.0,0.0,0.0,0.0,0.0,0.0,0.0,0.0,80.15,24.45,15.6,24.1,16.0,0.0,0.0,0.0,0.0,0.0
Ayala HS,PSW,2020,3,1,1,80.15,24.45,15.6,24.1,16.0,80.15,24.45,15.6,24.1,16.0,80.8,23.7,16.5,24.1,16.5,0.0,0.0,0.0,0.0,0.0
Ayala HS,PSW,2020,6,3,2,80.475,24.075,16.05,24.1,16.25,80.8,23.7,16.5,24.1,16.5,87.2,26.1,18.1,25.6,17.4,0.65,-0.75,0.9,0.0,0.5
Diamond Bar HS,PSW,2020,3,0,0,0.0,0.0,0.0,0.0,0.0,0.0,0.0,0.0,0.0,0.0,76.15,22.95,15.4,23.2,14.6,0.0,0.0,0.0,0.0,0.0
Diamond Bar HS,PSW,2020,5,2,1,76.15,22.95,15.4,23.2,14.6,76.15,22.95,15.4,23.2,14.6,77.15,23.55,15.7,23.6,14.3,0.0,0.0,0.0,0.0,0.0
Etiwanda HS,PSW,2020,5,0,0,0.0,0.0,0.0,0.0,0.0,0.0,0.0,0.0,0.0,0.0,79.5,23.4,16.8,24.2,15.1,0.0,0.0,0.0,0.0,0.0
Etiwanda HS,PSW,2020,6,1,1,79.5,23.4,16.8,24.2,15.1,79.5,23.4,16.8,24.2,15.1,84.2,25.5,17.4,24.2,17.1,0.0,0.0,0.0,0.0,0.0
Rowland HS,PSW,2020,3,0,0,0.0,0.0,0.0,0.0,0.0,0.0,0.0,0.0,0.0,0.0,75.701,22.8,14.9,23.1,14.9,0.0,0.0,0.0,0.0,0.0
Rowland HS,PSW,2020,6,3,1,75.701,22.8,14.9,23.1,14.9,75.701,22.8,14.9,23.1,14.9,77.95,22.95,15.0,24.5,15.5,0.0,0.0,0.0,0.0,0.0
Sunny Hills HS,PSW,2020,2,0,0,0.0,0.0,0.0,0.0,0.0,0.0,0.0,0.0,0.0,0.0,74.5,22.65,14.2,23.3,14.35,0.0,0.0,0.0,0.0,0.0
Sunny Hills HS,PSW,2020,5,3,1,74.5,22.65,14.2,23.3,14.35,74.5,22.65,14.2,23.3,14.35,77.35,22.35,16.2,23.4,15.4,0.0,0.0,0.0,0.0,0.0
Vista Murrieta HS,PSW,2020,2,0,0,0.0,0.0,0.0,0.0,0.0,0.0,0.0,0.0,0.0,0.0,80.9,24.6,16.0,24.0,16.3,0.0,0.0,0.0,0.0,0.0
Vista Murrieta HS,PSW,2020,6,4,1,80.9,24.6,16.0,24.0,16.3,80.9,24.6,16.0,24.0,16.3,85.15,25.65,16.8,25.5,17.2,0.0,0.0,0.0,0.0,0.0
Buena HS,PSO,2020,3,0,0,0.0,0.0,0.0,0.0,0.0,0.0,0.0,0.0,0.0,0.0,74.001,22.5,14.7,23.2,13.6,0.0,0.0,0.0,0.0,0.0
Buena HS,PSO,2020,5,2,1,74.001,22.5,14.7,23.2,13.6,74.001,22.5,14.7,23.2,13.6,75.501,23.4,15.2,22.9,14.0,0.0,0.0,0.0,0.0,0.0
Carlsbad HS,PSO,2020,3,0,0,0.0,0.0,0.0,0.0,0.0,0.0,0.0,0.0,0.0,0.0,73.076,22.275,15.3,21.5,14.0,0.0,0.0,0.0,0.0,0.0
Carlsbad HS,PSO,2020,6,3,1,73.076,22.275,15.3,21.5,14.0,73.076,22.275,15.3,21.5,14.0,76.85,22.95,16.6,21.8,15.5,0.0,0.0,0.0,0.0,0.0
Chino HS,PSO,2020,1,0,0,0.0,0.0,0.0,0.0,0.0,0.0,0.0,0.0,0.0,0.0,76.45,24.15,16.2,22.2,13.9,0.0,0.0,0.0,0.0,0.0
Chino HS,PSO,2020,3,2,1,76.45,24.15,16.2,22.2,13.9,76.45,24.15,16.2,22.2,13.9,82.05,25.05,15.9,25.2,15.9,0.0,0.0,0.0,0.0,0.0
Chino HS,PSO,2020,6,3,2,79.25,24.6,16.05,23.7,14.9,82.05,25.05,15.9,25.2,15.9,84.55,25.65,17.0,25.2,16.7,5.6,0.9,-0.3,3.0,2.0
East Irondequoit,PSO,2020,2,0,0,0.0,0.0,0.0,0.0,0.0,0.0,0.0,0.0,0.0,0.0,68.25,23.6,18.75,12.9,13.0,0.0,0.0,0.0,0.0,0.0
East Irondequoit,PSO,2020,3,1,1,68.25,23.6,18.75,12.9,13.0,68.25,23.6,18.75,12.9,13.0,74.15,23.4,21.75,14.4,14.6,0.0,0.0,0.0,0.0,0.0
East Irondequoit,PSO,2020,6,3,2,71.2,23.5,20.25,13.65,13.8,74.15,23.4,21.75,14.4,14.6,77.35,21.7,23.25,16.1,16.3,5.9,-0.2,3.0,1.5,1.6
East Syracuse Minoa,PSO,2020,2,0,0,0.0,0.0,0.0,0.0,0.0,0.0,0.0,0.0,0.0,0.0,70.0,22.7,20.1,13.6,13.6,0.0,0.0,0.0,0.0,0.0
East Syracuse Minoa,PSO,2020,4,2,1,70.0,22.7,20.1,13.6,13.6,70.0,22.7,20.1,13.6,13.6,78.55,23.3,24.15,15.5,15.6,0.0,0.0,0.0,0.0,0.0
East Syracuse Minoa,PSO,2020,5,1,2,74.275,23.0,22.125,14.55,14.6,78.55,23.3,24.15,15.5,15.6,81.1,24.2,24.3,16.3,16.3,8.55,0.6,4.05,1.9,2.0
East Syracuse Minoa,PSO,2020,6,1,3,76.55,23.4,22.85,15.133,15.167,81.1,24.2,24.3,16.3,16.3,82.6,25.9,24.9,15.8,16.0,2.55,0.9,0.15,0.8,0.7
Gahr HS,PSO,2020,2,0,0,0.0,0.0,0.0,0.0,0.0,0.0,0.0,0.0,0.0,0.0,73.65,24.15,13.6,22.4,13.5,0.0,0.0,0.0,0.0,0.0
Gahr HS,PSO,2020,5,3,1,73.65,24.15,13.6,22.4,13.5,73.65,24.15,13.6,22.4,13.5,77.35,23.55,15.1,23.7,15.0,0.0,0.0,0.0,0.0,0.0
Granada Hills CHS,PSO,2020,1,0,0,0.0,0.0,0.0,0.0,0.0,0.0,0.0,0.0,0.0,0.0,67.1,20.1,13.8,19.6,13.6,0.0,0.0,0.0,0.0,0.0
Granada Hills CHS,PSO,2020,3,2,1,67.1,20.1,13.8,19.6,13.6,67.1,20.1,13.8,19.6,13.6,74.651,23.25,15.1,22.5,13.8,0.0,0.0,0.0,0.0,0.0
Hilton HS Percussion,PSO,2020,2,0,0,0.0,0.0,0.0,0.0,0.0,0.0,0.0,0.0,0.0,0.0,67.9,23.7,18.9,13.3,12.0,0.0,0.0,0.0,0.0,0.0
Hilton HS Percussion,PSO,2020,3,1,1,67.9,23.7,18.9,13.3,12.0,67.9,23.7,18.9,13.3,12.0,75.35,23.0,22.95,14.7,14.7,0.0,0.0,0.0,0.0,0.0
Hilton HS Percussion,PSO,2020,6,3,2,71.625,23.35,20.925,14.0,13.35,75.35,23.0,22.95,14.7,14.7,79.95,23.9,24.75,15.6,15.7,7.45,-0.7,4.05,1.4,2.7
Hoover HS,PSO,2020,3,0,0,0.0,0.0,0.0,0.0,0.0,0.0,0.0,0.0,0.0,0.0,79.05,23.4,15.8,24.9,14.95,0.0,0.0,0.0,0.0,0.0
Hoover HS,PSO,2020,5,2,1,79.05,23.4,15.8,24.9,14.95,79.05,23.4,15.8,24.9,14.95,78.95,23.25,15.4,24.4,15.9,0.0,0.0,0.0,0.0,0.0
Liverpool Indoor Percussion,PSO,2020,2,0,0,0.0,0.0,0.0,0.0,0.0,0.0,0.0,0.0,0.0,0.0,67.35,22.8,19.05,12.7,12.8,0.0,0.0,0.0,0.0,0.0
Liverpool Indoor Percussion,PSO,2020,3,1,1,67.35,22.8,19.05,12.7,12.8,67.35,22.8,19.05,12.7,12.8,72.5,22.4,21.9,14.0,14.2,0.0,0.0,0.0,0.0,0.0
Liverpool Indoor Percussion,PSO,2020,4,1,2,69.925,22.6,20.475,13.35,13.5,72.5,22.4,21.9,14.0,14.2,74.85,21.4,23.85,14.8,14.8,5.15,-0.4,2.85,1.3,1.4
Liverpool Indoor Percussion,PSO,2020,6,2,3,71.567,22.2,21.6,13.833,13.933,74.85,21.4,23.85,14.8,14.8,78.8,24.0,24.0,15.3,15.5,2.35,-1.0,1.95,0.8,0.6
Mission Viejo HS,PSO,2020,5,0,0,0.0,0.0,0.0,0.0,0.0,0.0,0.0,0.0,0.0,0.0,76.951,23.25,16.0,22.8,14.9,0.0,0.0,0.0,0.0,0.0
Mission Viejo HS,PSO,2020,6,1,1,76.951,23.25,16.0,22.8,14.9,76.951,23.25,16.0,22.8,14.9,78.25,24.3,15.6,22.8,15.55,0.0,0.0,0.0,0.0,0.0
Old Bridge,PSO,2020,4,0,0,0.0,0.0,0.0,0.0,0.0,0.0,0.0,0.0,0.0,0.0,78.7,22.7,24.6,15.8,15.6,0.0,0.0,0.0,0.0,0.0
Old Bridge,PSO,2020,6,2,1,78.7,22.7,24.6,15.8,15.6,78.7,22.7,24.6,15.8,15.6,82.95,24.4,24.75,16.8,17.0,0.0,0.0,0.0,0.0,0.0
Patriot HS,PSO,2020,3,0,0,0.0,0.0,0.0,0.0,0.0,0.0,0.0,0.0,0.0,0.0,74.85,22.2,14.5,23.25,14.9,0.0,0.0,0.0,0.0,0.0
Patriot HS,PSO,2020,5,2,1,74.85,22.2,14.5,23.25,14.9,74.85,22.2,14.5,23.25,14.9,79.35,24.6,15.5,24.3,14.95,0.0,0.0,0.0,0.0,0.0
Rancho Cucamonga HS,PSO,2020,3,0,0,0.0,0.0,0.0,0.0,0.0,0.0,0.0,0.0,0.0,0.0,79.85,24.0,16.6,24.55,14.7,0.0,0.0,0.0,0.0,0.0
Rancho Cucamonga HS,PSO,2020,5,2,1,79.85,24.0,16.6,24.55,14.7,79.85,24.0,16.6,24.55,14.7,82.95,25.05,16.9,25.1,15.9,0.0,0.0,0.0,0.0,0.0
San Marcos HS,PSO,2020,3,0,0,0.0,0.0,0.0,0.0,0.0,0.0,0.0,0.0,0.0,0.0,75.251,23.25,15.3,22.4,14.3,0.0,0.0,0.0,0.0,0.0
San Marcos HS,PSO,2020,5,2,1,75.251,23.25,15.3,22.4,14.3,75.251,23.25,15.3,22.4,14.3,70.801,21.3,15.0,20.5,14.0,0.0,0.0,0.0,0.0,0.0
San Marcos HS,PSO,2020,6,1,2,73.026,22.275,15.15,21.45,14.15,70.801,21.3,15.0,20.5,14.0,67.15,20.85,12.8,20.4,13.1,-4.45,-1.95,-0.3,-1.9,-0.3
Sierra Vista HS,PSO,2020,3,0,0,0.0,0.0,0.0,0.0,0.0,0.0,0.0,0.0,0.0,0.0,75.85,24.15,14.3,23.7,13.7,0.0,0.0,0.0,0.0,0.0
Sierra Vista HS,PSO,2020,5,2,1,75.85,24.15,14.3,23.7,13.7,75.85,24.15,14.3,23.7,13.7,74.201,22.8,14.9,22.7,13.8,0.0,0.0,0.0,0.0,0.0
Spring-Ford,PSO,2020,4,0,0,0.0,0.0,0.0,0.0,0.0,0.0,0.0,0.0,0.0,0.0,75.2,22.0,23.1,15.3,14.8,0.0,0.0,0.0,0.0,0.0
Spring-Ford,PSO,2020,5,1,1,75.2,22.0,23.1,15.3,14.8,75.2,22.0,23.1,15.3,14.8,77.25,23.4,22.95,15.4,15.5,0.0,0.0,0.0,0.0,0.0
Trabuco Hills HS,PSO,2020,5,0,0,0.0,0.0,0.0,0.0,0.0,0.0,0.0,0.0,0.0,0.0,76.451,22.05,15.8,23.5,15.1,0.0,0.0,0.0,0.0,0.0
Trabuco Hills HS,PSO,2020,6,1,1,76.451,22.05,15.8,23.5,15.1,76.451,22.05,15.8,23.5,15.1,73.9,21.0,15.8,21.1,16.0,0.0,0.0,0.0,0.0,0.0
Unionville,PSO,2020,4,0,0,0.0,0.0,0.0,0.0,0.0,0.0,0.0,0.0,0.0,0.0,75.45,22.1,23.25,15.0,15.1,0.0,0.0,0.0,0.0,0.0
Unionville,PSO,2020,5,1,1,75.45,22.1,23.25,15.0,15.1,75.45,22.1,23.25,15.0,15.1,76.7,22.9,23.4,15.3,15.1,0.0,0.0,0.0,0.0,0.0
Upland HS,PSO,2020,2,0,0,0.0,0.0,0.0,0.0,0.0,0.0,0.0,0.0,0.0,0.0,73.55,22.35,14.8,21.5,14.9,0.0,0.0,0.0,0.0,0.0
Upland HS,PSO,2020,3,1,1,73.55,22.35,14.8,21.5,14.9,73.55,22.35,14.8,21.5,14.9,74.801,21.3,14.4,23.9,15.2,0.0,0.0,0.0,0.0,0.0
Victor Indoor Percussion Ensemble,PSO,2020,2,0,0,0.0,0.0,0.0,0.0,0.0,0.0,0.0,0.0,0.0,0.0,64.501,23.2,17.7,12.4,11.2,0.0,0.0,0.0,0.0,0.0
Victor Indoor Percussion Ensemble,PSO,2020,5,3,1,64.501,23.2,17.7,12.4,11.2,64.501,23.2,17.7,12.4,11.2,73.7,21.0,22.5,15.2,15.0,0.0,0.0,0.0,0.0,0.0
Victor Indoor Percussion Ensemble,PSO,2020,6,1,2,69.101,22.1,20.1,13.8,13.1,73.7,21.0,22.5,15.2,15.0,72.951,21.0,22.35,14.7,14.9,9.199,-2.2,4.8,2.8,3.8
West Ranch HS,PSO,2020,1,0,0,0.0,0.0,0.0,0.0,0.0,0.0,0.0,0.0,0.0,0.0,72.1,21.9,14.9,20.9,14.4,0.0,0.0,0.0,0.0,0.0
West Ranch HS,PSO,2020,2,1,1,72.1,21.9,14.9,20.9,14.4,72.1,21.9,14.9,20.9,14.4,74.45,22.65,15.1,22.0,14.7,0.0,0.0,0.0,0.0,0.0
West Ranch HS,PSO,2020,5,3,2,73.275,22.275,15.0,21.45,14.55,74.45,22.65,15.1,22.0,14.7,79.7,24.0,15.3,24.6,15.8,2.35,0.75,0.2,1.1,0.3
Westminster HS,PSO,2020,3,0,0,0.0,0.0,0.0,0.0,0.0,0.0,0.0,0.0,0.0,0.0,72.0,21.0,14.3,23.1,13.6,0.0,0.0,0.0,0.0,0.0
Westminster HS,PSO,2020,5,2,1,72.0,21.0,14.3,23.1,13.6,72.0,21.0,14.3,23.1,13.6,73.601,22.8,14.6,22.5,13.7,0.0,0.0,0.0,0.0,0.0
William S. Hart HS,PSO,2020,3,0,0,0.0,0.0,0.0,0.0,0.0,0.0,0.0,0.0,0.0,0.0,73.801,22.65,14.55,23.2,13.4,0.0,0.0,0.0,0.0,0.0
William S. Hart HS,PSO,2020,5,2,1,73.801,22.65,14.55,23.2,13.4,73.801,22.65,14.55,23.2,13.4,75.65,22.35,15.1,22.6,15.6,0.0,0.0,0.0,0.0,0.0
Arroyo HS,PSA,2020,1,0,0,0.0,0.0,0.0,0.0,0.0,0.0,0.0,0.0,0.0,0.0,73.65,20.85,15.7,23.5,13.6,0.0,0.0,0.0,0.0,0.0
Arroyo HS,PSA,2020,3,2,1,73.65,20.85,15.7,23.5,13.6,73.65,20.85,15.7,23.5,13.6,74.75,21.6,15.15,23.9,14.1,0.0,0.0,0.0,0.0,0.0
Avon Grove,PSA,2020,5,0,0,0.0,0.0,0.0,0.0,0.0,0.0,0.0,0.0,0.0,0.0,68.751,19.9,22.35,13.7,12.8,0.0,0.0,0.0,0.0,0.0
Avon Grove,PSA,2020,6,1,1,68.751,19.9,22.35,13.7,12.8,68.751,19.9,22.35,13.7,12.8,67.25,18.8,21.15,14.3,13.0,0.0,0.0,0.0,0.0,0.0
Cab Calloway,PSA,2020,5,0,0,0.0,0.0,0.0,0.0,0.0,0.0,0.0,0.0,0.0,0.0,78.4,24.7,24.0,15.9,13.8,0.0,0.0,0.0,0.0,0.0
Cab Calloway,PSA,2020,6,1,1,78.4,24.7,24.0,15.9,13.8,78.4,24.7,24.0,15.9,13.8,81.15,24.8,25.35,16.3,14.7,0.0,0.0,0.0,0.0,0.0
Canyon HS (AH),PSA,2020,3,0,0,0.0,0.0,0.0,0.0,0.0,0.0,0.0,0.0,0.0,0.0,77.65,22.65,16.3,23.0,15.7,0.0,0.0,0.0,0.0,0.0
Canyon HS (AH),PSA,2020,6,3,1,77.65,22.65,16.3,23.0,15.7,77.65,22.65,16.3,23.0,15.7,81.7,23.7,16.7,24.4,16.9,0.0,0.0,0.0,0.0,0.0
Central Square High School,PSA,2020,2,0,0,0.0,0.0,0.0,0.0,0.0,0.0,0.0,0.0,0.0,0.0,63.751,19.4,19.65,12.9,11.8,0.0,0.0,0.0,0.0,0.0
Central Square High School,PSA,2020,3,1,1,63.751,19.4,19.65,12.9,11.8,63.751,19.4,19.65,12.9,11.8,69.35,21.2,20.85,13.8,13.5,0.0,0.0,0.0,0.0,0.0
Central Square High School,PSA,2020,4,1,2,66.55,20.3,20.25,13.35,12.65,69.35,21.2,20.85,13.8,13.5,71.5,20.5,22.5,14.1,14.4,5.599,1.8,1.2,0.9,1.7
Central Square High School,PSA,2020,6,2,3,68.2,20.367,21.0,13.6,13.233,71.5,20.5,22.5,14.1,14.4,75.15,22.7,21.75,15.6,15.1,2.15,-0.7,1.65,0.3,0.9
Chaffey HS,PSA,2020,2,0,0,0.0,0.0,0.0,0.0,0.0,0.0,0.0,0.0,0.0,0.0,69.001,20.4,14.8,19.3,14.5,0.0,0.0,0.0,0.0,0.0
Chaffey HS,PSA,2020,6,4,1,69.001,20.4,14.8,19.3,14.5,69.001,20.4,14.8,19.3,14.5,72.5,21.6,14.1,22.9,13.9,0.0,0.0,0.0,0.0,0.0
Corning-Painted Post,PSA,2020,2,0,0,0.0,0.0,0.0,0.0,0.0,0.0,0.0,0.0,0.0,0.0,67.1,19.8,20.1,14.6,12.6,0.0,0.0,0.0,0.0,0.0
Corning-Painted Post,PSA,2020,3,1,1,67.1,19.8,20.1,14.6,12.6,67.1,19.8,20.1,14.6,12.6,69.6,20.3,20.4,14.9,14.0,0.0,0.0,0.0,0.0,0.0
Corning-Painted Post,PSA,2020,6,3,2,68.35,20.05,20.25,14.75,13.3,69.6,20.3,20.4,14.9,14.0,71.15,22.4,20.85,14.1,13.8,2.5,0.5,0.3,0.3,1.4
Crescenta Valley HS,PSA,2020,3,0,0,0.0,0.0,0.0,0.0,0.0,0.0,0.0,0.0,0.0,0.0,68.1,21.6,12.4,21.6,12.5,0.0,0.0,0.0,0.0,0.0
Crescenta Valley HS,PSA,2020,6,3,1,68.1,21.6,12.4,21.6,12.5,68.1,21.6,12.4,21.6,12.5,63.15,19.35,12.0,19.6,12.2,0.0,0.0,0.0,0.0,0.0
Cypress HS,PSA,2020,2,0,0,0.0,0.0,0.0,0.0,0.0,0.0,0.0,0.0,0.0,0.0,78.55,25.05,15.9,21.8,15.8,0.0,0.0,0.0,0.0,0.0
Cypress HS,PSA,2020,3,1,1,78.55,25.05,15.9,21.8,15.8,78.55,25.05,15.9,21.8,15.8,78.15,22.35,16.0,24.5,15.3,0.0,0.0,0.0,0.0,0.0
Don Lugo HS,PSA,2020,3,0,0,0.0,0.0,0.0,0.0,0.0,0.0,0.0,0.0,0.0,0.0,74.4,22.5,15.7,22.05,14.15,0.0,0.0,0.0,0.0,0.0
Don Lugo HS,PSA,2020,6,3,1,74.4,22.5,15.7,22.05,14.15,74.4,22.5,15.7,22.05,14.15,70.101,20.7,13.3,21.9,14.2,0.0,0.0,0.0,0.0,0.0
Escondido HS,PSA,2020,3,0,0,0.0,0.0,0.0,0.0,0.0,0.0,0.0,0.0,0.0,0.0,69.951,22.8,13.0,21.1,13.05,0.0,0.0,0.0,0.0,0.0
Escondido HS,PSA,2020,6,3,1,69.951,22.8,13.0,21.1,13.05,69.951,22.8,13.0,21.1,13.05,67.201,20.1,12.8,20.6,13.7,0.0,0.0,0.0,0.0,0.0
Hopewell Valley Central,PSA,2020,3,0,0,0.0,0.0,0.0,0.0,0.0,0.0,0.0,0.0,0.0,0.0,67.0,19.5,20.1,14.2,13.2,0.0,0.0,0.0,0.0,0.0
Hopewell Valley Central,PSA,2020,4,1,1,67.0,19.5,20.1,14.2,13.2,67.0,19.5,20.1,14.2,13.2,68.301,21.9,20.1,13.9,12.4,0.0,0.0,0.0,0.0,0.0
Hopewell Valley Central,PSA,2020,5,1,2,67.65,20.7,20.1,14.05,12.8,68.301,21.9,20.1,13.9,12.4,69.651,22.5,21.75,13.1,12.3,1.301,2.4,0.0,-0.3,-0.8
Jordan Elbridge Indoor Percussion,PSA,2020,2,0,0,0.0,0.0,0.0,0.0,0.0,0.0,0.0,0.0,0.0,0.0,63.401,20.3,19.5,12.2,11.4,0.0,0.0,0.0,0.0,0.0
Jordan Elbridge Indoor Percussion,PSA,2020,3,1,1,63.401,20.3,19.5,12.2,11.4,63.401,20.3,19.5,12.2,11.4,68.55,21.3,20.55,13.5,13.2,0.0,0.0,0.0,0.0,0.0
Jordan Elbridge Indoor Percussion,PSA,2020,5,2,2,65.976,20.8,20.025,12.85,12.3,68.55,21.3,20.55,13.5,13.2,73.2,22.3,21.3,14.9,14.7,5.149,1.0,1.05,1.3,1.8
Marcus Whitman,PSA,2020,3,0,0,0.0,0.0,0.0,0.0,0.0,0.0,0.0,0.0,0.0,0.0,54.201,18.7,15.3,10.2,10.0,0.0,0.0,0.0,0.0,0.0
Marcus Whitman,PSA,2020,6,3,1,54.201,18.7,15.3,10.2,10.0,54.201,18.7,15.3,10.2,10.0,60.6,19.8,17.7,11.6,11.5,0.0,0.0,0.0,0.0,0.0
Marple Newtown,PSA,2020,4,0,0,0.0,0.0,0.0,0.0,0.0,0.0,0.0,0.0,0.0,0.0,66.051,19.1,20.55,13.8,12.6,0.0,0.0,0.0,0.0,0.0
Marple Newtown,PSA,2020,5,1,1,66.051,19.1,20.55,13.8,12.6,66.051,19.1,20.55,13.8,12.6,71.801,22.8,22.5,13.4,13.1,0.0,0.0,0.0,0.0,0.0
Methacton,PSA,2020,3,0,0,0.0,0.0,0.0,0.0,0.0,0.0,0.0,0.0,0.0,0.0,61.6,18.8,16.8,13.5,12.5,0.0,0.0,0.0,0.0,0.0
Methacton,PSA,2020,5,2,1,61.6,18.8,16.8,13.5,12.5,61.6,18.8,16.8,13.5,12.5,63.5,19.7,20.4,12.3,11.1,0.0,0.0,0.0,0.0,0.0
New Hartford,PSA,2020,2,0,0,0.0,0.0,0.0,0.0,0.0,0.0,0.0,0.0,0.0,0.0,70.75,21.6,21.75,13.8,13.6,0.0,0.0,0.0,0.0,0.0
New Hartford,PSA,2020,3,1,1,70.75,21.6,21.75,13.8,13.6,70.75,21.6,21.75,13.8,13.6,73.25,22.5,21.45,14.7,14.6,0.0,0.0,0.0,0.0,0.0
New Hartford,PSA,2020,5,2,2,72.0,22.05,21.6,14.25,14.1,73.25,22.5,21.45,14.7,14.6,79.1,23.3,23.7,16.1,16.0,2.5,0.9,-0.3,0.9,1.0
New Hartford,PSA,2020,6,1,3,74.367,22.467,22.3,14.867,14.733,79.1,23.3,23.7,16.1,16.0,79.2,24.4,22.5,16.3,16.0,5.85,0.8,2.25,1.4,1.4
North Penn,PSA,2020,4,0,0,0.0,0.0,0.0,0.0,0.0,0.0,0.0,0.0,0.0,0.0,71.75,22.7,21.15,15.4,12.5,0.0,0.0,0.0,0.0,0.0
North Penn,PSA,2020,5,1,1,71.75,22.7,21.15,15.4,12.5,71.75,22.7,21.15,15.4,12.5,76.975,24.9,23.475,15.1,13.5,0.0,0.0,0.0,0.0,0.0
North Penn,PSA,2020,6,1,2,74.362,23.8,22.312,15.25,13.0,76.975,24.9,23.475,15.1,13.5,80.25,25.1,24.75,15.9,14.5,5.225,2.2,2.325,-0.3,1.0
Owen J Roberts,PSA,2020,4,0,0,0.0,0.0,0.0,0.0,0.0,0.0,0.0,0.0,0.0,0.0,71.201,19.6,22.2,15.5,13.9,0.0,0.0,0.0,0.0,0.0
Owen J Roberts,PSA,2020,5,1,1,71.201,19.6,22.2,15.5,13.9,71.201,19.6,22.2,15.5,13.9,76.951,22.0,23.55,15.7,15.7,0.0,0.0,0.0,0.0,0.0
Owen J Roberts,PSA,2020,6,1,2,74.076,20.8,22.875,15.6,14.8,76.951,22.0,23.55,15.7,15.7,79.9,23.2,23.7,16.9,16.1,5.75,2.4,1.35,0.2,1.8
Perkiomen Valley,PSA,2020,3,0,0,0.0,0.0,0.0,0.0,0.0,0.0,0.0,0.0,0.0,0.0,71.1,20.3,21.0,15.0,14.8,0.0,0.0,0.0,0.0,0.0
Perkiomen Valley,PSA,2020,4,1,1,71.1,20.3,21.0,15.0,14.8,71.1,20.3,21.0,15.0,14.8,70.101,21.1,21.6,13.4,14.0,0.0,0.0,0.0,0.0,0.0
Phoenix Indoor Percussion,PSA,2020,2,0,0,0.0,0.0,0.0,0.0,0.0,0.0,0.0,0.0,0.0,0.0,71.4,23.2,21.3,14.5,12.4,0.0,0.0,0.0,0.0,0.0
Phoenix Indoor Percussion,PSA,2020,3,1,1,71.4,23.2,21.3,14.5,12.4,71.4,23.2,21.3,14.5,12.4,76.1,23.9,22.2,15.5,14.5,0.0,0.0,0.0,0.0,0.0
Phoenix Indoor Percussion,PSA,2020,4,1,2,73.75,23.55,21.75,15.0,13.45,76.1,23.9,22.2,15.5,14.5,76.85,23.0,23.55,15.3,15.0,4.7,0.7,0.9,1.0,2.1
Phoenixville,PSA,2020,4,0,0,0.0,0.0,0.0,0.0,0.0,0.0,0.0,0.0,0.0,0.0,71.151,21.4,22.05,14.4,13.3,0.0,0.0,0.0,0.0,0.0
Phoenixville,PSA,2020,5,1,1,71.151,21.4,22.05,14.4,13.3,71.151,21.4,22.05,14.4,13.3,74.451,23.7,22.95,14.5,13.3,0.0,0.0,0.0,0.0,0.0
Quakertown,PSA,2020,4,0,0,0.0,0.0,0.0,0.0,0.0,0.0,0.0,0.0,0.0,0.0,71.95,20.4,22.95,15.0,13.6,0.0,0.0,0.0,0.0,0.0
Quakertown,PSA,2020,6,2,1,71.95,20.4,22.95,15.0,13.6,71.95,20.4,22.95,15.0,13.6,77.201,22.7,23.1,16.0,15.4,0.0,0.0,0.0,0.0,0.0
Ridley,PSA,2020,4,0,0,0.0,0.0,0.0,0.0,0.0,0.0,0.0,0.0,0.0,0.0,75.15,22.3,23.85,14.7,14.3,0.0,0.0,0.0,0.0,0.0
Ridley,PSA,2020,5,1,1,75.15,22.3,23.85,14.7,14.3,75.15,22.3,23.85,14.7,14.3,77.4,24.6,22.8,15.2,14.8,0.0,0.0,0.0,0.0,0.0
South Pasadena HS,PSA,2020,1,0,0,0.0,0.0,0.0,0.0,0.0,0.0,0.0,0.0,0.0,0.0,66.651,19.65,13.5,20.6,12.9,0.0,0.0,0.0,0.0,0.0
South Pasadena HS,PSA,2020,3,2,1,66.651,19.65,13.5,20.6,12.9,66.651,19.65,13.5,20.6,12.9,69.051,19.35,13.05,22.6,14.05,0.0,0.0,0.0,0.0,0.0
Southern Regional,PSA,2020,3,0,0,0.0,0.0,0.0,0.0,0.0,0.0,0.0,0.0,0.0,0.0,71.2,20.4,20.7,15.2,14.9,0.0,0.0,0.0,0.0,0.0
Southern Regional,PSA,2020,6,3,1,71.2,20.4,20.7,15.2,14.9,71.2,20.4,20.7,15.2,14.9,82.1,24.0,24.9,16.7,16.5,0.0,0.0,0.0,0.0,0.0
St. Genevieve HS,PSA,2020,1,0,0,0.0,0.0,0.0,0.0,0.0,0.0,0.0,0.0,0.0,0.0,72.2,21.3,13.9,22.7,14.3,0.0,0.0,0.0,0.0,0.0
St. Genevieve HS,PSA,2020,3,2,1,72.2,21.3,13.9,22.7,14.3,72.2,21.3,13.9,22.7,14.3,71.951,20.25,14.5,22.7,14.5,0.0,0.0,0.0,0.0,0.0
Upper Darby,PSA,2020,4,0,0,0.0,0.0,0.0,0.0,0.0,0.0,0.0,0.0,0.0,0.0,73.75,23.0,23.55,14.2,13.0,0.0,0.0,0.0,0.0,0.0
Upper Darby,PSA,2020,5,1,1,73.75,23.0,23.55,14.2,13.0,73.75,23.0,23.55,14.2,13.0,78.8,25.2,23.4,15.8,14.4,0.0,0.0,0.0,0.0,0.0
Upper Moreland,PSA,2020,4,0,0,0.0,0.0,0.0,0.0,0.0,0.0,0.0,0.0,0.0,0.0,65.7,20.7,20.4,12.9,11.7,0.0,0.0,0.0,0.0,0.0
Upper Moreland,PSA,2020,6,2,1,65.7,20.7,20.4,12.9,11.7,65.7,20.7,20.4,12.9,11.7,74.901,21.3,24.0,15.6,14.0,0.0,0.0,0.0,0.0,0.0
Webster Percussion Theater,PSA,2020,2,0,0,0.0,0.0,0.0,0.0,0.0,0.0,0.0,0.0,0.0,0.0,65.9,19.1,20.4,14.1,12.3,0.0,0.0,0.0,0.0,0.0
Webster Percussion Theater,PSA,2020,5,3,1,65.9,19.1,20.4,14.1,12.3,65.9,19.1,20.4,14.1,12.3,76.7,23.0,22.8,15.6,15.3,0.0,0.0,0.0,0.0,0.0
Webster Percussion Theater,PSA,2020,6,1,2,71.3,21.05,21.6,14.85,13.8,76.7,23.0,22.8,15.6,15.3,76.65,24.0,22.65,15.2,14.8,10.8,3.9,2.4,1.5,3.0
West Covina HS,PSA,2020,1,0,0,0.0,0.0,0.0,0.0,0.0,0.0,0.0,0.0,0.0,0.0,65.251,18.75,13.1,21.0,12.4,0.0,0.0,0.0,0.0,0.0
West Covina HS,PSA,2020,3,2,1,65.251,18.75,13.1,21.0,12.4,65.251,18.75,13.1,21.0,12.4,73.6,23.85,15.4,20.5,13.85,0.0,0.0,0.0,0.0,0.0
West HS (T),PSA,2020,1,0,0,0.0,0.0,0.0,0.0,0.0,0.0,0.0,0.0,0.0,0.0,72.825,20.925,15.8,21.6,14.5,0.0,0.0,0.0,0.0,0.0
West HS (T),PSA,2020,3,2,1,72.825,20.925,15.8,21.6,14.5,72.825,20.925,15.8,21.6,14.5,70.601,21.45,13.5,22.3,13.35,0.0,0.0,0.0,0.0,0.0
Broken City,PIW,2020,2,0,0,0.0,0.0,0.0,0.0,0.0,0.0,0.0,0.0,0.0,0.0,83.45,25.35,16.8,24.8,16.5,0.0,0.0,0.0,0.0,0.0
Broken City,PIW,2020,3,1,1,83.45,25.35,16.8,24.8,16.5,83.45,25.35,16.8,24.8,16.5,83.45,25.05,17.3,25.1,16.0,0.0,0.0,0.0,0.0,0.0
Dark Sky Percussion,PIW,2020,3,0,0,0.0,0.0,0.0,0.0,0.0,0.0,0.0,0.0,0.0,0.0,81.35,24.15,16.6,25.0,15.6,0.0,0.0,0.0,0.0,0.0
Dark Sky Percussion,PIW,2020,5,2,1,81.35,24.15,16.6,25.0,15.6,81.35,24.15,16.6,25.0,15.6,83.1,25.5,16.8,24.6,16.2,0.0,0.0,0.0,0.0,0.0
POW Percussion,PIW,2020,3,0,0,0.0,0.0,0.0,0.0,0.0,0.0,0.0,0.0,0.0,0.0,82.35,24.45,16.7,24.9,16.3,0.0,0.0,0.0,0.0,0.0
POW Percussion,PIW,2020,6,3,1,82.35,24.45,16.7,24.9,16.3,82.35,24.45,16.7,24.9,16.3,84.45,25.05,17.2,25.1,17.1,0.0,0.0,0.0,0.0,0.0
Pulse Percussion,PIW,2020,2,0,0,0.0,0.0,0.0,0.0,0.0,0.0,0.0,0.0,0.0,0.0,85.4,25.8,17.3,25.0,17.3,0.0,0.0,0.0,0.0,0.0
Pulse Percussion,PIW,2020,6,4,1,85.4,25.8,17.3,25.0,17.3,85.4,25.8,17.3,25.0,17.3,91.55,27.45,18.8,27.1,18.2,0.0,0.0,0.0,0.0,0.0
Vessel,PIW,2020,3,0,0,0.0,0.0,0.0,0.0,0.0,0.0,0.0,0.0,0.0,0.0,76.45,22.05,15.6,23.9,14.9,0.0,0.0,0.0,0.0,0.0
Vessel,PIW,2020,6,3,1,76.45,22.05,15.6,23.9,14.9,76.45,22.05,15.6,23.9,14.9,82.5,24.9,16.8,24.3,16.5,0.0,0.0,0.0,0.0,0.0
Catalyst Percussion,PIO,2020,5,0,0,0.0,0.0,0.0,0.0,0.0,0.0,0.0,0.0,0.0,0.0,74.45,22.65,15.1,21.7,15.0,0.0,0.0,0.0,0.0,0.0
Catalyst Percussion,PIO,2020,6,1,1,74.45,22.65,15.1,21.7,15.0,74.45,22.65,15.1,21.7,15.0,77.45,23.25,16.2,22.9,15.1,0.0,0.0,0.0,0.0,0.0
Downingtown Area SD,PIO,2020,4,0,0,0.0,0.0,0.0,0.0,0.0,0.0,0.0,0.0,0.0,0.0,79.25,23.6,24.45,16.5,14.7,0.0,0.0,0.0,0.0,0.0
Downingtown Area SD,PIO,2020,6,2,1,79.25,23.6,24.45,16.5,14.7,79.25,23.6,24.45,16.5,14.7,81.95,24.3,25.35,16.2,16.1,0.0,0.0,0.0,0.0,0.0
Instinct,PIO,2020,3,0,0,0.0,0.0,0.0,0.0,0.0,0.0,0.0,0.0,0.0,0.0,77.4,24.0,16.5,22.8,14.1,0.0,0.0,0.0,0.0,0.0
Instinct,PIO,2020,5,2,1,77.4,24.0,16.5,22.8,14.1,77.4,24.0,16.5,22.8,14.1,75.9,22.5,16.2,22.5,14.7,0.0,0.0,0.0,0.0,0.0
Meraki Percussion,PIO,2020,5,0,0,0.0,0.0,0.0,0.0,0.0,0.0,0.0,0.0,0.0,0.0,78.75,22.05,16.6,24.8,15.3,0.0,0.0,0.0,0.0,0.0
Meraki Percussion,PIO,2020,6,1,1,78.75,22.05,16.6,24.8,15.3,78.75,22.05,16.6,24.8,15.3,78.85,23.55,15.7,24.0,15.6,0.0,0.0,0.0,0.0,0.0
Élan Percussion,PIO,2020,5,0,0,0.0,0.0,0.0,0.0,0.0,0.0,0.0,0.0,0.0,0.0,80.3,23.1,16.7,24.2,16.3,0.0,0.0,0.0,0.0,0.0
Élan Percussion,PIO,2020,6,1,1,80.3,23.1,16.7,24.2,16.3,80.3,23.1,16.7,24.2,16.3,80.4,24.0,16.1,24.2,16.1,0.0,0.0,0.0,0.0,0.0
Albany Indoor Percussion,PIA,2020,5,0,0,0.0,0.0,0.0,0.0,0.0,0.0,0.0,0.0,0.0,0.0,68.6,19.6,20.7,14.2,14.1,0.0,0.0,0.0,0.0,0.0
Albany Indoor Percussion,PIA,2020,6,1,1,68.6,19.6,20.7,14.2,14.1,68.6,19.6,20.7,14.2,14.1,66.3,20.5,18.0,13.9,13.9,0.0,0.0,0.0,0.0,0.0
ECR Independent,PIA,2020,3,0,0,0.0,0.0,0.0,0.0,0.0,0.0,0.0,0.0,0.0,0.0,70.85,21.45,16.8,19.0,13.6,0.0,0.0,0.0,0.0,0.0
ECR Independent,PIA,2020,5,2,1,70.85,21.45,16.8,19.0,13.6,70.85,21.45,16.8,19.0,13.6,75.1,24.0,15.8,21.2,14.1,0.0,0.0,0.0,0.0,0.0
High Desert Independent,PIA,2020,3,0,0,0.0,0.0,0.0,0.0,0.0,0.0,0.0,0.0,0.0,0.0,71.1,21.9,15.6,19.5,14.1,0.0,0.0,0.0,0.0,0.0
High Desert Independent,PIA,2020,5,2,1,71.1,21.9,15.6,19.5,14.1,71.1,21.9,15.6,19.5,14.1,71.0,21.3,14.8,21.3,13.6,0.0,0.0,0.0,0.0,0.0
Pace Percussion Ensemble,PIA,2020,1,0,0,0.0,0.0,0.0,0.0,0.0,0.0,0.0,0.0,0.0,0.0,64.55,18.45,12.4,21.0,12.7,0.0,0.0,0.0,0.0,0.0
Pace Percussion Ensemble,PIA,2020,2,1,1,64.55,18.45,12.4,21.0,12.7,64.55,18.45,12.4,21.0,12.7,66.6,19.5,13.2,19.0,14.9,0.0,0.0,0.0,0.0,0.0
Pace Percussion Ensemble,PIA,2020,6,4,2,65.575,18.975,12.8,20.0,13.8,66.6,19.5,13.2,19.0,14.9,73.4,24.0,13.3,21.2,14.9,2.05,1.05,0.8,-2.0,2.2
United 2,PIA,2020,3,0,0,0.0,0.0,0.0,0.0,0.0,0.0,0.0,0.0,0.0,0.0,75.35,22.8,21.15,15.7,15.7,0.0,0.0,0.0,0.0,0.0
United 2,PIA,2020,6,3,1,75.35,22.8,21.15,15.7,15.7,75.35,22.8,21.15,15.7,15.7,82.25,25.0,23.25,17.1,16.9,0.0,0.0,0.0,0.0,0.0
Benton Indoor Percussion,PSA,2021,0,0,0,0.0,0.0,0.0,0.0,0.0,0.0,0.0,0.0,0.0,0.0,66.7,20.1,13.1,20.5,13.0,0.0,0.0,0.0,0.0,0.0
Benton Indoor Percussion,PSA,2021,1,1,1,66.7,20.1,13.1,20.5,13.0,66.7,20.1,13.1,20.5,13.0,71.2,22.2,13.7,21.1,14.2,0.0,0.0,0.0,0.0,0.0
Benton Indoor Percussion,PSA,2021,2,1,2,68.95,21.15,13.4,20.8,13.6,71.2,22.2,13.7,21.1,14.2,75.9,23.4,14.3,23.3,14.9,4.5,2.1,0.6,0.6,1.2
Benton Indoor Percussion,PSA,2021,7,5,3,71.267,21.9,13.7,21.633,14.033,75.9,23.4,14.3,23.3,14.9,83.8,26.4,16.0,25.3,16.1,4.7,1.2,0.6,2.2,0.7
Bryant Indoor Percussion,PSA,2021,0,0,0,0.0,0.0,0.0,0.0,0.0,0.0,0.0,0.0,0.0,0.0,68.65,20.25,13.7,20.8,13.9,0.0,0.0,0.0,0.0,0.0
Bryant Indoor Percussion,PSA,2021,1,1,1,68.65,20.25,13.7,20.8,13.9,68.65,20.25,13.7,20.8,13.9,72.9,23.4,13.8,21.0,14.7,0.0,0.0,0.0,0.0,0.0
Bryant Indoor Percussion,PSA,2021,7,6,2,70.775,21.825,13.75,20.9,14.3,72.9,23.4,13.8,21.0,14.7,86.05,26.55,17.8,25.4,16.3,4.25,3.15,0.1,0.2,0.8
Lake Hamilton HS Indoor Percussion,PSA,2021,0,0,0,0.0,0.0,0.0,0.0,0.0,0.0,0.0,0.0,0.0,0.0,71.7,21.9,14.1,21.2,14.5,0.0,0.0,0.0,0.0,0.0
Lake Hamilton HS Indoor Percussion,PSA,2021,1,1,1,71.7,21.9,14.1,21.2,14.5,71.7,21.9,14.1,21.2,14.5,74.4,23.25,13.85,22.7,14.6,0.0,0.0,0.0,0.0,0.0
Lake Hamilton HS Indoor Percussion,PSA,2021,7,6,2,73.05,22.575,13.975,21.95,14.55,74.4,23.25,13.85,22.7,14.6,89.3,27.9,18.3,26.1,17.0,2.7,1.35,-0.25,1.5,0.1
Siloam Springs Indoor Percussion,PSA,2021,0,0,0,0.0,0.0,0.0,0.0,0.0,0.0,0.0,0.0,0.0,0.0,66.55,19.65,13.2,20.9,12.8,0.0,0.0,0.0,0.0,0.0
Siloam Springs Indoor Percussion,PSA,2021,2,2,1,66.55,19.65,13.2,20.9,12.8,66.55,19.65,13.2,20.9,12.8,79.15,24.15,15.3,24.1,15.6,0.0,0.0,0.0,0.0,0.0
Siloam Springs Indoor Percussion,PSA,2021,7,5,2,72.85,21.9,14.25,22.5,14.2,79.15,24.15,15.3,24.1,15.6,83.95,26.25,16.8,25.0,15.9,12.6,4.5,2.1,3.2,2.8
Arcadia HS,PSW,2022,4,0,0,0.0,0.0,0.0,0.0,0.0,0.0,0.0,0.0,0.0,0.0,77.0,24.3,15.5,21.9,15.3,0.0,0.0,0.0,0.0,0.0
Arcadia HS,PSW,2022,6,2,1,77.0,24.3,15.5,21.9,15.3,77.0,24.3,15.5,21.9,15.3,85.25,25.05,17.5,25.9,16.8,0.0,0.0,0.0,0.0,0.0
Arcadia HS,PSW,2022,9,3,2,81.125,24.675,16.5,23.9,16.05,85.25,25.05,17.5,25.9,16.8,92.25,27.45,18.6,28.1,18.1,8.25,0.75,2.0,4.0,1.5
Arcadia HS,PSW,2022,11,2,3,84.833,25.6,17.2,25.3,16.733,92.25,27.45,18.6,28.1,18.1,94.35,28.8,18.6,28.25,18.7,7.0,2.4,1.1,2.2,1.3
Arcadia HS,PSW,2022,13,2,4,87.212,26.4,17.55,26.038,17.225,94.35,28.8,18.6,28.25,18.7,95.9,29.025,19.1,28.775,19.0,2.1,1.35,0.0,0.15,0.6
Avon HS,PSW,2022,6,0,0,0.0,0.0,0.0,0.0,0.0,0.0,0.0,0.0,0.0,0.0,86.85,25.95,18.0,25.8,17.1,0.0,0.0,0.0,0.0,0.0
Avon HS,PSW,2022,13,7,1,86.85,25.95,18.0,25.8,17.1,86.85,25.95,18.0,25.8,17.1,98.6,29.85,19.825,29.275,19.65,0.0,0.0,0.0,0.0,0.0
Ayala HS,PSW,2022,4,0,0,0.0,0.0,0.0,0.0,0.0,0.0,0.0,0.0,0.0,0.0,75.7,24.0,15.4,21.1,15.2,0.0,0.0,0.0,0.0,0.0
Ayala HS,PSW,2022,6,2,1,75.7,24.0,15.4,21.1,15.2,75.7,24.0,15.4,21.1,15.2,85.1,25.2,17.8,25.0,17.1,0.0,0.0,0.0,0.0,0.0
Ayala HS,PSW,2022,7,1,2,80.4,24.6,16.6,23.05,16.15,85.1,25.2,17.8,25.0,17.1,82.75,25.05,17.1,23.5,17.1,9.4,1.2,2.4,3.9,1.9
Ayala HS,PSW,2022,9,2,3,81.183,24.75,16.767,23.2,16.467,82.75,25.05,17.1,23.5,17.1,88.8,26.25,18.1,27.2,17.25,-2.35,-0.15,-0.7,-1.5,0.0
Ayala HS,PSW,2022,11,2,4,83.088,25.125,17.1,24.2,16.662,88.8,26.25,18.1,27.2,17.25,92.05,28.35,18.7,26.6,18.4,6.05,1.2,1.0,3.7,0.15
Ayala HS,PSW,2022,13,2,5,84.88,25.77,17.42,24.68,17.01,92.05,28.35,18.7,26.6,18.4,93.439,28.688,18.85,26.95,18.95,3.25,2.1,0.6,-0.6,1.15
Broken Arrow HS,PSW,2022,6,0,0,0.0,0.0,0.0,0.0,0.0,0.0,0.0,0.0,0.0,0.0,81.5,25.2,15.9,24.0,16.4,0.0,0.0,0.0,0.0,0.0
Broken Arrow HS,PSW,2022,13,7,1,81.5,25.2,15.9,24.0,16.4,81.5,25.2,15.9,24.0,16.4,92.189,28.013,18.1,27.575,18.5,0.0,0.0,0.0,0.0,0.0
Center Grove HS,PSW,2022,6,0,0,0.0,0.0,0.0,0.0,0.0,0.0,0.0,0.0,0.0,0.0,81.35,24.15,16.5,24.3,16.4,0.0,0.0,0.0,0.0,0.0
Center Grove HS,PSW,2022,13,7,1,81.35,24.15,16.5,24.3,16.4,81.35,24.15,16.5,24.3,16.4,88.813,26.587,17.45,26.95,17.825,0.0,0.0,0.0,0.0,0.0
Chino Hills HS,PSW,2022,3,0,0,0.0,0.0,0.0,0.0,0.0,0.0,0.0,0.0,0.0,0.0,84.7,24.9,17.1,25.6,17.1,0.0,0.0,0.0,0.0,0.0
Chino Hills HS,PSW,2022,5,2,1,84.7,24.9,17.1,25.6,17.1,84.7,24.9,17.1,25.6,17.1,85.9,25.5,16.4,26.4,17.6,0.0,0.0,0.0,0.0,0.0
Chino Hills HS,PSW,2022,6,1,2,85.3,25.2,16.75,26.0,17.35,85.9,25.5,16.4,26.4,17.6,90.1,27.0,18.3,26.5,18.3,1.2,0.6,-0.7,0.8,0.5
Chino Hills HS,PSW,2022,9,3,3,86.9,25.8,17.267,26.167,17.667,90.1,27.0,18.3,26.5,18.3,95.05,28.5,19.2,28.7,18.65,4.2,1.5,1.9,0.1,0.7
Chino Hills HS,PSW,2022,11,2,4,88.938,26.475,17.75,26.8,17.912,95.05,28.5,19.2,28.7,18.65,95.25,29.25,18.8,28.2,19.0,4.95,1.5,0.9,2.2,0.35
Chino Hills HS,PSW,2022,13,2,5,90.2,27.03,17.96,27.08,18.13,95.25,29.25,18.8,28.2,19.0,97.775,29.55,19.4,29.45,19.375,0.2,0.75,-0.4,-0.5,0.35
Dartmouth HS,PSW,2022,5,0,0,0.0,0.0,0.0,0.0,0.0,0.0,0.0,0.0,0.0,0.0,85.2,25.8,17.0,25.9,16.5,0.0,0.0,0.0,0.0,0.0
Dartmouth HS,PSW,2022,9,4,1,85.2,25.8,17.0,25.9,16.5,85.2,25.8,17.0,25.9,16.5,93.65,27.75,18.7,28.5,18.7,0.0,0.0,0.0,0.0,0.0
Dartmouth HS,PSW,2022,13,4,2,89.425,26.775,17.85,27.2,17.6,93.65,27.75,18.7,28.5,18.7,97.525,29.25,19.5,29.425,19.35,8.45,1.95,1.7,2.6,2.2
Etiwanda HS,PSW,2022,6,0,0,0.0,0.0,0.0,0.0,0.0,0.0,0.0,0.0,0.0,0.0,78.4,23.1,15.6,24.1,15.6,0.0,0.0,0.0,0.0,0.0
Etiwanda HS,PSW,2022,7,1,1,78.4,23.1,15.6,24.1,15.6,78.4,23.1,15.6,24.1,15.6,80.7,23.4,16.6,24.5,16.2,0.0,0.0,0.0,0.0,0.0
Etiwanda HS,PSW,2022,8,1,2,79.55,23.25,16.1,24.3,15.9,80.7,23.4,16.6,24.5,16.2,78.55,24.45,14.8,24.4,14.9,2.3,0.3,1.0,0.4,0.6
Etiwanda HS,PSW,2022,11,3,3,79.217,23.65,15.667,24.333,15.567,78.55,24.45,14.8,24.4,14.9,87.351,27.75,16.3,27.1,16.2,-2.15,1.05,-1.8,-0.1,-1.3
Fishers HS,PSW,2022,6,0,0,0.0,0.0,0.0,0.0,0.0,0.0,0.0,0.0,0.0,0.0,82.1,25.2,16.3,24.5,16.1,0.0,0.0,0.0,0.0,0.0
Fishers HS,PSW,2022,9,3,1,82.1,25.2,16.3,24.5,16.1,82.1,25.2,16.3,24.5,16.1,89.5,26.1,18.1,27.9,17.4,0.0,0.0,0.0,0.0,0.0
Franklin Central HS,PSW,2022,6,0,0,0.0,0.0,0.0,0.0,0.0,0.0,0.0,0.0,0.0,0.0,83.35,25.05,16.7,25.3,16.3,0.0,0.0,0.0,0.0,0.0
Franklin Central HS,PSW,2022,13,7,1,83.35,25.05,16.7,25.3,16.3,83.35,25.05,16.7,25.3,16.3,90.225,27.15,18.1,27.4,17.575,0.0,0.0,0.0,0.0,0.0
Homestead HS,PSW,2022,9,0,0,0.0,0.0,0.0,0.0,0.0,0.0,0.0,0.0,0.0,0.0,87.876,25.575,17.4,27.3,17.6,0.0,0.0,0.0,0.0,0.0
Homestead HS,PSW,2022,13,4,1,87.876,25.575,17.4,27.3,17.6,87.876,25.575,17.4,27.3,17.6,89.325,27.375,17.5,26.35,18.1,0.0,0.0,0.0,0.0,0.0
Lambert HS,PSW,2022,8,0,0,0.0,0.0,0.0,0.0,0.0,0.0,0.0,0.0,0.0,0.0,85.15,26.25,16.7,25.3,16.9,0.0,0.0,0.0,0.0,0.0
Lambert HS,PSW,2022,13,5,1,85.15,26.25,16.7,25.3,16.9,85.15,26.25,16.7,25.3,16.9,91.226,27.675,17.85,27.775,17.925,0.0,0.0,0.0,0.0,0.0
Milton HS,PSW,2022,8,0,0,0.0,0.0,0.0,0.0,0.0,0.0,0.0,0.0,0.0,0.0,84.35,25.35,16.9,25.7,16.4,0.0,0.0,0.0,0.0,0.0
Milton HS,PSW,2022,13,5,1,84.35,25.35,16.9,25.7,16.4,84.35,25.35,16.9,25.7,16.4,88.625,26.475,18.0,26.575,17.575,0.0,0.0,0.0,0.0,0.0
Petal HS,PSW,2022,7,0,0,0.0,0.0,0.0,0.0,0.0,0.0,0.0,0.0,0.0,0.0,82.4,25.2,16.9,24.3,16.0,0.0,0.0,0.0,0.0,0.0
Petal HS,PSW,2022,8,1,1,82.4,25.2,16.9,24.3,16.0,82.4,25.2,16.9,24.3,16.0,81.15,25.05,16.2,24.2,15.7,0.0,0.0,0.0,0.0,0.0
Petal HS,PSW,2022,13,5,2,81.775,25.125,16.55,24.25,15.85,81.15,25.05,16.2,24.2,15.7,86.425,26.1,17.25,25.85,17.225,-1.25,-0.15,-0.7,-0.1,-0.3
Rowland HS,PSW,2022,4,0,0,0.0,0.0,0.0,0.0,0.0,0.0,0.0,0.0,0.0,0.0,70.8,22.2,14.5,20.1,14.0,0.0,0.0,0.0,0.0,0.0
Rowland HS,PSW,2022,7,3,1,70.8,22.2,14.5,20.1,14.0,70.8,22.2,14.5,20.1,14.0,78.85,23.55,16.3,22.9,16.1,0.0,0.0,0.0,0.0,0.0
Rowland HS,PSW,2022,9,2,2,74.825,22.875,15.4,21.5,15.05,78.85,23.55,16.3,22.9,16.1,85.8,24.9,18.4,25.4,17.1,8.05,1.35,1.8,2.8,2.1
Rowland HS,PSW,2022,11,2,3,78.483,23.55,16.4,22.8,15.733,85.8,24.9,18.4,25.4,17.1,87.101,26.55,16.9,26.65,17.0,6.95,1.35,2.1,2.5,1.0
Sunny Hills HS,PSW,2022,3,0,0,0.0,0.0,0.0,0.0,0.0,0.0,0.0,0.0,0.0,0.0,75.0,22.5,15.2,23.4,13.9,0.0,0.0,0.0,0.0,0.0
Sunny Hills HS,PSW,2022,6,3,1,75.0,22.5,15.2,23.4,13.9,75.0,22.5,15.2,23.4,13.9,78.1,23.7,15.3,24.3,14.8,0.0,0.0,0.0,0.0,0.0
Sunny Hills HS,PSW,2022,9,3,2,76.55,23.1,15.25,23.85,14.35,78.1,23.7,15.3,24.3,14.8,85.601,25.8,16.4,26.6,16.8,3.1,1.2,0.1,0.9,0.9
Sunny Hills HS,PSW,2022,11,2,3,79.567,24.0,15.633,24.767,15.167,85.601,25.8,16.4,26.6,16.8,86.851,26.85,16.1,27.3,16.6,7.501,2.1,1.1,2.3,2.0
Vista Murrieta HS,PSW,2022,4,0,0,0.0,0.0,0.0,0.0,0.0,0.0,0.0,0.0,0.0,0.0,75.85,22.95,15.2,22.3,15.4,0.0,0.0,0.0,0.0,0.0
Vista Murrieta HS,PSW,2022,5,1,1,75.85,22.95,15.2,22.3,15.4,75.85,22.95,15.2,22.3,15.4,83.55,24.75,16.7,25.0,17.1,0.0,0.0,0.0,0.0,0.0
Vista Murrieta HS,PSW,2022,7,2,2,79.7,23.85,15.95,23.65,16.25,83.55,24.75,16.7,25.0,17.1,84.6,24.6,17.6,24.9,17.5,7.7,1.8,1.5,2.7,1.7
Vista Murrieta HS,PSW,2022,9,2,3,81.333,24.1,16.5,24.067,16.667,84.6,24.6,17.6,24.9,17.5,93.05,28.05,19.0,27.6,18.4,1.05,-0.15,0.9,-0.1,0.4
Vista Murrieta HS,PSW,2022,11,2,4,84.262,25.088,17.125,24.95,17.1,93.05,28.05,19.0,27.6,18.4,93.775,28.875,18.0,28.6,18.3,8.45,3.45,1.4,2.7,0.9
West Ranch HS,PSW,2022,9,0,0,0.0,0.0,0.0,0.0,0.0,0.0,0.0,0.0,0.0,0.0,84.351,25.05,17.6,25.2,16.5,0.0,0.0,0.0,0.0,0.0
West Ranch HS,PSW,2022,11,2,1,84.351,25.05,17.6,25.2,16.5,84.351,25.05,17.6,25.2,16.5,87.501,27.6,17.0,26.4,16.5,0.0,0.0,0.0,0.0,0.0
Basha HS,PSO,2022,5,0,0,0.0,0.0,0.0,0.0,0.0,0.0,0.0,0.0,0.0,0.0,76.7,22.2,15.7,23.3,15.5,0.0,0.0,0.0,0.0,0.0
Basha HS,PSO,2022,7,2,1,76.7,22.2,15.7,23.3,15.5,76.7,22.2,15.7,23.3,15.5,80.7,23.4,16.6,25.6,15.1,0.0,0.0,0.0,0.0,0.0
Brandon Valley HS,PSO,2022,6,0,0,0.0,0.0,0.0,0.0,0.0,0.0,0.0,0.0,0.0,0.0,79.75,23.55,16.5,23.9,15.8,0.0,0.0,0.0,0.0,0.0
Brandon Valley HS,PSO,2022,8,2,1,79.75,23.55,16.5,23.9,15.8,79.75,23.55,16.5,23.9,15.8,86.7,26.7,17.5,25.4,17.1,0.0,0.0,0.0,0.0,0.0
Brandon Valley HS,PSO,2022,13,5,2,83.225,25.125,17.0,24.65,16.45,86.7,26.7,17.5,25.4,17.1,92.551,28.05,18.75,27.4,18.35,6.95,3.15,1.0,1.5,1.3
Buena HS,PSO,2022,4,0,0,0.0,0.0,0.0,0.0,0.0,0.0,0.0,0.0,0.0,0.0,68.401,21.0,13.8,20.3,13.3,0.0,0.0,0.0,0.0,0.0
Buena HS,PSO,2022,6,2,1,68.401,21.0,13.8,20.3,13.3,68.401,21.0,13.8,20.3,13.3,74.05,22.35,13.8,23.9,14.0,0.0,0.0,0.0,0.0,0.0
Buena HS,PSO,2022,7,1,2,71.226,21.675,13.8,22.1,13.65,74.05,22.35,13.8,23.9,14.0,79.35,23.25,15.9,24.3,15.9,5.649,1.35,0.0,3.6,0.7
Camarillo HS,PSO,2022,2,0,0,0.0,0.0,0.0,0.0,0.0,0.0,0.0,0.0,0.0,0.0,64.25,18.15,12.1,21.6,12.4,0.0,0.0,0.0,0.0,0.0
Camarillo HS,PSO,2022,6,4,1,64.25,18.15,12.1,21.6,12.4,64.25,18.15,12.1,21.6,12.4,77.3,23.4,14.8,23.7,15.4,0.0,0.0,0.0,0.0,0.0
Camarillo HS,PSO,2022,7,1,2,70.775,20.775,13.45,22.65,13.9,77.3,23.4,14.8,23.7,15.4,77.025,24.225,15.3,22.5,15.0,13.05,5.25,2.7,2.1,3.0
Camarillo HS,PSO,2022,12,5,3,72.858,21.925,14.067,22.6,14.267,77.025,24.225,15.3,22.5,15.0,88.076,26.625,17.55,26.6,17.3,-0.275,0.825,0.5,-1.2,-0.4
Canyon HS (AH),PSO,2022,3,0,0,0.0,0.0,0.0,0.0,0.0,0.0,0.0,0.0,0.0,0.0,75.55,22.35,15.2,23.3,14.7,0.0,0.0,0.0,0.0,0.0
Canyon HS (AH),PSO,2022,6,3,1,75.55,22.35,15.2,23.3,14.7,75.55,22.35,15.2,23.3,14.7,80.05,24.15,15.6,24.6,15.7,0.0,0.0,0.0,0.0,0.0
Canyon HS (AH),PSO,2022,8,2,2,77.8,23.25,15.4,23.95,15.2,80.05,24.15,15.6,24.6,15.7,84.3,25.5,17.3,24.5,17.0,4.5,1.8,0.4,1.3,1.0
Chino HS,PSO,2022,4,0,0,0.0,0.0,0.0,0.0,0.0,0.0,0.0,0.0,0.0,0.0,72.3,22.5,14.3,21.0,14.5,0.0,0.0,0.0,0.0,0.0
Chino HS,PSO,2022,7,3,1,72.3,22.5,14.3,21.0,14.5,72.3,22.5,14.3,21.0,14.5,77.975,22.575,15.5,24.6,15.3,0.0,0.0,0.0,0.0,0.0
Chino HS,PSO,2022,9,2,2,75.137,22.538,14.9,22.8,14.9,77.975,22.575,15.5,24.6,15.3,86.65,25.35,17.2,27.1,17.0,5.675,0.075,1.2,3.6,0.8
Chino HS,PSO,2022,12,3,3,78.975,23.475,15.667,24.233,15.6,86.65,25.35,17.2,27.1,17.0,85.226,25.575,16.65,26.4,16.6,8.675,2.775,1.7,2.5,1.7
Clear Brook HS,PSO,2022,6,0,0,0.0,0.0,0.0,0.0,0.0,0.0,0.0,0.0,0.0,0.0,81.5,24.9,15.4,25.7,15.5,0.0,0.0,0.0,0.0,0.0
Clear Brook HS,PSO,2022,13,7,1,81.5,24.9,15.4,25.7,15.5,81.5,24.9,15.4,25.7,15.5,96.4,29.025,19.4,28.625,19.35,0.0,0.0,0.0,0.0,0.0
Dorman HS,PSO,2022,7,0,0,0.0,0.0,0.0,0.0,0.0,0.0,0.0,0.0,0.0,0.0,83.35,25.05,16.8,24.3,17.2,0.0,0.0,0.0,0.0,0.0
Dorman HS,PSO,2022,13,6,1,83.35,25.05,16.8,24.3,17.2,83.35,25.05,16.8,24.3,17.2,96.025,28.875,19.65,28.9,18.6,0.0,0.0,0.0,0.0,0.0
El Dorado HS,PSO,2022,3,0,0,0.0,0.0,0.0,0.0,0.0,0.0,0.0,0.0,0.0,0.0,74.1,22.2,14.4,22.6,14.9,0.0,0.0,0.0,0.0,0.0
El Dorado HS,PSO,2022,6,3,1,74.1,22.2,14.4,22.6,14.9,74.1,22.2,14.4,22.6,14.9,77.1,22.2,15.3,23.8,15.8,0.0,0.0,0.0,0.0,0.0
El Dorado HS,PSO,2022,7,1,2,75.6,22.2,14.85,23.2,15.35,77.1,22.2,15.3,23.8,15.8,80.2,23.4,16.4,23.7,16.7,3.0,0.0,0.9,1.2,0.9
Fair Lawn HS,PSO,2022,5,0,0,0.0,0.0,0.0,0.0,0.0,0.0,0.0,0.0,0.0,0.0,73.2,21.3,14.0,23.6,14.3,0.0,0.0,0.0,0.0,0.0
Fair Lawn HS,PSO,2022,9,4,1,73.2,21.3,14.0,23.6,14.3,73.2,21.3,14.0,23.6,14.3,82.05,25.35,16.3,23.8,16.6,0.0,0.0,0.0,0.0,0.0
Foothill HS (NV),PSO,2022,7,0,0,0.0,0.0,0.0,0.0,0.0,0.0,0.0,0.0,0.0,0.0,79.35,22.65,17.0,23.9,15.8,0.0,0.0,0.0,0.0,0.0
Foothill HS (NV),PSO,2022,9,2,1,79.35,22.65,17.0,23.9,15.8,79.35,22.65,17.0,23.9,15.8,83.751,25.05,16.4,25.2,17.1,0.0,0.0,0.0,0.0,0.0
Forney HS,PSO,2022,6,0,0,0.0,0.0,0.0,0.0,0.0,0.0,0.0,0.0,0.0,0.0,71.251,20.25,14.1,22.7,14.2,0.0,0.0,0.0,0.0,0.0
Forney HS,PSO,2022,8,2,1,71.251,20.25,14.1,22.7,14.2,71.251,20.25,14.1,22.7,14.2,76.951,22.65,15.4,23.0,15.9,0.0,0.0,0.0,0.0,0.0
Fountain Valley HS,PSO,2022,4,0,0,0.0,0.0,0.0,0.0,0.0,0.0,0.0,0.0,0.0,0.0,74.8,22.2,14.8,23.0,14.8,0.0,0.0,0.0,0.0,0.0
Fountain Valley HS,PSO,2022,6,2,1,74.8,22.2,14.8,23.0,14.8,74.8,22.2,14.8,23.0,14.8,80.8,23.7,16.1,24.7,16.3,0.0,0.0,0.0,0.0,0.0
Fountain Valley HS,PSO,2022,8,2,2,77.8,22.95,15.45,23.85,15.55,80.8,23.7,16.1,24.7,16.3,81.6,24.3,16.4,24.6,16.3,6.0,1.5,1.3,1.7,1.5
Fountain Valley HS,PSO,2022,9,1,3,79.067,23.4,15.767,24.1,15.8,81.6,24.3,16.4,24.6,16.3,90.7,27.0,18.1,28.1,17.5,0.8,0.6,0.3,-0.1,0.0
Fountain Valley HS,PSO,2022,12,3,4,81.975,24.3,16.35,25.1,16.225,90.7,27.0,18.1,28.1,17.5,90.1,26.775,17.85,27.35,18.125,9.1,2.7,1.7,3.5,1.2
Gahr HS,PSO,2022,3,0,0,0.0,0.0,0.0,0.0,0.0,0.0,0.0,0.0,0.0,0.0,78.35,23.85,15.6,24.4,14.5,0.0,0.0,0.0,0.0,0.0
Gahr HS,PSO,2022,4,1,1,78.35,23.85,15.6,24.4,14.5,78.35,23.85,15.6,24.4,14.5,77.95,23.85,15.8,22.4,15.9,0.0,0.0,0.0,0.0,0.0
Gahr HS,PSO,2022,7,3,2,78.15,23.85,15.7,23.4,15.2,77.95,23.85,15.8,22.4,15.9,80.55,24.15,16.3,24.7,15.4,-0.4,0.0,0.2,-2.0,1.4
Gahr HS,PSO,2022,12,5,3,78.95,23.95,15.9,23.833,15.267,80.55,24.15,16.3,24.7,15.4,91.65,27.15,18.15,28.05,18.3,2.6,0.3,0.5,2.3,-0.5
Great Oak HS,PSO,2022,4,0,0,0.0,0.0,0.0,0.0,0.0,0.0,0.0,0.0,0.0,0.0,75.75,22.95,16.0,20.2,16.6,0.0,0.0,0.0,0.0,0.0
Great Oak HS,PSO,2022,5,1,1,75.75,22.95,16.0,20.2,16.6,75.75,22.95,16.0,20.2,16.6,80.4,24.3,16.2,23.7,16.2,0.0,0.0,0.0,0.0,0.0
Great Oak HS,PSO,2022,8,3,2,78.075,23.625,16.1,21.95,16.4,80.4,24.3,16.2,23.7,16.2,86.3,26.1,17.7,25.0,17.5,4.65,1.35,0.2,3.5,-0.4
Great Oak HS,PSO,2022,9,1,3,80.817,24.45,16.633,22.967,16.767,86.3,26.1,17.7,25.0,17.5,94.2,28.2,19.1,28.5,18.4,5.9,1.8,1.5,1.3,1.3
Great Oak HS,PSO,2022,12,3,4,84.162,25.388,17.25,24.35,17.175,94.2,28.2,19.1,28.5,18.4,92.95,27.975,18.95,27.575,18.45,7.9,2.1,1.4,3.5,0.9
Hardin Valley Academy Indoor Percussion Ensemble,PSO,2022,1,0,0,0.0,0.0,0.0,0.0,0.0,0.0,0.0,0.0,0.0,0.0,66.8,19.2,20.7,13.7,13.2,0.0,0.0,0.0,0.0,0.0
Hardin Valley Academy Indoor Percussion Ensemble,PSO,2022,10,9,1,66.8,19.2,20.7,13.7,13.2,66.8,19.2,20.7,13.7,13.2,84.05,27.1,24.75,16.3,15.9,0.0,0.0,0.0,0.0,0.0
Kettering Fairmont HS,PSO,2022,6,0,0,0.0,0.0,0.0,0.0,0.0,0.0,0.0,0.0,0.0,0.0,77.026,23.625,15.6,23.2,14.6,0.0,0.0,0.0,0.0,0.0
Kettering Fairmont HS,PSO,2022,9,3,1,77.026,23.625,15.6,23.2,14.6,77.026,23.625,15.6,23.2,14.6,82.8,24.9,16.7,25.0,16.2,0.0,0.0,0.0,0.0,0.0
La Canada HS,PSO,2022,3,0,0,0.0,0.0,0.0,0.0,0.0,0.0,0.0,0.0,0.0,0.0,69.501,20.4,13.9,21.8,13.4,0.0,0.0,0.0,0.0,0.0
La Canada HS,PSO,2022,6,3,1,69.501,20.4,13.9,21.8,13.4,69.501,20.4,13.9,21.8,13.4,71.801,21.45,15.35,20.7,14.3,0.0,0.0,0.0,0.0,0.0
La Quinta HS,PSO,2022,5,0,0,0.0,0.0,0.0,0.0,0.0,0.0,0.0,0.0,0.0,0.0,71.1,19.8,15.4,21.3,14.6,0.0,0.0,0.0,0.0,0.0
La Quinta HS,PSO,2022,9,4,1,71.1,19.8,15.4,21.3,14.6,71.1,19.8,15.4,21.3,14.6,84.851,23.55,18.3,26.2,16.8,0.0,0.0,0.0,0.0,0.0
La Quinta HS (W),PSO,2022,6,0,0,0.0,0.0,0.0,0.0,0.0,0.0,0.0,0.0,0.0,0.0,78.3,23.4,16.3,22.5,16.1,0.0,0.0,0.0,0.0,0.0
La Quinta HS (W),PSO,2022,8,2,1,78.3,23.4,16.3,22.5,16.1,78.3,23.4,16.3,22.5,16.1,84.2,25.2,17.4,24.9,16.7,0.0,0.0,0.0,0.0,0.0
Lake Orion Percussion,PSO,2022,5,0,0,0.0,0.0,0.0,0.0,0.0,0.0,0.0,0.0,0.0,0.0,74.0,23.4,14.3,21.5,14.8,0.0,0.0,0.0,0.0,0.0
Lake Orion Percussion,PSO,2022,7,2,1,74.0,23.4,14.3,21.5,14.8,74.0,23.4,14.3,21.5,14.8,79.7,24.0,16.1,24.7,14.9,0.0,0.0,0.0,0.0,0.0
Lake Orion Percussion,PSO,2022,11,4,2,76.85,23.7,15.2,23.1,14.85,79.7,24.0,16.1,24.7,14.9,83.125,25.275,16.45,24.8,16.6,5.7,0.6,1.8,3.2,0.1
Liverpool Indoor Percussion,PSO,2022,2,0,0,0.0,0.0,0.0,0.0,0.0,0.0,0.0,0.0,0.0,0.0,64.35,18.4,19.65,14.1,12.2,0.0,0.0,0.0,0.0,0.0
Liverpool Indoor Percussion,PSO,2022,4,2,1,64.35,18.4,19.65,14.1,12.2,64.35,18.4,19.65,14.1,12.2,68.15,20.3,21.75,13.2,12.9,0.0,0.0,0.0,0.0,0.0
Liverpool Indoor Percussion,PSO,2022,6,2,2,66.25,19.35,20.7,13.65,12.55,68.15,20.3,21.75,13.2,12.9,67.6,21.3,18.9,13.8,13.6,3.8,1.9,2.1,-0.9,0.7
Liverpool Indoor Percussion,PSO,2022,10,4,3,66.7,20.0,20.1,13.7,12.9,67.6,21.3,18.9,13.8,13.6,75.3,21.3,24.9,14.5,14.6,-0.55,1.0,-2.85,0.6,0.7
Mission Hills HS,PSO,2022,5,0,0,0.0,0.0,0.0,0.0,0.0,0.0,0.0,0.0,0.0,0.0,72.1,21.3,15.5,21.6,13.7,0.0,0.0,0.0,0.0,0.0
Mission Hills HS,PSO,2022,7,2,1,72.1,21.3,15.5,21.6,13.7,72.1,21.3,15.5,21.6,13.7,74.051,22.95,14.9,21.6,14.6,0.0,0.0,0.0,0.0,0.0
Mission Hills HS,PSO,2022,8,1,2,73.076,22.125,15.2,21.6,14.15,74.051,22.95,14.9,21.6,14.6,79.9,23.4,16.1,24.7,15.7,1.951,1.65,-0.6,0.0,0.9
Mission Hills HS,PSO,2022,9,1,3,75.35,22.55,15.5,22.633,14.667,79.9,23.4,16.1,24.7,15.7,85.701,25.2,17.8,26.1,16.6,5.849,0.45,1.2,3.1,1.1
Mission Hills HS,PSO,2022,12,3,4,77.938,23.213,16.075,23.5,15.15,85.701,25.2,17.8,26.1,16.6,84.275,25.575,17.0,25.15,16.55,5.801,1.8,1.7,1.4,0.9
Newsome HS,PSO,2022,5,0,0,0.0,0.0,0.0,0.0,0.0,0.0,0.0,0.0,0.0,0.0,75.35,21.45,14.9,23.5,15.5,0.0,0.0,0.0,0.0,0.0
Newsome HS,PSO,2022,7,2,1,75.35,21.45,14.9,23.5,15.5,75.35,21.45,14.9,23.5,15.5,77.3,24.0,16.1,22.2,15.0,0.0,0.0,0.0,0.0,0.0
Norwalk HS,PSO,2022,5,0,0,0.0,0.0,0.0,0.0,0.0,0.0,0.0,0.0,0.0,0.0,71.15,20.85,14.2,22.3,13.8,0.0,0.0,0.0,0.0,0.0
Norwalk HS,PSO,2022,9,4,1,71.15,20.85,14.2,22.3,13.8,71.15,20.85,14.2,22.3,13.8,85.3,24.9,16.9,26.7,16.8,0.0,0.0,0.0,0.0,0.0
Norwalk HS,PSO,2022,13,4,2,78.225,22.875,15.55,24.5,15.3,85.3,24.9,16.9,26.7,16.8,87.45,26.775,17.6,25.975,17.1,14.15,4.05,2.7,4.4,3.0
Pace HS,PSO,2022,7,0,0,0.0,0.0,0.0,0.0,0.0,0.0,0.0,0.0,0.0,0.0,85.05,25.65,17.2,24.9,17.3,0.0,0.0,0.0,0.0,0.0
Pace HS,PSO,2022,13,6,1,85.05,25.65,17.2,24.9,17.3,85.05,25.65,17.2,24.9,17.3,95.763,28.388,19.5,28.275,19.6,0.0,0.0,0.0,0.0,0.0
Plymouth-Canton Educational Park,PSO,2022,3,0,0,0.0,0.0,0.0,0.0,0.0,0.0,0.0,0.0,0.0,0.0,71.35,20.25,14.3,22.1,14.7,0.0,0.0,0.0,0.0,0.0
Plymouth-Canton Educational Park,PSO,2022,7,4,1,71.35,20.25,14.3,22.1,14.7,71.35,20.25,14.3,22.1,14.7,79.9,24.3,15.8,24.1,15.7,0.0,0.0,0.0,0.0,0.0
Plymouth-Canton Educational Park,PSO,2022,8,1,2,75.625,22.275,15.05,23.1,15.2,79.9,24.3,15.8,24.1,15.7,79.9,24.6,16.2,22.9,16.2,8.55,4.05,1.5,2.0,1.0
Plymouth-Canton Educational Park,PSO,2022,11,3,3,77.05,23.05,15.433,23.033,15.533,79.9,24.6,16.2,22.9,16.2,85.3,25.95,17.2,25.75,16.4,0.0,0.3,0.4,-1.2,0.5
Rancho Cucamonga HS,PSO,2022,3,0,0,0.0,0.0,0.0,0.0,0.0,0.0,0.0,0.0,0.0,0.0,72.8,21.6,14.8,22.1,14.3,0.0,0.0,0.0,0.0,0.0
Rancho Cucamonga HS,PSO,2022,7,4,1,72.8,21.6,14.8,22.1,14.3,72.8,21.6,14.8,22.1,14.3,72.951,23.25,15.1,20.7,13.9,0.0,0.0,0.0,0.0,0.0
Rancho Cucamonga HS,PSO,2022,8,1,2,72.875,22.425,14.95,21.4,14.1,72.951,23.25,15.1,20.7,13.9,78.951,24.45,15.3,23.8,15.4,0.151,1.65,0.3,-1.4,-0.4
Sherwood HS,PSO,2022,8,0,0,0.0,0.0,0.0,0.0,0.0,0.0,0.0,0.0,0.0,0.0,86.75,26.25,17.6,25.3,17.6,0.0,0.0,0.0,0.0,0.0
Sherwood HS,PSO,2022,13,5,1,86.75,26.25,17.6,25.3,17.6,86.75,26.25,17.6,25.3,17.6,97.125,29.325,19.4,28.95,19.45,0.0,0.0,0.0,0.0,0.0
Sierra Vista HS,PSO,2022,6,0,0,0.0,0.0,0.0,0.0,0.0,0.0,0.0,0.0,0.0,0.0,74.05,22.65,15.3,22.4,13.7,0.0,0.0,0.0,0.0,0.0
Sierra Vista HS,PSO,2022,7,1,1,74.05,22.65,15.3,22.4,13.7,74.05,22.65,15.3,22.4,13.7,81.35,24.75,16.1,24.4,16.1,0.0,0.0,0.0,0.0,0.0
Sierra Vista HS,PSO,2022,8,1,2,77.7,23.7,15.7,23.4,14.9,81.35,24.75,16.1,24.4,16.1,77.0,23.1,14.9,24.4,14.6,7.3,2.1,0.8,2.0,2.4
Sierra Vista HS,PSO,2022,12,4,3,77.467,23.5,15.433,23.733,14.8,77.0,23.1,14.9,24.4,14.6,81.475,24.375,16.35,24.95,15.8,-4.35,-1.65,-1.2,0.0,-1.5
Trumbull HS,PSO,2022,5,0,0,0.0,0.0,0.0,0.0,0.0,0.0,0.0,0.0,0.0,0.0,75.2,22.2,13.9,23.9,15.2,0.0,0.0,0.0,0.0,0.0
Trumbull HS,PSO,2022,9,4,1,75.2,22.2,13.9,23.9,15.2,75.2,22.2,13.9,23.9,15.2,83.6,24.6,16.0,27.1,15.9,0.0,0.0,0.0,0.0,0.0
Upland HS,PSO,2022,4,0,0,0.0,0.0,0.0,0.0,0.0,0.0,0.0,0.0,0.0,0.0,72.3,21.6,14.5,21.5,14.7,0.0,0.0,0.0,0.0,0.0
Upland HS,PSO,2022,7,3,1,72.3,21.6,14.5,21.5,14.7,72.3,21.6,14.5,21.5,14.7,75.201,21.9,15.8,22.0,15.5,0.0,0.0,0.0,0.0,0.0
Victor J. Andrew HS,PSO,2022,3,0,0,0.0,0.0,0.0,0.0,0.0,0.0,0.0,0.0,0.0,0.0,75.15,23.25,17.0,20.0,14.9,0.0,0.0,0.0,0.0,0.0
Victor J. Andrew HS,PSO,2022,6,3,1,75.15,23.25,17.0,20.0,14.9,75.15,23.25,17.0,20.0,14.9,85.55,24.75,16.9,25.5,18.4,0.0,0.0,0.0,0.0,0.0
Victor J. Andrew HS,PSO,2022,13,7,2,80.35,24.0,16.95,22.75,16.65,85.55,24.75,16.9,25.5,18.4,94.525,28.35,18.9,27.925,19.35,10.4,1.5,-0.1,5.5,3.5
Walled Lake Consolidated Schools,PSO,2022,3,0,0,0.0,0.0,0.0,0.0,0.0,0.0,0.0,0.0,0.0,0.0,75.75,22.35,14.9,24.1,14.4,0.0,0.0,0.0,0.0,0.0
Walled Lake Consolidated Schools,PSO,2022,4,1,1,75.75,22.35,14.9,24.1,14.4,75.75,22.35,14.9,24.1,14.4,75.2,23.4,14.9,22.1,14.8,0.0,0.0,0.0,0.0,0.0
Walled Lake Consolidated Schools,PSO,2022,7,3,2,75.475,22.875,14.9,23.1,14.6,75.2,23.4,14.9,22.1,14.8,82.95,25.35,15.6,25.6,16.4,-0.55,1.05,0.0,-2.0,0.4
Walled Lake Consolidated Schools,PSO,2022,11,4,3,77.967,23.7,15.133,23.933,15.2,82.95,25.35,15.6,25.6,16.4,88.6,27.0,17.35,26.6,17.65,7.75,1.95,0.7,3.5,1.6
West HS,PSO,2022,5,0,0,0.0,0.0,0.0,0.0,0.0,0.0,0.0,0.0,0.0,0.0,79.45,22.95,15.9,25.2,15.4,0.0,0.0,0.0,0.0,0.0
West HS,PSO,2022,9,4,1,79.45,22.95,15.9,25.2,15.4,79.45,22.95,15.9,25.2,15.4,92.55,27.45,18.8,28.2,18.1,0.0,0.0,0.0,0.0,0.0
West HS,PSO,2022,12,3,2,86.0,25.2,17.35,26.7,16.75,92.55,27.45,18.8,28.2,18.1,91.7,27.975,18.225,27.425,18.075,13.1,4.5,2.9,3.0,2.7
West HS (T),PSO,2022,2,0,0,0.0,0.0,0.0,0.0,0.0,0.0,0.0,0.0,0.0,0.0,70.55,20.55,13.4,23.3,13.3,0.0,0.0,0.0,0.0,0.0
West HS (T),PSO,2022,7,5,1,70.55,20.55,13.4,23.3,13.3,70.55,20.55,13.4,23.3,13.3,78.4,22.5,15.9,23.8,16.2,0.0,0.0,0.0,0.0,0.0
West Ranch HS,PSO,2022,2,0,0,0.0,0.0,0.0,0.0,0.0,0.0,0.0,0.0,0.0,0.0,71.2,22.2,14.4,20.6,14.0,0.0,0.0,0.0,0.0,0.0
West Ranch HS,PSO,2022,6,4,1,71.2,22.2,14.4,20.6,14.0,71.2,22.2,14.4,20.6,14.0,84.65,25.95,16.7,24.8,17.2,0.0,0.0,0.0,0.0,0.0
West Ranch HS,PSO,2022,7,1,2,77.925,24.075,15.55,22.7,15.6,84.65,25.95,16.7,24.8,17.2,82.5,24.3,17.0,23.8,17.4,13.45,3.75,2.3,4.2,3.2
Zionsville Community HS,PSO,2022,6,0,0,0.0,0.0,0.0,0.0,0.0,0.0,0.0,0.0,0.0,0.0,80.051,24.15,15.8,23.7,16.4,0.0,0.0,0.0,0.0,0.0
Zionsville Community HS,PSO,2022,9,3,1,80.051,24.15,15.8,23.7,16.4,80.051,24.15,15.8,23.7,16.4,91.9,27.6,18.6,27.6,18.1,0.0,0.0,0.0,0.0,0.0
Zionsville Community HS,PSO,2022,13,4,2,85.976,25.875,17.2,25.65,17.25,91.9,27.6,18.6,27.6,18.1,93.289,27.938,18.775,27.725,18.85,11.849,3.45,2.8,3.9,1.7
Arbor View HS,PSA,2022,7,0,0,0.0,0.0,0.0,0.0,0.0,0.0,0.0,0.0,0.0,0.0,82.6,24.9,16.5,25.3,15.9,0.0,0.0,0.0,0.0,0.0
Arbor View HS,PSA,2022,9,2,1,82.6,24.9,16.5,25.3,15.9,82.6,24.9,16.5,25.3,15.9,87.6,26.1,17.3,26.8,17.4,0.0,0.0,0.0,0.0,0.0
Arroyo HS,PSA,2022,2,0,0,0.0,0.0,0.0,0.0,0.0,0.0,0.0,0.0,0.0,0.0,69.851,20.25,13.6,22.3,13.7,0.0,0.0,0.0,0.0,0.0
Arroyo HS,PSA,2022,4,2,1,69.851,20.25,13.6,22.3,13.7,69.851,20.25,13.6,22.3,13.7,78.05,24.45,15.7,22.0,15.9,0.0,0.0,0.0,0.0,0.0
Arroyo HS,PSA,2022,12,8,2,73.95,22.35,14.65,22.15,14.8,78.05,24.45,15.7,22.0,15.9,90.85,27.9,18.1,27.25,17.6,8.199,4.2,2.1,-0.3,2.2
Baldwinsville indoor Percussion,PSA,2022,8,0,0,0.0,0.0,0.0,0.0,0.0,0.0,0.0,0.0,0.0,0.0,70.051,19.4,22.35,14.1,14.2,0.0,0.0,0.0,0.0,0.0
Baldwinsville indoor Percussion,PSA,2022,10,2,1,70.051,19.4,22.35,14.1,14.2,70.051,19.4,22.35,14.1,14.2,74.95,21.2,22.8,14.8,16.15,0.0,0.0,0.0,0.0,0.0
Bearden High School Indoor Percussion,PSA,2022,1,0,0,0.0,0.0,0.0,0.0,0.0,0.0,0.0,0.0,0.0,0.0,67.95,20.7,20.55,13.4,13.3,0.0,0.0,0.0,0.0,0.0
Bearden High School Indoor Percussion,PSA,2022,3,2,1,67.95,20.7,20.55,13.4,13.3,67.95,20.7,20.55,13.4,13.3,68.65,20.9,20.85,13.0,13.9,0.0,0.0,0.0,0.0,0.0
Bearden High School Indoor Percussion,PSA,2022,9,6,2,68.3,20.8,20.7,13.2,13.6,68.65,20.9,20.85,13.0,13.9,82.6,25.4,24.6,16.3,16.3,0.7,0.2,0.3,-0.4,0.6
Bearden High School Indoor Percussion,PSA,2022,10,1,3,73.067,22.333,22.0,14.233,14.5,82.6,25.4,24.6,16.3,16.3,84.95,25.7,25.35,16.9,17.0,13.95,4.5,3.75,3.3,2.4
Beavercreek HS,PSA,2022,6,0,0,0.0,0.0,0.0,0.0,0.0,0.0,0.0,0.0,0.0,0.0,72.95,21.75,16.1,19.45,15.65,0.0,0.0,0.0,0.0,0.0
Beavercreek HS,PSA,2022,9,3,1,72.95,21.75,16.1,19.45,15.65,72.95,21.75,16.1,19.45,15.65,85.65,25.65,17.1,25.0,17.9,0.0,0.0,0.0,0.0,0.0
Benton Indoor Percussion,PSA,2022,5,0,0,0.0,0.0,0.0,0.0,0.0,0.0,0.0,0.0,0.0,0.0,68.7,21.6,13.0,21.5,12.6,0.0,0.0,0.0,0.0,0.0
Benton Indoor Percussion,PSA,2022,6,1,1,68.7,21.6,13.0,21.5,12.6,68.7,21.6,13.0,21.5,12.6,76.35,24.75,15.2,22.1,14.3,0.0,0.0,0.0,0.0,0.0
Benton Indoor Percussion,PSA,2022,10,4,2,72.525,23.175,14.1,21.8,13.45,76.35,24.75,15.2,22.1,14.3,84.85,25.65,16.6,25.9,16.7,7.65,3.15,2.2,0.6,1.7
Bonita HS,PSA,2022,3,0,0,0.0,0.0,0.0,0.0,0.0,0.0,0.0,0.0,0.0,0.0,70.35,19.95,14.2,21.7,14.5,0.0,0.0,0.0,0.0,0.0
Bonita HS,PSA,2022,12,9,1,70.35,19.95,14.2,21.7,14.5,70.35,19.95,14.2,21.7,14.5,83.6,25.35,15.9,25.85,16.5,0.0,0.0,0.0,0.0,0.0
Bridgewater Raritan,PSA,2022,3,0,0,0.0,0.0,0.0,0.0,0.0,0.0,0.0,0.0,0.0,0.0,65.751,20.1,19.35,12.4,13.9,0.0,0.0,0.0,0.0,0.0
Bridgewater Raritan,PSA,2022,4,1,1,65.751,20.1,19.35,12.4,13.9,65.751,20.1,19.35,12.4,13.9,65.151,21.0,20.85,10.7,12.6,0.0,0.0,0.0,0.0,0.0
Bridgewater Raritan,PSA,2022,10,6,2,65.451,20.55,20.1,11.55,13.25,65.151,21.0,20.85,10.7,12.6,75.65,24.2,21.3,15.05,15.1,-0.6,0.9,1.5,-1.7,-1.3
Bridgewater Raritan,PSA,2022,11,1,3,68.851,21.767,20.5,12.717,13.867,75.65,24.2,21.3,15.05,15.1,83.6,25.9,25.8,16.6,15.3,10.499,3.2,0.45,4.35,2.5
Cab Calloway,PSA,2022,4,0,0,0.0,0.0,0.0,0.0,0.0,0.0,0.0,0.0,0.0,0.0,76.05,22.0,24.15,14.3,15.6,0.0,0.0,0.0,0.0,0.0
Cab Calloway,PSA,2022,6,2,1,76.05,22.0,24.15,14.3,15.6,76.05,22.0,24.15,14.3,15.6,81.6,25.2,24.6,16.2,15.6,0.0,0.0,0.0,0.0,0.0
Canyon Springs HS,PSA,2022,3,0,0,0.0,0.0,0.0,0.0,0.0,0.0,0.0,0.0,0.0,0.0,69.801,21.6,14.6,19.6,14.0,0.0,0.0,0.0,0.0,0.0
Canyon Springs HS,PSA,2022,8,5,1,69.801,21.6,14.6,19.6,14.0,69.801,21.6,14.6,19.6,14.0,71.4,22.5,13.85,20.95,14.1,0.0,0.0,0.0,0.0,0.0
Carlsbad HS,PSA,2022,5,0,0,0.0,0.0,0.0,0.0,0.0,0.0,0.0,0.0,0.0,0.0,76.55,23.55,14.3,23.2,15.5,0.0,0.0,0.0,0.0,0.0
Carlsbad HS,PSA,2022,9,4,1,76.55,23.55,14.3,23.2,15.5,76.55,23.55,14.3,23.2,15.5,89.05,26.25,17.9,27.6,17.3,0.0,0.0,0.0,0.0,0.0
Carlsbad HS,PSA,2022,12,3,2,82.8,24.9,16.1,25.4,16.4,89.05,26.25,17.9,27.6,17.3,90.538,28.012,17.15,27.825,17.55,12.5,2.7,3.6,4.4,1.8
Central Square High School,PSA,2022,2,0,0,0.0,0.0,0.0,0.0,0.0,0.0,0.0,0.0,0.0,0.0,66.675,20.1,22.875,12.4,11.3,0.0,0.0,0.0,0.0,0.0
Central Square High School,PSA,2022,4,2,1,66.675,20.1,22.875,12.4,11.3,66.675,20.1,22.875,12.4,11.3,72.3,21.1,23.7,13.7,13.8,0.0,0.0,0.0,0.0,0.0
Central Square High School,PSA,2022,5,1,2,69.488,20.6,23.288,13.05,12.55,72.3,21.1,23.7,13.7,13.8,73.75,21.8,24.45,13.9,13.6,5.625,1.0,0.825,1.3,2.5
Central Square High School,PSA,2022,6,1,3,70.908,21.0,23.675,13.333,12.9,73.75,21.8,24.45,13.9,13.6,72.201,22.7,21.0,14.3,14.2,1.45,0.7,0.75,0.2,-0.2
Central Square High School,PSA,2022,8,2,4,71.232,21.425,23.006,13.575,13.225,72.201,22.7,21.0,14.3,14.2,77.4,24.1,24.3,14.7,14.3,-1.549,0.9,-3.45,0.4,0.6
Central Square High School,PSA,2022,9,1,5,72.465,21.96,23.265,13.8,13.44,77.4,24.1,24.3,14.7,14.3,78.85,23.1,24.15,16.1,15.5,5.199,1.4,3.3,0.4,0.1
Central Square High School,PSA,2022,10,1,6,73.529,22.15,23.412,14.183,13.783,78.85,23.1,24.15,16.1,15.5,81.201,24.6,24.15,15.8,16.65,1.45,-1.0,-0.15,1.4,1.2
Chaparral HS,PSA,2022,3,0,0,0.0,0.0,0.0,0.0,0.0,0.0,0.0,0.0,0.0,0.0,71.5,21.45,14.65,20.7,14.7,0.0,0.0,0.0,0.0,0.0
Chaparral HS,PSA,2022,4,1,1,71.5,21.45,14.65,20.7,14.7,71.5,21.45,14.65,20.7,14.7,70.1,20.85,14.5,20.4,14.35,0.0,0.0,0.0,0.0,0.0
Clover HS,PSA,2022,6,0,0,0.0,0.0,0.0,0.0,0.0,0.0,0.0,0.0,0.0,0.0,82.0,25.2,16.4,25.0,15.4,0.0,0.0,0.0,0.0,0.0
Clover HS,PSA,2022,7,1,1,82.0,25.2,16.4,25.0,15.4,82.0,25.2,16.4,25.0,15.4,86.55,25.95,17.7,25.5,17.4,0.0,0.0,0.0,0.0,0.0
Clover HS,PSA,2022,13,6,2,84.275,25.575,17.05,25.25,16.4,86.55,25.95,17.7,25.5,17.4,97.8,29.775,19.575,29.025,19.425,4.55,0.75,1.3,0.5,2.0
Columbus HS,PSA,2022,6,0,0,0.0,0.0,0.0,0.0,0.0,0.0,0.0,0.0,0.0,0.0,67.1,20.4,14.5,19.1,13.1,0.0,0.0,0.0,0.0,0.0
Columbus HS,PSA,2022,7,1,1,67.1,20.4,14.5,19.1,13.1,67.1,20.4,14.5,19.1,13.1,69.05,20.55,14.4,20.0,14.1,0.0,0.0,0.0,0.0,0.0
Corning-Painted Post,PSA,2022,3,0,0,0.0,0.0,0.0,0.0,0.0,0.0,0.0,0.0,0.0,0.0,64.051,19.6,20.85,11.8,11.8,0.0,0.0,0.0,0.0,0.0
Corning-Painted Post,PSA,2022,4,1,1,64.051,19.6,20.85,11.8,11.8,64.051,19.6,20.85,11.8,11.8,66.801,20.0,21.6,12.7,12.5,0.0,0.0,0.0,0.0,0.0
Corning-Painted Post,PSA,2022,9,5,2,65.426,19.8,21.225,12.25,12.15,66.801,20.0,21.6,12.7,12.5,72.551,20.8,22.05,15.0,14.7,2.75,0.4,0.75,0.9,0.7
Corning-Painted Post,PSA,2022,10,1,3,67.801,20.133,21.5,13.167,13.0,72.551,20.8,22.05,15.0,14.7,75.851,21.8,23.25,14.3,16.5,5.75,0.8,0.45,2.3,2.2
Dakota High School,PSA,2022,4,0,0,0.0,0.0,0.0,0.0,0.0,0.0,0.0,0.0,0.0,0.0,68.35,19.05,13.2,20.8,15.3,0.0,0.0,0.0,0.0,0.0
Dakota High School,PSA,2022,7,3,1,68.35,19.05,13.2,20.8,15.3,68.35,19.05,13.2,20.8,15.3,77.2,22.5,16.4,22.9,15.4,0.0,0.0,0.0,0.0,0.0
Dakota High School,PSA,2022,11,4,2,72.775,20.775,14.8,21.85,15.35,77.2,22.5,16.4,22.9,15.4,81.15,23.7,16.9,24.3,16.25,8.85,3.45,3.2,2.1,0.1
Dixie Heights,PSA,2022,3,0,0,0.0,0.0,0.0,0.0,0.0,0.0,0.0,0.0,0.0,0.0,73.1,21.6,21.0,15.7,14.8,0.0,0.0,0.0,0.0,0.0
Dixie Heights,PSA,2022,5,2,1,73.1,21.6,21.0,15.7,14.8,73.1,21.6,21.0,15.7,14.8,74.95,22.4,22.05,15.1,15.4,0.0,0.0,0.0,0.0,0.0
Dixie Heights,PSA,2022,6,1,2,74.025,22.0,21.525,15.4,15.1,74.95,22.4,22.05,15.1,15.4,76.3,21.9,22.8,15.2,16.4,1.85,0.8,1.05,-0.6,0.6
Dixie Heights,PSA,2022,8,2,3,74.783,21.967,21.95,15.333,15.533,76.3,21.9,22.8,15.2,16.4,80.35,22.8,24.15,16.9,16.5,1.35,-0.5,0.75,0.1,1.0
Dixie Heights,PSA,2022,9,1,4,76.175,22.175,22.5,15.725,15.775,80.35,22.8,24.15,16.9,16.5,84.75,26.8,24.75,16.8,16.4,4.05,0.9,1.35,1.7,0.1
Downingtown HS East,PSA,2022,4,0,0,0.0,0.0,0.0,0.0,0.0,0.0,0.0,0.0,0.0,0.0,66.751,21.5,20.25,11.6,13.4,0.0,0.0,0.0,0.0,0.0
Downingtown HS East,PSA,2022,6,2,1,66.751,21.5,20.25,11.6,13.4,66.751,21.5,20.25,11.6,13.4,71.2,20.6,22.2,14.2,14.2,0.0,0.0,0.0,0.0,0.0
Downingtown HS East,PSA,2022,10,4,2,68.976,21.05,21.225,12.9,13.8,71.2,20.6,22.2,14.2,14.2,76.0,22.4,20.7,16.5,16.4,4.449,-0.9,1.95,2.6,0.8
Downingtown HS East,PSA,2022,11,1,3,71.317,21.5,21.05,14.1,14.667,76.0,22.4,20.7,16.5,16.4,85.251,25.4,26.25,17.2,16.4,4.8,1.8,-1.5,2.3,2.2
Downingtown PA,PSA,2022,4,0,0,0.0,0.0,0.0,0.0,0.0,0.0,0.0,0.0,0.0,0.0,66.751,21.5,20.25,11.6,13.4,0.0,0.0,0.0,0.0,0.0
Downingtown PA,PSA,2022,6,2,1,66.751,21.5,20.25,11.6,13.4,66.751,21.5,20.25,11.6,13.4,71.2,20.6,22.2,14.2,14.2,0.0,0.0,0.0,0.0,0.0
Downingtown PA,PSA,2022,10,4,2,68.976,21.05,21.225,12.9,13.8,71.2,20.6,22.2,14.2,14.2,76.0,22.4,20.7,16.5,16.4,4.449,-0.9,1.95,2.6,0.8
Downingtown PA,PSA,2022,11,1,3,71.317,21.5,21.05,14.1,14.667,76.0,22.4,20.7,16.5,16.4,85.251,25.4,26.25,17.2,16.4,4.8,1.8,-1.5,2.3,2.2
East Irondequoit,PSA,2022,2,0,0,0.0,0.0,0.0,0.0,0.0,0.0,0.0,0.0,0.0,0.0,73.0,19.5,23.1,15.8,14.6,0.0,0.0,0.0,0.0,0.0
East Irondequoit,PSA,2022,4,2,1,73.0,19.5,23.1,15.8,14.6,73.0,19.5,23.1,15.8,14.6,75.15,21.2,23.55,15.8,14.6,0.0,0.0,0.0,0.0,0.0
East Irondequoit,PSA,2022,6,2,2,74.075,20.35,23.325,15.8,14.6,75.15,21.2,23.55,15.8,14.6,72.9,20.4,21.9,15.5,15.1,2.15,1.7,0.45,0.0,0.0
East Irondequoit,PSA,2022,8,2,3,73.683,20.367,22.85,15.7,14.767,72.9,20.4,21.9,15.5,15.1,75.35,20.8,22.05,16.3,16.2,-2.25,-0.8,-1.65,-0.3,0.5
East Irondequoit,PSA,2022,10,2,4,74.1,20.475,22.65,15.85,15.125,75.35,20.8,22.05,16.3,16.2,84.1,23.7,26.85,16.3,17.25,2.45,0.4,0.15,0.8,1.1
East Syracuse Minoa,PSA,2022,2,0,0,0.0,0.0,0.0,0.0,0.0,0.0,0.0,0.0,0.0,0.0,67.95,19.8,22.35,13.3,12.5,0.0,0.0,0.0,0.0,0.0
East Syracuse Minoa,PSA,2022,4,2,1,67.95,19.8,22.35,13.3,12.5,67.95,19.8,22.35,13.3,12.5,73.7,22.6,23.1,14.3,13.7,0.0,0.0,0.0,0.0,0.0
East Syracuse Minoa,PSA,2022,5,1,2,70.825,21.2,22.725,13.8,13.1,73.7,22.6,23.1,14.3,13.7,76.55,23.8,23.85,14.7,14.2,5.75,2.8,0.75,1.0,1.2
East Syracuse Minoa,PSA,2022,8,3,3,72.733,22.067,23.1,14.1,13.467,76.55,23.8,23.85,14.7,14.2,77.875,23.9,23.475,15.1,15.4,2.85,1.2,0.75,0.4,0.5
East Syracuse Minoa,PSA,2022,9,1,4,74.019,22.525,23.194,14.35,13.95,77.875,23.9,23.475,15.1,15.4,81.4,23.9,24.3,16.8,16.4,1.325,0.1,-0.375,0.4,1.2
East Syracuse Minoa,PSA,2022,10,1,5,75.495,22.8,23.415,14.84,14.44,81.4,23.9,24.3,16.8,16.4,83.25,23.6,26.1,16.5,17.05,3.525,0.0,0.825,1.7,1.0
Edison HS,PSA,2022,8,0,0,0.0,0.0,0.0,0.0,0.0,0.0,0.0,0.0,0.0,0.0,74.3,22.4,22.05,15.5,14.35,0.0,0.0,0.0,0.0,0.0
Edison HS,PSA,2022,9,1,1,74.3,22.4,22.05,15.5,14.35,74.3,22.4,22.05,15.5,14.35,70.3,19.8,12.8,24.0,13.7,0.0,0.0,0.0,0.0,0.0
Floyd Central HS,PSA,2022,3,0,0,0.0,0.0,0.0,0.0,0.0,0.0,0.0,0.0,0.0,0.0,75.75,22.6,21.45,15.6,16.1,0.0,0.0,0.0,0.0,0.0
Floyd Central HS,PSA,2022,8,5,1,75.75,22.6,21.45,15.6,16.1,75.75,22.6,21.45,15.6,16.1,82.25,23.9,25.05,17.0,16.3,0.0,0.0,0.0,0.0,0.0
Floyd Central HS,PSA,2022,9,1,2,79.0,23.25,23.25,16.3,16.2,82.25,23.9,25.05,17.0,16.3,85.75,25.5,25.95,17.2,17.1,6.5,1.3,3.6,1.4,0.2
Franklin Community HS,PSA,2022,6,0,0,0.0,0.0,0.0,0.0,0.0,0.0,0.0,0.0,0.0,0.0,77.7,24.3,15.2,23.7,14.5,0.0,0.0,0.0,0.0,0.0
Franklin Community HS,PSA,2022,13,7,1,77.7,24.3,15.2,23.7,14.5,77.7,24.3,15.2,23.7,14.5,94.263,28.462,18.875,27.775,19.15,0.0,0.0,0.0,0.0,0.0
Gilbert HS,PSA,2022,7,0,0,0.0,0.0,0.0,0.0,0.0,0.0,0.0,0.0,0.0,0.0,78.0,24.0,15.2,23.0,15.8,0.0,0.0,0.0,0.0,0.0
Gilbert HS,PSA,2022,9,2,1,78.0,24.0,15.2,23.0,15.8,78.0,24.0,15.2,23.0,15.8,84.601,23.4,16.5,27.2,17.5,0.0,0.0,0.0,0.0,0.0
Grand Blanc HS,PSA,2022,3,0,0,0.0,0.0,0.0,0.0,0.0,0.0,0.0,0.0,0.0,0.0,74.8,21.3,15.5,23.4,14.6,0.0,0.0,0.0,0.0,0.0
Grand Blanc HS,PSA,2022,4,1,1,74.8,21.3,15.5,23.4,14.6,74.8,21.3,15.5,23.4,14.6,74.45,22.65,14.9,21.0,15.9,0.0,0.0,0.0,0.0,0.0
Grand Blanc HS,PSA,2022,7,3,2,74.625,21.975,15.2,22.2,15.25,74.45,22.65,14.9,21.0,15.9,79.75,24.45,17.0,22.4,15.9,-0.35,1.35,-0.6,-2.4,1.3
Grand Blanc HS,PSA,2022,8,1,3,76.333,22.8,15.8,22.267,15.467,79.75,24.45,17.0,22.4,15.9,81.4,24.3,16.7,24.2,16.2,5.3,1.8,2.1,1.4,0.0
Grand Blanc HS,PSA,2022,11,3,4,77.6,23.175,16.025,22.75,15.65,81.4,24.3,16.7,24.2,16.2,83.225,24.525,17.85,23.95,16.9,1.65,-0.15,-0.3,1.8,0.3
Grayson Co HS,PSA,2022,3,0,0,0.0,0.0,0.0,0.0,0.0,0.0,0.0,0.0,0.0,0.0,61.5,19.3,18.0,11.9,12.3,0.0,0.0,0.0,0.0,0.0
Grayson Co HS,PSA,2022,6,3,1,61.5,19.3,18.0,11.9,12.3,61.5,19.3,18.0,11.9,12.3,72.4,20.9,21.3,14.2,16.0,0.0,0.0,0.0,0.0,0.0
Grayson Co HS,PSA,2022,9,3,2,66.95,20.1,19.65,13.05,14.15,72.4,20.9,21.3,14.2,16.0,78.6,25.4,22.2,15.4,15.6,10.9,1.6,3.3,2.3,3.7
Green Level HS,PSA,2022,6,0,0,0.0,0.0,0.0,0.0,0.0,0.0,0.0,0.0,0.0,0.0,74.35,21.75,15.5,22.8,14.3,0.0,0.0,0.0,0.0,0.0
Green Level HS,PSA,2022,8,2,1,74.35,21.75,15.5,22.8,14.3,74.35,21.75,15.5,22.8,14.3,73.75,22.65,14.4,22.7,14.0,0.0,0.0,0.0,0.0,0.0
Henryville HS,PSA,2022,3,0,0,0.0,0.0,0.0,0.0,0.0,0.0,0.0,0.0,0.0,0.0,61.55,17.7,18.75,13.5,11.6,0.0,0.0,0.0,0.0,0.0
Henryville HS,PSA,2022,8,5,1,61.55,17.7,18.75,13.5,11.6,61.55,17.7,18.75,13.5,11.6,69.55,19.7,19.65,15.3,14.9,0.0,0.0,0.0,0.0,0.0
Henryville HS,PSA,2022,9,1,2,65.55,18.7,19.2,14.4,13.25,69.55,19.7,19.65,15.3,14.9,70.301,21.8,20.7,14.2,13.6,8.0,2.0,0.9,1.8,3.3
Heritage Indoor Percussion Ensemble,PSA,2022,1,0,0,0.0,0.0,0.0,0.0,0.0,0.0,0.0,0.0,0.0,0.0,62.55,18.8,18.15,12.5,13.1,0.0,0.0,0.0,0.0,0.0
Heritage Indoor Percussion Ensemble,PSA,2022,3,2,1,62.55,18.8,18.15,12.5,13.1,62.55,18.8,18.15,12.5,13.1,62.95,18.5,19.05,12.5,12.9,0.0,0.0,0.0,0.0,0.0
Heritage Indoor Percussion Ensemble,PSA,2022,9,6,2,62.75,18.65,18.6,12.5,13.0,62.95,18.5,19.05,12.5,12.9,74.6,22.1,22.8,14.9,14.8,0.4,-0.3,0.9,0.0,-0.2
Heritage Indoor Percussion Ensemble,PSA,2022,10,1,3,66.7,19.8,20.0,13.3,13.6,74.6,22.1,22.8,14.9,14.8,77.301,22.9,22.8,15.2,16.4,11.65,3.6,3.75,2.4,1.9
Highland Regional,PSA,2022,6,0,0,0.0,0.0,0.0,0.0,0.0,0.0,0.0,0.0,0.0,0.0,75.551,21.9,22.95,14.9,15.8,0.0,0.0,0.0,0.0,0.0
Highland Regional,PSA,2022,10,4,1,75.551,21.9,22.95,14.9,15.8,75.551,21.9,22.95,14.9,15.8,76.701,21.3,22.8,15.6,17.0,0.0,0.0,0.0,0.0,0.0
Highland Regional,PSA,2022,11,1,2,76.126,21.6,22.875,15.25,16.4,76.701,21.3,22.8,15.6,17.0,84.4,25.1,27.0,16.8,15.5,1.15,-0.6,-0.15,0.7,1.2
Hilton HS Percussion,PSA,2022,2,0,0,0.0,0.0,0.0,0.0,0.0,0.0,0.0,0.0,0.0,0.0,64.576,19.1,21.375,12.5,11.6,0.0,0.0,0.0,0.0,0.0
Hilton HS Percussion,PSA,2022,3,1,1,64.576,19.1,21.375,12.5,11.6,64.576,19.1,21.375,12.5,11.6,70.75,21.1,23.25,13.1,13.3,0.0,0.0,0.0,0.0,0.0
Hilton HS Percussion,PSA,2022,6,3,2,67.663,20.1,22.312,12.8,12.45,70.75,21.1,23.25,13.1,13.3,72.251,21.6,21.75,14.8,14.1,6.174,2.0,1.875,0.6,1.7
Hilton HS Percussion,PSA,2022,8,2,3,69.192,20.6,22.125,13.467,13.0,72.251,21.6,21.75,14.8,14.1,73.45,21.1,22.35,14.9,15.1,1.501,0.5,-1.5,1.7,0.8
Hilton HS Percussion,PSA,2022,9,1,4,70.257,20.725,22.181,13.825,13.525,73.45,21.1,22.35,14.9,15.1,80.75,23.5,24.45,16.2,16.6,1.199,-0.5,0.6,0.1,1.0
Hilton HS Percussion,PSA,2022,10,1,5,72.355,21.28,22.635,14.3,14.14,80.75,23.5,24.45,16.2,16.6,80.901,23.0,25.05,16.1,16.75,7.3,2.4,2.1,1.3,1.5
Holly Indoor Percussion,PSA,2022,4,0,0,0.0,0.0,0.0,0.0,0.0,0.0,0.0,0.0,0.0,0.0,64.45,17.85,13.9,18.4,14.3,0.0,0.0,0.0,0.0,0.0
Holly Indoor Percussion,PSA,2022,7,3,1,64.45,17.85,13.9,18.4,14.3,64.45,17.85,13.9,18.4,14.3,70.85,22.35,13.5,20.3,14.7,0.0,0.0,0.0,0.0,0.0
Holly Indoor Percussion,PSA,2022,11,4,2,67.65,20.1,13.7,19.35,14.5,70.85,22.35,13.5,20.3,14.7,74.55,22.5,15.2,21.6,15.25,6.4,4.5,-0.4,1.9,0.4
Holly Mi,PSA,2022,4,0,0,0.0,0.0,0.0,0.0,0.0,0.0,0.0,0.0,0.0,0.0,64.45,17.85,13.9,18.4,14.3,0.0,0.0,0.0,0.0,0.0
Holly Mi,PSA,2022,7,3,1,64.45,17.85,13.9,18.4,14.3,64.45,17.85,13.9,18.4,14.3,70.85,22.35,13.5,20.3,14.7,0.0,0.0,0.0,0.0,0.0
Holly Mi,PSA,2022,11,4,2,67.65,20.1,13.7,19.35,14.5,70.85,22.35,13.5,20.3,14.7,74.55,22.5,15.2,21.6,15.25,6.4,4.5,-0.4,1.9,0.4
Hopewell Valley Central,PSA,2022,3,0,0,0.0,0.0,0.0,0.0,0.0,0.0,0.0,0.0,0.0,0.0,66.35,21.4,18.75,12.7,13.5,0.0,0.0,0.0,0.0,0.0
Hopewell Valley Central,PSA,2022,5,2,1,66.35,21.4,18.75,12.7,13.5,66.35,21.4,18.75,12.7,13.5,69.851,20.4,22.05,13.0,14.4,0.0,0.0,0.0,0.0,0.0
Hopewell Valley Central,PSA,2022,8,3,2,68.1,20.9,20.4,12.85,13.95,69.851,20.4,22.05,13.0,14.4,74.401,21.4,23.25,15.0,14.75,3.501,-1.0,3.3,0.3,0.9
Hopewell Valley Central,PSA,2022,10,2,3,70.201,21.067,21.35,13.567,14.217,74.401,21.4,23.25,15.0,14.75,69.55,20.5,20.55,14.2,14.3,4.55,1.0,1.2,2.0,0.35
Hopewell Valley Central,PSA,2022,11,1,4,70.038,20.925,21.15,13.725,14.238,69.55,20.5,20.55,14.2,14.3,77.2,23.6,23.7,15.1,14.8,-4.851,-0.9,-2.7,-0.8,-0.45
Hudsonville HS,PSA,2022,3,0,0,0.0,0.0,0.0,0.0,0.0,0.0,0.0,0.0,0.0,0.0,67.9,18.9,15.2,20.8,13.0,0.0,0.0,0.0,0.0,0.0
Hudsonville HS,PSA,2022,9,6,1,67.9,18.9,15.2,20.8,13.0,67.9,18.9,15.2,20.8,13.0,76.85,24.0,15.7,23.15,14.0,0.0,0.0,0.0,0.0,0.0
Hudsonville Winter Percussion,PSA,2022,5,0,0,0.0,0.0,0.0,0.0,0.0,0.0,0.0,0.0,0.0,0.0,71.5,21.3,14.1,21.5,14.6,0.0,0.0,0.0,0.0,0.0
Hudsonville Winter Percussion,PSA,2022,8,3,1,71.5,21.3,14.1,21.5,14.6,71.5,21.3,14.1,21.5,14.6,81.95,24.15,16.8,24.7,16.3,0.0,0.0,0.0,0.0,0.0
Hudsonville Winter Percussion,PSA,2022,11,3,2,76.725,22.725,15.45,23.1,15.45,81.95,24.15,16.8,24.7,16.3,80.7,24.3,16.55,23.9,15.95,10.45,2.85,2.7,3.2,1.7
Jefferson County High School Indoor Percussion,PSA,2022,9,0,0,0.0,0.0,0.0,0.0,0.0,0.0,0.0,0.0,0.0,0.0,77.9,23.1,23.4,15.8,15.6,0.0,0.0,0.0,0.0,0.0
Jefferson County High School Indoor Percussion,PSA,2022,10,1,1,77.9,23.1,23.4,15.8,15.6,77.9,23.1,23.4,15.8,15.6,77.051,23.2,22.65,16.0,15.2,0.0,0.0,0.0,0.0,0.0
Jordan Elbridge Indoor Percussion,PSA,2022,3,0,0,0.0,0.0,0.0,0.0,0.0,0.0,0.0,0.0,0.0,0.0,66.651,19.3,22.35,12.3,12.7,0.0,0.0,0.0,0.0,0.0
Jordan Elbridge Indoor Percussion,PSA,2022,4,1,1,66.651,19.3,22.35,12.3,12.7,66.651,19.3,22.35,12.3,12.7,69.051,19.5,23.25,13.2,13.1,0.0,0.0,0.0,0.0,0.0
Jordan Elbridge Indoor Percussion,PSA,2022,8,4,2,67.851,19.4,22.8,12.75,12.9,69.051,19.5,23.25,13.2,13.1,70.701,20.6,22.2,13.9,14.0,2.4,0.2,0.9,0.9,0.4
Jordan Elbridge Indoor Percussion,PSA,2022,10,2,3,68.801,19.8,22.6,13.133,13.267,70.701,20.6,22.2,13.9,14.0,72.2,20.7,21.75,13.7,16.05,1.65,1.1,-1.05,0.7,0.9
Karns High School Indoor Percussion,PSA,2022,1,0,0,0.0,0.0,0.0,0.0,0.0,0.0,0.0,0.0,0.0,0.0,61.101,20.3,18.9,10.0,11.9,0.0,0.0,0.0,0.0,0.0
Karns High School Indoor Percussion,PSA,2022,9,8,1,61.101,20.3,18.9,10.0,11.9,61.101,20.3,18.9,10.0,11.9,79.55,24.3,23.85,15.6,15.8,0.0,0.0,0.0,0.0,0.0
Karns High School Indoor Percussion,PSA,2022,10,1,2,70.326,22.3,21.375,12.8,13.85,79.55,24.3,23.85,15.6,15.8,81.45,24.4,25.05,15.8,16.2,18.449,4.0,4.95,5.6,3.9
Lake Hamilton HS Indoor Percussion,PSA,2022,6,0,0,0.0,0.0,0.0,0.0,0.0,0.0,0.0,0.0,0.0,0.0,77.2,21.6,16.1,23.5,16.0,0.0,0.0,0.0,0.0,0.0
Lake Hamilton HS Indoor Percussion,PSA,2022,10,4,1,77.2,21.6,16.1,23.5,16.0,77.2,21.6,16.1,23.5,16.0,87.65,27.45,16.9,26.3,17.0,0.0,0.0,0.0,0.0,0.0
Lakeway Christian Academy Percussion,PSA,2022,1,0,0,0.0,0.0,0.0,0.0,0.0,0.0,0.0,0.0,0.0,0.0,62.85,18.5,18.75,12.7,12.9,0.0,0.0,0.0,0.0,0.0
Lakeway Christian Academy Percussion,PSA,2022,9,8,1,62.85,18.5,18.75,12.7,12.9,62.85,18.5,18.75,12.7,12.9,75.1,22.6,22.2,14.8,15.5,0.0,0.0,0.0,0.0,0.0
Lakeway Christian Academy Percussion,PSA,2022,10,1,2,68.975,20.55,20.475,13.75,14.2,75.1,22.6,22.2,14.8,15.5,78.05,22.5,24.15,15.7,15.7,12.25,4.1,3.45,2.1,2.6
Los Alamitos HS,PSA,2022,4,0,0,0.0,0.0,0.0,0.0,0.0,0.0,0.0,0.0,0.0,0.0,71.6,23.7,14.8,19.5,13.6,0.0,0.0,0.0,0.0,0.0
Los Alamitos HS,PSA,2022,9,5,1,71.6,23.7,14.8,19.5,13.6,71.6,23.7,14.8,19.5,13.6,90.55,26.85,18.4,27.2,18.1,0.0,0.0,0.0,0.0,0.0
Mansfield HS,PSA,2022,5,0,0,0.0,0.0,0.0,0.0,0.0,0.0,0.0,0.0,0.0,0.0,76.95,22.65,15.3,23.3,15.7,0.0,0.0,0.0,0.0,0.0
Mansfield HS,PSA,2022,9,4,1,76.95,22.65,15.3,23.3,15.7,76.95,22.65,15.3,23.3,15.7,86.2,26.25,16.4,26.1,17.45,0.0,0.0,0.0,0.0,0.0
Marple Newtown,PSA,2022,4,0,0,0.0,0.0,0.0,0.0,0.0,0.0,0.0,0.0,0.0,0.0,62.501,19.0,19.5,12.1,11.9,0.0,0.0,0.0,0.0,0.0
Marple Newtown,PSA,2022,5,1,1,62.501,19.0,19.5,12.1,11.9,62.501,19.0,19.5,12.1,11.9,70.501,20.5,22.5,13.4,14.1,0.0,0.0,0.0,0.0,0.0
Marple Newtown,PSA,2022,8,3,2,66.501,19.75,21.0,12.75,13.0,70.501,20.5,22.5,13.4,14.1,73.35,21.7,22.35,14.8,14.5,8.0,1.5,3.0,1.3,2.2
Marple Newtown,PSA,2022,10,2,3,68.784,20.4,21.45,13.433,13.5,73.35,21.7,22.35,14.8,14.5,71.6,20.5,21.0,15.2,14.9,2.849,1.2,-0.15,1.4,0.4
Marple Newtown,PSA,2022,11,1,4,69.488,20.425,21.338,13.875,13.85,71.6,20.5,21.0,15.2,14.9,78.0,23.2,24.9,14.9,15.0,-1.75,-1.2,-1.35,0.4,0.4
Millikan HS,PSA,2022,4,0,0,0.0,0.0,0.0,0.0,0.0,0.0,0.0,0.0,0.0,0.0,74.0,23.4,15.3,20.1,15.2,0.0,0.0,0.0,0.0,0.0
Millikan HS,PSA,2022,12,8,1,74.0,23.4,15.3,20.1,15.2,74.0,23.4,15.3,20.1,15.2,89.376,27.75,16.9,27.375,17.35,0.0,0.0,0.0,0.0,0.0
Mohonasen,PSA,2022,5,0,0,0.0,0.0,0.0,0.0,0.0,0.0,0.0,0.0,0.0,0.0,63.151,18.2,20.25,12.3,12.4,0.0,0.0,0.0,0.0,0.0
Mohonasen,PSA,2022,8,3,1,63.151,18.2,20.25,12.3,12.4,63.151,18.2,20.25,12.3,12.4,71.65,19.9,23.55,14.5,13.7,0.0,0.0,0.0,0.0,0.0
Mount Vernon Sr. HS,PSA,2022,3,0,0,0.0,0.0,0.0,0.0,0.0,0.0,0.0,0.0,0.0,0.0,63.3,20.1,18.6,12.8,11.8,0.0,0.0,0.0,0.0,0.0
Mount Vernon Sr. HS,PSA,2022,5,2,1,63.3,20.1,18.6,12.8,11.8,63.3,20.1,18.6,12.8,11.8,67.9,20.4,19.5,12.9,15.1,0.0,0.0,0.0,0.0,0.0
Murrieta Valley HS,PSA,2022,4,0,0,0.0,0.0,0.0,0.0,0.0,0.0,0.0,0.0,0.0,0.0,64.05,19.35,11.8,19.8,13.1,0.0,0.0,0.0,0.0,0.0
Murrieta Valley HS,PSA,2022,8,4,1,64.05,19.35,11.8,19.8,13.1,64.05,19.35,11.8,19.8,13.1,63.85,18.3,12.65,20.1,12.8,0.0,0.0,0.0,0.0,0.0
New Hartford,PSA,2022,2,0,0,0.0,0.0,0.0,0.0,0.0,0.0,0.0,0.0,0.0,0.0,72.45,21.6,23.25,13.7,13.9,0.0,0.0,0.0,0.0,0.0
New Hartford,PSA,2022,3,1,1,72.45,21.6,23.25,13.7,13.9,72.45,21.6,23.25,13.7,13.9,74.8,22.4,23.7,14.5,14.2,0.0,0.0,0.0,0.0,0.0
New Hartford,PSA,2022,5,2,2,73.625,22.0,23.475,14.1,14.05,74.8,22.4,23.7,14.5,14.2,78.0,23.5,24.6,14.9,15.0,2.35,0.8,0.45,0.8,0.3
New Hartford,PSA,2022,6,1,3,75.083,22.5,23.85,14.367,14.367,78.0,23.5,24.6,14.9,15.0,78.9,24.4,23.1,15.7,15.7,3.2,1.1,0.9,0.4,0.8
New Hartford,PSA,2022,9,3,4,76.038,22.975,23.662,14.7,14.7,78.9,24.4,23.1,15.7,15.7,83.45,24.8,25.65,17.1,15.9,0.9,0.9,-1.5,0.8,0.7
New Hartford,PSA,2022,10,1,5,77.52,23.34,24.06,15.18,14.94,83.45,24.8,25.65,17.1,15.9,87.4,25.3,27.0,17.4,17.7,4.55,0.4,2.55,1.4,0.2
North Harrison HS,PSA,2022,3,0,0,0.0,0.0,0.0,0.0,0.0,0.0,0.0,0.0,0.0,0.0,70.55,21.0,19.65,15.1,14.8,0.0,0.0,0.0,0.0,0.0
North Harrison HS,PSA,2022,8,5,1,70.55,21.0,19.65,15.1,14.8,70.55,21.0,19.65,15.1,14.8,75.25,20.9,22.05,16.2,16.1,0.0,0.0,0.0,0.0,0.0
North Harrison HS,PSA,2022,9,1,2,72.9,20.95,20.85,15.65,15.45,75.25,20.9,22.05,16.2,16.1,78.65,24.5,22.05,16.3,15.8,4.7,-0.1,2.4,1.1,1.3
North Penn,PSA,2022,4,0,0,0.0,0.0,0.0,0.0,0.0,0.0,0.0,0.0,0.0,0.0,68.85,21.7,21.45,13.4,12.3,0.0,0.0,0.0,0.0,0.0
North Penn,PSA,2022,5,1,1,68.85,21.7,21.45,13.4,12.3,68.85,21.7,21.45,13.4,12.3,72.9,21.8,22.8,13.6,14.7,0.0,0.0,0.0,0.0,0.0
North Penn,PSA,2022,6,1,2,70.875,21.75,22.125,13.5,13.5,72.9,21.8,22.8,13.6,14.7,76.851,23.5,23.85,14.6,14.9,4.05,0.1,1.35,0.2,2.4
North Penn,PSA,2022,8,2,3,72.867,22.333,22.7,13.867,13.967,76.851,23.5,23.85,14.6,14.9,81.25,23.9,25.2,16.6,15.55,3.951,1.7,1.05,1.0,0.2
North Penn,PSA,2022,10,2,4,74.963,22.725,23.325,14.55,14.362,81.25,23.9,25.2,16.6,15.55,80.101,25.2,24.6,15.0,15.3,4.399,0.4,1.35,2.0,0.65
North Penn,PSA,2022,11,1,5,75.99,23.22,23.58,14.64,14.55,80.101,25.2,24.6,15.0,15.3,86.551,26.9,27.45,15.9,16.3,-1.149,1.3,-0.6,-1.6,-0.25
Nutley HS,PSA,2022,5,0,0,0.0,0.0,0.0,0.0,0.0,0.0,0.0,0.0,0.0,0.0,76.7,23.1,15.5,22.8,15.3,0.0,0.0,0.0,0.0,0.0
Nutley HS,PSA,2022,9,4,1,76.7,23.1,15.5,22.8,15.3,76.7,23.1,15.5,22.8,15.3,80.276,23.925,14.75,24.1,17.5,0.0,0.0,0.0,0.0,0.0
Oak Ridge Indoor Percussion,PSA,2022,1,0,0,0.0,0.0,0.0,0.0,0.0,0.0,0.0,0.0,0.0,0.0,71.6,22.1,21.6,14.4,13.5,0.0,0.0,0.0,0.0,0.0
Oak Ridge Indoor Percussion,PSA,2022,10,9,1,71.6,22.1,21.6,14.4,13.5,71.6,22.1,21.6,14.4,13.5,87.35,25.4,26.85,17.6,17.5,0.0,0.0,0.0,0.0,0.0
Old Bridge,PSA,2022,6,0,0,0.0,0.0,0.0,0.0,0.0,0.0,0.0,0.0,0.0,0.0,84.45,25.3,25.95,16.6,16.6,0.0,0.0,0.0,0.0,0.0
Old Bridge,PSA,2022,8,2,1,84.45,25.3,25.95,16.6,16.6,84.45,25.3,25.95,16.6,16.6,88.85,25.9,27.45,17.5,18.0,0.0,0.0,0.0,0.0,0.0
Old Bridge,PSA,2022,10,2,2,86.65,25.6,26.7,17.05,17.3,88.85,25.9,27.45,17.5,18.0,89.65,26.9,26.25,17.8,18.7,4.4,0.6,1.5,0.9,1.4
Old Bridge,PSA,2022,11,1,3,87.65,26.033,26.55,17.3,17.767,89.65,26.9,26.25,17.8,18.7,94.05,28.3,28.35,18.8,18.6,0.8,1.0,-1.2,0.3,0.7
Old Bridge HS,PSA,2022,5,0,0,0.0,0.0,0.0,0.0,0.0,0.0,0.0,0.0,0.0,0.0,75.65,21.75,14.8,24.4,14.7,0.0,0.0,0.0,0.0,0.0
Old Bridge HS,PSA,2022,9,4,1,75.65,21.75,14.8,24.4,14.7,75.65,21.75,14.8,24.4,14.7,92.35,27.75,18.2,27.8,18.6,0.0,0.0,0.0,0.0,0.0
Old Bridge HS,PSA,2022,13,4,2,84.0,24.75,16.5,26.1,16.65,92.35,27.75,18.2,27.8,18.6,95.938,29.212,19.3,28.55,18.875,16.7,6.0,3.4,3.4,3.9
Olentangy Liberty HS,PSA,2022,6,0,0,0.0,0.0,0.0,0.0,0.0,0.0,0.0,0.0,0.0,0.0,73.501,22.8,15.9,19.5,15.3,0.0,0.0,0.0,0.0,0.0
Olentangy Liberty HS,PSA,2022,9,3,1,73.501,22.8,15.9,19.5,15.3,73.501,22.8,15.9,19.5,15.3,85.9,27.9,18.1,23.75,16.15,0.0,0.0,0.0,0.0,0.0
Ontario HS,PSA,2022,3,0,0,0.0,0.0,0.0,0.0,0.0,0.0,0.0,0.0,0.0,0.0,65.3,21.15,12.6,19.05,12.5,0.0,0.0,0.0,0.0,0.0
Ontario HS,PSA,2022,4,1,1,65.3,21.15,12.6,19.05,12.5,65.3,21.15,12.6,19.05,12.5,63.45,20.1,12.55,18.3,12.5,0.0,0.0,0.0,0.0,0.0
Owen J Roberts,PSA,2022,3,0,0,0.0,0.0,0.0,0.0,0.0,0.0,0.0,0.0,0.0,0.0,75.0,23.4,20.7,14.7,16.2,0.0,0.0,0.0,0.0,0.0
Owen J Roberts,PSA,2022,5,2,1,75.0,23.4,20.7,14.7,16.2,75.0,23.4,20.7,14.7,16.2,75.8,21.7,23.85,14.0,16.25,0.0,0.0,0.0,0.0,0.0
Owen J Roberts,PSA,2022,6,1,2,75.4,22.55,22.275,14.35,16.225,75.8,21.7,23.85,14.0,16.25,78.65,22.0,23.55,16.8,16.3,0.8,-1.7,3.15,-0.7,0.05
Owen J Roberts,PSA,2022,8,2,3,76.483,22.367,22.7,15.167,16.25,78.65,22.0,23.55,16.8,16.3,82.2,22.9,24.75,17.6,16.95,2.85,0.3,-0.3,2.8,0.05
Owen J Roberts,PSA,2022,10,2,4,77.913,22.5,23.212,15.775,16.425,82.2,22.9,24.75,17.6,16.95,84.95,25.2,25.35,18.1,16.3,3.55,0.9,1.2,0.8,0.65
Owen J Roberts,PSA,2022,11,1,5,79.32,23.04,23.64,16.24,16.4,84.95,25.2,25.35,18.1,16.3,91.45,27.9,27.75,18.0,17.8,2.75,2.3,0.6,0.5,-0.65
Pearl HS,PSA,2022,7,0,0,0.0,0.0,0.0,0.0,0.0,0.0,0.0,0.0,0.0,0.0,84.6,25.5,17.5,24.9,16.7,0.0,0.0,0.0,0.0,0.0
Pearl HS,PSA,2022,13,6,1,84.6,25.5,17.5,24.9,16.7,84.6,25.5,17.5,24.9,16.7,93.689,28.387,19.25,27.675,18.375,0.0,0.0,0.0,0.0,0.0
Pennridge,PSA,2022,6,0,0,0.0,0.0,0.0,0.0,0.0,0.0,0.0,0.0,0.0,0.0,76.751,23.0,22.35,16.0,15.4,0.0,0.0,0.0,0.0,0.0
Pennridge,PSA,2022,8,2,1,76.751,23.0,22.35,16.0,15.4,76.751,23.0,22.35,16.0,15.4,77.351,22.6,23.1,16.0,15.65,0.0,0.0,0.0,0.0,0.0
Pennridge,PSA,2022,10,2,2,77.051,22.8,22.725,16.0,15.525,77.351,22.6,23.1,16.0,15.65,74.05,21.7,21.15,15.4,15.8,0.6,-0.4,0.75,0.0,0.25
Pennridge,PSA,2022,11,1,3,76.051,22.433,22.2,15.8,15.617,74.05,21.7,21.15,15.4,15.8,81.525,24.8,24.825,16.3,15.6,-3.301,-0.9,-1.95,-0.6,0.15
Perkiomen Valley,PSA,2022,3,0,0,0.0,0.0,0.0,0.0,0.0,0.0,0.0,0.0,0.0,0.0,70.05,23.1,19.65,13.0,14.3,0.0,0.0,0.0,0.0,0.0
Perkiomen Valley,PSA,2022,4,1,1,70.05,23.1,19.65,13.0,14.3,70.05,23.1,19.65,13.0,14.3,65.001,20.3,20.1,11.7,12.9,0.0,0.0,0.0,0.0,0.0
Perkiomen Valley,PSA,2022,10,6,2,67.526,21.7,19.875,12.35,13.6,65.001,20.3,20.1,11.7,12.9,78.001,23.0,22.2,16.7,16.1,-5.049,-2.8,0.45,-1.3,-1.4
Perkiomen Valley,PSA,2022,11,1,3,71.017,22.133,20.65,13.8,14.433,78.001,23.0,22.2,16.7,16.1,86.401,25.8,26.7,17.4,16.5,13.0,2.7,2.1,5.0,3.2
Phoenix Indoor Percussion,PSA,2022,2,0,0,0.0,0.0,0.0,0.0,0.0,0.0,0.0,0.0,0.0,0.0,65.701,18.4,21.6,12.6,13.1,0.0,0.0,0.0,0.0,0.0
Phoenix Indoor Percussion,PSA,2022,3,1,1,65.701,18.4,21.6,12.6,13.1,65.701,18.4,21.6,12.6,13.1,68.9,20.4,22.5,12.9,13.1,0.0,0.0,0.0,0.0,0.0
Phoenix Indoor Percussion,PSA,2022,4,1,2,67.3,19.4,22.05,12.75,13.1,68.9,20.4,22.5,12.9,13.1,71.7,22.1,23.4,13.0,13.2,3.199,2.0,0.9,0.3,0.0
Phoenix Indoor Percussion,PSA,2022,5,1,3,68.767,20.3,22.5,12.833,13.133,71.7,22.1,23.4,13.0,13.2,74.65,24.1,24.15,13.2,13.2,2.8,1.7,0.9,0.1,0.1
Phoenix Indoor Percussion,PSA,2022,6,1,4,70.238,21.25,22.912,12.925,13.15,74.65,24.1,24.15,13.2,13.2,73.8,24.1,21.6,13.8,14.3,2.95,2.0,0.75,0.2,0.0
Phoenix Indoor Percussion,PSA,2022,8,2,5,70.95,21.82,22.65,13.1,13.38,73.8,24.1,21.6,13.8,14.3,76.75,24.2,23.25,14.3,15.0,-0.85,0.0,-2.55,0.6,1.1
Phoenix Indoor Percussion,PSA,2022,10,2,6,71.917,22.217,22.75,13.3,13.65,76.75,24.2,23.25,14.3,15.0,81.35,22.1,25.65,16.8,16.8,2.95,0.1,1.65,0.5,0.7
Phoenixville,PSA,2022,5,0,0,0.0,0.0,0.0,0.0,0.0,0.0,0.0,0.0,0.0,0.0,71.9,21.2,22.65,13.1,14.95,0.0,0.0,0.0,0.0,0.0
Phoenixville,PSA,2022,6,1,1,71.9,21.2,22.65,13.1,14.95,71.9,21.2,22.65,13.1,14.95,72.701,22.0,21.75,14.0,14.95,0.0,0.0,0.0,0.0,0.0
Phoenixville,PSA,2022,8,2,2,72.3,21.6,22.2,13.55,14.95,72.701,22.0,21.75,14.0,14.95,77.001,22.2,24.3,14.5,16.0,0.801,0.8,-0.9,0.9,0.0
Phoenixville,PSA,2022,10,2,3,73.867,21.8,22.9,13.867,15.3,77.001,22.2,24.3,14.5,16.0,72.3,21.6,21.6,14.6,14.5,4.3,0.2,2.55,0.5,1.05
Phoenixville,PSA,2022,11,1,4,73.476,21.75,22.575,14.05,15.1,72.3,21.6,21.6,14.6,14.5,80.7,24.2,24.3,16.1,16.1,-4.701,-0.6,-2.7,0.1,-1.5
Quakertown,PSA,2022,8,0,0,0.0,0.0,0.0,0.0,0.0,0.0,0.0,0.0,0.0,0.0,79.9,23.9,25.05,15.2,15.75,0.0,0.0,0.0,0.0,0.0
Quakertown,PSA,2022,10,2,1,79.9,23.9,25.05,15.2,15.75,79.9,23.9,25.05,15.2,15.75,81.701,23.7,25.8,16.2,16.0,0.0,0.0,0.0,0.0,0.0
Quakertown,PSA,2022,11,1,2,80.8,23.8,25.425,15.7,15.875,81.701,23.7,25.8,16.2,16.0,86.376,27.0,26.175,17.0,16.2,1.801,-0.2,0.75,1.0,0.25
San Clemente HS,PSA,2022,4,0,0,0.0,0.0,0.0,0.0,0.0,0.0,0.0,0.0,0.0,0.0,65.1,21.0,12.9,18.4,12.8,0.0,0.0,0.0,0.0,0.0
San Clemente HS,PSA,2022,8,4,1,65.1,21.0,12.9,18.4,12.8,65.1,21.0,12.9,18.4,12.8,68.851,20.85,13.4,20.8,13.8,0.0,0.0,0.0,0.0,0.0
San Dimas HS,PSA,2022,2,0,0,0.0,0.0,0.0,0.0,0.0,0.0,0.0,0.0,0.0,0.0,71.251,21.45,13.7,22.5,13.6,0.0,0.0,0.0,0.0,0.0
San Dimas HS,PSA,2022,4,2,1,71.251,21.45,13.7,22.5,13.6,71.251,21.45,13.7,22.5,13.6,68.476,21.075,13.4,19.3,14.7,0.0,0.0,0.0,0.0,0.0
San Dimas HS,PSA,2022,8,4,2,69.864,21.262,13.55,20.9,14.15,68.476,21.075,13.4,19.3,14.7,66.35,20.7,13.4,19.25,13.0,-2.775,-0.375,-0.3,-3.2,1.1
Seymour HS,PSA,2022,6,0,0,0.0,0.0,0.0,0.0,0.0,0.0,0.0,0.0,0.0,0.0,79.45,24.15,15.6,24.1,15.6,0.0,0.0,0.0,0.0,0.0
Seymour HS,PSA,2022,9,3,1,79.45,24.15,15.6,24.1,15.6,79.45,24.15,15.6,24.1,15.6,83.05,25.65,16.8,23.5,17.1,0.0,0.0,0.0,0.0,0.0
Seymour Percussion,PSA,2022,1,0,0,0.0,0.0,0.0,0.0,0.0,0.0,0.0,0.0,0.0,0.0,69.45,20.2,21.75,13.8,13.7,0.0,0.0,0.0,0.0,0.0
Seymour Percussion,PSA,2022,3,2,1,69.45,20.2,21.75,13.8,13.7,69.45,20.2,21.75,13.8,13.7,72.0,21.6,22.2,14.1,14.1,0.0,0.0,0.0,0.0,0.0
Seymour Percussion,PSA,2022,10,7,2,70.725,20.9,21.975,13.95,13.9,72.0,21.6,22.2,14.1,14.1,81.4,23.9,24.3,16.4,16.8,2.55,1.4,0.45,0.3,0.4
South Hills HS,PSA,2022,4,0,0,0.0,0.0,0.0,0.0,0.0,0.0,0.0,0.0,0.0,0.0,76.55,23.55,15.0,22.7,15.3,0.0,0.0,0.0,0.0,0.0
South Hills HS,PSA,2022,12,8,1,76.55,23.55,15.0,22.7,15.3,76.55,23.55,15.0,22.7,15.3,91.75,28.125,17.65,27.725,18.25,0.0,0.0,0.0,0.0,0.0
South Torrance HS,PSA,2022,2,0,0,0.0,0.0,0.0,0.0,0.0,0.0,0.0,0.0,0.0,0.0,72.6,22.5,14.7,22.2,13.2,0.0,0.0,0.0,0.0,0.0
South Torrance HS,PSA,2022,12,10,1,72.6,22.5,14.7,22.2,13.2,72.6,22.5,14.7,22.2,13.2,87.026,27.0,16.4,26.575,17.05,0.0,0.0,0.0,0.0,0.0
Southern Regional,PSA,2022,3,0,0,0.0,0.0,0.0,0.0,0.0,0.0,0.0,0.0,0.0,0.0,72.25,23.2,20.55,13.8,14.7,0.0,0.0,0.0,0.0,0.0
Southern Regional,PSA,2022,4,1,1,72.25,23.2,20.55,13.8,14.7,72.25,23.2,20.55,13.8,14.7,72.0,20.9,22.2,14.0,14.9,0.0,0.0,0.0,0.0,0.0
Southern Regional,PSA,2022,10,6,2,72.125,22.05,21.375,13.9,14.8,72.0,20.9,22.2,14.0,14.9,82.1,24.7,23.4,17.1,16.9,-0.25,-2.3,1.65,0.2,0.2
Southern Regional,PSA,2022,11,1,3,75.45,22.933,22.05,14.967,15.5,82.1,24.7,23.4,17.1,16.9,89.275,27.4,27.075,17.7,17.1,10.1,3.8,1.2,3.1,2.0
Southgate Anderson HS,PSA,2022,3,0,0,0.0,0.0,0.0,0.0,0.0,0.0,0.0,0.0,0.0,0.0,68.3,19.2,14.3,21.3,13.5,0.0,0.0,0.0,0.0,0.0
Southgate Anderson HS,PSA,2022,6,3,1,68.3,19.2,14.3,21.3,13.5,68.3,19.2,14.3,21.3,13.5,65.65,19.65,13.4,18.8,13.8,0.0,0.0,0.0,0.0,0.0
Southgate Winter Percussion,PSA,2022,4,0,0,0.0,0.0,0.0,0.0,0.0,0.0,0.0,0.0,0.0,0.0,66.85,19.35,13.4,19.6,14.5,0.0,0.0,0.0,0.0,0.0
Southgate Winter Percussion,PSA,2022,7,3,1,66.85,19.35,13.4,19.6,14.5,66.85,19.35,13.4,19.6,14.5,71.25,20.55,15.0,21.3,14.4,0.0,0.0,0.0,0.0,0.0
Southgate Winter Percussion,PSA,2022,11,4,2,69.05,19.95,14.2,20.45,14.45,71.25,20.55,15.0,21.3,14.4,75.95,22.5,15.75,22.35,15.35,4.4,1.2,1.6,1.7,-0.1
Spring-Ford,PSA,2022,4,0,0,0.0,0.0,0.0,0.0,0.0,0.0,0.0,0.0,0.0,0.0,76.3,22.3,24.3,13.8,15.9,0.0,0.0,0.0,0.0,0.0
Spring-Ford,PSA,2022,5,1,1,76.3,22.3,24.3,13.8,15.9,76.3,22.3,24.3,13.8,15.9,78.85,22.5,24.75,15.9,15.7,0.0,0.0,0.0,0.0,0.0
Spring-Ford,PSA,2022,6,1,2,77.575,22.4,24.525,14.85,15.8,78.85,22.5,24.75,15.9,15.7,81.55,23.9,24.9,16.4,16.35,2.55,0.2,0.45,2.1,-0.2
Spring-Ford,PSA,2022,10,4,3,78.9,22.9,24.65,15.367,15.983,81.55,23.9,24.9,16.4,16.35,87.3,25.8,26.1,18.0,17.4,2.7,1.4,0.15,0.5,0.65
Spring-Ford,PSA,2022,11,1,4,81.0,23.625,25.012,16.025,16.337,87.3,25.8,26.1,18.0,17.4,90.8,27.55,27.3,18.35,17.6,5.75,1.9,1.2,1.6,1.05
St. Genevieve HS,PSA,2022,2,0,0,0.0,0.0,0.0,0.0,0.0,0.0,0.0,0.0,0.0,0.0,67.451,19.95,12.2,22.4,12.9,0.0,0.0,0.0,0.0,0.0
St. Genevieve HS,PSA,2022,3,1,1,67.451,19.95,12.2,22.4,12.9,67.451,19.95,12.2,22.4,12.9,73.35,23.4,14.0,21.55,14.4,0.0,0.0,0.0,0.0,0.0
Taylor County HS,PSA,2022,5,0,0,0.0,0.0,0.0,0.0,0.0,0.0,0.0,0.0,0.0,0.0,67.45,21.3,19.95,12.6,13.6,0.0,0.0,0.0,0.0,0.0
Taylor County HS,PSA,2022,6,1,1,67.45,21.3,19.95,12.6,13.6,67.45,21.3,19.95,12.6,13.6,74.0,21.8,22.2,13.9,16.1,0.0,0.0,0.0,0.0,0.0
Taylor County HS,PSA,2022,9,3,2,70.725,21.55,21.075,13.25,14.85,74.0,21.8,22.2,13.9,16.1,80.8,24.8,24.0,15.8,16.2,6.55,0.5,2.25,1.3,2.5
Torrance HS,PSA,2022,4,0,0,0.0,0.0,0.0,0.0,0.0,0.0,0.0,0.0,0.0,0.0,63.5,19.95,12.7,18.75,12.1,0.0,0.0,0.0,0.0,0.0
Torrance HS,PSA,2022,8,4,1,63.5,19.95,12.7,18.75,12.1,63.5,19.95,12.7,18.75,12.1,71.001,21.3,14.2,20.9,14.6,0.0,0.0,0.0,0.0,0.0
Unionville,PSA,2022,5,0,0,0.0,0.0,0.0,0.0,0.0,0.0,0.0,0.0,0.0,0.0,80.65,23.1,25.65,15.1,16.8,0.0,0.0,0.0,0.0,0.0
Unionville,PSA,2022,8,3,1,80.65,23.1,25.65,15.1,16.8,80.65,23.1,25.65,15.1,16.8,85.0,24.6,26.4,17.0,17.0,0.0,0.0,0.0,0.0,0.0
Unionville,PSA,2022,10,2,2,82.825,23.85,26.025,16.05,16.9,85.0,24.6,26.4,17.0,17.0,83.55,24.9,24.45,17.4,16.8,4.35,1.5,0.75,1.9,0.2
Unionville,PSA,2022,11,1,3,83.067,24.2,25.5,16.5,16.867,83.55,24.9,24.45,17.4,16.8,92.0,27.8,28.2,18.1,17.9,-1.45,0.3,-1.95,0.4,-0.2
Unionville HS,PSA,2022,9,0,0,0.0,0.0,0.0,0.0,0.0,0.0,0.0,0.0,0.0,0.0,88.2,25.5,18.8,27.0,16.9,0.0,0.0,0.0,0.0,0.0
Unionville HS,PSA,2022,13,4,1,88.2,25.5,18.8,27.0,16.9,88.2,25.5,18.8,27.0,16.9,93.9,27.825,19.05,28.45,18.575,0.0,0.0,0.0,0.0,0.0
University HS,PSA,2022,7,0,0,0.0,0.0,0.0,0.0,0.0,0.0,0.0,0.0,0.0,0.0,74.426,22.125,14.3,23.1,14.9,0.0,0.0,0.0,0.0,0.0
University HS,PSA,2022,9,2,1,74.426,22.125,14.3,23.1,14.9,74.426,22.125,14.3,23.1,14.9,77.651,23.25,16.9,23.3,14.2,0.0,0.0,0.0,0.0,0.0
Upper Darby,PSA,2022,4,0,0,0.0,0.0,0.0,0.0,0.0,0.0,0.0,0.0,0.0,0.0,61.801,19.7,20.4,10.1,11.6,0.0,0.0,0.0,0.0,0.0
Upper Darby,PSA,2022,6,2,1,61.801,19.7,20.4,10.1,11.6,61.801,19.7,20.4,10.1,11.6,70.9,22.7,20.1,13.5,14.6,0.0,0.0,0.0,0.0,0.0
Upper Darby,PSA,2022,8,2,2,66.351,21.2,20.25,11.8,13.1,70.9,22.7,20.1,13.5,14.6,75.351,22.9,24.0,14.0,14.45,9.099,3.0,-0.3,3.4,3.0
Upper Darby,PSA,2022,10,2,3,69.351,21.767,21.5,12.533,13.55,75.351,22.9,24.0,14.0,14.45,69.85,21.2,19.65,14.4,14.6,4.451,0.2,3.9,0.5,-0.15
Upper Darby,PSA,2022,11,1,4,69.476,21.625,21.038,13.0,13.812,69.85,21.2,19.65,14.4,14.6,75.9,22.9,23.1,15.0,14.9,-5.501,-1.7,-4.35,0.4,0.15
Victor Indoor Percussion Ensemble,PSA,2022,2,0,0,0.0,0.0,0.0,0.0,0.0,0.0,0.0,0.0,0.0,0.0,69.5,20.5,23.4,12.9,12.7,0.0,0.0,0.0,0.0,0.0
Victor Indoor Percussion Ensemble,PSA,2022,3,1,1,69.5,20.5,23.4,12.9,12.7,69.5,20.5,23.4,12.9,12.7,70.15,19.9,22.65,14.0,13.6,0.0,0.0,0.0,0.0,0.0
Victor Indoor Percussion Ensemble,PSA,2022,6,3,2,69.825,20.2,23.025,13.45,13.15,70.15,19.9,22.65,14.0,13.6,73.0,21.0,22.2,15.1,14.7,0.65,-0.6,-0.75,1.1,0.9
Victor Indoor Percussion Ensemble,PSA,2022,8,2,3,70.883,20.467,22.75,14.0,13.667,73.0,21.0,22.2,15.1,14.7,77.7,23.2,24.0,15.7,14.8,2.85,1.1,-0.45,1.1,1.1
Victor Indoor Percussion Ensemble,PSA,2022,9,1,4,72.588,21.15,23.062,14.425,13.95,77.7,23.2,24.0,15.7,14.8,81.05,23.6,24.75,16.6,16.1,4.7,2.2,1.8,0.6,0.1
Victor Indoor Percussion Ensemble,PSA,2022,10,1,5,74.28,21.64,23.4,14.86,14.38,81.05,23.6,24.75,16.6,16.1,84.05,24.2,25.35,17.0,17.5,3.35,0.4,0.75,0.9,1.3
Webster Percussion Theater,PSA,2022,2,0,0,0.0,0.0,0.0,0.0,0.0,0.0,0.0,0.0,0.0,0.0,65.451,18.8,21.45,13.2,12.0,0.0,0.0,0.0,0.0,0.0
Webster Percussion Theater,PSA,2022,3,1,1,65.451,18.8,21.45,13.2,12.0,65.451,18.8,21.45,13.2,12.0,68.85,21.6,21.45,13.4,12.4,0.0,0.0,0.0,0.0,0.0
Webster Percussion Theater,PSA,2022,4,1,2,67.15,20.2,21.45,13.3,12.2,68.85,21.6,21.45,13.4,12.4,71.001,22.4,21.9,13.9,12.8,3.399,2.8,0.0,0.2,0.4
Webster Percussion Theater,PSA,2022,6,2,3,68.434,20.933,21.6,13.5,12.4,71.001,22.4,21.9,13.9,12.8,67.701,20.9,19.8,13.6,13.4,2.151,0.8,0.45,0.5,0.4
Webster Percussion Theater,PSA,2022,9,3,4,68.251,20.925,21.15,13.525,12.65,67.701,20.9,19.8,13.6,13.4,72.551,21.4,21.75,14.5,14.9,-3.3,-1.5,-2.1,-0.3,0.6
Webster Percussion Theater,PSA,2022,10,1,5,69.111,21.02,21.27,13.72,13.1,72.551,21.4,21.75,14.5,14.9,76.151,22.4,22.95,14.2,16.6,4.85,0.5,1.95,0.9,1.5
West Milford HS,PSA,2022,5,0,0,0.0,0.0,0.0,0.0,0.0,0.0,0.0,0.0,0.0,0.0,66.35,19.05,12.8,21.0,13.5,0.0,0.0,0.0,0.0,0.0
West Milford HS,PSA,2022,9,4,1,66.35,19.05,12.8,21.0,13.5,66.35,19.05,12.8,21.0,13.5,80.226,22.875,16.85,24.05,16.45,0.0,0.0,0.0,0.0,0.0
Westhill HS,PSA,2022,5,0,0,0.0,0.0,0.0,0.0,0.0,0.0,0.0,0.0,0.0,0.0,68.15,19.95,13.0,21.3,13.9,0.0,0.0,0.0,0.0,0.0
Westhill HS,PSA,2022,9,4,1,68.15,19.95,13.0,21.3,13.9,68.15,19.95,13.0,21.3,13.9,81.351,22.8,16.4,25.6,16.55,0.0,0.0,0.0,0.0,0.0
William S. Hart HS,PSA,2022,4,0,0,0.0,0.0,0.0,0.0,0.0,0.0,0.0,0.0,0.0,0.0,66.501,19.2,12.2,21.4,13.7,0.0,0.0,0.0,0.0,0.0
William S. Hart HS,PSA,2022,8,4,1,66.501,19.2,12.2,21.4,13.7,66.501,19.2,12.2,21.4,13.7,74.975,22.575,15.2,21.8,15.4,0.0,0.0,0.0,0.0,0.0
4th Wall,PIW,2022,6,0,0,0.0,0.0,0.0,0.0,0.0,0.0,0.0,0.0,0.0,0.0,75.851,22.65,15.1,23.5,14.6,0.0,0.0,0.0,0.0,0.0
4th Wall,PIW,2022,9,3,1,75.851,22.65,15.1,23.5,14.6,75.851,22.65,15.1,23.5,14.6,83.101,25.2,16.7,25.7,15.5,0.0,0.0,0.0,0.0,0.0
Atlanta Quest,PIW,2022,5,0,0,0.0,0.0,0.0,0.0,0.0,0.0,0.0,0.0,0.0,0.0,80.45,23.55,15.2,25.8,15.9,0.0,0.0,0.0,0.0,0.0
Atlanta Quest,PIW,2022,8,3,1,80.45,23.55,15.2,25.8,15.9,80.45,23.55,15.2,25.8,15.9,83.6,25.8,16.6,24.6,16.6,0.0,0.0,0.0,0.0,0.0
Audio Theater,PIW,2022,6,0,0,0.0,0.0,0.0,0.0,0.0,0.0,0.0,0.0,0.0,0.0,74.55,23.85,14.6,22.1,14.0,0.0,0.0,0.0,0.0,0.0
Audio Theater,PIW,2022,8,2,1,74.55,23.85,14.6,22.1,14.0,74.55,23.85,14.6,22.1,14.0,80.55,25.35,16.0,23.4,15.8,0.0,0.0,0.0,0.0,0.0
Blue Knights,PIW,2022,7,0,0,0.0,0.0,0.0,0.0,0.0,0.0,0.0,0.0,0.0,0.0,83.55,25.65,16.7,25.2,16.0,0.0,0.0,0.0,0.0,0.0
Blue Knights,PIW,2022,13,6,1,83.55,25.65,16.7,25.2,16.0,83.55,25.65,16.7,25.2,16.0,87.488,26.062,17.85,25.975,17.6,0.0,0.0,0.0,0.0,0.0
Broken City,PIW,2022,3,0,0,0.0,0.0,0.0,0.0,0.0,0.0,0.0,0.0,0.0,0.0,86.35,25.95,17.7,25.4,17.3,0.0,0.0,0.0,0.0,0.0
Broken City,PIW,2022,7,4,1,86.35,25.95,17.7,25.4,17.3,86.35,25.95,17.7,25.4,17.3,88.6,26.4,17.7,26.8,17.7,0.0,0.0,0.0,0.0,0.0
Broken City,PIW,2022,9,2,2,87.475,26.175,17.7,26.1,17.5,88.6,26.4,17.7,26.8,17.7,95.4,28.5,19.1,28.8,19.0,2.25,0.45,0.0,1.4,0.4
Broken City,PIW,2022,11,2,3,90.117,26.95,18.167,27.0,18.0,95.4,28.5,19.1,28.8,19.0,94.8,28.2,19.1,28.4,19.1,6.8,2.1,1.4,2.0,1.3
Broken City,PIW,2022,12,1,4,91.288,27.262,18.4,27.35,18.275,94.8,28.2,19.1,28.4,19.1,96.375,29.175,19.1,28.9,19.2,-0.6,-0.3,0.0,-0.4,0.1
Broken City,PIW,2022,13,1,5,92.305,27.645,18.54,27.66,18.46,96.375,29.175,19.1,28.9,19.2,97.888,29.587,19.475,29.525,19.3,1.575,0.975,0.0,0.5,0.1
Cap City Percussion,PIW,2022,6,0,0,0.0,0.0,0.0,0.0,0.0,0.0,0.0,0.0,0.0,0.0,83.85,24.75,16.5,25.7,16.9,0.0,0.0,0.0,0.0,0.0
Cap City Percussion,PIW,2022,9,3,1,83.85,24.75,16.5,25.7,16.9,83.85,24.75,16.5,25.7,16.9,90.35,27.15,18.4,26.9,17.9,0.0,0.0,0.0,0.0,0.0
Cap City Percussion,PIW,2022,13,4,2,87.1,25.95,17.45,26.3,17.4,90.35,27.15,18.4,26.9,17.9,90.738,26.887,18.25,27.65,17.95,6.5,2.4,1.9,1.2,1.0
ConneXus,PIW,2022,6,0,0,0.0,0.0,0.0,0.0,0.0,0.0,0.0,0.0,0.0,0.0,80.15,24.75,16.2,23.6,15.6,0.0,0.0,0.0,0.0,0.0
ConneXus,PIW,2022,9,3,1,80.15,24.75,16.2,23.6,15.6,80.15,24.75,16.2,23.6,15.6,87.501,26.4,17.3,26.8,17.0,0.0,0.0,0.0,0.0,0.0
ConneXus,PIW,2022,13,4,2,83.826,25.575,16.75,25.2,16.3,87.501,26.4,17.3,26.8,17.0,86.05,26.1,17.25,26.2,16.5,7.351,1.65,1.1,3.2,1.4
Dark Sky,PIW,2022,3,0,0,0.0,0.0,0.0,0.0,0.0,0.0,0.0,0.0,0.0,0.0,80.75,24.45,17.1,23.7,15.5,0.0,0.0,0.0,0.0,0.0
Dark Sky,PIW,2022,6,3,1,80.75,24.45,17.1,23.7,15.5,80.75,24.45,17.1,23.7,15.5,84.75,25.35,18.1,24.3,17.0,0.0,0.0,0.0,0.0,0.0
Dark Sky,PIW,2022,11,5,2,82.75,24.9,17.6,24.0,16.25,84.75,25.35,18.1,24.3,17.0,86.85,26.55,17.0,26.3,17.0,4.0,0.9,1.0,0.6,1.5
Dark Sky,PIW,2022,12,1,3,84.117,25.45,17.4,24.767,16.5,86.85,26.55,17.0,26.3,17.0,87.975,26.775,17.15,26.75,17.3,2.1,1.2,-1.1,2.0,0.0
Dark Sky Percussion,PIW,2022,9,0,0,0.0,0.0,0.0,0.0,0.0,0.0,0.0,0.0,0.0,0.0,85.725,26.025,16.6,25.7,17.4,0.0,0.0,0.0,0.0,0.0
Dark Sky Percussion,PIW,2022,13,4,1,85.725,26.025,16.6,25.7,17.4,85.725,26.025,16.6,25.7,17.4,85.525,25.35,17.0,26.175,17.0,0.0,0.0,0.0,0.0,0.0
George Mason University,PIW,2022,6,0,0,0.0,0.0,0.0,0.0,0.0,0.0,0.0,0.0,0.0,0.0,83.95,25.05,16.8,25.2,16.9,0.0,0.0,0.0,0.0,0.0
George Mason University,PIW,2022,9,3,1,83.95,25.05,16.8,25.2,16.9,83.95,25.05,16.8,25.2,16.9,90.8,26.1,18.2,27.9,18.6,0.0,0.0,0.0,0.0,0.0
George Mason University,PIW,2022,13,4,2,87.375,25.575,17.5,26.55,17.75,90.8,26.1,18.2,27.9,18.6,92.689,27.788,18.6,27.75,18.55,6.85,1.05,1.4,2.7,1.7
Imperial Dynasty,PIW,2022,4,0,0,0.0,0.0,0.0,0.0,0.0,0.0,0.0,0.0,0.0,0.0,74.6,23.6,22.8,14.1,14.1,0.0,0.0,0.0,0.0,0.0
Imperial Dynasty,PIW,2022,8,4,1,74.6,23.6,22.8,14.1,14.1,74.6,23.6,22.8,14.1,14.1,83.4,24.7,27.3,16.1,15.3,0.0,0.0,0.0,0.0,0.0
Imperial Dynasty,PIW,2022,9,1,2,79.0,24.15,25.05,15.1,14.7,83.4,24.7,27.3,16.1,15.3,84.15,25.05,16.9,25.0,17.2,8.8,1.1,4.5,2.0,1.2
Imperial Dynasty,PIW,2022,11,2,3,80.717,24.45,22.333,18.4,15.533,84.15,25.05,16.9,25.0,17.2,85.85,25.6,26.25,17.1,16.9,0.75,0.35,-10.4,8.9,1.9
Infinity,PIW,2022,5,0,0,0.0,0.0,0.0,0.0,0.0,0.0,0.0,0.0,0.0,0.0,83.45,25.05,16.2,25.7,16.5,0.0,0.0,0.0,0.0,0.0
Infinity,PIW,2022,13,8,1,83.45,25.05,16.2,25.7,16.5,83.45,25.05,16.2,25.7,16.5,93.864,28.013,18.8,28.375,18.675,0.0,0.0,0.0,0.0,0.0
MBI Indoor Percussion,PIW,2022,6,0,0,0.0,0.0,0.0,0.0,0.0,0.0,0.0,0.0,0.0,0.0,77.551,23.25,15.8,23.4,15.1,0.0,0.0,0.0,0.0,0.0
MBI Indoor Percussion,PIW,2022,8,2,1,77.551,23.25,15.8,23.4,15.1,77.551,23.25,15.8,23.4,15.1,84.75,25.95,16.6,25.9,16.3,0.0,0.0,0.0,0.0,0.0
Matrix,PIW,2022,9,0,0,0.0,0.0,0.0,0.0,0.0,0.0,0.0,0.0,0.0,0.0,93.65,28.05,19.3,28.0,18.3,0.0,0.0,0.0,0.0,0.0
Matrix,PIW,2022,13,4,1,93.65,28.05,19.3,28.0,18.3,93.65,28.05,19.3,28.0,18.3,93.214,28.312,19.7,26.575,18.625,0.0,0.0,0.0,0.0,0.0
Monarch Independent,PIW,2022,6,0,0,0.0,0.0,0.0,0.0,0.0,0.0,0.0,0.0,0.0,0.0,81.55,23.85,16.3,24.7,16.7,0.0,0.0,0.0,0.0,0.0
Monarch Independent,PIW,2022,13,7,1,81.55,23.85,16.3,24.7,16.7,81.55,23.85,16.3,24.7,16.7,92.751,27.525,18.325,28.45,18.45,0.0,0.0,0.0,0.0,0.0
Music City Mystique,PIW,2022,6,0,0,0.0,0.0,0.0,0.0,0.0,0.0,0.0,0.0,0.0,0.0,87.45,25.35,18.1,26.2,17.8,0.0,0.0,0.0,0.0,0.0
Music City Mystique,PIW,2022,9,3,1,87.45,25.35,18.1,26.2,17.8,87.45,25.35,18.1,26.2,17.8,94.25,29.1,18.7,27.75,18.7,0.0,0.0,0.0,0.0,0.0
Music City Mystique,PIW,2022,13,4,2,90.85,27.225,18.4,26.975,18.25,94.25,29.1,18.7,27.75,18.7,95.564,28.538,19.125,28.85,19.05,6.8,3.75,0.6,1.55,0.9
POW Percussion,PIW,2022,2,0,0,0.0,0.0,0.0,0.0,0.0,0.0,0.0,0.0,0.0,0.0,78.85,23.85,16.9,22.7,15.4,0.0,0.0,0.0,0.0,0.0
POW Percussion,PIW,2022,5,3,1,78.85,23.85,16.9,22.7,15.4,78.85,23.85,16.9,22.7,15.4,82.65,24.75,16.2,24.7,17.0,0.0,0.0,0.0,0.0,0.0
POW Percussion,PIW,2022,6,1,2,80.75,24.3,16.55,23.7,16.2,82.65,24.75,16.2,24.7,17.0,83.35,24.75,17.2,24.8,16.6,3.8,0.9,-0.7,2.0,1.6
POW Percussion,PIW,2022,9,3,3,81.617,24.45,16.767,24.067,16.333,83.35,24.75,17.2,24.8,16.6,90.75,26.85,18.5,27.7,17.7,0.7,0.0,1.0,0.1,-0.4
POW Percussion,PIW,2022,11,2,4,83.9,25.05,17.2,24.975,16.675,90.75,26.85,18.5,27.7,17.7,89.7,26.4,19.0,26.1,18.2,7.4,2.1,1.3,2.9,1.1
POW Percussion,PIW,2022,12,1,5,85.06,25.32,17.56,25.2,16.98,89.7,26.4,19.0,26.1,18.2,89.55,27.6,17.95,26.65,17.35,-1.05,-0.45,0.5,-1.6,0.5
POW Percussion,PIW,2022,13,1,6,85.808,25.7,17.625,25.442,17.042,89.55,27.6,17.95,26.65,17.35,91.738,27.188,18.575,27.625,18.35,-0.15,1.2,-1.05,0.55,-0.85
Pulse Percussion,PIW,2022,2,0,0,0.0,0.0,0.0,0.0,0.0,0.0,0.0,0.0,0.0,0.0,84.5,25.8,17.6,24.7,16.4,0.0,0.0,0.0,0.0,0.0
Pulse Percussion,PIW,2022,5,3,1,84.5,25.8,17.6,24.7,16.4,84.5,25.8,17.6,24.7,16.4,87.65,25.95,16.9,27.1,17.7,0.0,0.0,0.0,0.0,0.0
Pulse Percussion,PIW,2022,7,2,2,86.075,25.875,17.25,25.9,17.05,87.65,25.95,16.9,27.1,17.7,90.25,26.85,18.1,27.2,18.1,3.15,0.15,-0.7,2.4,1.3
Pulse Percussion,PIW,2022,9,2,3,87.467,26.2,17.533,26.333,17.4,90.25,26.85,18.1,27.2,18.1,95.55,28.35,19.2,29.2,18.8,2.6,0.9,1.2,0.1,0.4
Pulse Percussion,PIW,2022,11,2,4,89.488,26.737,17.95,27.05,17.75,95.55,28.35,19.2,29.2,18.8,95.9,28.8,19.4,28.9,18.8,5.3,1.5,1.1,2.0,0.7
Pulse Percussion,PIW,2022,12,1,5,90.77,27.15,18.24,27.42,17.96,95.9,28.8,19.4,28.9,18.8,96.913,29.288,19.25,29.35,19.025,0.35,0.45,0.2,-0.3,0.0
Pulse Percussion,PIW,2022,13,1,6,91.794,27.506,18.408,27.742,18.138,96.913,29.288,19.25,29.35,19.025,98.925,29.55,19.825,29.75,19.8,1.013,0.488,-0.15,0.45,0.225
RCC,PIW,2022,2,0,0,0.0,0.0,0.0,0.0,0.0,0.0,0.0,0.0,0.0,0.0,83.05,25.65,16.7,23.9,16.8,0.0,0.0,0.0,0.0,0.0
RCC,PIW,2022,6,4,1,83.05,25.65,16.7,23.9,16.8,83.05,25.65,16.7,23.9,16.8,87.75,25.95,18.4,26.0,17.4,0.0,0.0,0.0,0.0,0.0
RCC,PIW,2022,7,1,2,85.4,25.8,17.55,24.95,17.1,87.75,25.95,18.4,26.0,17.4,87.55,25.95,17.9,26.0,17.7,4.7,0.3,1.7,2.1,0.6
RCC,PIW,2022,9,2,3,86.117,25.85,17.667,25.3,17.3,87.55,25.95,17.9,26.0,17.7,92.15,27.45,18.4,28.2,18.1,-0.2,0.0,-0.5,0.0,0.3
RCC,PIW,2022,11,2,4,87.625,26.25,17.85,26.025,17.5,92.15,27.45,18.4,28.2,18.1,91.65,27.45,18.8,27.3,18.1,4.6,1.5,0.5,2.2,0.4
RCC,PIW,2022,12,1,5,88.43,26.49,18.04,26.28,17.62,91.65,27.45,18.8,27.3,18.1,93.425,28.425,18.3,28.25,18.45,-0.5,0.0,0.4,-0.9,0.0
RCC,PIW,2022,13,1,6,89.262,26.812,18.083,26.608,17.758,93.425,28.425,18.3,28.25,18.45,96.738,28.613,19.45,29.425,19.25,1.775,0.975,-0.5,0.95,0.35
Red Wave Indoor,PIW,2022,9,0,0,0.0,0.0,0.0,0.0,0.0,0.0,0.0,0.0,0.0,0.0,87.001,25.95,17.4,26.7,16.95,0.0,0.0,0.0,0.0,0.0
Red Wave Indoor,PIW,2022,13,4,1,87.001,25.95,17.4,26.7,16.95,87.001,25.95,17.4,26.7,16.95,83.55,24.6,17.1,25.35,16.5,0.0,0.0,0.0,0.0,0.0
Redline,PIW,2022,3,0,0,0.0,0.0,0.0,0.0,0.0,0.0,0.0,0.0,0.0,0.0,76.1,22.5,15.2,23.5,14.9,0.0,0.0,0.0,0.0,0.0
Redline,PIW,2022,4,1,1,76.1,22.5,15.2,23.5,14.9,76.1,22.5,15.2,23.5,14.9,75.65,22.05,14.9,23.7,15.0,0.0,0.0,0.0,0.0,0.0
Redline,PIW,2022,6,2,2,75.875,22.275,15.05,23.6,14.95,75.65,22.05,14.9,23.7,15.0,81.85,23.85,16.7,25.3,16.0,-0.45,-0.45,-0.3,0.2,0.1
Redline,PIW,2022,7,1,3,77.867,22.8,15.6,24.167,15.3,81.85,23.85,16.7,25.3,16.0,66.55,20.55,11.0,24.0,11.0,6.2,1.8,1.8,1.6,1.0
Redline,PIW,2022,11,4,4,75.038,22.238,14.45,24.125,14.225,66.55,20.55,11.0,24.0,11.0,87.975,27.225,17.2,26.65,16.9,-15.3,-3.3,-5.7,-1.3,-5.0
Redline,PIW,2022,13,2,5,77.625,23.235,15.0,24.63,14.76,87.975,27.225,17.2,26.65,16.9,86.813,24.862,17.75,26.7,17.5,21.425,6.675,6.2,2.65,5.9
Rhythm X,PIW,2022,6,0,0,0.0,0.0,0.0,0.0,0.0,0.0,0.0,0.0,0.0,0.0,89.6,26.1,18.5,26.7,18.3,0.0,0.0,0.0,0.0,0.0
Rhythm X,PIW,2022,9,3,1,89.6,26.1,18.5,26.7,18.3,89.6,26.1,18.5,26.7,18.3,95.0,28.8,19.0,28.2,19.0,0.0,0.0,0.0,0.0,0.0
Rhythm X,PIW,2022,13,4,2,92.3,27.45,18.75,27.45,18.65,95.0,28.8,19.0,28.2,19.0,98.075,29.625,19.9,29.125,19.425,5.4,2.7,0.5,1.5,0.7
Rhythmic Force Percussion,PIW,2022,8,0,0,0.0,0.0,0.0,0.0,0.0,0.0,0.0,0.0,0.0,0.0,86.75,25.95,17.1,26.2,17.5,0.0,0.0,0.0,0.0,0.0
Rhythmic Force Percussion,PIW,2022,13,5,1,86.75,25.95,17.1,26.2,17.5,86.75,25.95,17.1,26.2,17.5,87.888,26.288,17.9,26.3,17.4,0.0,0.0,0.0,0.0,0.0
STRYKE Percussion,PIW,2022,5,0,0,0.0,0.0,0.0,0.0,0.0,0.0,0.0,0.0,0.0,0.0,79.0,23.4,15.3,25.0,15.3,0.0,0.0,0.0,0.0,0.0
STRYKE Percussion,PIW,2022,13,8,1,79.0,23.4,15.3,25.0,15.3,79.0,23.4,15.3,25.0,15.3,84.963,25.913,17.15,25.25,16.65,0.0,0.0,0.0,0.0,0.0
United Percussion,PIW,2022,5,0,0,0.0,0.0,0.0,0.0,0.0,0.0,0.0,0.0,0.0,0.0,82.2,24.9,16.3,24.2,16.8,0.0,0.0,0.0,0.0,0.0
United Percussion,PIW,2022,9,4,1,82.2,24.9,16.3,24.2,16.8,82.2,24.9,16.3,24.2,16.8,92.0,27.6,18.0,28.0,18.4,0.0,0.0,0.0,0.0,0.0
United Percussion,PIW,2022,13,4,2,87.1,26.25,17.15,26.1,17.6,92.0,27.6,18.0,28.0,18.4,94.251,28.2,19.125,28.025,18.9,9.8,2.7,1.7,3.8,1.6
Veritas,PIW,2022,6,0,0,0.0,0.0,0.0,0.0,0.0,0.0,0.0,0.0,0.0,0.0,79.351,24.15,14.8,24.3,16.1,0.0,0.0,0.0,0.0,0.0
Veritas,PIW,2022,9,3,1,79.351,24.15,14.8,24.3,16.1,79.351,24.15,14.8,24.3,16.1,84.951,25.35,17.0,26.3,16.3,0.0,0.0,0.0,0.0,0.0
Vessel,PIW,2022,6,0,0,0.0,0.0,0.0,0.0,0.0,0.0,0.0,0.0,0.0,0.0,80.0,24.3,16.8,22.7,16.2,0.0,0.0,0.0,0.0,0.0
Vessel,PIW,2022,7,1,1,80.0,24.3,16.8,22.7,16.2,80.0,24.3,16.8,22.7,16.2,83.5,24.3,17.0,24.9,17.3,0.0,0.0,0.0,0.0,0.0
Vessel,PIW,2022,11,4,2,81.75,24.3,16.9,23.8,16.75,83.5,24.3,17.0,24.9,17.3,84.801,25.8,17.1,24.7,17.2,3.5,0.0,0.2,2.2,1.1
Vessel Indoor Percussion,PIW,2022,9,0,0,0.0,0.0,0.0,0.0,0.0,0.0,0.0,0.0,0.0,0.0,83.251,25.5,15.6,24.7,17.45,0.0,0.0,0.0,0.0,0.0
Vessel Indoor Percussion,PIW,2022,12,3,1,83.251,25.5,15.6,24.7,17.45,83.251,25.5,15.6,24.7,17.45,84.701,25.8,17.0,25.1,16.8,0.0,0.0,0.0,0.0,0.0
Vigilantes Indoor Percussion,PIW,2022,8,0,0,0.0,0.0,0.0,0.0,0.0,0.0,0.0,0.0,0.0,0.0,84.35,25.35,17.0,25.1,16.9,0.0,0.0,0.0,0.0,0.0
Vigilantes Indoor Percussion,PIW,2022,13,5,1,84.35,25.35,17.0,25.1,16.9,84.35,25.35,17.0,25.1,16.9,89.325,27.0,17.8,27.1,17.425,0.0,0.0,0.0,0.0,0.0
Bakersfield College,PIO,2022,5,0,0,0.0,0.0,0.0,0.0,0.0,0.0,0.0,0.0,0.0,0.0,83.1,25.2,16.6,24.9,16.4,0.0,0.0,0.0,0.0,0.0
Bakersfield College,PIO,2022,9,4,1,83.1,25.2,16.6,24.9,16.4,83.1,25.2,16.6,24.9,16.4,90.3,27.3,18.0,27.1,17.9,0.0,0.0,0.0,0.0,0.0
Breakthrough Indoor Percussion,PIO,2022,7,0,0,0.0,0.0,0.0,0.0,0.0,0.0,0.0,0.0,0.0,0.0,79.8,23.4,16.4,24.4,15.6,0.0,0.0,0.0,0.0,0.0
Breakthrough Indoor Percussion,PIO,2022,9,2,1,79.8,23.4,16.4,24.4,15.6,79.8,23.4,16.4,24.4,15.6,83.601,25.2,16.3,25.6,16.5,0.0,0.0,0.0,0.0,0.0
Cap City 2,PIO,2022,6,0,0,0.0,0.0,0.0,0.0,0.0,0.0,0.0,0.0,0.0,0.0,82.55,25.35,16.3,23.3,17.6,0.0,0.0,0.0,0.0,0.0
Cap City 2,PIO,2022,9,3,1,82.55,25.35,16.3,23.3,17.6,82.55,25.35,16.3,23.3,17.6,89.0,27.6,18.3,26.1,17.0,0.0,0.0,0.0,0.0,0.0
Civitas Independent,PIO,2022,7,0,0,0.0,0.0,0.0,0.0,0.0,0.0,0.0,0.0,0.0,0.0,81.2,24.3,16.9,23.0,17.0,0.0,0.0,0.0,0.0,0.0
Civitas Independent,PIO,2022,13,6,1,81.2,24.3,16.9,23.0,17.0,81.2,24.3,16.9,23.0,17.0,96.275,29.175,18.85,29.45,18.8,0.0,0.0,0.0,0.0,0.0
Crossroads Percussion,PIO,2022,3,0,0,0.0,0.0,0.0,0.0,0.0,0.0,0.0,0.0,0.0,0.0,72.5,23.1,16.3,19.5,13.6,0.0,0.0,0.0,0.0,0.0
Crossroads Percussion,PIO,2022,7,4,1,72.5,23.1,16.3,19.5,13.6,72.5,23.1,16.3,19.5,13.6,76.05,22.65,15.1,23.4,14.9,0.0,0.0,0.0,0.0,0.0
Crossroads Percussion,PIO,2022,8,1,2,74.275,22.875,15.7,21.45,14.25,76.05,22.65,15.1,23.4,14.9,80.75,25.05,16.5,23.4,15.8,3.55,-0.45,-1.2,3.9,1.3
Freedom Percussion,PIO,2022,6,0,0,0.0,0.0,0.0,0.0,0.0,0.0,0.0,0.0,0.0,0.0,82.7,24.6,15.7,25.3,17.1,0.0,0.0,0.0,0.0,0.0
Freedom Percussion,PIO,2022,13,7,1,82.7,24.6,15.7,25.3,17.1,82.7,24.6,15.7,25.3,17.1,93.925,28.8,18.075,28.425,18.625,0.0,0.0,0.0,0.0,0.0
Gold Indoor Percussion,PIO,2022,5,0,0,0.0,0.0,0.0,0.0,0.0,0.0,0.0,0.0,0.0,0.0,80.8,24.0,16.3,23.8,16.7,0.0,0.0,0.0,0.0,0.0
Gold Indoor Percussion,PIO,2022,7,2,1,80.8,24.0,16.3,23.8,16.7,80.8,24.0,16.3,23.8,16.7,83.4,23.4,17.3,25.2,17.5,0.0,0.0,0.0,0.0,0.0
Gold Indoor Percussion,PIO,2022,8,1,2,82.1,23.7,16.8,24.5,17.1,83.4,23.4,17.3,25.2,17.5,86.15,25.95,17.6,25.3,17.3,2.6,-0.6,1.0,1.4,0.8
Gold Indoor Percussion,PIO,2022,9,1,3,83.45,24.45,17.067,24.767,17.167,86.15,25.95,17.6,25.3,17.3,88.8,26.4,17.8,27.0,17.6,2.75,2.55,0.3,0.1,-0.2
Gold Indoor Percussion,PIO,2022,11,2,4,84.788,24.938,17.25,25.325,17.275,88.8,26.4,17.8,27.0,17.6,90.85,27.75,18.7,26.3,18.1,2.65,0.45,0.2,1.7,0.3
Gold Indoor Percussion,PIO,2022,12,1,5,86.0,25.5,17.54,25.52,17.44,90.85,27.75,18.7,26.3,18.1,92.25,27.75,18.6,27.15,18.75,2.05,1.35,0.9,-0.7,0.5
Gold Indoor Percussion,PIO,2022,13,1,6,87.042,25.875,17.717,25.792,17.658,92.25,27.75,18.6,27.15,18.75,93.2,27.675,18.3,28.35,18.875,1.4,0.0,-0.1,0.85,0.65
Infinity 2,PIO,2022,5,0,0,0.0,0.0,0.0,0.0,0.0,0.0,0.0,0.0,0.0,0.0,82.9,24.3,16.5,25.5,16.6,0.0,0.0,0.0,0.0,0.0
Infinity 2,PIO,2022,13,8,1,82.9,24.3,16.5,25.5,16.6,82.9,24.3,16.5,25.5,16.6,97.5,29.775,19.4,29.025,19.3,0.0,0.0,0.0,0.0,0.0
Instinct,PIO,2022,6,0,0,0.0,0.0,0.0,0.0,0.0,0.0,0.0,0.0,0.0,0.0,74.6,22.2,15.5,22.3,14.6,0.0,0.0,0.0,0.0,0.0
Instinct,PIO,2022,7,1,1,74.6,22.2,15.5,22.3,14.6,74.6,22.2,15.5,22.3,14.6,78.4,24.0,15.8,22.9,15.7,0.0,0.0,0.0,0.0,0.0
Instinct,PIO,2022,9,2,2,76.5,23.1,15.65,22.6,15.15,78.4,24.0,15.8,22.9,15.7,84.551,27.0,16.5,23.3,17.75,3.8,1.8,0.3,0.6,1.1
Instinct,PIO,2022,11,2,3,79.184,24.4,15.933,22.833,16.017,84.551,27.0,16.5,23.3,17.75,87.75,27.15,17.3,26.1,17.2,6.151,3.0,0.7,0.4,2.05
Matrix Open,PIO,2022,9,0,0,0.0,0.0,0.0,0.0,0.0,0.0,0.0,0.0,0.0,0.0,89.05,26.55,18.6,26.7,17.2,0.0,0.0,0.0,0.0,0.0
Matrix Open,PIO,2022,13,4,1,89.05,26.55,18.6,26.7,17.2,89.05,26.55,18.6,26.7,17.2,91.976,27.9,18.75,27.45,17.875,0.0,0.0,0.0,0.0,0.0
Meraki,PIO,2022,6,0,0,0.0,0.0,0.0,0.0,0.0,0.0,0.0,0.0,0.0,0.0,81.45,23.85,16.8,24.1,16.7,0.0,0.0,0.0,0.0,0.0
Meraki,PIO,2022,7,1,1,81.45,23.85,16.8,24.1,16.7,81.45,23.85,16.8,24.1,16.7,83.75,25.05,16.9,24.8,17.0,0.0,0.0,0.0,0.0,0.0
Meraki,PIO,2022,11,4,2,82.6,24.45,16.85,24.45,16.85,83.75,25.05,16.9,24.8,17.0,90.25,26.55,18.1,27.7,17.9,2.3,1.2,0.1,0.7,0.3
Meraki,PIO,2022,12,1,3,85.15,25.15,17.267,25.533,17.2,90.25,26.55,18.1,27.7,17.9,89.75,27.0,18.05,26.6,18.1,6.5,1.5,1.2,2.9,0.9
Meraki Percussion,PIO,2022,5,0,0,0.0,0.0,0.0,0.0,0.0,0.0,0.0,0.0,0.0,0.0,78.65,23.25,15.8,23.3,16.3,0.0,0.0,0.0,0.0,0.0
Meraki Percussion,PIO,2022,9,4,1,78.65,23.25,15.8,23.3,16.3,78.65,23.25,15.8,23.3,16.3,91.45,26.85,18.4,28.0,18.2,0.0,0.0,0.0,0.0,0.0
Meraki Percussion,PIO,2022,13,4,2,85.05,25.05,17.1,25.65,17.25,91.45,26.85,18.4,28.0,18.2,92.576,27.9,18.375,26.7,19.6,12.8,3.6,2.6,4.7,1.9
Motor City Percussion,PIO,2022,3,0,0,0.0,0.0,0.0,0.0,0.0,0.0,0.0,0.0,0.0,0.0,75.0,22.2,14.4,23.7,14.7,0.0,0.0,0.0,0.0,0.0
Motor City Percussion,PIO,2022,4,1,1,75.0,22.2,14.4,23.7,14.7,75.0,22.2,14.4,23.7,14.7,76.3,22.5,14.3,23.9,15.6,0.0,0.0,0.0,0.0,0.0
Motor City Percussion,PIO,2022,7,3,2,75.65,22.35,14.35,23.8,15.15,76.3,22.5,14.3,23.9,15.6,86.65,26.25,17.5,26.5,16.4,1.3,0.3,-0.1,0.2,0.9
Motor City Percussion,PIO,2022,11,4,3,79.317,23.65,15.4,24.7,15.567,86.65,26.25,17.5,26.5,16.4,90.6,28.2,18.05,26.55,17.8,10.35,3.75,3.2,2.6,0.8
River City Rhythm,PIO,2022,8,0,0,0.0,0.0,0.0,0.0,0.0,0.0,0.0,0.0,0.0,0.0,84.9,25.2,17.3,26.0,16.4,0.0,0.0,0.0,0.0,0.0
River City Rhythm,PIO,2022,13,5,1,84.9,25.2,17.3,26.0,16.4,84.9,25.2,17.3,26.0,16.4,93.575,28.05,18.3,29.1,18.125,0.0,0.0,0.0,0.0,0.0
Spartans Indoor Percussion,PIO,2022,5,0,0,0.0,0.0,0.0,0.0,0.0,0.0,0.0,0.0,0.0,0.0,75.55,22.95,15.0,21.7,15.9,0.0,0.0,0.0,0.0,0.0
Spartans Indoor Percussion,PIO,2022,9,4,1,75.55,22.95,15.0,21.7,15.9,75.55,22.95,15.0,21.7,15.9,85.45,25.65,16.8,26.2,16.8,0.0,0.0,0.0,0.0,0.0
Triple Crown,PIO,2022,6,0,0,0.0,0.0,0.0,0.0,0.0,0.0,0.0,0.0,0.0,0.0,78.55,23.25,15.4,24.7,15.2,0.0,0.0,0.0,0.0,0.0
Triple Crown,PIO,2022,9,3,1,78.55,23.25,15.4,24.7,15.2,78.55,23.25,15.4,24.7,15.2,85.0,25.8,17.5,25.2,16.5,0.0,0.0,0.0,0.0,0.0
Vision Percussion,PIO,2022,7,0,0,0.0,0.0,0.0,0.0,0.0,0.0,0.0,0.0,0.0,0.0,84.3,25.2,16.8,25.9,16.4,0.0,0.0,0.0,0.0,0.0
Vision Percussion,PIO,2022,9,2,1,84.3,25.2,16.8,25.9,16.4,84.3,25.2,16.8,25.9,16.4,85.601,26.7,17.3,24.3,17.3,0.0,0.0,0.0,0.0,0.0
Élan Percussion,PIO,2022,6,0,0,0.0,0.0,0.0,0.0,0.0,0.0,0.0,0.0,0.0,0.0,81.0,23.4,16.5,24.8,16.3,0.0,0.0,0.0,0.0,0.0
Élan Percussion,PIO,2022,7,1,1,81.0,23.4,16.5,24.8,16.3,81.0,23.4,16.5,24.8,16.3,82.9,25.2,16.3,25.3,16.1,0.0,0.0,0.0,0.0,0.0
Élan Percussion,PIO,2022,11,4,2,81.95,24.3,16.4,25.05,16.2,82.9,25.2,16.3,25.3,16.1,88.7,26.1,18.2,26.9,17.5,1.9,1.8,-0.2,0.5,-0.2
Élan Percussion,PIO,2022,12,1,3,84.2,24.9,17.0,25.667,16.633,88.7,26.1,18.2,26.9,17.5,86.05,26.1,17.4,25.55,17.0,5.8,0.9,1.9,1.6,1.4
Albany Indoor Percussion,PIA,2022,2,0,0,0.0,0.0,0.0,0.0,0.0,0.0,0.0,0.0,0.0,0.0,62.15,17.9,20.25,12.4,11.6,0.0,0.0,0.0,0.0,0.0
Albany Indoor Percussion,PIA,2022,8,6,1,62.15,17.9,20.25,12.4,11.6,62.15,17.9,20.25,12.4,11.6,67.35,18.9,22.05,13.5,12.9,0.0,0.0,0.0,0.0,0.0
Albany Indoor Percussion,PIA,2022,9,1,2,64.75,18.4,21.15,12.95,12.25,67.35,18.9,22.05,13.5,12.9,71.8,21.5,21.6,14.2,14.5,5.2,1.0,1.8,1.1,1.3
Albany Indoor Percussion,PIA,2022,10,1,3,67.1,19.433,21.3,13.367,13.0,71.8,21.5,21.6,14.2,14.5,75.0,21.9,23.4,14.6,15.1,4.45,2.6,-0.45,0.7,1.6
Ascension Percussion,PIA,2022,3,0,0,0.0,0.0,0.0,0.0,0.0,0.0,0.0,0.0,0.0,0.0,75.15,22.05,15.7,23.6,13.8,0.0,0.0,0.0,0.0,0.0
Ascension Percussion,PIA,2022,5,2,1,75.15,22.05,15.7,23.6,13.8,75.15,22.05,15.7,23.6,13.8,75.65,23.55,13.6,23.2,15.3,0.0,0.0,0.0,0.0,0.0
Ascension Percussion,PIA,2022,8,3,2,75.4,22.8,14.65,23.4,14.55,75.65,23.55,13.6,23.2,15.3,82.45,24.15,16.5,24.7,17.1,0.5,1.5,-2.1,-0.4,1.5
Ascension Percussion,PIA,2022,11,3,3,77.75,23.25,15.267,23.833,15.4,82.45,24.15,16.5,24.7,17.1,85.0,25.05,16.85,25.6,17.5,6.8,0.6,2.9,1.5,1.8
Brazos Valley Independent Percussion,PIA,2022,6,0,0,0.0,0.0,0.0,0.0,0.0,0.0,0.0,0.0,0.0,0.0,70.9,20.4,13.0,24.3,13.2,0.0,0.0,0.0,0.0,0.0
Brazos Valley Independent Percussion,PIA,2022,8,2,1,70.9,20.4,13.0,24.3,13.2,70.9,20.4,13.0,24.3,13.2,77.75,23.55,15.3,23.8,15.1,0.0,0.0,0.0,0.0,0.0
Central Bucks School District,PIA,2022,4,0,0,0.0,0.0,0.0,0.0,0.0,0.0,0.0,0.0,0.0,0.0,69.6,24.6,20.7,11.7,12.6,0.0,0.0,0.0,0.0,0.0
Central Bucks School District,PIA,2022,6,2,1,69.6,24.6,20.7,11.7,12.6,69.6,24.6,20.7,11.7,12.6,74.0,22.8,21.3,15.3,14.6,0.0,0.0,0.0,0.0,0.0
Central Bucks School District,PIA,2022,8,2,2,71.8,23.7,21.0,13.5,13.6,74.0,22.8,21.3,15.3,14.6,80.6,23.3,26.7,16.0,14.6,4.4,-1.8,0.6,3.6,2.0
Central Bucks School District,PIA,2022,11,3,3,74.733,23.567,22.9,14.333,13.933,80.6,23.3,26.7,16.0,14.6,78.0,23.5,23.4,16.2,14.9,6.6,0.5,5.4,0.7,0.0
Cornell Indoor Drumline,PIA,2022,6,0,0,0.0,0.0,0.0,0.0,0.0,0.0,0.0,0.0,0.0,0.0,59.9,18.6,18.0,11.4,11.9,0.0,0.0,0.0,0.0,0.0
Cornell Indoor Drumline,PIA,2022,8,2,1,59.9,18.6,18.0,11.4,11.9,59.9,18.6,18.0,11.4,11.9,69.5,21.1,23.1,12.9,12.4,0.0,0.0,0.0,0.0,0.0
Cornell Indoor Drumline,PIA,2022,10,2,2,64.7,19.85,20.55,12.15,12.15,69.5,21.1,23.1,12.9,12.4,75.05,23.0,23.85,13.7,14.5,9.6,2.5,5.1,1.5,0.5
Cornerstone Percussion,PIA,2022,4,0,0,0.0,0.0,0.0,0.0,0.0,0.0,0.0,0.0,0.0,0.0,70.2,21.3,14.8,20.8,13.3,0.0,0.0,0.0,0.0,0.0
Cornerstone Percussion,PIA,2022,5,1,1,70.2,21.3,14.8,20.8,13.3,70.2,21.3,14.8,20.8,13.3,74.85,22.65,14.8,22.5,14.9,0.0,0.0,0.0,0.0,0.0
Cornerstone Percussion,PIA,2022,8,3,2,72.525,21.975,14.8,21.65,14.1,74.85,22.65,14.8,22.5,14.9,76.45,22.35,14.7,24.0,15.4,4.65,1.35,0.0,1.7,1.6
Cornerstone Percussion,PIA,2022,9,1,3,73.833,22.1,14.767,22.433,14.533,76.45,22.35,14.7,24.0,15.4,85.65,25.65,16.3,26.6,17.1,1.6,-0.3,-0.1,1.5,0.5
Cornerstone Percussion,PIA,2022,11,2,4,76.788,22.988,15.15,23.475,15.175,85.65,25.65,16.3,26.6,17.1,88.7,25.8,19.1,26.6,17.2,9.2,3.3,1.6,2.6,1.7
Cornerstone Percussion,PIA,2022,12,1,5,79.17,23.55,15.94,24.1,15.58,88.7,25.8,19.1,26.6,17.2,86.525,26.325,17.25,25.6,17.35,3.05,0.15,2.8,0.0,0.1
ECR Independent,PIA,2022,7,0,0,0.0,0.0,0.0,0.0,0.0,0.0,0.0,0.0,0.0,0.0,71.55,21.15,14.1,22.3,14.0,0.0,0.0,0.0,0.0,0.0
ECR Independent,PIA,2022,11,4,1,71.55,21.15,14.1,22.3,14.0,71.55,21.15,14.1,22.3,14.0,85.1,25.5,18.4,24.9,16.3,0.0,0.0,0.0,0.0,0.0
ECR Independent,PIA,2022,12,1,2,78.325,23.325,16.25,23.6,15.15,85.1,25.5,18.4,24.9,16.3,84.075,24.525,17.1,25.55,16.9,13.55,4.35,4.3,2.6,2.3
Fruitport Independent,PIA,2022,4,0,0,0.0,0.0,0.0,0.0,0.0,0.0,0.0,0.0,0.0,0.0,60.5,17.7,12.4,17.4,13.0,0.0,0.0,0.0,0.0,0.0
Fruitport Independent,PIA,2022,8,4,1,60.5,17.7,12.4,17.4,13.0,60.5,17.7,12.4,17.4,13.0,75.45,22.35,15.0,21.7,16.4,0.0,0.0,0.0,0.0,0.0
Fruitport Independent,PIA,2022,11,3,2,67.975,20.025,13.7,19.55,14.7,75.45,22.35,15.0,21.7,16.4,72.626,22.125,15.25,20.6,14.65,14.95,4.65,2.6,4.3,3.4
Huron Valley Percussion,PIA,2022,3,0,0,0.0,0.0,0.0,0.0,0.0,0.0,0.0,0.0,0.0,0.0,70.15,19.65,14.9,22.6,13.0,0.0,0.0,0.0,0.0,0.0
Huron Valley Percussion,PIA,2022,4,1,1,70.15,19.65,14.9,22.6,13.0,70.15,19.65,14.9,22.6,13.0,68.45,20.55,14.1,19.8,14.0,0.0,0.0,0.0,0.0,0.0
Huron Valley Percussion,PIA,2022,7,3,2,69.3,20.1,14.5,21.2,13.5,68.45,20.55,14.1,19.8,14.0,77.05,23.55,15.5,22.8,15.2,-1.7,0.9,-0.8,-2.8,1.0
Huron Valley Percussion,PIA,2022,11,4,3,71.883,21.25,14.833,21.733,14.067,77.05,23.55,15.5,22.8,15.2,80.35,23.85,16.75,23.65,16.1,8.6,3.0,1.4,3.0,1.2
Lake Effect Percussion,PIA,2022,3,0,0,0.0,0.0,0.0,0.0,0.0,0.0,0.0,0.0,0.0,0.0,71.65,20.25,15.1,21.8,14.5,0.0,0.0,0.0,0.0,0.0
Lake Effect Percussion,PIA,2022,4,1,1,71.65,20.25,15.1,21.8,14.5,71.65,20.25,15.1,21.8,14.5,70.5,20.4,15.0,20.6,14.5,0.0,0.0,0.0,0.0,0.0
Lake Effect Percussion,PIA,2022,7,3,2,71.075,20.325,15.05,21.2,14.5,70.5,20.4,15.0,20.6,14.5,81.1,24.6,16.6,23.6,16.3,-1.15,0.15,-0.1,-1.2,0.0
Lake Effect Percussion,PIA,2022,11,4,3,74.417,21.75,15.567,22.0,15.1,81.1,24.6,16.6,23.6,16.3,84.8,25.35,17.8,25.05,16.6,10.6,4.2,1.6,3.0,1.8
Matrix A,PIA,2022,9,0,0,0.0,0.0,0.0,0.0,0.0,0.0,0.0,0.0,0.0,0.0,88.1,27.6,18.1,24.4,18.0,0.0,0.0,0.0,0.0,0.0
Matrix A,PIA,2022,13,4,1,88.1,27.6,18.1,24.4,18.0,88.1,27.6,18.1,24.4,18.0,95.325,29.025,19.4,28.5,18.4,0.0,0.0,0.0,0.0,0.0
MidMichigan Impact,PIA,2022,8,0,0,0.0,0.0,0.0,0.0,0.0,0.0,0.0,0.0,0.0,0.0,72.85,22.05,14.6,21.1,15.1,0.0,0.0,0.0,0.0,0.0
MidMichigan Impact,PIA,2022,11,3,1,72.85,22.05,14.6,21.1,15.1,72.85,22.05,14.6,21.1,15.1,76.775,22.725,16.05,23.0,15.0,0.0,0.0,0.0,0.0,0.0
Outer Drive Percussion,PIA,2022,7,0,0,0.0,0.0,0.0,0.0,0.0,0.0,0.0,0.0,0.0,0.0,76.2,22.5,15.0,23.1,15.6,0.0,0.0,0.0,0.0,0.0
Outer Drive Percussion,PIA,2022,11,4,1,76.2,22.5,15.0,23.1,15.6,76.2,22.5,15.0,23.1,15.6,78.45,23.55,14.9,24.4,15.6,0.0,0.0,0.0,0.0,0.0
Pace Percussion Ensemble,PIA,2022,2,0,0,0.0,0.0,0.0,0.0,0.0,0.0,0.0,0.0,0.0,0.0,65.9,19.8,12.4,20.7,13.0,0.0,0.0,0.0,0.0,0.0
Pace Percussion Ensemble,PIA,2022,5,3,1,65.9,19.8,12.4,20.7,13.0,65.9,19.8,12.4,20.7,13.0,75.25,23.85,14.5,21.7,15.2,0.0,0.0,0.0,0.0,0.0
Pace Percussion Ensemble,PIA,2022,9,4,2,70.575,21.825,13.45,21.2,14.1,75.25,23.85,14.5,21.7,15.2,81.65,24.45,16.2,24.5,16.5,9.35,4.05,2.1,1.0,2.2
Pace Percussion Ensemble,PIA,2022,11,2,3,74.267,22.7,14.367,22.3,14.9,81.65,24.45,16.2,24.5,16.5,85.45,25.05,18.5,24.2,17.7,6.4,0.6,1.7,2.8,1.3
Pace Percussion Ensemble,PIA,2022,12,1,4,77.062,23.288,15.4,22.775,15.6,85.45,25.05,18.5,24.2,17.7,85.8,26.25,17.0,25.9,16.65,3.8,0.6,2.3,-0.3,1.2
Paragould Indoor Percussion,PIA,2022,6,0,0,0.0,0.0,0.0,0.0,0.0,0.0,0.0,0.0,0.0,0.0,71.4,21.3,13.9,21.3,14.9,0.0,0.0,0.0,0.0,0.0
Paragould Indoor Percussion,PIA,2022,10,4,1,71.4,21.3,13.9,21.3,14.9,71.4,21.3,13.9,21.3,14.9,80.4,24.3,15.6,24.2,16.3,0.0,0.0,0.0,0.0,0.0
St. Martin Independent,PIA,2022,7,0,0,0.0,0.0,0.0,0.0,0.0,0.0,0.0,0.0,0.0,0.0,83.05,24.45,16.5,25.4,16.7,0.0,0.0,0.0,0.0,0.0
St. Martin Independent,PIA,2022,13,6,1,83.05,24.45,16.5,25.4,16.7,83.05,24.45,16.5,25.4,16.7,92.3,27.825,18.75,27.65,18.075,0.0,0.0,0.0,0.0,0.0
Vortex Percussion,PIA,2022,5,0,0,0.0,0.0,0.0,0.0,0.0,0.0,0.0,0.0,0.0,0.0,66.8,19.8,14.2,17.8,15.0,0.0,0.0,0.0,0.0,0.0
Vortex Percussion,PIA,2022,6,1,1,66.8,19.8,14.2,17.8,15.0,66.8,19.8,14.2,17.8,15.0,75.55,22.95,14.8,22.5,15.3,0.0,0.0,0.0,0.0,0.0
Vortex Percussion,PIA,2022,8,2,2,71.175,21.375,14.5,20.15,15.15,75.55,22.95,14.8,22.5,15.3,76.25,22.95,15.5,22.0,15.8,8.75,3.15,0.6,4.7,0.3
Vortex Percussion,PIA,2022,11,3,3,72.867,21.9,14.833,20.767,15.367,76.25,22.95,15.5,22.0,15.8,75.401,22.2,15.7,22.15,15.35,0.7,0.0,0.7,-0.5,0.5
Arcadia HS,PSW,2023,2,0,0,0.0,0.0,0.0,0.0,0.0,0.0,0.0,0.0,0.0,0.0,80.925,25.125,15.6,24.4,15.8,0.0,0.0,0.0,0.0,0.0
Arcadia HS,PSW,2023,4,2,1,80.925,25.125,15.6,24.4,15.8,80.925,25.125,15.6,24.4,15.8,82.9,25.5,16.2,24.2,17.0,0.0,0.0,0.0,0.0,0.0
Arcadia HS,PSW,2023,6,2,2,81.912,25.312,15.9,24.3,16.4,82.9,25.5,16.2,24.2,17.0,87.1,27.6,15.5,27.0,17.0,1.975,0.375,0.6,-0.2,1.2
Arcadia HS,PSW,2023,9,3,3,83.642,26.075,15.767,25.2,16.6,87.1,27.6,15.5,27.0,17.0,90.85,28.05,18.1,26.8,17.9,4.2,2.1,-0.7,2.8,0.0
Arcadia HS,PSW,2023,12,3,4,85.444,26.569,16.35,25.6,16.925,90.85,28.05,18.1,26.8,17.9,87.85,25.5,17.5,27.45,17.4,3.75,0.45,2.6,-0.2,0.9
Avon HS,PSW,2023,6,0,0,0.0,0.0,0.0,0.0,0.0,0.0,0.0,0.0,0.0,0.0,86.75,25.65,17.4,26.3,17.4,0.0,0.0,0.0,0.0,0.0
Avon HS,PSW,2023,13,7,1,86.75,25.65,17.4,26.3,17.4,86.75,25.65,17.4,26.3,17.4,96.825,29.025,19.375,29.45,18.975,0.0,0.0,0.0,0.0,0.0
Ayala HS,PSW,2023,4,0,0,0.0,0.0,0.0,0.0,0.0,0.0,0.0,0.0,0.0,0.0,84.1,26.25,17.2,23.95,16.7,0.0,0.0,0.0,0.0,0.0
Ayala HS,PSW,2023,6,2,1,84.1,26.25,17.2,23.95,16.7,84.1,26.25,17.2,23.95,16.7,89.425,27.525,18.0,26.5,17.4,0.0,0.0,0.0,0.0,0.0
Ayala HS,PSW,2023,7,1,2,86.762,26.888,17.6,25.225,17.05,89.425,27.525,18.0,26.5,17.4,89.25,27.75,17.7,26.1,17.7,5.325,1.275,0.8,2.55,0.7
Ayala HS,PSW,2023,9,2,3,87.592,27.175,17.633,25.517,17.267,89.25,27.75,17.7,26.1,17.7,92.475,28.275,18.3,27.5,18.4,-0.175,0.225,-0.3,-0.4,0.3
Ayala HS,PSW,2023,10,1,4,88.812,27.45,17.8,26.013,17.55,92.475,28.275,18.3,27.5,18.4,93.95,28.05,19.0,28.2,18.7,3.225,0.525,0.6,1.4,0.7
Ayala HS,PSW,2023,12,2,5,89.84,27.57,18.04,26.45,17.78,93.95,28.05,19.0,28.2,18.7,94.3,28.35,18.9,28.65,18.4,1.475,-0.225,0.7,0.7,0.3
Ayala HS,PSW,2023,13,1,6,90.583,27.7,18.183,26.817,17.883,94.3,28.35,18.9,28.65,18.4,97.938,29.512,19.65,29.4,19.375,0.35,0.3,-0.1,0.45,-0.3
Boswell HS,PSW,2023,9,0,0,0.0,0.0,0.0,0.0,0.0,0.0,0.0,0.0,0.0,0.0,87.55,26.85,17.8,26.1,16.8,0.0,0.0,0.0,0.0,0.0
Boswell HS,PSW,2023,13,4,1,87.55,26.85,17.8,26.1,16.8,87.55,26.85,17.8,26.1,16.8,89.7,27.075,17.3,26.975,18.35,0.0,0.0,0.0,0.0,0.0
Burleson Centennial HS,PSW,2023,9,0,0,0.0,0.0,0.0,0.0,0.0,0.0,0.0,0.0,0.0,0.0,90.0,27.3,18.1,27.5,17.1,0.0,0.0,0.0,0.0,0.0
Burleson Centennial HS,PSW,2023,13,4,1,90.0,27.3,18.1,27.5,17.1,90.0,27.3,18.1,27.5,17.1,90.313,27.488,18.075,26.9,17.85,0.0,0.0,0.0,0.0,0.0
Carroll Senior HS,PSW,2023,6,0,0,0.0,0.0,0.0,0.0,0.0,0.0,0.0,0.0,0.0,0.0,77.7,22.5,15.8,24.1,15.3,0.0,0.0,0.0,0.0,0.0
Carroll Senior HS,PSW,2023,9,3,1,77.7,22.5,15.8,24.1,15.3,77.7,22.5,15.8,24.1,15.3,78.751,23.25,16.5,24.2,14.8,0.0,0.0,0.0,0.0,0.0
Center Grove HS,PSW,2023,6,0,0,0.0,0.0,0.0,0.0,0.0,0.0,0.0,0.0,0.0,0.0,83.6,24.6,16.8,25.4,16.8,0.0,0.0,0.0,0.0,0.0
Center Grove HS,PSW,2023,13,7,1,83.6,24.6,16.8,25.4,16.8,83.6,24.6,16.8,25.4,16.8,95.05,28.875,18.975,28.5,18.7,0.0,0.0,0.0,0.0,0.0
Chino Hills HS,PSW,2023,3,0,0,0.0,0.0,0.0,0.0,0.0,0.0,0.0,0.0,0.0,0.0,85.65,25.35,17.1,26.7,16.5,0.0,0.0,0.0,0.0,0.0
Chino Hills HS,PSW,2023,5,2,1,85.65,25.35,17.1,26.7,16.5,85.65,25.35,17.1,26.7,16.5,90.05,27.45,17.9,26.7,18.0,0.0,0.0,0.0,0.0,0.0
Chino Hills HS,PSW,2023,6,1,2,87.85,26.4,17.5,26.7,17.25,90.05,27.45,17.9,26.7,18.0,92.55,28.05,18.2,28.0,18.3,4.4,2.1,0.8,0.0,1.5
Chino Hills HS,PSW,2023,9,3,3,89.417,26.95,17.733,27.133,17.6,92.55,28.05,18.2,28.0,18.3,93.45,28.2,18.6,28.3,18.35,2.5,0.6,0.3,1.3,0.3
Chino Hills HS,PSW,2023,10,1,4,90.425,27.262,17.95,27.425,17.788,93.45,28.2,18.6,28.3,18.35,93.8,28.2,18.9,28.3,18.4,0.9,0.15,0.4,0.3,0.05
Chino Hills HS,PSW,2023,12,2,5,91.1,27.45,18.14,27.6,17.91,93.8,28.2,18.9,28.3,18.4,93.95,28.125,18.5,28.85,18.475,0.35,0.0,0.3,0.0,0.05
Chino Hills HS,PSW,2023,13,1,6,91.575,27.562,18.2,27.808,18.004,93.95,28.125,18.5,28.85,18.475,97.5,29.4,19.15,29.475,19.475,0.15,-0.075,-0.4,0.55,0.075
Cy-Fair HS,PSW,2023,6,0,0,0.0,0.0,0.0,0.0,0.0,0.0,0.0,0.0,0.0,0.0,86.0,25.8,16.8,25.0,18.4,0.0,0.0,0.0,0.0,0.0
Cy-Fair HS,PSW,2023,13,7,1,86.0,25.8,16.8,25.0,18.4,86.0,25.8,16.8,25.0,18.4,93.414,28.013,19.2,27.15,19.05,0.0,0.0,0.0,0.0,0.0
Dartmouth HS,PSW,2023,5,0,0,0.0,0.0,0.0,0.0,0.0,0.0,0.0,0.0,0.0,0.0,87.45,26.55,17.5,25.7,17.7,0.0,0.0,0.0,0.0,0.0
Dartmouth HS,PSW,2023,13,8,1,87.45,26.55,17.5,25.7,17.7,87.45,26.55,17.5,25.7,17.7,94.788,28.612,18.675,28.375,19.125,0.0,0.0,0.0,0.0,0.0
Etiwanda HS,PSW,2023,4,0,0,0.0,0.0,0.0,0.0,0.0,0.0,0.0,0.0,0.0,0.0,77.8,24.3,15.5,23.1,14.9,0.0,0.0,0.0,0.0,0.0
Etiwanda HS,PSW,2023,6,2,1,77.8,24.3,15.5,23.1,14.9,77.8,24.3,15.5,23.1,14.9,84.8,27.3,16.0,26.1,15.4,0.0,0.0,0.0,0.0,0.0
Etiwanda HS,PSW,2023,8,2,2,81.3,25.8,15.75,24.6,15.15,84.8,27.3,16.0,26.1,15.4,84.25,25.05,16.8,26.6,15.8,7.0,3.0,0.5,3.0,0.5
Etiwanda HS,PSW,2023,9,1,3,82.283,25.55,16.1,25.267,15.367,84.25,25.05,16.8,26.6,15.8,89.95,27.6,17.3,27.3,17.75,-0.55,-2.25,0.8,0.5,0.4
Etiwanda HS,PSW,2023,10,1,4,84.2,26.062,16.4,25.775,15.962,89.95,27.6,17.3,27.3,17.75,90.45,27.15,18.0,27.3,18.0,5.7,2.55,0.5,0.7,1.95
Etiwanda HS,PSW,2023,12,2,5,85.45,26.28,16.72,26.08,16.37,90.45,27.15,18.0,27.3,18.0,90.875,27.15,17.9,28.1,17.725,0.5,-0.45,0.7,0.0,0.25
Gahr HS,PSW,2023,9,0,0,0.0,0.0,0.0,0.0,0.0,0.0,0.0,0.0,0.0,0.0,83.651,25.8,16.6,25.05,16.2,0.0,0.0,0.0,0.0,0.0
Gahr HS,PSW,2023,10,1,1,83.651,25.8,16.6,25.05,16.2,83.651,25.8,16.6,25.05,16.2,85.351,25.95,17.0,25.6,16.8,0.0,0.0,0.0,0.0,0.0
Gahr HS,PSW,2023,12,2,2,84.501,25.875,16.8,25.325,16.5,85.351,25.95,17.0,25.6,16.8,86.501,25.65,17.1,26.6,17.15,1.7,0.15,0.4,0.55,0.6
Great Oak HS,PSW,2023,9,0,0,0.0,0.0,0.0,0.0,0.0,0.0,0.0,0.0,0.0,0.0,84.351,25.95,16.5,25.2,16.7,0.0,0.0,0.0,0.0,0.0
Great Oak HS,PSW,2023,12,3,1,84.351,25.95,16.5,25.2,16.7,84.351,25.95,16.5,25.2,16.7,85.426,25.425,16.95,26.0,17.05,0.0,0.0,0.0,0.0,0.0
Old Bridge,PSW,2023,10,0,0,0.0,0.0,0.0,0.0,0.0,0.0,0.0,0.0,0.0,0.0,87.2,26.8,25.8,17.5,17.1,0.0,0.0,0.0,0.0,0.0
Old Bridge,PSW,2023,12,2,1,87.2,26.8,25.8,17.5,17.1,87.2,26.8,25.8,17.5,17.1,89.75,26.9,26.25,18.0,18.6,0.0,0.0,0.0,0.0,0.0
Petal HS,PSW,2023,7,0,0,0.0,0.0,0.0,0.0,0.0,0.0,0.0,0.0,0.0,0.0,81.25,24.45,17.2,23.1,16.5,0.0,0.0,0.0,0.0,0.0
Petal HS,PSW,2023,9,2,1,81.25,24.45,17.2,23.1,16.5,81.25,24.45,17.2,23.1,16.5,83.95,25.05,17.1,25.6,16.2,0.0,0.0,0.0,0.0,0.0
Rowland HS,PSW,2023,4,0,0,0.0,0.0,0.0,0.0,0.0,0.0,0.0,0.0,0.0,0.0,77.3,23.1,15.9,23.2,15.1,0.0,0.0,0.0,0.0,0.0
Rowland HS,PSW,2023,6,2,1,77.3,23.1,15.9,23.2,15.1,77.3,23.1,15.9,23.2,15.1,81.9,27.0,15.0,25.5,14.4,0.0,0.0,0.0,0.0,0.0
Rowland HS,PSW,2023,8,2,2,79.6,25.05,15.45,24.35,14.75,81.9,27.0,15.0,25.5,14.4,82.0,23.7,16.6,25.4,16.3,4.6,3.9,-0.9,2.3,-0.7
Rowland HS,PSW,2023,10,2,3,80.4,24.6,15.833,24.7,15.267,82.0,23.7,16.6,25.4,16.3,84.051,25.65,16.0,26.0,16.4,0.1,-3.3,1.6,-0.1,1.9
Rowland HS,PSW,2023,12,2,4,81.313,24.862,15.875,25.025,15.55,84.051,25.65,16.0,26.0,16.4,86.001,26.25,16.3,26.15,17.3,2.051,1.95,-0.6,0.6,0.1
Timber Creek HS,PSW,2023,6,0,0,0.0,0.0,0.0,0.0,0.0,0.0,0.0,0.0,0.0,0.0,78.9,22.2,15.0,25.8,15.9,0.0,0.0,0.0,0.0,0.0
Timber Creek HS,PSW,2023,9,3,1,78.9,22.2,15.0,25.8,15.9,78.9,22.2,15.0,25.8,15.9,79.4,23.1,16.2,24.7,15.4,0.0,0.0,0.0,0.0,0.0
Vista Murrieta HS,PSW,2023,5,0,0,0.0,0.0,0.0,0.0,0.0,0.0,0.0,0.0,0.0,0.0,84.95,25.65,16.5,25.8,17.0,0.0,0.0,0.0,0.0,0.0
Vista Murrieta HS,PSW,2023,7,2,1,84.95,25.65,16.5,25.8,17.0,84.95,25.65,16.5,25.8,17.0,89.35,26.85,18.0,26.4,18.1,0.0,0.0,0.0,0.0,0.0
Vista Murrieta HS,PSW,2023,8,1,2,87.15,26.25,17.25,26.1,17.55,89.35,26.85,18.0,26.4,18.1,87.35,24.75,18.1,27.2,17.3,4.4,1.2,1.5,0.6,1.1
Vista Murrieta HS,PSW,2023,10,2,3,87.217,25.75,17.533,26.467,17.467,87.35,24.75,18.1,27.2,17.3,89.85,27.45,17.8,27.4,17.2,-2.0,-2.1,0.1,0.8,-0.8
Vista Murrieta HS,PSW,2023,12,2,4,87.875,26.175,17.6,26.7,17.4,89.85,27.45,17.8,27.4,17.2,92.75,27.3,18.55,28.15,18.75,2.5,2.7,-0.3,0.2,-0.1
Vista Murrieta HS,PSW,2023,13,1,5,88.85,26.4,17.79,26.99,17.67,92.75,27.3,18.55,28.15,18.75,96.613,28.837,19.5,28.85,19.425,2.9,-0.15,0.75,0.75,1.55
Walled Lake Consolidated Schools,PSW,2023,4,0,0,0.0,0.0,0.0,0.0,0.0,0.0,0.0,0.0,0.0,0.0,75.8,22.8,14.8,23.3,14.9,0.0,0.0,0.0,0.0,0.0
Walled Lake Consolidated Schools,PSW,2023,7,3,1,75.8,22.8,14.8,23.3,14.9,75.8,22.8,14.8,23.3,14.9,81.9,24.9,15.6,25.3,16.1,0.0,0.0,0.0,0.0,0.0
Walled Lake Consolidated Schools,PSW,2023,9,2,2,78.85,23.85,15.2,24.3,15.5,81.9,24.9,15.6,25.3,16.1,90.6,27.6,18.1,27.0,17.9,6.1,2.1,0.8,2.0,1.2
Walled Lake Consolidated Schools,PSW,2023,10,1,3,82.767,25.1,16.167,25.2,16.3,90.6,27.6,18.1,27.0,17.9,88.575,26.775,17.9,26.9,17.0,8.7,2.7,2.5,1.7,1.8
West Ranch HS,PSW,2023,6,0,0,0.0,0.0,0.0,0.0,0.0,0.0,0.0,0.0,0.0,0.0,82.0,26.1,15.4,25.2,15.3,0.0,0.0,0.0,0.0,0.0
West Ranch HS,PSW,2023,7,1,1,82.0,26.1,15.4,25.2,15.3,82.0,26.1,15.4,25.2,15.3,78.7,23.7,16.1,23.2,15.7,0.0,0.0,0.0,0.0,0.0
West Ranch HS,PSW,2023,9,2,2,80.35,24.9,15.75,24.2,15.5,78.7,23.7,16.1,23.2,15.7,80.451,23.55,15.5,25.0,16.4,-3.3,-2.4,0.7,-2.0,0.4
West Ranch HS,PSW,2023,10,1,3,80.384,24.45,15.667,24.467,15.8,80.451,23.55,15.5,25.0,16.4,80.551,24.15,16.1,24.4,15.9,1.751,-0.15,-0.6,1.8,0.7
West Ranch HS,PSW,2023,12,2,4,80.426,24.375,15.775,24.45,15.825,80.551,24.15,16.1,24.4,15.9,83.001,24.6,16.4,25.6,16.4,0.1,0.6,0.6,-0.6,-0.5
Basha HS,PSO,2023,5,0,0,0.0,0.0,0.0,0.0,0.0,0.0,0.0,0.0,0.0,0.0,74.75,23.85,14.8,21.2,14.9,0.0,0.0,0.0,0.0,0.0
Basha HS,PSO,2023,7,2,1,74.75,23.85,14.8,21.2,14.9,74.75,23.85,14.8,21.2,14.9,81.4,24.9,15.9,24.7,15.9,0.0,0.0,0.0,0.0,0.0
Bridgeland HS,PSO,2023,6,0,0,0.0,0.0,0.0,0.0,0.0,0.0,0.0,0.0,0.0,0.0,84.55,25.35,17.0,25.0,17.2,0.0,0.0,0.0,0.0,0.0
Bridgeland HS,PSO,2023,9,3,1,84.55,25.35,17.0,25.0,17.2,84.55,25.35,17.0,25.0,17.2,88.35,26.85,17.8,26.3,17.4,0.0,0.0,0.0,0.0,0.0
Brownsburg HS,PSO,2023,6,0,0,0.0,0.0,0.0,0.0,0.0,0.0,0.0,0.0,0.0,0.0,84.1,24.6,17.3,26.2,16.0,0.0,0.0,0.0,0.0,0.0
Brownsburg HS,PSO,2023,13,7,1,84.1,24.6,17.3,26.2,16.0,84.1,24.6,17.3,26.2,16.0,96.3,29.175,19.25,28.7,19.175,0.0,0.0,0.0,0.0,0.0
Camarillo HS,PSO,2023,3,0,0,0.0,0.0,0.0,0.0,0.0,0.0,0.0,0.0,0.0,0.0,67.9,19.8,12.9,23.0,12.2,0.0,0.0,0.0,0.0,0.0
Camarillo HS,PSO,2023,6,3,1,67.9,19.8,12.9,23.0,12.2,67.9,19.8,12.9,23.0,12.2,75.401,23.4,14.5,22.6,14.9,0.0,0.0,0.0,0.0,0.0
Camarillo HS,PSO,2023,8,2,2,71.65,21.6,13.7,22.8,13.55,75.401,23.4,14.5,22.6,14.9,79.751,24.45,15.8,24.1,15.4,7.501,3.6,1.6,-0.4,2.7
Camarillo HS,PSO,2023,12,4,3,74.351,22.55,14.4,23.233,14.167,79.751,24.45,15.8,24.1,15.4,85.914,25.763,17.0,25.85,17.3,4.35,1.05,1.3,1.5,0.5
Canyon HS,PSO,2023,4,0,0,0.0,0.0,0.0,0.0,0.0,0.0,0.0,0.0,0.0,0.0,75.8,23.1,16.1,20.6,16.0,0.0,0.0,0.0,0.0,0.0
Canyon HS,PSO,2023,6,2,1,75.8,23.1,16.1,20.6,16.0,75.8,23.1,16.1,20.6,16.0,80.15,25.2,16.3,22.75,15.9,0.0,0.0,0.0,0.0,0.0
Canyon HS,PSO,2023,8,2,2,77.975,24.15,16.2,21.675,15.95,80.15,25.2,16.3,22.75,15.9,83.1,25.5,17.2,24.4,16.0,4.35,2.1,0.2,2.15,-0.1
Canyon HS,PSO,2023,12,4,3,79.683,24.6,16.533,22.583,15.967,83.1,25.5,17.2,24.4,16.0,89.489,26.887,17.3,27.725,17.575,2.95,0.3,0.9,1.65,0.1
Cerritos HS,PSO,2023,8,0,0,0.0,0.0,0.0,0.0,0.0,0.0,0.0,0.0,0.0,0.0,83.15,25.05,17.5,24.4,16.2,0.0,0.0,0.0,0.0,0.0
Cerritos HS,PSO,2023,12,4,1,83.15,25.05,17.5,24.4,16.2,83.15,25.05,17.5,24.4,16.2,87.901,26.475,16.75,26.6,18.075,0.0,0.0,0.0,0.0,0.0
Chino HS,PSO,2023,6,0,0,0.0,0.0,0.0,0.0,0.0,0.0,0.0,0.0,0.0,0.0,78.225,24.825,15.4,23.8,14.2,0.0,0.0,0.0,0.0,0.0
Chino HS,PSO,2023,8,2,1,78.225,24.825,15.4,23.8,14.2,78.225,24.825,15.4,23.8,14.2,81.4,24.3,16.0,25.5,15.6,0.0,0.0,0.0,0.0,0.0
Chino HS,PSO,2023,12,4,2,79.812,24.562,15.7,24.65,14.9,81.4,24.3,16.0,25.5,15.6,92.45,28.2,18.45,27.2,18.6,3.175,-0.525,0.6,1.7,1.4
Clover HS,PSO,2023,6,0,0,0.0,0.0,0.0,0.0,0.0,0.0,0.0,0.0,0.0,0.0,83.35,25.35,16.4,25.6,16.0,0.0,0.0,0.0,0.0,0.0
Clover HS,PSO,2023,13,7,1,83.35,25.35,16.4,25.6,16.0,83.35,25.35,16.4,25.6,16.0,97.863,29.512,19.7,29.425,19.225,0.0,0.0,0.0,0.0,0.0
Dobyns-Bennett HS,PSO,2023,6,0,0,0.0,0.0,0.0,0.0,0.0,0.0,0.0,0.0,0.0,0.0,75.3,22.5,15.3,22.5,15.0,0.0,0.0,0.0,0.0,0.0
Dobyns-Bennett HS,PSO,2023,8,2,1,75.3,22.5,15.3,22.5,15.0,75.3,22.5,15.3,22.5,15.0,78.851,23.1,16.7,22.55,16.5,0.0,0.0,0.0,0.0,0.0
El Dorado HS,PSO,2023,4,0,0,0.0,0.0,0.0,0.0,0.0,0.0,0.0,0.0,0.0,0.0,72.25,21.75,15.0,20.5,15.0,0.0,0.0,0.0,0.0,0.0
El Dorado HS,PSO,2023,6,2,1,72.25,21.75,15.0,20.5,15.0,72.25,21.75,15.0,20.5,15.0,76.8,23.7,15.7,21.9,15.5,0.0,0.0,0.0,0.0,0.0
El Dorado HS,PSO,2023,8,2,2,74.525,22.725,15.35,21.2,15.25,76.8,23.7,15.7,21.9,15.5,81.5,25.5,16.3,24.7,15.0,4.55,1.95,0.7,1.4,0.5
El Dorado HS,PSO,2023,12,4,3,76.85,23.65,15.667,22.367,15.167,81.5,25.5,16.3,24.7,15.0,85.638,25.312,16.45,26.05,17.825,4.7,1.8,0.6,2.8,-0.5
Escondido Union HSD,PSO,2023,8,0,0,0.0,0.0,0.0,0.0,0.0,0.0,0.0,0.0,0.0,0.0,75.801,23.1,15.3,22.6,14.8,0.0,0.0,0.0,0.0,0.0
Escondido Union HSD,PSO,2023,12,4,1,75.801,23.1,15.3,22.6,14.8,75.801,23.1,15.3,22.6,14.8,83.525,25.275,15.35,25.9,17.0,0.0,0.0,0.0,0.0,0.0
Fair Lawn HS,PSO,2023,5,0,0,0.0,0.0,0.0,0.0,0.0,0.0,0.0,0.0,0.0,0.0,80.3,24.9,15.5,24.4,15.5,0.0,0.0,0.0,0.0,0.0
Fair Lawn HS,PSO,2023,8,3,1,80.3,24.9,15.5,24.4,15.5,80.3,24.9,15.5,24.4,15.5,86.1,26.4,17.3,24.7,17.7,0.0,0.0,0.0,0.0,0.0
Foothill HS (NV),PSO,2023,7,0,0,0.0,0.0,0.0,0.0,0.0,0.0,0.0,0.0,0.0,0.0,83.05,26.25,16.6,22.6,17.6,0.0,0.0,0.0,0.0,0.0
Foothill HS (NV),PSO,2023,9,2,1,83.05,26.25,16.6,22.6,17.6,83.05,26.25,16.6,22.6,17.6,82.951,23.85,17.4,23.5,18.2,0.0,0.0,0.0,0.0,0.0
Fountain Valley HS,PSO,2023,3,0,0,0.0,0.0,0.0,0.0,0.0,0.0,0.0,0.0,0.0,0.0,73.1,21.9,14.4,22.7,14.1,0.0,0.0,0.0,0.0,0.0
Fountain Valley HS,PSO,2023,4,1,1,73.1,21.9,14.4,22.7,14.1,73.1,21.9,14.4,22.7,14.1,77.45,23.55,15.7,22.3,15.9,0.0,0.0,0.0,0.0,0.0
Fountain Valley HS,PSO,2023,6,2,2,75.275,22.725,15.05,22.5,15.0,77.45,23.55,15.7,22.3,15.9,78.25,25.35,15.7,20.9,16.3,4.35,1.65,1.3,-0.4,1.8
Fountain Valley HS,PSO,2023,9,3,3,76.267,23.6,15.267,21.967,15.433,78.25,25.35,15.7,20.9,16.3,88.55,26.85,17.5,26.7,17.5,0.8,1.8,0.0,-1.4,0.4
Fountain Valley HS,PSO,2023,12,3,4,79.338,24.412,15.825,23.15,15.95,88.55,26.85,17.5,26.7,17.5,92.413,27.712,18.35,27.825,18.525,10.3,1.5,1.8,5.8,1.2
Gahr HS,PSO,2023,3,0,0,0.0,0.0,0.0,0.0,0.0,0.0,0.0,0.0,0.0,0.0,74.75,22.35,15.6,22.1,14.7,0.0,0.0,0.0,0.0,0.0
Gahr HS,PSO,2023,7,4,1,74.75,22.35,15.6,22.1,14.7,74.75,22.35,15.6,22.1,14.7,83.25,25.05,16.5,25.4,16.3,0.0,0.0,0.0,0.0,0.0
Great Oak HS,PSO,2023,5,0,0,0.0,0.0,0.0,0.0,0.0,0.0,0.0,0.0,0.0,0.0,80.45,24.75,16.3,23.1,16.3,0.0,0.0,0.0,0.0,0.0
Great Oak HS,PSO,2023,7,2,1,80.45,24.75,16.3,23.1,16.3,80.45,24.75,16.3,23.1,16.3,84.0,25.2,17.1,24.8,16.9,0.0,0.0,0.0,0.0,0.0
Hardin Valley Academy,PSO,2023,6,0,0,0.0,0.0,0.0,0.0,0.0,0.0,0.0,0.0,0.0,0.0,77.45,23.25,15.5,23.6,15.1,0.0,0.0,0.0,0.0,0.0
Hardin Valley Academy,PSO,2023,7,1,1,77.45,23.25,15.5,23.6,15.1,77.45,23.25,15.5,23.6,15.1,82.95,24.75,16.6,24.9,16.7,0.0,0.0,0.0,0.0,0.0
Hardin Valley Academy Indoor Percussion Ensemble,PSO,2023,1,0,0,0.0,0.0,0.0,0.0,0.0,0.0,0.0,0.0,0.0,0.0,72.35,20.4,22.35,14.8,14.8,0.0,0.0,0.0,0.0,0.0
Hardin Valley Academy Indoor Percussion Ensemble,PSO,2023,4,3,1,72.35,20.4,22.35,14.8,14.8,72.35,20.4,22.35,14.8,14.8,77.2,23.8,22.8,15.8,14.8,0.0,0.0,0.0,0.0,0.0
John Marshall HS,PSO,2023,6,0,0,0.0,0.0,0.0,0.0,0.0,0.0,0.0,0.0,0.0,0.0,74.651,21.75,15.5,22.3,15.1,0.0,0.0,0.0,0.0,0.0
John Marshall HS,PSO,2023,9,3,1,74.651,21.75,15.5,22.3,15.1,74.651,21.75,15.5,22.3,15.1,78.701,23.4,15.8,23.4,16.1,0.0,0.0,0.0,0.0,0.0
Kettering Fairmont HS,PSO,2023,6,0,0,0.0,0.0,0.0,0.0,0.0,0.0,0.0,0.0,0.0,0.0,80.05,24.75,15.2,24.8,15.3,0.0,0.0,0.0,0.0,0.0
Kettering Fairmont HS,PSO,2023,8,2,1,80.05,24.75,15.2,24.8,15.3,80.05,24.75,15.2,24.8,15.3,88.25,27.45,17.5,26.0,17.3,0.0,0.0,0.0,0.0,0.0
Kettering Fairmont HS,PSO,2023,13,5,2,84.15,26.1,16.35,25.4,16.3,88.25,27.45,17.5,26.0,17.3,93.051,27.675,18.75,28.1,18.525,8.2,2.7,2.3,1.2,2.0
La Quinta HS,PSO,2023,3,0,0,0.0,0.0,0.0,0.0,0.0,0.0,0.0,0.0,0.0,0.0,75.4,21.3,16.0,23.3,14.8,0.0,0.0,0.0,0.0,0.0
La Quinta HS,PSO,2023,8,5,1,75.4,21.3,16.0,23.3,14.8,75.4,21.3,16.0,23.3,14.8,75.3,21.6,14.9,23.2,15.6,0.0,0.0,0.0,0.0,0.0
La Quinta HS,PSO,2023,9,1,2,75.35,21.45,15.45,23.25,15.2,75.3,21.6,14.9,23.2,15.6,86.1,27.3,17.3,24.4,17.1,-0.1,0.3,-1.1,-0.1,0.8
La Quinta HS,PSO,2023,12,3,3,78.933,23.4,16.067,23.633,15.833,86.1,27.3,17.3,24.4,17.1,87.026,26.325,16.7,26.05,17.95,10.8,5.7,2.4,1.2,1.5
Lone Peak HS,PSO,2023,7,0,0,0.0,0.0,0.0,0.0,0.0,0.0,0.0,0.0,0.0,0.0,78.55,23.55,15.4,25.2,14.4,0.0,0.0,0.0,0.0,0.0
Lone Peak HS,PSO,2023,9,2,1,78.55,23.55,15.4,25.2,14.4,78.55,23.55,15.4,25.2,14.4,76.2,24.0,15.0,21.5,15.7,0.0,0.0,0.0,0.0,0.0
Mauldin HS,PSO,2023,6,0,0,0.0,0.0,0.0,0.0,0.0,0.0,0.0,0.0,0.0,0.0,74.751,22.05,14.8,22.0,15.9,0.0,0.0,0.0,0.0,0.0
Mauldin HS,PSO,2023,8,2,1,74.751,22.05,14.8,22.0,15.9,74.751,22.05,14.8,22.0,15.9,75.551,23.25,16.4,20.6,15.3,0.0,0.0,0.0,0.0,0.0
Mission Hills HS,PSO,2023,7,0,0,0.0,0.0,0.0,0.0,0.0,0.0,0.0,0.0,0.0,0.0,76.2,21.9,15.6,23.6,15.1,0.0,0.0,0.0,0.0,0.0
Mission Hills HS,PSO,2023,8,1,1,76.2,21.9,15.6,23.6,15.1,76.2,21.9,15.6,23.6,15.1,77.7,22.2,17.0,23.1,15.4,0.0,0.0,0.0,0.0,0.0
Mission Hills HS,PSO,2023,9,1,2,76.95,22.05,16.3,23.35,15.25,77.7,22.2,17.0,23.1,15.4,80.551,25.2,16.8,22.95,15.6,1.5,0.3,1.4,-0.5,0.3
Norwalk HS Combined Schools,PSO,2023,5,0,0,0.0,0.0,0.0,0.0,0.0,0.0,0.0,0.0,0.0,0.0,76.6,23.7,14.5,22.3,16.1,0.0,0.0,0.0,0.0,0.0
Norwalk HS Combined Schools,PSO,2023,8,3,1,76.6,23.7,14.5,22.3,16.1,76.6,23.7,14.5,22.3,16.1,83.2,25.5,18.0,23.2,16.5,0.0,0.0,0.0,0.0,0.0
OConnor HS,PSO,2023,6,0,0,0.0,0.0,0.0,0.0,0.0,0.0,0.0,0.0,0.0,0.0,81.15,23.85,16.4,24.1,16.8,0.0,0.0,0.0,0.0,0.0
OConnor HS,PSO,2023,9,3,1,81.15,23.85,16.4,24.1,16.8,81.15,23.85,16.4,24.1,16.8,85.9,26.4,17.5,25.8,16.2,0.0,0.0,0.0,0.0,0.0
Old Bridge,PSO,2023,4,0,0,0.0,0.0,0.0,0.0,0.0,0.0,0.0,0.0,0.0,0.0,77.95,23.2,22.65,16.0,16.1,0.0,0.0,0.0,0.0,0.0
Old Bridge,PSO,2023,6,2,1,77.95,23.2,22.65,16.0,16.1,77.95,23.2,22.65,16.0,16.1,87.65,26.9,26.85,17.0,16.9,0.0,0.0,0.0,0.0,0.0
Pacifica HS,PSO,2023,8,0,0,0.0,0.0,0.0,0.0,0.0,0.0,0.0,0.0,0.0,0.0,82.75,24.45,16.4,25.0,16.9,0.0,0.0,0.0,0.0,0.0
Pacifica HS,PSO,2023,12,4,1,82.75,24.45,16.4,25.0,16.9,82.75,24.45,16.4,25.0,16.9,93.8,27.975,18.85,28.35,18.625,0.0,0.0,0.0,0.0,0.0
Plymouth-Canton Educational Park,PSO,2023,4,0,0,0.0,0.0,0.0,0.0,0.0,0.0,0.0,0.0,0.0,0.0,72.4,21.6,14.9,21.6,14.3,0.0,0.0,0.0,0.0,0.0
Plymouth-Canton Educational Park,PSO,2023,7,3,1,72.4,21.6,14.9,21.6,14.3,72.4,21.6,14.9,21.6,14.3,78.05,23.85,15.9,22.8,15.5,0.0,0.0,0.0,0.0,0.0
Plymouth-Canton Educational Park,PSO,2023,9,2,2,75.225,22.725,15.4,22.2,14.9,78.05,23.85,15.9,22.8,15.5,85.05,25.65,16.5,26.7,16.2,5.65,2.25,1.0,1.2,1.2
Plymouth-Canton Educational Park,PSO,2023,10,1,3,78.5,23.7,15.767,23.7,15.333,85.05,25.65,16.5,26.7,16.2,83.725,25.275,16.9,25.35,16.2,7.0,1.8,0.6,3.9,0.7
Sierra Vista HS,PSO,2023,6,0,0,0.0,0.0,0.0,0.0,0.0,0.0,0.0,0.0,0.0,0.0,73.55,23.55,14.0,21.7,14.3,0.0,0.0,0.0,0.0,0.0
Sierra Vista HS,PSO,2023,7,1,1,73.55,23.55,14.0,21.7,14.3,73.55,23.55,14.0,21.7,14.3,70.65,21.15,13.4,22.6,13.5,0.0,0.0,0.0,0.0,0.0
Sierra Vista HS,PSO,2023,8,1,2,72.1,22.35,13.7,22.15,13.9,70.65,21.15,13.4,22.6,13.5,73.151,22.35,15.0,22.1,13.7,-2.9,-2.4,-0.6,0.9,-0.8
Trabuco Hills HS,PSO,2023,8,0,0,0.0,0.0,0.0,0.0,0.0,0.0,0.0,0.0,0.0,0.0,76.45,22.35,16.8,22.5,14.8,0.0,0.0,0.0,0.0,0.0
Trabuco Hills HS,PSO,2023,12,4,1,76.45,22.35,16.8,22.5,14.8,76.45,22.35,16.8,22.5,14.8,83.113,24.863,15.95,25.55,16.75,0.0,0.0,0.0,0.0,0.0
Trumbull HS,PSO,2023,5,0,0,0.0,0.0,0.0,0.0,0.0,0.0,0.0,0.0,0.0,0.0,76.9,22.8,15.9,22.0,16.2,0.0,0.0,0.0,0.0,0.0
Trumbull HS,PSO,2023,8,3,1,76.9,22.8,15.9,22.0,16.2,76.9,22.8,15.9,22.0,16.2,81.65,24.45,17.1,22.9,17.2,0.0,0.0,0.0,0.0,0.0
Union HS,PSO,2023,9,0,0,0.0,0.0,0.0,0.0,0.0,0.0,0.0,0.0,0.0,0.0,86.75,25.35,17.7,26.2,17.5,0.0,0.0,0.0,0.0,0.0
Union HS,PSO,2023,13,4,1,86.75,25.35,17.7,26.2,17.5,86.75,25.35,17.7,26.2,17.5,96.775,29.475,19.2,28.85,19.25,0.0,0.0,0.0,0.0,0.0
Upland HS,PSO,2023,4,0,0,0.0,0.0,0.0,0.0,0.0,0.0,0.0,0.0,0.0,0.0,75.05,22.65,15.5,22.2,14.7,0.0,0.0,0.0,0.0,0.0
Upland HS,PSO,2023,6,2,1,75.05,22.65,15.5,22.2,14.7,75.05,22.65,15.5,22.2,14.7,75.951,24.75,14.9,22.2,14.1,0.0,0.0,0.0,0.0,0.0
Upland HS,PSO,2023,8,2,2,75.5,23.7,15.2,22.2,14.4,75.951,24.75,14.9,22.2,14.1,78.776,23.175,16.4,23.5,15.7,0.901,2.1,-0.6,0.0,-0.6
Victor J. Andrew HS,PSO,2023,6,0,0,0.0,0.0,0.0,0.0,0.0,0.0,0.0,0.0,0.0,0.0,84.25,25.05,17.0,25.5,16.7,0.0,0.0,0.0,0.0,0.0
Victor J. Andrew HS,PSO,2023,8,2,1,84.25,25.05,17.0,25.5,16.7,84.25,25.05,17.0,25.5,16.7,88.025,27.225,17.7,25.7,17.4,0.0,0.0,0.0,0.0,0.0
Victor J. Andrew HS,PSO,2023,13,5,2,86.138,26.138,17.35,25.6,17.05,88.025,27.225,17.7,25.7,17.4,94.201,28.275,18.925,28.225,18.775,3.775,2.175,0.7,0.2,0.7
West HS,PSO,2023,6,0,0,0.0,0.0,0.0,0.0,0.0,0.0,0.0,0.0,0.0,0.0,77.5,24.0,15.0,22.9,15.6,0.0,0.0,0.0,0.0,0.0
West HS,PSO,2023,8,2,1,77.5,24.0,15.0,22.9,15.6,77.5,24.0,15.0,22.9,15.6,80.625,24.975,15.85,23.8,16.0,0.0,0.0,0.0,0.0,0.0
West HS,PSO,2023,12,4,2,79.062,24.488,15.425,23.35,15.8,80.625,24.975,15.85,23.8,16.0,92.05,27.6,18.05,27.7,18.7,3.125,0.975,0.85,0.9,0.4
William S. Hart HS,PSO,2023,3,0,0,0.0,0.0,0.0,0.0,0.0,0.0,0.0,0.0,0.0,0.0,67.55,20.25,13.1,21.8,12.4,0.0,0.0,0.0,0.0,0.0
William S. Hart HS,PSO,2023,7,4,1,67.55,20.25,13.1,21.8,12.4,67.55,20.25,13.1,21.8,12.4,77.45,23.85,14.6,24.7,14.3,0.0,0.0,0.0,0.0,0.0
Zionsville Community HS,PSO,2023,6,0,0,0.0,0.0,0.0,0.0,0.0,0.0,0.0,0.0,0.0,0.0,77.4,23.7,15.1,22.6,16.0,0.0,0.0,0.0,0.0,0.0
Zionsville Community HS,PSO,2023,13,7,1,77.4,23.7,15.1,22.6,16.0,77.4,23.7,15.1,22.6,16.0,96.125,29.175,19.375,28.075,19.5,0.0,0.0,0.0,0.0,0.0
Bearden High School Indoor Percussion,PSA,2023,1,0,0,0.0,0.0,0.0,0.0,0.0,0.0,0.0,0.0,0.0,0.0,67.251,19.35,21.6,12.8,13.5,0.0,0.0,0.0,0.0,0.0
Bearden High School Indoor Percussion,PSA,2023,6,5,1,67.251,19.35,21.6,12.8,13.5,67.251,19.35,21.6,12.8,13.5,76.9,22.4,22.8,16.3,15.4,0.0,0.0,0.0,0.0,0.0
Bearden High School Indoor Percussion,PSA,2023,9,3,2,72.076,20.875,22.2,14.55,14.45,76.9,22.4,22.8,16.3,15.4,77.0,21.8,22.5,17.1,15.6,9.649,3.05,1.2,3.5,1.9
Bearden High School Indoor Percussion,PSA,2023,10,1,3,73.717,21.183,22.3,15.4,14.833,77.0,21.8,22.5,17.1,15.6,83.25,23.4,24.45,17.6,17.8,0.1,-0.6,-0.3,0.8,0.2
Beavercreek HS,PSA,2023,8,0,0,0.0,0.0,0.0,0.0,0.0,0.0,0.0,0.0,0.0,0.0,88.05,26.85,17.8,26.4,17.0,0.0,0.0,0.0,0.0,0.0
Beavercreek HS,PSA,2023,13,5,1,88.05,26.85,17.8,26.4,17.0,88.05,26.85,17.8,26.4,17.0,94.8,29.325,18.85,28.375,18.25,0.0,0.0,0.0,0.0,0.0
Benton Indoor Percussion,PSA,2023,6,0,0,0.0,0.0,0.0,0.0,0.0,0.0,0.0,0.0,0.0,0.0,76.15,22.05,15.3,23.0,15.8,0.0,0.0,0.0,0.0,0.0
Benton Indoor Percussion,PSA,2023,8,2,1,76.15,22.05,15.3,23.0,15.8,76.15,22.05,15.3,23.0,15.8,77.65,22.65,15.1,23.5,16.4,0.0,0.0,0.0,0.0,0.0
Benton Indoor Percussion,PSA,2023,10,2,2,76.9,22.35,15.2,23.25,16.1,77.65,22.65,15.1,23.5,16.4,84.5,25.2,16.9,25.3,17.1,1.5,0.6,-0.2,0.5,0.6
Bonita HS,PSA,2023,2,0,0,0.0,0.0,0.0,0.0,0.0,0.0,0.0,0.0,0.0,0.0,71.425,21.825,12.6,23.1,13.9,0.0,0.0,0.0,0.0,0.0
Bonita HS,PSA,2023,12,10,1,71.425,21.825,12.6,23.1,13.9,71.425,21.825,12.6,23.1,13.9,89.389,27.188,17.8,27.15,17.25,0.0,0.0,0.0,0.0,0.0
Bridgewater Raritan,PSA,2023,3,0,0,0.0,0.0,0.0,0.0,0.0,0.0,0.0,0.0,0.0,0.0,67.101,20.3,19.8,13.7,13.3,0.0,0.0,0.0,0.0,0.0
Bridgewater Raritan,PSA,2023,4,1,1,67.101,20.3,19.8,13.7,13.3,67.101,20.3,19.8,13.7,13.3,69.351,21.9,18.75,13.9,14.8,0.0,0.0,0.0,0.0,0.0
Bridgewater Raritan,PSA,2023,7,3,2,68.226,21.1,19.275,13.8,14.05,69.351,21.9,18.75,13.9,14.8,75.551,23.0,24.3,14.05,14.2,2.25,1.6,-1.05,0.2,1.5
Bridgewater Raritan,PSA,2023,10,3,3,70.668,21.733,20.95,13.883,14.1,75.551,23.0,24.3,14.05,14.2,83.351,26.1,24.75,16.3,16.2,6.2,1.1,5.55,0.15,-0.6
Bridgewater Raritan,PSA,2023,12,2,4,73.838,22.825,21.9,14.488,14.625,83.351,26.1,24.75,16.3,16.2,85.925,26.05,25.875,16.5,17.5,7.8,3.1,0.45,2.25,2.0
Bryant Indoor Percussion,PSA,2023,6,0,0,0.0,0.0,0.0,0.0,0.0,0.0,0.0,0.0,0.0,0.0,81.8,24.0,16.3,24.6,16.9,0.0,0.0,0.0,0.0,0.0
Bryant Indoor Percussion,PSA,2023,8,2,1,81.8,24.0,16.3,24.6,16.9,81.8,24.0,16.3,24.6,16.9,87.35,26.25,17.6,25.3,18.2,0.0,0.0,0.0,0.0,0.0
Cab Calloway,PSA,2023,5,0,0,0.0,0.0,0.0,0.0,0.0,0.0,0.0,0.0,0.0,0.0,68.101,19.5,21.3,13.7,13.6,0.0,0.0,0.0,0.0,0.0
Cab Calloway,PSA,2023,6,1,1,68.101,19.5,21.3,13.7,13.6,68.101,19.5,21.3,13.7,13.6,74.901,22.5,22.05,14.95,15.4,0.0,0.0,0.0,0.0,0.0
Cab Calloway,PSA,2023,9,3,2,71.501,21.0,21.675,14.325,14.5,74.901,22.5,22.05,14.95,15.4,80.3,26.3,23.7,15.1,15.2,6.8,3.0,0.75,1.25,1.8
Cab Calloway,PSA,2023,10,1,3,74.434,22.767,22.35,14.583,14.733,80.3,26.3,23.7,15.1,15.2,82.5,26.8,24.6,14.75,16.35,5.399,3.8,1.65,0.15,-0.2
Cab Calloway,PSA,2023,12,2,4,76.45,23.775,22.912,14.625,15.138,82.5,26.8,24.6,14.75,16.35,86.801,27.7,26.55,15.35,17.2,2.2,0.5,0.9,-0.35,1.15
Carlsbad HS,PSA,2023,5,0,0,0.0,0.0,0.0,0.0,0.0,0.0,0.0,0.0,0.0,0.0,74.75,23.25,15.8,21.6,14.1,0.0,0.0,0.0,0.0,0.0
Carlsbad HS,PSA,2023,7,2,1,74.75,23.25,15.8,21.6,14.1,74.75,23.25,15.8,21.6,14.1,72.876,22.575,14.05,21.95,14.3,0.0,0.0,0.0,0.0,0.0
Carlsbad HS,PSA,2023,9,2,2,73.813,22.912,14.925,21.775,14.2,72.876,22.575,14.05,21.95,14.3,81.0,23.1,17.1,24.9,15.9,-1.874,-0.675,-1.75,0.35,0.2
Central Square High School,PSA,2023,2,0,0,0.0,0.0,0.0,0.0,0.0,0.0,0.0,0.0,0.0,0.0,67.925,21.55,20.175,13.1,13.1,0.0,0.0,0.0,0.0,0.0
Central Square High School,PSA,2023,4,2,1,67.925,21.55,20.175,13.1,13.1,67.925,21.55,20.175,13.1,13.1,73.4,22.6,23.1,14.2,13.5,0.0,0.0,0.0,0.0,0.0
Central Square High School,PSA,2023,7,3,2,70.662,22.075,21.638,13.65,13.3,73.4,22.6,23.1,14.2,13.5,78.95,25.1,24.15,14.6,15.1,5.475,1.05,2.925,1.1,0.4
Central Square High School,PSA,2023,8,1,3,73.425,23.083,22.475,13.967,13.9,78.95,25.1,24.15,14.6,15.1,81.15,24.7,24.75,16.2,15.5,5.55,2.5,1.05,0.4,1.6
Central Square High School,PSA,2023,9,1,4,75.356,23.488,23.044,14.525,14.3,81.15,24.7,24.75,16.2,15.5,84.9,26.5,25.5,16.7,16.2,2.2,-0.4,0.6,1.6,0.4
Central Square High School,PSA,2023,10,1,5,77.265,24.09,23.535,14.96,14.68,84.9,26.5,25.5,16.7,16.2,84.3,27.2,25.5,15.7,15.9,3.75,1.8,0.75,0.5,0.7
Chaparral HS,PSA,2023,5,0,0,0.0,0.0,0.0,0.0,0.0,0.0,0.0,0.0,0.0,0.0,73.8,23.4,15.0,20.7,14.7,0.0,0.0,0.0,0.0,0.0
Chaparral HS,PSA,2023,7,2,1,73.8,23.4,15.0,20.7,14.7,73.8,23.4,15.0,20.7,14.7,71.2,19.8,14.8,21.7,14.9,0.0,0.0,0.0,0.0,0.0
Cicero North Syracuse,PSA,2023,2,0,0,0.0,0.0,0.0,0.0,0.0,0.0,0.0,0.0,0.0,0.0,63.551,20.3,18.75,12.2,12.3,0.0,0.0,0.0,0.0,0.0
Cicero North Syracuse,PSA,2023,7,5,1,63.551,20.3,18.75,12.2,12.3,63.551,20.3,18.75,12.2,12.3,73.401,22.7,22.8,13.6,14.3,0.0,0.0,0.0,0.0,0.0
Cicero North Syracuse,PSA,2023,8,1,2,68.476,21.5,20.775,12.9,13.3,73.401,22.7,22.8,13.6,14.3,76.4,22.9,24.0,14.6,14.9,9.85,2.4,4.05,1.4,2.0
Cicero North Syracuse,PSA,2023,9,1,3,71.117,21.967,21.85,13.467,13.833,76.4,22.9,24.0,14.6,14.9,73.6,22.5,21.6,14.5,15.0,2.999,0.2,1.2,1.0,0.6
Cicero North Syracuse,PSA,2023,10,1,4,71.738,22.1,21.788,13.725,14.125,73.6,22.5,21.6,14.5,15.0,72.8,23.7,20.4,14.6,14.1,-2.8,-0.4,-2.4,-0.1,0.1
Coatesville,PSA,2023,7,0,0,0.0,0.0,0.0,0.0,0.0,0.0,0.0,0.0,0.0,0.0,70.2,20.4,21.9,13.9,14.0,0.0,0.0,0.0,0.0,0.0
Coatesville,PSA,2023,10,3,1,70.2,20.4,21.9,13.9,14.0,70.2,20.4,21.9,13.9,14.0,73.2,22.9,21.0,14.7,14.6,0.0,0.0,0.0,0.0,0.0
Coatesville,PSA,2023,12,2,2,71.7,21.65,21.45,14.3,14.3,73.2,22.9,21.0,14.7,14.6,78.5,23.8,24.6,15.0,15.1,3.0,2.5,-0.9,0.8,0.6
Corning-Painted Post,PSA,2023,2,0,0,0.0,0.0,0.0,0.0,0.0,0.0,0.0,0.0,0.0,0.0,65.301,22.0,19.2,12.7,11.4,0.0,0.0,0.0,0.0,0.0
Corning-Painted Post,PSA,2023,5,3,1,65.301,22.0,19.2,12.7,11.4,65.301,22.0,19.2,12.7,11.4,72.75,21.2,22.65,14.5,14.4,0.0,0.0,0.0,0.0,0.0
Corning-Painted Post,PSA,2023,10,5,2,69.026,21.6,20.925,13.6,12.9,72.75,21.2,22.65,14.5,14.4,75.05,24.8,21.45,14.3,14.5,7.449,-0.8,3.45,1.8,3.0
Council Rock South,PSA,2023,7,0,0,0.0,0.0,0.0,0.0,0.0,0.0,0.0,0.0,0.0,0.0,73.25,20.8,22.8,14.75,14.9,0.0,0.0,0.0,0.0,0.0
Council Rock South,PSA,2023,10,3,1,73.25,20.8,22.8,14.75,14.9,73.25,20.8,22.8,14.75,14.9,54.3,15.0,16.8,10.4,12.1,0.0,0.0,0.0,0.0,0.0
Council Rock South,PSA,2023,12,2,2,63.775,17.9,19.8,12.575,13.5,54.3,15.0,16.8,10.4,12.1,71.9,22.9,21.9,12.5,14.6,-18.95,-5.8,-6.0,-4.35,-2.8
Dakota High School,PSA,2023,4,0,0,0.0,0.0,0.0,0.0,0.0,0.0,0.0,0.0,0.0,0.0,72.225,22.425,14.9,20.8,14.1,0.0,0.0,0.0,0.0,0.0
Dakota High School,PSA,2023,7,3,1,72.225,22.425,14.9,20.8,14.1,72.225,22.425,14.9,20.8,14.1,80.6,23.1,15.7,26.4,15.4,0.0,0.0,0.0,0.0,0.0
Dakota High School,PSA,2023,10,3,2,76.412,22.763,15.3,23.6,14.75,80.6,23.1,15.7,26.4,15.4,87.4,26.55,17.05,26.05,17.75,8.375,0.675,0.8,5.6,1.3
Downingtown HS East,PSA,2023,4,0,0,0.0,0.0,0.0,0.0,0.0,0.0,0.0,0.0,0.0,0.0,70.8,23.4,19.2,14.1,14.1,0.0,0.0,0.0,0.0,0.0
Downingtown HS East,PSA,2023,6,2,1,70.8,23.4,19.2,14.1,14.1,70.8,23.4,19.2,14.1,14.1,77.8,24.9,22.8,15.0,15.1,0.0,0.0,0.0,0.0,0.0
Downingtown HS East,PSA,2023,10,4,2,74.3,24.15,21.0,14.55,14.6,77.8,24.9,22.8,15.0,15.1,81.15,25.35,25.05,14.65,16.1,7.0,1.5,3.6,0.9,1.0
Downingtown HS East,PSA,2023,12,2,3,76.583,24.55,22.35,14.583,15.1,81.15,25.35,25.05,14.65,16.1,80.875,24.05,25.575,15.15,16.1,3.35,0.45,2.25,-0.35,1.0
Downingtown HS West,PSA,2023,5,0,0,0.0,0.0,0.0,0.0,0.0,0.0,0.0,0.0,0.0,0.0,71.151,20.3,21.75,14.8,14.3,0.0,0.0,0.0,0.0,0.0
Downingtown HS West,PSA,2023,7,2,1,71.151,20.3,21.75,14.8,14.3,71.151,20.3,21.75,14.8,14.3,74.151,22.4,23.25,14.0,14.5,0.0,0.0,0.0,0.0,0.0
Downingtown HS West,PSA,2023,9,2,2,72.651,21.35,22.5,14.4,14.4,74.151,22.4,23.25,14.0,14.5,77.351,23.5,24.45,14.4,15.0,3.0,2.1,1.5,-0.8,0.2
Downingtown HS West,PSA,2023,10,1,3,74.218,22.067,23.15,14.4,14.6,77.351,23.5,24.45,14.4,15.0,76.925,23.7,21.525,15.1,16.6,3.2,1.1,1.2,0.4,0.5
Downingtown HS West,PSA,2023,12,2,4,74.894,22.475,22.744,14.575,15.1,76.925,23.7,21.525,15.1,16.6,81.3,24.9,25.05,15.2,16.15,-0.426,0.2,-2.925,0.7,1.6
East Syracuse Minoa,PSA,2023,2,0,0,0.0,0.0,0.0,0.0,0.0,0.0,0.0,0.0,0.0,0.0,67.35,21.65,20.1,12.6,13.0,0.0,0.0,0.0,0.0,0.0
East Syracuse Minoa,PSA,2023,3,1,1,67.35,21.65,20.1,12.6,13.0,67.35,21.65,20.1,12.6,13.0,70.85,21.9,21.75,13.9,13.3,0.0,0.0,0.0,0.0,0.0
East Syracuse Minoa,PSA,2023,4,1,2,69.1,21.775,20.925,13.25,13.15,70.85,21.9,21.75,13.9,13.3,71.251,21.0,22.65,13.3,14.3,3.5,0.25,1.65,1.3,0.3
East Syracuse Minoa,PSA,2023,7,3,3,69.817,21.517,21.5,13.267,13.533,71.251,21.0,22.65,13.3,14.3,75.801,21.9,24.3,13.8,15.8,0.401,-0.9,0.9,-0.6,1.0
East Syracuse Minoa,PSA,2023,8,1,4,71.313,21.612,22.2,13.4,14.1,75.801,21.9,24.3,13.8,15.8,77.45,22.6,22.95,15.9,16.0,4.55,0.9,1.65,0.5,1.5
East Syracuse Minoa,PSA,2023,9,1,5,72.54,21.81,22.35,13.9,14.48,77.45,22.6,22.95,15.9,16.0,79.251,23.6,23.85,15.8,16.0,1.649,0.7,-1.35,2.1,0.2
East Syracuse Minoa,PSA,2023,10,1,6,73.659,22.108,22.6,14.217,14.733,79.251,23.6,23.85,15.8,16.0,82.751,26.0,23.85,16.7,16.2,1.801,1.0,0.9,-0.1,0.0
Eastridge,PSA,2023,2,0,0,0.0,0.0,0.0,0.0,0.0,0.0,0.0,0.0,0.0,0.0,68.15,20.7,19.65,14.0,13.8,0.0,0.0,0.0,0.0,0.0
Eastridge,PSA,2023,3,1,1,68.15,20.7,19.65,14.0,13.8,68.15,20.7,19.65,14.0,13.8,73.3,21.8,22.2,14.8,14.5,0.0,0.0,0.0,0.0,0.0
Eastridge,PSA,2023,4,1,2,70.725,21.25,20.925,14.4,14.15,73.3,21.8,22.2,14.8,14.5,71.3,20.2,22.8,13.3,15.0,5.15,1.1,2.55,0.8,0.7
Eastridge,PSA,2023,9,5,3,70.917,20.9,21.55,14.033,14.433,71.3,20.2,22.8,13.3,15.0,80.101,24.6,23.4,15.7,16.4,-2.0,-1.6,0.6,-1.5,0.5
Eastridge,PSA,2023,10,1,4,73.213,21.825,22.012,14.45,14.925,80.101,24.6,23.4,15.7,16.4,78.901,26.1,21.3,15.5,16.0,8.801,4.4,0.6,2.4,1.4
Egg Harbor Township HS,PSA,2023,3,0,0,0.0,0.0,0.0,0.0,0.0,0.0,0.0,0.0,0.0,0.0,65.051,19.8,18.15,12.9,14.2,0.0,0.0,0.0,0.0,0.0
Egg Harbor Township HS,PSA,2023,5,2,1,65.051,19.8,18.15,12.9,14.2,65.051,19.8,18.15,12.9,14.2,75.6,21.0,23.55,15.45,15.6,0.0,0.0,0.0,0.0,0.0
Egg Harbor Township HS,PSA,2023,6,1,2,70.326,20.4,20.85,14.175,14.9,75.6,21.0,23.55,15.45,15.6,78.55,22.8,24.15,15.7,15.9,10.549,1.2,5.4,2.55,1.4
Egg Harbor Township HS,PSA,2023,8,2,3,73.067,21.2,21.95,14.683,15.233,78.55,22.8,24.15,15.7,15.9,86.125,26.025,16.0,26.1,18.0,2.95,1.8,0.6,0.25,0.3
Egg Harbor Township HS,PSA,2023,9,1,4,76.332,22.406,20.462,17.538,15.925,86.125,26.025,16.0,26.1,18.0,85.5,26.0,26.7,16.5,16.3,7.575,3.225,-8.15,10.4,2.1
Egg Harbor Township HS,PSA,2023,10,1,5,78.165,23.125,21.71,17.33,16.0,85.5,26.0,26.7,16.5,16.3,89.225,25.95,26.775,18.3,18.2,-0.625,-0.025,10.7,-9.6,-1.7
Egg Harbor Township HS,PSA,2023,12,2,6,80.009,23.596,22.554,17.492,16.367,89.225,25.95,26.775,18.3,18.2,90.225,25.85,27.375,18.45,18.55,3.725,-0.05,0.075,1.8,1.9
Everett HS,PSA,2023,5,0,0,0.0,0.0,0.0,0.0,0.0,0.0,0.0,0.0,0.0,0.0,77.275,22.575,14.5,23.9,16.3,0.0,0.0,0.0,0.0,0.0
Everett HS,PSA,2023,8,3,1,77.275,22.575,14.5,23.9,16.3,77.275,22.575,14.5,23.9,16.3,89.275,25.875,18.0,26.9,18.5,0.0,0.0,0.0,0.0,0.0
Gibbs High School,PSA,2023,1,0,0,0.0,0.0,0.0,0.0,0.0,0.0,0.0,0.0,0.0,0.0,65.401,19.3,20.4,12.6,13.1,0.0,0.0,0.0,0.0,0.0
Gibbs High School,PSA,2023,5,4,1,65.401,19.3,20.4,12.6,13.1,65.401,19.3,20.4,12.6,13.1,73.6,21.6,22.5,15.1,14.4,0.0,0.0,0.0,0.0,0.0
Gibbs High School,PSA,2023,9,4,2,69.5,20.45,21.45,13.85,13.75,73.6,21.6,22.5,15.1,14.4,73.051,20.3,20.55,16.3,15.9,8.199,2.3,2.1,2.5,1.3
Gibbs Winter Drumline,PSA,2023,1,0,0,0.0,0.0,0.0,0.0,0.0,0.0,0.0,0.0,0.0,0.0,65.401,19.3,20.4,12.6,13.1,0.0,0.0,0.0,0.0,0.0
Gibbs Winter Drumline,PSA,2023,5,4,1,65.401,19.3,20.4,12.6,13.1,65.401,19.3,20.4,12.6,13.1,73.6,21.6,22.5,15.1,14.4,0.0,0.0,0.0,0.0,0.0
Gibbs Winter Drumline,PSA,2023,9,4,2,69.5,20.45,21.45,13.85,13.75,73.6,21.6,22.5,15.1,14.4,73.051,20.3,20.55,16.3,15.9,8.199,2.3,2.1,2.5,1.3
Gilbert HS,PSA,2023,7,0,0,0.0,0.0,0.0,0.0,0.0,0.0,0.0,0.0,0.0,0.0,73.55,22.05,15.4,22.8,13.3,0.0,0.0,0.0,0.0,0.0
Gilbert HS,PSA,2023,9,2,1,73.55,22.05,15.4,22.8,13.3,73.55,22.05,15.4,22.8,13.3,80.35,24.75,15.7,24.7,15.2,0.0,0.0,0.0,0.0,0.0
Grand Blanc HS,PSA,2023,4,0,0,0.0,0.0,0.0,0.0,0.0,0.0,0.0,0.0,0.0,0.0,68.425,20.925,14.1,20.0,13.4,0.0,0.0,0.0,0.0,0.0
Grand Blanc HS,PSA,2023,7,3,1,68.425,20.925,14.1,20.0,13.4,68.425,20.925,14.1,20.0,13.4,74.0,22.2,15.2,22.3,14.3,0.0,0.0,0.0,0.0,0.0
Grand Blanc HS,PSA,2023,9,2,2,71.212,21.562,14.65,21.15,13.85,74.0,22.2,15.2,22.3,14.3,80.25,24.45,15.8,24.8,15.2,5.575,1.275,1.1,2.3,0.9
Grand Blanc HS,PSA,2023,10,1,3,74.225,22.525,15.033,22.367,14.3,80.25,24.45,15.8,24.8,15.2,84.238,25.688,16.75,24.85,16.95,6.25,2.25,0.6,2.5,0.9
Grandville High School Winter Drumline,PSA,2023,5,0,0,0.0,0.0,0.0,0.0,0.0,0.0,0.0,0.0,0.0,0.0,69.65,20.25,13.3,22.7,13.4,0.0,0.0,0.0,0.0,0.0
Grandville High School Winter Drumline,PSA,2023,8,3,1,69.65,20.25,13.3,22.7,13.4,69.65,20.25,13.3,22.7,13.4,77.8,22.8,15.0,24.7,15.3,0.0,0.0,0.0,0.0,0.0
Grandville High School Winter Drumline,PSA,2023,10,2,2,73.725,21.525,14.15,23.7,14.35,77.8,22.8,15.0,24.7,15.3,85.375,25.875,16.35,26.1,17.05,8.15,2.55,1.7,2.0,1.9
Grayson Co HS,PSA,2023,3,0,0,0.0,0.0,0.0,0.0,0.0,0.0,0.0,0.0,0.0,0.0,66.45,18.8,20.55,12.3,14.8,0.0,0.0,0.0,0.0,0.0
Grayson Co HS,PSA,2023,6,3,1,66.45,18.8,20.55,12.3,14.8,66.45,18.8,20.55,12.3,14.8,73.2,22.1,21.9,14.2,15.0,0.0,0.0,0.0,0.0,0.0
Grayson Co HS,PSA,2023,10,4,2,69.825,20.45,21.225,13.25,14.9,73.2,22.1,21.9,14.2,15.0,82.8,24.5,24.9,16.5,16.9,6.75,3.3,1.35,1.9,0.2
Greenwood High School Indoor Percussion,PSA,2023,6,0,0,0.0,0.0,0.0,0.0,0.0,0.0,0.0,0.0,0.0,0.0,71.0,19.2,15.9,18.6,17.3,0.0,0.0,0.0,0.0,0.0
Greenwood High School Indoor Percussion,PSA,2023,7,1,1,71.0,19.2,15.9,18.6,17.3,71.0,19.2,15.9,18.6,17.3,71.05,21.15,16.2,20.0,13.7,0.0,0.0,0.0,0.0,0.0
Greenwood High School Indoor Percussion,PSA,2023,10,3,2,71.025,20.175,16.05,19.3,15.5,71.05,21.15,16.2,20.0,13.7,78.8,22.8,16.7,22.7,16.6,0.05,1.95,0.3,1.4,-3.6
Halls Indoor Percussion Ensemble,PSA,2023,1,0,0,0.0,0.0,0.0,0.0,0.0,0.0,0.0,0.0,0.0,0.0,70.15,19.9,22.65,13.5,14.1,0.0,0.0,0.0,0.0,0.0
Halls Indoor Percussion Ensemble,PSA,2023,4,3,1,70.15,19.9,22.65,13.5,14.1,70.15,19.9,22.65,13.5,14.1,75.9,22.5,23.1,15.2,15.1,0.0,0.0,0.0,0.0,0.0
Halls Indoor Percussion Ensemble,PSA,2023,9,5,2,73.025,21.2,22.875,14.35,14.6,75.9,22.5,23.1,15.2,15.1,81.55,22.1,25.05,17.6,16.8,5.75,2.6,0.45,1.7,1.0
Halls Indoor Percussion Ensemble,PSA,2023,10,1,3,75.867,21.5,23.6,15.433,15.333,81.55,22.1,25.05,17.6,16.8,82.85,23.2,25.05,17.2,17.4,5.65,-0.4,1.95,2.4,1.7
Hatboro-Horsham High School,PSA,2023,7,0,0,0.0,0.0,0.0,0.0,0.0,0.0,0.0,0.0,0.0,0.0,73.7,21.9,22.65,14.45,14.7,0.0,0.0,0.0,0.0,0.0
Hatboro-Horsham High School,PSA,2023,10,3,1,73.7,21.9,22.65,14.45,14.7,73.7,21.9,22.65,14.45,14.7,78.7,24.3,22.8,16.0,15.6,0.0,0.0,0.0,0.0,0.0
Hatboro-Horsham High School,PSA,2023,12,2,2,76.2,23.1,22.725,15.225,15.15,78.7,24.3,22.8,16.0,15.6,81.6,25.9,23.55,16.2,15.95,5.0,2.4,0.15,1.55,0.9
Hempfield HS,PSA,2023,5,0,0,0.0,0.0,0.0,0.0,0.0,0.0,0.0,0.0,0.0,0.0,77.8,21.9,16.1,23.2,16.6,0.0,0.0,0.0,0.0,0.0
Hempfield HS,PSA,2023,8,3,1,77.8,21.9,16.1,23.2,16.6,77.8,21.9,16.1,23.2,16.6,87.2,25.35,17.55,27.0,17.3,0.0,0.0,0.0,0.0,0.0
Hempfield HS,PSA,2023,13,5,2,82.5,23.625,16.825,25.1,16.95,87.2,25.35,17.55,27.0,17.3,93.025,27.975,19.0,27.9,18.15,9.4,3.45,1.45,3.8,0.7
Henryville HS,PSA,2023,3,0,0,0.0,0.0,0.0,0.0,0.0,0.0,0.0,0.0,0.0,0.0,63.4,19.3,18.6,12.6,12.9,0.0,0.0,0.0,0.0,0.0
Henryville HS,PSA,2023,6,3,1,63.4,19.3,18.6,12.6,12.9,63.4,19.3,18.6,12.6,12.9,63.3,19.8,18.3,12.6,12.6,0.0,0.0,0.0,0.0,0.0
Henryville HS,PSA,2023,7,1,2,63.35,19.55,18.45,12.6,12.75,63.3,19.8,18.3,12.6,12.6,65.5,20.2,19.8,12.4,13.1,-0.1,0.5,-0.3,0.0,-0.3
Henryville HS,PSA,2023,10,3,3,64.067,19.767,18.9,12.533,12.867,65.5,20.2,19.8,12.4,13.1,76.0,22.7,23.1,15.1,15.1,2.2,0.4,1.5,-0.2,0.5
Heritage Indoor Percussion Ensemble,PSA,2023,1,0,0,0.0,0.0,0.0,0.0,0.0,0.0,0.0,0.0,0.0,0.0,63.801,18.3,20.7,12.3,12.5,0.0,0.0,0.0,0.0,0.0
Heritage Indoor Percussion Ensemble,PSA,2023,4,3,1,63.801,18.3,20.7,12.3,12.5,63.801,18.3,20.7,12.3,12.5,70.451,20.7,22.05,14.1,13.6,0.0,0.0,0.0,0.0,0.0
Heritage Indoor Percussion Ensemble,PSA,2023,6,2,2,67.126,19.5,21.375,13.2,13.05,70.451,20.7,22.05,14.1,13.6,72.25,21.6,21.15,14.8,14.7,6.65,2.4,1.35,1.8,1.1
Heritage Indoor Percussion Ensemble,PSA,2023,9,3,3,68.834,20.2,21.3,13.733,13.6,72.25,21.6,21.15,14.8,14.7,73.351,20.8,21.45,15.9,15.2,1.799,0.9,-0.9,0.7,1.1
Heritage Indoor Percussion Ensemble,PSA,2023,10,1,4,69.963,20.35,21.338,14.275,14.0,73.351,20.8,21.45,15.9,15.2,80.901,22.4,24.9,16.6,17.0,1.101,-0.8,0.3,1.1,0.5
Highland Regional,PSA,2023,3,0,0,0.0,0.0,0.0,0.0,0.0,0.0,0.0,0.0,0.0,0.0,67.201,19.6,19.2,13.5,14.9,0.0,0.0,0.0,0.0,0.0
Highland Regional,PSA,2023,6,3,1,67.201,19.6,19.2,13.5,14.9,67.201,19.6,19.2,13.5,14.9,77.1,21.0,23.55,16.25,16.3,0.0,0.0,0.0,0.0,0.0
Highland Regional,PSA,2023,7,1,2,72.15,20.3,21.375,14.875,15.6,77.1,21.0,23.55,16.25,16.3,77.95,23.5,23.55,15.8,15.1,9.899,1.4,4.35,2.75,1.4
Highland Regional,PSA,2023,10,3,3,74.084,21.367,22.1,15.183,15.433,77.95,23.5,23.55,15.8,15.1,86.451,25.75,26.4,16.7,17.6,0.85,2.5,0.0,-0.45,-1.2
Highland Regional,PSA,2023,12,2,4,77.176,22.462,23.175,15.562,15.975,86.451,25.75,26.4,16.7,17.6,88.276,27.3,26.625,16.9,17.45,8.501,2.25,2.85,0.9,2.5
Higley HS,PSA,2023,7,0,0,0.0,0.0,0.0,0.0,0.0,0.0,0.0,0.0,0.0,0.0,71.301,22.5,14.8,21.6,12.4,0.0,0.0,0.0,0.0,0.0
Higley HS,PSA,2023,9,2,1,71.301,22.5,14.8,21.6,12.4,71.301,22.5,14.8,21.6,12.4,72.801,21.9,13.8,22.3,14.8,0.0,0.0,0.0,0.0,0.0
Hilton,PSA,2023,2,0,0,0.0,0.0,0.0,0.0,0.0,0.0,0.0,0.0,0.0,0.0,64.701,20.6,19.8,11.8,12.5,0.0,0.0,0.0,0.0,0.0
Hilton,PSA,2023,7,5,1,64.701,20.6,19.8,11.8,12.5,64.701,20.6,19.8,11.8,12.5,75.85,23.6,22.65,14.4,15.2,0.0,0.0,0.0,0.0,0.0
Hilton,PSA,2023,10,3,2,70.276,22.1,21.225,13.1,13.85,75.85,23.6,22.65,14.4,15.2,78.901,25.4,22.8,15.6,15.1,11.149,3.0,2.85,2.6,2.7
Holly Indoor Percussion,PSA,2023,4,0,0,0.0,0.0,0.0,0.0,0.0,0.0,0.0,0.0,0.0,0.0,66.001,21.0,12.8,18.8,13.4,0.0,0.0,0.0,0.0,0.0
Holly Indoor Percussion,PSA,2023,7,3,1,66.001,21.0,12.8,18.8,13.4,66.001,21.0,12.8,18.8,13.4,67.501,20.7,13.9,20.0,12.9,0.0,0.0,0.0,0.0,0.0
Holly Indoor Percussion,PSA,2023,10,3,2,66.751,20.85,13.35,19.4,13.15,67.501,20.7,13.9,20.0,12.9,77.301,23.55,15.3,22.85,15.6,1.5,-0.3,1.1,1.2,-0.5
Hopewell Valley Central,PSA,2023,4,0,0,0.0,0.0,0.0,0.0,0.0,0.0,0.0,0.0,0.0,0.0,70.95,21.0,22.05,14.3,13.6,0.0,0.0,0.0,0.0,0.0
Hopewell Valley Central,PSA,2023,5,1,1,70.95,21.0,22.05,14.3,13.6,70.95,21.0,22.05,14.3,13.6,68.0,20.6,18.9,14.7,13.8,0.0,0.0,0.0,0.0,0.0
Hopewell Valley Central,PSA,2023,7,2,2,69.475,20.8,20.475,14.5,13.7,68.0,20.6,18.9,14.7,13.8,76.751,22.1,22.95,16.3,15.4,-2.95,-0.4,-3.15,0.4,0.2
Hopewell Valley Central,PSA,2023,9,2,3,71.9,21.233,21.3,15.1,14.267,76.751,22.1,22.95,16.3,15.4,80.251,23.1,24.15,16.2,16.8,8.751,1.5,4.05,1.6,1.6
Hopewell Valley Central,PSA,2023,10,1,4,73.988,21.7,22.013,15.375,14.9,80.251,23.1,24.15,16.2,16.8,82.5,25.0,24.9,15.9,16.7,3.5,1.0,1.2,-0.1,1.4
Hopewell Valley Central,PSA,2023,12,2,5,75.69,22.36,22.59,15.48,15.26,82.5,25.0,24.9,15.9,16.7,86.55,26.0,25.2,16.7,18.65,2.249,1.9,0.75,-0.3,-0.1
Hudsonville Winter Percussion,PSA,2023,3,0,0,0.0,0.0,0.0,0.0,0.0,0.0,0.0,0.0,0.0,0.0,69.3,20.4,14.1,21.5,13.3,0.0,0.0,0.0,0.0,0.0
Hudsonville Winter Percussion,PSA,2023,5,2,1,69.3,20.4,14.1,21.5,13.3,69.3,20.4,14.1,21.5,13.3,72.55,21.75,14.3,21.9,14.6,0.0,0.0,0.0,0.0,0.0
Hudsonville Winter Percussion,PSA,2023,8,3,2,70.925,21.075,14.2,21.7,13.95,72.55,21.75,14.3,21.9,14.6,82.05,25.05,16.2,24.4,16.4,3.25,1.35,0.2,0.4,1.3
Hudsonville Winter Percussion,PSA,2023,10,2,3,74.633,22.4,14.867,22.6,14.767,82.05,25.05,16.2,24.4,16.4,86.838,26.138,17.3,25.4,18.0,9.5,3.3,1.9,2.5,1.8
Irondale Combined Schools,PSA,2023,8,0,0,0.0,0.0,0.0,0.0,0.0,0.0,0.0,0.0,0.0,0.0,82.15,24.75,16.1,24.8,16.5,0.0,0.0,0.0,0.0,0.0
Irondale Combined Schools,PSA,2023,13,5,1,82.15,24.75,16.1,24.8,16.5,82.15,24.75,16.1,24.8,16.5,95.625,28.725,19.2,28.6,19.1,0.0,0.0,0.0,0.0,0.0
Jefferson County High School Indoor Percussion,PSA,2023,1,0,0,0.0,0.0,0.0,0.0,0.0,0.0,0.0,0.0,0.0,0.0,63.801,19.1,19.8,12.0,12.9,0.0,0.0,0.0,0.0,0.0
Jefferson County High School Indoor Percussion,PSA,2023,4,3,1,63.801,19.1,19.8,12.0,12.9,63.801,19.1,19.8,12.0,12.9,70.401,20.3,21.6,14.0,14.5,0.0,0.0,0.0,0.0,0.0
Jefferson County High School Indoor Percussion,PSA,2023,6,2,2,67.101,19.7,20.7,13.0,13.7,70.401,20.3,21.6,14.0,14.5,73.8,21.0,22.5,15.9,14.4,6.6,1.2,1.8,2.0,1.6
Jefferson County High School Indoor Percussion,PSA,2023,9,3,3,69.334,20.133,21.3,13.967,13.933,73.8,21.0,22.5,15.9,14.4,72.951,19.9,20.85,16.9,15.3,3.399,0.7,0.9,1.9,-0.1
Jefferson County High School Indoor Percussion,PSA,2023,10,1,4,70.238,20.075,21.188,14.7,14.275,72.951,19.9,20.85,16.9,15.3,79.251,21.3,23.85,17.0,17.1,-0.849,-1.1,-1.65,1.0,0.9
Jordan Elbridge,PSA,2023,2,0,0,0.0,0.0,0.0,0.0,0.0,0.0,0.0,0.0,0.0,0.0,69.0,20.5,21.3,13.7,13.5,0.0,0.0,0.0,0.0,0.0
Jordan Elbridge,PSA,2023,4,2,1,69.0,20.5,21.3,13.7,13.5,69.0,20.5,21.3,13.7,13.5,72.15,19.5,23.85,14.9,13.9,0.0,0.0,0.0,0.0,0.0
Jordan Elbridge,PSA,2023,5,1,2,70.575,20.0,22.575,14.3,13.7,72.15,19.5,23.85,14.9,13.9,75.95,21.8,23.55,15.4,15.2,3.15,-1.0,2.55,1.2,0.4
Jordan Elbridge,PSA,2023,7,2,3,72.367,20.6,22.9,14.667,14.2,75.95,21.8,23.55,15.4,15.2,79.3,23.3,23.7,15.8,16.5,3.8,2.3,-0.3,0.5,1.3
Jordan Elbridge,PSA,2023,9,2,4,74.1,21.275,23.1,14.95,14.775,79.3,23.3,23.7,15.8,16.5,82.05,24.5,24.15,16.5,16.9,3.35,1.5,0.15,0.4,1.3
Jordan Elbridge,PSA,2023,10,1,5,75.69,21.92,23.31,15.26,15.2,82.05,24.5,24.15,16.5,16.9,85.2,26.6,25.2,16.8,16.6,2.75,1.2,0.45,0.7,0.4
Kaneland HS,PSA,2023,5,0,0,0.0,0.0,0.0,0.0,0.0,0.0,0.0,0.0,0.0,0.0,67.401,19.5,13.6,21.0,13.3,0.0,0.0,0.0,0.0,0.0
Kaneland HS,PSA,2023,8,3,1,67.401,19.5,13.6,21.0,13.3,67.401,19.5,13.6,21.0,13.3,73.8,22.2,15.1,21.6,14.9,0.0,0.0,0.0,0.0,0.0
Karns High School Indoor Percussion,PSA,2023,1,0,0,0.0,0.0,0.0,0.0,0.0,0.0,0.0,0.0,0.0,0.0,67.65,20.0,21.15,13.2,13.3,0.0,0.0,0.0,0.0,0.0
Karns High School Indoor Percussion,PSA,2023,4,3,1,67.65,20.0,21.15,13.2,13.3,67.65,20.0,21.15,13.2,13.3,72.1,21.3,22.5,14.6,13.7,0.0,0.0,0.0,0.0,0.0
Karns High School Indoor Percussion,PSA,2023,6,2,2,69.875,20.65,21.825,13.9,13.5,72.1,21.3,22.5,14.6,13.7,75.35,22.1,22.35,16.0,14.9,4.45,1.3,1.35,1.4,0.4
Karns High School Indoor Percussion,PSA,2023,9,3,3,71.7,21.133,22.0,14.6,13.967,75.35,22.1,22.35,16.0,14.9,78.9,22.0,23.4,17.3,16.2,3.25,0.8,-0.15,1.4,1.2
Karns High School Indoor Percussion,PSA,2023,10,1,4,73.5,21.35,22.35,15.275,14.525,78.9,22.0,23.4,17.3,16.2,84.95,24.2,25.35,17.7,17.7,3.55,-0.1,1.05,1.3,1.3
La Canada HS,PSA,2023,2,0,0,0.0,0.0,0.0,0.0,0.0,0.0,0.0,0.0,0.0,0.0,76.2,23.7,14.0,24.1,14.4,0.0,0.0,0.0,0.0,0.0
La Canada HS,PSA,2023,7,5,1,76.2,23.7,14.0,24.1,14.4,76.2,23.7,14.0,24.1,14.4,80.95,24.45,16.3,24.1,16.1,0.0,0.0,0.0,0.0,0.0
Lake Hamilton Indoor Percussion,PSA,2023,7,0,0,0.0,0.0,0.0,0.0,0.0,0.0,0.0,0.0,0.0,0.0,73.95,22.35,14.9,21.3,15.4,0.0,0.0,0.0,0.0,0.0
Lake Hamilton Indoor Percussion,PSA,2023,10,3,1,73.95,22.35,14.9,21.3,15.4,73.95,22.35,14.9,21.3,15.4,86.4,24.6,17.7,26.4,17.7,0.0,0.0,0.0,0.0,0.0
Lake Orion Percussion,PSA,2023,4,0,0,0.0,0.0,0.0,0.0,0.0,0.0,0.0,0.0,0.0,0.0,71.8,22.2,14.6,20.5,14.5,0.0,0.0,0.0,0.0,0.0
Lake Orion Percussion,PSA,2023,7,3,1,71.8,22.2,14.6,20.5,14.5,71.8,22.2,14.6,20.5,14.5,81.0,23.4,16.1,25.6,15.9,0.0,0.0,0.0,0.0,0.0
Lakeway Christian Academy Percussion,PSA,2023,1,0,0,0.0,0.0,0.0,0.0,0.0,0.0,0.0,0.0,0.0,0.0,71.7,20.5,21.9,14.6,14.7,0.0,0.0,0.0,0.0,0.0
Lakeway Christian Academy Percussion,PSA,2023,4,3,1,71.7,20.5,21.9,14.6,14.7,71.7,20.5,21.9,14.6,14.7,74.75,21.0,23.55,15.8,14.4,0.0,0.0,0.0,0.0,0.0
Lakeway Christian Academy Percussion,PSA,2023,9,5,2,73.225,20.75,22.725,15.2,14.55,74.75,21.0,23.55,15.8,14.4,81.6,22.2,24.6,17.9,16.9,3.05,0.5,1.65,1.2,-0.3
Lakeway Christian Academy Percussion,PSA,2023,10,1,3,76.017,21.233,23.35,16.1,15.333,81.6,22.2,24.6,17.9,16.9,84.1,22.3,25.5,18.2,18.1,6.85,1.2,1.05,2.1,2.5
Liverpool,PSA,2023,3,0,0,0.0,0.0,0.0,0.0,0.0,0.0,0.0,0.0,0.0,0.0,71.5,22.0,22.5,13.8,13.2,0.0,0.0,0.0,0.0,0.0
Liverpool,PSA,2023,4,1,1,71.5,22.0,22.5,13.8,13.2,71.5,22.0,22.5,13.8,13.2,70.901,21.2,22.05,14.35,13.3,0.0,0.0,0.0,0.0,0.0
Liverpool,PSA,2023,9,5,2,71.2,21.6,22.275,14.075,13.25,70.901,21.2,22.05,14.35,13.3,80.176,25.5,23.775,15.2,15.7,-0.599,-0.8,-0.45,0.55,0.1
Liverpool,PSA,2023,10,1,3,74.192,22.9,22.775,14.45,14.067,80.176,25.5,23.775,15.2,15.7,81.876,26.9,23.775,15.4,15.8,9.275,4.3,1.725,0.85,2.4
Longmont Combined Schools,PSA,2023,7,0,0,0.0,0.0,0.0,0.0,0.0,0.0,0.0,0.0,0.0,0.0,82.35,25.05,16.7,24.9,15.7,0.0,0.0,0.0,0.0,0.0
Longmont Combined Schools,PSA,2023,13,6,1,82.35,25.05,16.7,24.9,15.7,82.35,25.05,16.7,24.9,15.7,92.864,28.613,17.95,27.875,18.425,0.0,0.0,0.0,0.0,0.0
Mission Viejo HS,PSA,2023,7,0,0,0.0,0.0,0.0,0.0,0.0,0.0,0.0,0.0,0.0,0.0,75.2,21.75,14.6,23.1,15.75,0.0,0.0,0.0,0.0,0.0
Mission Viejo HS,PSA,2023,12,5,1,75.2,21.75,14.6,23.1,15.75,75.2,21.75,14.6,23.1,15.75,87.151,26.175,16.9,26.425,17.65,0.0,0.0,0.0,0.0,0.0
Mohonasen,PSA,2023,3,0,0,0.0,0.0,0.0,0.0,0.0,0.0,0.0,0.0,0.0,0.0,62.7,19.3,18.6,12.3,12.5,0.0,0.0,0.0,0.0,0.0
Mohonasen,PSA,2023,8,5,1,62.7,19.3,18.6,12.3,12.5,62.7,19.3,18.6,12.3,12.5,67.601,19.5,20.7,13.8,13.6,0.0,0.0,0.0,0.0,0.0
Mohonasen,PSA,2023,10,2,2,65.15,19.4,19.65,13.05,13.05,67.601,19.5,20.7,13.8,13.6,68.2,23.2,18.9,13.2,12.9,4.901,0.2,2.1,1.5,1.1
Neshaminy High School,PSA,2023,4,0,0,0.0,0.0,0.0,0.0,0.0,0.0,0.0,0.0,0.0,0.0,64.851,20.0,19.35,13.1,12.4,0.0,0.0,0.0,0.0,0.0
Neshaminy High School,PSA,2023,5,1,1,64.851,20.0,19.35,13.1,12.4,64.851,20.0,19.35,13.1,12.4,66.15,19.8,20.25,13.2,12.9,0.0,0.0,0.0,0.0,0.0
Neshaminy High School,PSA,2023,9,4,2,65.5,19.9,19.8,13.15,12.65,66.15,19.8,20.25,13.2,12.9,72.5,22.1,22.8,13.6,14.0,1.299,-0.2,0.9,0.1,0.5
Neshaminy High School,PSA,2023,10,1,3,67.834,20.633,20.8,13.3,13.1,72.5,22.1,22.8,13.6,14.0,71.7,23.4,20.7,13.8,13.8,6.35,2.3,2.55,0.4,1.1
Neshaminy High School,PSA,2023,12,2,4,68.8,21.325,20.775,13.425,13.275,71.7,23.4,20.7,13.8,13.8,73.375,23.5,21.675,14.1,14.1,-0.8,1.3,-2.1,0.2,-0.2
New Hartford,PSA,2023,3,0,0,0.0,0.0,0.0,0.0,0.0,0.0,0.0,0.0,0.0,0.0,73.4,22.6,23.4,14.3,13.1,0.0,0.0,0.0,0.0,0.0
New Hartford,PSA,2023,4,1,1,73.4,22.6,23.4,14.3,13.1,73.4,22.6,23.4,14.3,13.1,70.501,21.7,20.7,14.5,13.6,0.0,0.0,0.0,0.0,0.0
New Hartford,PSA,2023,7,3,2,71.95,22.15,22.05,14.4,13.35,70.501,21.7,20.7,14.5,13.6,81.9,24.8,25.2,15.6,16.3,-2.899,-0.9,-2.7,0.2,0.5
New Hartford,PSA,2023,9,2,3,75.267,23.033,23.1,14.8,14.333,81.9,24.8,25.2,15.6,16.3,86.35,26.8,25.65,17.2,16.7,11.399,3.1,4.5,1.1,2.7
New Hartford,PSA,2023,10,1,4,78.038,23.975,23.737,15.4,14.925,86.35,26.8,25.65,17.2,16.7,84.65,27.7,24.75,15.8,16.4,4.45,2.0,0.45,1.6,0.4
Noblesville HS,PSA,2023,6,0,0,0.0,0.0,0.0,0.0,0.0,0.0,0.0,0.0,0.0,0.0,77.65,23.25,15.3,24.2,14.9,0.0,0.0,0.0,0.0,0.0
Noblesville HS,PSA,2023,13,7,1,77.65,23.25,15.3,24.2,14.9,77.65,23.25,15.3,24.2,14.9,93.25,28.725,18.05,28.175,18.3,0.0,0.0,0.0,0.0,0.0
North Penn,PSA,2023,4,0,0,0.0,0.0,0.0,0.0,0.0,0.0,0.0,0.0,0.0,0.0,68.551,20.8,20.85,13.6,13.3,0.0,0.0,0.0,0.0,0.0
North Penn,PSA,2023,5,1,1,68.551,20.8,20.85,13.6,13.3,68.551,20.8,20.85,13.6,13.3,71.976,22.4,21.825,14.35,13.4,0.0,0.0,0.0,0.0,0.0
North Penn,PSA,2023,7,2,2,70.264,21.6,21.338,13.975,13.35,71.976,22.4,21.825,14.35,13.4,73.6,21.8,22.2,15.2,14.4,3.425,1.6,0.975,0.75,0.1
North Penn,PSA,2023,10,3,3,71.376,21.667,21.625,14.383,13.7,73.6,21.8,22.2,15.2,14.4,73.9,23.0,21.6,14.9,14.4,1.624,-0.6,0.375,0.85,1.0
North Penn,PSA,2023,12,2,4,72.007,22.0,21.619,14.512,13.875,73.9,23.0,21.6,14.9,14.4,79.65,24.7,24.15,15.4,15.4,0.3,1.2,-0.6,-0.3,0.0
Novi Winter Percussion,PSA,2023,4,0,0,0.0,0.0,0.0,0.0,0.0,0.0,0.0,0.0,0.0,0.0,70.3,21.9,13.5,20.7,14.2,0.0,0.0,0.0,0.0,0.0
Novi Winter Percussion,PSA,2023,7,3,1,70.3,21.9,13.5,20.7,14.2,70.3,21.9,13.5,20.7,14.2,74.55,22.65,14.9,23.3,13.7,0.0,0.0,0.0,0.0,0.0
Novi Winter Percussion,PSA,2023,10,3,2,72.425,22.275,14.2,22.0,13.95,74.55,22.65,14.9,23.3,13.7,82.8,25.05,16.15,24.95,16.65,4.25,0.75,1.4,2.6,-0.5
Nutley HS,PSA,2023,5,0,0,0.0,0.0,0.0,0.0,0.0,0.0,0.0,0.0,0.0,0.0,75.751,22.65,13.8,24.3,15.0,0.0,0.0,0.0,0.0,0.0
Nutley HS,PSA,2023,8,3,1,75.751,22.65,13.8,24.3,15.0,75.751,22.65,13.8,24.3,15.0,85.051,24.75,17.3,24.95,18.05,0.0,0.0,0.0,0.0,0.0
Oak Grove HS (MS),PSA,2023,7,0,0,0.0,0.0,0.0,0.0,0.0,0.0,0.0,0.0,0.0,0.0,80.85,25.05,16.8,23.0,16.0,0.0,0.0,0.0,0.0,0.0
Oak Grove HS (MS),PSA,2023,13,6,1,80.85,25.05,16.8,23.0,16.0,80.85,25.05,16.8,23.0,16.0,92.276,28.575,18.2,27.525,17.975,0.0,0.0,0.0,0.0,0.0
Oak Ridge HS,PSA,2023,7,0,0,0.0,0.0,0.0,0.0,0.0,0.0,0.0,0.0,0.0,0.0,83.15,24.6,16.9,25.45,16.2,0.0,0.0,0.0,0.0,0.0
Oak Ridge HS,PSA,2023,13,6,1,83.15,24.6,16.9,25.45,16.2,83.15,24.6,16.9,25.45,16.2,88.375,27.225,16.5,28.15,16.5,0.0,0.0,0.0,0.0,0.0
Oak Ridge Indoor Percussion,PSA,2023,1,0,0,0.0,0.0,0.0,0.0,0.0,0.0,0.0,0.0,0.0,0.0,75.2,21.1,22.8,15.6,15.7,0.0,0.0,0.0,0.0,0.0
Oak Ridge Indoor Percussion,PSA,2023,4,3,1,75.2,21.1,22.8,15.6,15.7,75.2,21.1,22.8,15.6,15.7,79.4,23.7,24.0,16.2,15.5,0.0,0.0,0.0,0.0,0.0
Oak Ridge Indoor Percussion,PSA,2023,10,6,2,77.3,22.4,23.4,15.9,15.6,79.4,23.7,24.0,16.2,15.5,88.65,25.7,26.55,18.5,17.9,4.2,2.6,1.2,0.6,-0.2
Owen J Roberts,PSA,2023,3,0,0,0.0,0.0,0.0,0.0,0.0,0.0,0.0,0.0,0.0,0.0,71.75,21.2,21.15,13.9,15.5,0.0,0.0,0.0,0.0,0.0
Owen J Roberts,PSA,2023,5,2,1,71.75,21.2,21.15,13.9,15.5,71.75,21.2,21.15,13.9,15.5,77.5,23.2,24.3,14.5,15.5,0.0,0.0,0.0,0.0,0.0
Owen J Roberts,PSA,2023,6,1,2,74.625,22.2,22.725,14.2,15.5,77.5,23.2,24.3,14.5,15.5,81.95,23.9,24.75,16.4,16.9,5.75,2.0,3.15,0.6,0.0
Owen J Roberts,PSA,2023,7,1,3,77.067,22.767,23.4,14.933,15.967,81.95,23.9,24.75,16.4,16.9,79.4,23.7,23.4,16.1,16.2,4.45,0.7,0.45,1.9,1.4
Owen J Roberts,PSA,2023,10,3,4,77.65,23.0,23.4,15.225,16.025,79.4,23.7,23.4,16.1,16.2,88.775,26.7,27.075,16.9,18.1,-2.55,-0.2,-1.35,-0.3,-0.7
Owen J Roberts,PSA,2023,12,2,5,79.875,23.74,24.135,15.56,16.44,88.775,26.7,27.075,16.9,18.1,91.15,26.75,27.9,17.7,18.8,9.375,3.0,3.675,0.8,1.9
Paragould Indoor Percussion,PSA,2023,6,0,0,0.0,0.0,0.0,0.0,0.0,0.0,0.0,0.0,0.0,0.0,77.05,22.35,15.6,22.9,16.2,0.0,0.0,0.0,0.0,0.0
Paragould Indoor Percussion,PSA,2023,10,4,1,77.05,22.35,15.6,22.9,16.2,77.05,22.35,15.6,22.9,16.2,84.7,24.9,17.4,25.0,17.4,0.0,0.0,0.0,0.0,0.0
Parkland,PSA,2023,7,0,0,0.0,0.0,0.0,0.0,0.0,0.0,0.0,0.0,0.0,0.0,67.95,20.7,21.45,12.4,13.4,0.0,0.0,0.0,0.0,0.0
Parkland,PSA,2023,10,3,1,67.95,20.7,21.45,12.4,13.4,67.95,20.7,21.45,12.4,13.4,76.35,22.1,23.55,15.3,15.4,0.0,0.0,0.0,0.0,0.0
Parkland,PSA,2023,12,2,2,72.15,21.4,22.5,13.85,14.4,76.35,22.1,23.55,15.3,15.4,79.9,23.7,23.4,15.9,16.9,8.4,1.4,2.1,2.9,2.0
Pennridge,PSA,2023,5,0,0,0.0,0.0,0.0,0.0,0.0,0.0,0.0,0.0,0.0,0.0,71.651,21.5,22.5,14.15,13.5,0.0,0.0,0.0,0.0,0.0
Pennridge,PSA,2023,6,1,1,71.651,21.5,22.5,14.15,13.5,71.651,21.5,22.5,14.15,13.5,75.15,22.0,22.35,15.3,15.5,0.0,0.0,0.0,0.0,0.0
Pennridge,PSA,2023,7,1,2,73.4,21.75,22.425,14.725,14.5,75.15,22.0,22.35,15.3,15.5,78.6,22.9,24.6,15.3,15.8,3.499,0.5,-0.15,1.15,2.0
Pennridge,PSA,2023,10,3,3,75.134,22.133,23.15,14.917,14.933,78.6,22.9,24.6,15.3,15.8,86.351,26.2,26.1,17.1,16.95,3.45,0.9,2.25,0.0,0.3
Pennridge,PSA,2023,12,2,4,77.938,23.15,23.888,15.462,15.438,86.351,26.2,26.1,17.1,16.95,89.525,26.9,27.675,17.4,17.55,7.751,3.3,1.5,1.8,1.15
Perkiomen Valley,PSA,2023,3,0,0,0.0,0.0,0.0,0.0,0.0,0.0,0.0,0.0,0.0,0.0,67.5,20.2,19.5,13.8,14.0,0.0,0.0,0.0,0.0,0.0
Perkiomen Valley,PSA,2023,5,2,1,67.5,20.2,19.5,13.8,14.0,67.5,20.2,19.5,13.8,14.0,75.85,22.1,22.35,16.1,15.3,0.0,0.0,0.0,0.0,0.0
Perkiomen Valley,PSA,2023,10,5,2,71.675,21.15,20.925,14.95,14.65,75.85,22.1,22.35,16.1,15.3,84.301,24.7,24.0,18.4,17.2,8.35,1.9,2.85,2.3,1.3
Perkiomen Valley,PSA,2023,12,2,3,75.884,22.333,21.95,16.1,15.5,84.301,24.7,24.0,18.4,17.2,88.351,25.15,26.1,18.5,18.6,8.451,2.6,1.65,2.3,1.9
Perry HS,PSA,2023,7,0,0,0.0,0.0,0.0,0.0,0.0,0.0,0.0,0.0,0.0,0.0,69.101,19.2,13.6,23.2,13.1,0.0,0.0,0.0,0.0,0.0
Perry HS,PSA,2023,9,2,1,69.101,19.2,13.6,23.2,13.1,69.101,19.2,13.6,23.2,13.1,73.751,22.95,11.8,25.8,13.2,0.0,0.0,0.0,0.0,0.0
Phoenix Indoor Percussion,PSA,2023,4,0,0,0.0,0.0,0.0,0.0,0.0,0.0,0.0,0.0,0.0,0.0,72.55,21.8,22.05,14.0,14.7,0.0,0.0,0.0,0.0,0.0
Phoenix Indoor Percussion,PSA,2023,8,4,1,72.55,21.8,22.05,14.0,14.7,72.55,21.8,22.05,14.0,14.7,79.3,24.4,22.5,16.5,15.9,0.0,0.0,0.0,0.0,0.0
Phoenix Indoor Percussion,PSA,2023,10,2,2,75.925,23.1,22.275,15.25,15.3,79.3,24.4,22.5,16.5,15.9,83.15,25.9,23.55,16.9,16.8,6.75,2.6,0.45,2.5,1.2
Phoenixville,PSA,2023,7,0,0,0.0,0.0,0.0,0.0,0.0,0.0,0.0,0.0,0.0,0.0,68.3,20.0,20.85,13.65,13.8,0.0,0.0,0.0,0.0,0.0
Phoenixville,PSA,2023,9,2,1,68.3,20.0,20.85,13.65,13.8,68.3,20.0,20.85,13.65,13.8,73.0,22.6,21.9,14.2,14.3,0.0,0.0,0.0,0.0,0.0
Phoenixville,PSA,2023,10,1,2,70.65,21.3,21.375,13.925,14.05,73.0,22.6,21.9,14.2,14.3,73.575,22.5,21.825,14.45,14.8,4.7,2.6,1.05,0.55,0.5
Phoenixville,PSA,2023,12,2,3,71.625,21.7,21.525,14.1,14.3,73.575,22.5,21.825,14.45,14.8,79.725,24.3,24.525,14.7,16.2,0.575,-0.1,-0.075,0.25,0.5
Pleasant Grove HS,PSA,2023,7,0,0,0.0,0.0,0.0,0.0,0.0,0.0,0.0,0.0,0.0,0.0,69.651,20.25,13.2,23.2,13.0,0.0,0.0,0.0,0.0,0.0
Pleasant Grove HS,PSA,2023,9,2,1,69.651,20.25,13.2,23.2,13.0,69.651,20.25,13.2,23.2,13.0,78.001,22.5,16.6,24.2,14.7,0.0,0.0,0.0,0.0,0.0
Port Huron Northern Thunder Percussion,PSA,2023,4,0,0,0.0,0.0,0.0,0.0,0.0,0.0,0.0,0.0,0.0,0.0,67.3,21.3,13.9,19.1,13.0,0.0,0.0,0.0,0.0,0.0
Port Huron Northern Thunder Percussion,PSA,2023,8,4,1,67.3,21.3,13.9,19.1,13.0,67.3,21.3,13.9,19.1,13.0,74.65,23.85,14.2,22.1,14.5,0.0,0.0,0.0,0.0,0.0
Port Huron Northern Thunder Percussion,PSA,2023,10,2,2,70.975,22.575,14.05,20.6,13.75,74.65,23.85,14.2,22.1,14.5,77.851,23.7,15.45,22.8,15.9,7.35,2.55,0.3,3.0,1.5
Quakertown,PSA,2023,4,0,0,0.0,0.0,0.0,0.0,0.0,0.0,0.0,0.0,0.0,0.0,68.151,20.7,19.05,14.6,13.8,0.0,0.0,0.0,0.0,0.0
Quakertown,PSA,2023,6,2,1,68.151,20.7,19.05,14.6,13.8,68.151,20.7,19.05,14.6,13.8,73.651,21.4,22.95,14.6,14.7,0.0,0.0,0.0,0.0,0.0
Quakertown,PSA,2023,9,3,2,70.901,21.05,21.0,14.6,14.25,73.651,21.4,22.95,14.6,14.7,81.4,25.4,24.9,15.8,15.3,5.5,0.7,3.9,0.0,0.9
Quakertown,PSA,2023,10,1,3,74.401,22.5,22.3,15.0,14.6,81.4,25.4,24.9,15.8,15.3,81.475,25.55,23.775,16.85,15.3,7.749,4.0,1.95,1.2,0.6
Quakertown,PSA,2023,12,2,4,76.169,23.262,22.669,15.462,14.775,81.475,25.55,23.775,16.85,15.3,85.325,25.2,26.025,17.1,17.0,0.075,0.15,-1.125,1.05,0.0
Rancho Verde HS,PSA,2023,7,0,0,0.0,0.0,0.0,0.0,0.0,0.0,0.0,0.0,0.0,0.0,78.75,24.45,15.8,23.2,15.3,0.0,0.0,0.0,0.0,0.0
Rancho Verde HS,PSA,2023,12,5,1,78.75,24.45,15.8,23.2,15.3,78.75,24.45,15.8,23.2,15.3,88.351,26.25,17.35,27.5,17.25,0.0,0.0,0.0,0.0,0.0
Rock Hill HS,PSA,2023,6,0,0,0.0,0.0,0.0,0.0,0.0,0.0,0.0,0.0,0.0,0.0,71.9,21.6,14.7,21.2,14.4,0.0,0.0,0.0,0.0,0.0
Rock Hill HS,PSA,2023,8,2,1,71.9,21.6,14.7,21.2,14.4,71.9,21.6,14.7,21.2,14.4,75.001,21.9,15.4,23.1,14.6,0.0,0.0,0.0,0.0,0.0
San Marino HS,PSA,2023,2,0,0,0.0,0.0,0.0,0.0,0.0,0.0,0.0,0.0,0.0,0.0,65.0,20.7,10.5,21.2,12.6,0.0,0.0,0.0,0.0,0.0
San Marino HS,PSA,2023,7,5,1,65.0,20.7,10.5,21.2,12.6,65.0,20.7,10.5,21.2,12.6,64.75,18.75,13.0,20.5,12.5,0.0,0.0,0.0,0.0,0.0
Scottsburg HS,PSA,2023,6,0,0,0.0,0.0,0.0,0.0,0.0,0.0,0.0,0.0,0.0,0.0,68.95,21.5,20.25,13.4,13.8,0.0,0.0,0.0,0.0,0.0
Scottsburg HS,PSA,2023,10,4,1,68.95,21.5,20.25,13.4,13.8,68.95,21.5,20.25,13.4,13.8,80.65,24.0,24.45,16.0,16.2,0.0,0.0,0.0,0.0,0.0
Seymour Percussion,PSA,2023,1,0,0,0.0,0.0,0.0,0.0,0.0,0.0,0.0,0.0,0.0,0.0,69.9,19.0,22.2,14.2,14.5,0.0,0.0,0.0,0.0,0.0
Seymour Percussion,PSA,2023,5,4,1,69.9,19.0,22.2,14.2,14.5,69.9,19.0,22.2,14.2,14.5,77.225,22.4,23.925,16.0,14.9,0.0,0.0,0.0,0.0,0.0
Seymour Percussion,PSA,2023,9,4,2,73.562,20.7,23.062,15.1,14.7,77.225,22.4,23.925,16.0,14.9,75.35,21.2,21.75,16.7,15.7,7.325,3.4,1.725,1.8,0.4
Seymour Percussion,PSA,2023,10,1,3,74.158,20.867,22.625,15.633,15.033,75.35,21.2,21.75,16.7,15.7,81.251,22.7,24.15,16.8,17.6,-1.875,-1.2,-2.175,0.7,0.8
South Lyon Percussion (SLP),PSA,2023,4,0,0,0.0,0.0,0.0,0.0,0.0,0.0,0.0,0.0,0.0,0.0,62.601,20.1,11.9,18.2,12.4,0.0,0.0,0.0,0.0,0.0
South Lyon Percussion (SLP),PSA,2023,5,1,1,62.601,20.1,11.9,18.2,12.4,62.601,20.1,11.9,18.2,12.4,63.55,18.15,12.3,20.9,12.2,0.0,0.0,0.0,0.0,0.0
South Lyon Percussion (SLP),PSA,2023,7,2,2,63.076,19.125,12.1,19.55,12.3,63.55,18.15,12.3,20.9,12.2,65.701,20.1,12.6,20.8,12.2,0.949,-1.95,0.4,2.7,-0.2
South Lyon Percussion (SLP),PSA,2023,10,3,3,63.951,19.45,12.267,19.967,12.267,65.701,20.1,12.6,20.8,12.2,75.526,23.025,15.3,21.95,15.25,2.151,1.95,0.3,-0.1,0.0
Southern Regional,PSA,2023,3,0,0,0.0,0.0,0.0,0.0,0.0,0.0,0.0,0.0,0.0,0.0,69.85,20.5,20.25,14.7,14.4,0.0,0.0,0.0,0.0,0.0
Southern Regional,PSA,2023,7,4,1,69.85,20.5,20.25,14.7,14.4,69.85,20.5,20.25,14.7,14.4,76.626,23.4,23.325,14.3,15.6,0.0,0.0,0.0,0.0,0.0
Southern Regional,PSA,2023,9,2,2,73.238,21.95,21.788,14.5,15.0,76.626,23.4,23.325,14.3,15.6,82.55,25.1,25.35,16.0,16.1,6.776,2.9,3.075,-0.4,1.2
Southern Regional,PSA,2023,10,1,3,76.342,23.0,22.975,15.0,15.367,82.55,25.1,25.35,16.0,16.1,86.85,25.7,25.65,18.2,17.3,5.924,1.7,2.025,1.7,0.5
Southern Regional,PSA,2023,12,2,4,78.969,23.675,23.644,15.8,15.85,86.85,25.7,25.65,18.2,17.3,88.626,26.1,27.525,18.2,16.8,4.3,0.6,0.3,2.2,1.2
Spring-Ford,PSA,2023,3,0,0,0.0,0.0,0.0,0.0,0.0,0.0,0.0,0.0,0.0,0.0,71.7,22.6,20.4,14.0,14.7,0.0,0.0,0.0,0.0,0.0
Spring-Ford,PSA,2023,4,1,1,71.7,22.6,20.4,14.0,14.7,71.7,22.6,20.4,14.0,14.7,76.15,23.0,22.35,15.3,15.5,0.0,0.0,0.0,0.0,0.0
Spring-Ford,PSA,2023,7,3,2,73.925,22.8,21.375,14.65,15.1,76.15,23.0,22.35,15.3,15.5,79.6,24.2,25.35,14.9,15.15,4.45,0.4,1.95,1.3,0.8
Spring-Ford,PSA,2023,10,3,3,75.817,23.267,22.7,14.733,15.117,79.6,24.2,25.35,14.9,15.15,83.976,26.25,24.525,17.05,16.15,3.45,1.2,3.0,-0.4,-0.35
Spring-Ford,PSA,2023,12,2,4,77.857,24.012,23.156,15.312,15.375,83.976,26.25,24.525,17.05,16.15,89.475,26.8,26.775,18.0,17.9,4.376,2.05,-0.825,2.15,1.0
Thurston Winter Percussion,PSA,2023,4,0,0,0.0,0.0,0.0,0.0,0.0,0.0,0.0,0.0,0.0,0.0,64.551,20.55,12.1,19.0,12.9,0.0,0.0,0.0,0.0,0.0
Thurston Winter Percussion,PSA,2023,7,3,1,64.551,20.55,12.1,19.0,12.9,64.551,20.55,12.1,19.0,12.9,68.951,22.05,13.5,19.6,13.8,0.0,0.0,0.0,0.0,0.0
Thurston Winter Percussion,PSA,2023,10,3,2,66.751,21.3,12.8,19.3,13.35,68.951,22.05,13.5,19.6,13.8,75.951,23.85,14.7,22.1,15.3,4.4,1.5,1.4,0.6,0.9
Unionville,PSA,2023,4,0,0,0.0,0.0,0.0,0.0,0.0,0.0,0.0,0.0,0.0,0.0,75.15,23.7,20.55,15.7,15.2,0.0,0.0,0.0,0.0,0.0
Unionville,PSA,2023,5,1,1,75.15,23.7,20.55,15.7,15.2,75.15,23.7,20.55,15.7,15.2,77.975,23.5,22.275,16.4,15.8,0.0,0.0,0.0,0.0,0.0
Unionville,PSA,2023,10,5,2,76.562,23.6,21.412,16.05,15.5,77.975,23.5,22.275,16.4,15.8,89.3,26.6,27.15,17.4,18.15,2.825,-0.2,1.725,0.7,0.6
Unionville,PSA,2023,12,2,3,80.808,24.6,23.325,16.5,16.383,89.3,26.6,27.15,17.4,18.15,91.05,27.5,26.85,17.95,18.75,11.325,3.1,4.875,1.0,2.35
Upper Darby,PSA,2023,4,0,0,0.0,0.0,0.0,0.0,0.0,0.0,0.0,0.0,0.0,0.0,72.0,21.6,20.4,14.9,15.1,0.0,0.0,0.0,0.0,0.0
Upper Darby,PSA,2023,5,1,1,72.0,21.6,20.4,14.9,15.1,72.0,21.6,20.4,14.9,15.1,75.3,21.4,23.1,15.6,15.2,0.0,0.0,0.0,0.0,0.0
Upper Darby,PSA,2023,9,4,2,73.65,21.5,21.75,15.25,15.15,75.3,21.4,23.1,15.6,15.2,78.351,22.5,24.75,15.2,15.9,3.3,-0.2,2.7,0.7,0.1
Upper Darby,PSA,2023,10,1,3,75.217,21.833,22.75,15.233,15.4,78.351,22.5,24.75,15.2,15.9,79.6,24.2,23.1,15.8,16.5,3.051,1.1,1.65,-0.4,0.7
Upper Darby,PSA,2023,12,2,4,76.313,22.425,22.838,15.375,15.675,79.6,24.2,23.1,15.8,16.5,82.575,24.1,25.275,15.8,17.4,1.249,1.7,-1.65,0.6,0.6
Vandebilt Catholic HS,PSA,2023,7,0,0,0.0,0.0,0.0,0.0,0.0,0.0,0.0,0.0,0.0,0.0,80.9,24.75,16.3,24.3,15.55,0.0,0.0,0.0,0.0,0.0
Vandebilt Catholic HS,PSA,2023,13,6,1,80.9,24.75,16.3,24.3,15.55,80.9,24.75,16.3,24.3,15.55,93.5,28.425,18.25,28.7,18.125,0.0,0.0,0.0,0.0,0.0
Victor,PSA,2023,2,0,0,0.0,0.0,0.0,0.0,0.0,0.0,0.0,0.0,0.0,0.0,68.95,21.4,21.15,12.4,14.0,0.0,0.0,0.0,0.0,0.0
Victor,PSA,2023,4,2,1,68.95,21.4,21.15,12.4,14.0,68.95,21.4,21.15,12.4,14.0,76.4,23.2,24.0,14.6,14.6,0.0,0.0,0.0,0.0,0.0
Victor,PSA,2023,7,3,2,72.675,22.3,22.575,13.5,14.3,76.4,23.2,24.0,14.6,14.6,81.85,25.0,24.75,15.7,16.4,7.45,1.8,2.85,2.2,0.6
Victor,PSA,2023,9,2,3,75.733,23.2,23.3,14.233,15.0,81.85,25.0,24.75,15.7,16.4,87.95,26.6,26.55,17.5,17.3,5.45,1.8,0.75,1.1,1.8
Victor,PSA,2023,10,1,4,78.788,24.05,24.112,15.05,15.575,87.95,26.6,26.55,17.5,17.3,87.1,28.0,26.25,16.2,16.65,6.1,1.6,1.8,1.8,0.9
Webster,PSA,2023,2,0,0,0.0,0.0,0.0,0.0,0.0,0.0,0.0,0.0,0.0,0.0,61.051,20.2,17.85,11.5,11.5,0.0,0.0,0.0,0.0,0.0
Webster,PSA,2023,4,2,1,61.051,20.2,17.85,11.5,11.5,61.051,20.2,17.85,11.5,11.5,64.451,18.7,21.15,12.0,12.6,0.0,0.0,0.0,0.0,0.0
Webster,PSA,2023,7,3,2,62.751,19.45,19.5,11.75,12.05,64.451,18.7,21.15,12.0,12.6,72.901,23.0,22.5,13.2,14.2,3.4,-1.5,3.3,0.5,1.1
Webster,PSA,2023,8,1,3,66.134,20.633,20.5,12.233,12.767,72.901,23.0,22.5,13.2,14.2,72.951,21.6,22.65,14.2,14.5,8.45,4.3,1.35,1.2,1.6
Webster,PSA,2023,9,1,4,67.838,20.875,21.038,12.725,13.2,72.951,21.6,22.65,14.2,14.5,75.701,24.6,21.9,14.6,14.6,0.05,-1.4,0.15,1.0,0.3
Webster,PSA,2023,10,1,5,69.411,21.62,21.21,13.1,13.48,75.701,24.6,21.9,14.6,14.6,72.3,24.4,20.1,14.4,13.4,2.75,3.0,-0.75,0.4,0.1
West Milford HS,PSA,2023,5,0,0,0.0,0.0,0.0,0.0,0.0,0.0,0.0,0.0,0.0,0.0,74.801,22.5,14.1,22.6,15.6,0.0,0.0,0.0,0.0,0.0
West Milford HS,PSA,2023,8,3,1,74.801,22.5,14.1,22.6,15.6,74.801,22.5,14.1,22.6,15.6,78.5,23.4,14.9,23.6,16.6,0.0,0.0,0.0,0.0,0.0
Westhill HS,PSA,2023,5,0,0,0.0,0.0,0.0,0.0,0.0,0.0,0.0,0.0,0.0,0.0,69.95,20.25,14.0,21.7,14.0,0.0,0.0,0.0,0.0,0.0
Westhill HS,PSA,2023,8,3,1,69.95,20.25,14.0,21.7,14.0,69.95,20.25,14.0,21.7,14.0,78.4,24.0,15.6,23.3,15.5,0.0,0.0,0.0,0.0,0.0
Williams Field HS,PSA,2023,7,0,0,0.0,0.0,0.0,0.0,0.0,0.0,0.0,0.0,0.0,0.0,82.425,25.125,16.6,25.0,15.7,0.0,0.0,0.0,0.0,0.0
Williams Field HS,PSA,2023,9,2,1,82.425,25.125,16.6,25.0,15.7,82.425,25.125,16.6,25.0,15.7,85.25,25.65,17.3,25.7,16.6,0.0,0.0,0.0,0.0,0.0
Atlanta Quest,PIW,2023,5,0,0,0.0,0.0,0.0,0.0,0.0,0.0,0.0,0.0,0.0,0.0,80.3,24.9,16.4,24.4,14.6,0.0,0.0,0.0,0.0,0.0
Atlanta Quest,PIW,2023,8,3,1,80.3,24.9,16.4,24.4,14.6,80.3,24.9,16.4,24.4,14.6,83.9,23.7,16.6,25.6,18.0,0.0,0.0,0.0,0.0,0.0
Atlanta Quest,PIW,2023,13,5,2,82.1,24.3,16.5,25.0,16.3,83.9,23.7,16.6,25.6,18.0,90.9,27.45,17.85,27.5,18.1,3.6,-1.2,0.2,1.2,3.4
Audio Theater,PIW,2023,7,0,0,0.0,0.0,0.0,0.0,0.0,0.0,0.0,0.0,0.0,0.0,80.25,24.45,15.5,24.7,15.6,0.0,0.0,0.0,0.0,0.0
Audio Theater,PIW,2023,8,1,1,80.25,24.45,15.5,24.7,15.6,80.25,24.45,15.5,24.7,15.6,80.4,24.3,15.8,23.8,16.5,0.0,0.0,0.0,0.0,0.0
Broken City,PIW,2023,6,0,0,0.0,0.0,0.0,0.0,0.0,0.0,0.0,0.0,0.0,0.0,92.55,28.05,18.3,28.2,18.0,0.0,0.0,0.0,0.0,0.0
Broken City,PIW,2023,7,1,1,92.55,28.05,18.3,28.2,18.0,92.55,28.05,18.3,28.2,18.0,91.6,27.6,18.5,26.9,18.6,0.0,0.0,0.0,0.0,0.0
Broken City,PIW,2023,9,2,2,92.075,27.825,18.4,27.55,18.3,91.6,27.6,18.5,26.9,18.6,92.5,27.6,18.2,28.3,18.4,-0.95,-0.45,0.2,-1.3,0.6
Broken City,PIW,2023,13,4,3,92.217,27.75,18.333,27.8,18.333,92.5,27.6,18.2,28.3,18.4,96.125,29.25,19.075,28.3,19.5,0.9,0.0,-0.3,1.4,-0.2
Cap City Percussion,PIW,2023,6,0,0,0.0,0.0,0.0,0.0,0.0,0.0,0.0,0.0,0.0,0.0,80.65,24.15,15.8,24.7,16.0,0.0,0.0,0.0,0.0,0.0
Cap City Percussion,PIW,2023,8,2,1,80.65,24.15,15.8,24.7,16.0,80.65,24.15,15.8,24.7,16.0,87.275,27.225,17.3,25.6,17.15,0.0,0.0,0.0,0.0,0.0
Cap City Percussion,PIW,2023,13,5,2,83.962,25.688,16.55,25.15,16.575,87.275,27.225,17.3,25.6,17.15,88.825,27.075,17.875,26.475,17.4,6.625,3.075,1.5,0.9,1.15
ConneXus,PIW,2023,6,0,0,0.0,0.0,0.0,0.0,0.0,0.0,0.0,0.0,0.0,0.0,82.9,24.6,16.2,25.9,16.2,0.0,0.0,0.0,0.0,0.0
ConneXus,PIW,2023,8,2,1,82.9,24.6,16.2,25.9,16.2,82.9,24.6,16.2,25.9,16.2,85.75,26.85,16.8,24.9,17.2,0.0,0.0,0.0,0.0,0.0
ConneXus,PIW,2023,13,5,2,84.325,25.725,16.5,25.4,16.7,85.75,26.85,16.8,24.9,17.2,91.138,27.863,18.125,26.775,18.375,2.85,2.25,0.6,-1.0,1.0
Dark Sky,PIW,2023,3,0,0,0.0,0.0,0.0,0.0,0.0,0.0,0.0,0.0,0.0,0.0,80.1,25.2,16.2,23.0,15.7,0.0,0.0,0.0,0.0,0.0
Dark Sky,PIW,2023,6,3,1,80.1,25.2,16.2,23.0,15.7,80.1,25.2,16.2,23.0,15.7,86.1,26.7,16.7,25.6,17.1,0.0,0.0,0.0,0.0,0.0
Dark Sky,PIW,2023,9,3,2,83.1,25.95,16.45,24.3,16.4,86.1,26.7,16.7,25.6,17.1,86.876,25.875,16.5,27.65,16.85,6.0,1.5,0.5,2.6,1.4
Dark Sky,PIW,2023,13,4,3,84.359,25.925,16.467,25.417,16.55,86.876,25.875,16.5,27.65,16.85,85.8,25.95,17.025,25.8,17.025,0.776,-0.825,-0.2,2.05,-0.25
Flux Indoor Percussion,PIW,2023,7,0,0,0.0,0.0,0.0,0.0,0.0,0.0,0.0,0.0,0.0,0.0,83.35,24.75,16.4,25.2,17.0,0.0,0.0,0.0,0.0,0.0
Flux Indoor Percussion,PIW,2023,9,2,1,83.35,24.75,16.4,25.2,17.0,83.35,24.75,16.4,25.2,17.0,84.676,26.925,16.7,25.75,15.3,0.0,0.0,0.0,0.0,0.0
George Mason University,PIW,2023,6,0,0,0.0,0.0,0.0,0.0,0.0,0.0,0.0,0.0,0.0,0.0,83.15,25.65,16.6,24.6,16.3,0.0,0.0,0.0,0.0,0.0
George Mason University,PIW,2023,8,2,1,83.15,25.65,16.6,24.6,16.3,83.15,25.65,16.6,24.6,16.3,90.75,26.55,19.0,27.0,18.2,0.0,0.0,0.0,0.0,0.0
George Mason University,PIW,2023,13,5,2,86.95,26.1,17.8,25.8,17.25,90.75,26.55,19.0,27.0,18.2,92.876,27.975,18.875,27.5,18.525,7.6,0.9,2.4,2.4,1.9
Gold Indoor Percussion,PIW,2023,3,0,0,0.0,0.0,0.0,0.0,0.0,0.0,0.0,0.0,0.0,0.0,78.5,23.7,15.9,22.4,16.5,0.0,0.0,0.0,0.0,0.0
Gold Indoor Percussion,PIW,2023,5,2,1,78.5,23.7,15.9,22.4,16.5,78.5,23.7,15.9,22.4,16.5,83.9,24.9,17.0,24.9,17.1,0.0,0.0,0.0,0.0,0.0
Gold Indoor Percussion,PIW,2023,7,2,2,81.2,24.3,16.45,23.65,16.8,83.9,24.9,17.0,24.9,17.1,87.55,26.55,17.9,25.5,17.6,5.4,1.2,1.1,2.5,0.6
Gold Indoor Percussion,PIW,2023,9,2,3,83.317,25.05,16.933,24.267,17.067,87.55,26.55,17.9,25.5,17.6,85.451,26.25,17.6,25.0,16.6,3.65,1.65,0.9,0.6,0.5
Infinity,PIW,2023,5,0,0,0.0,0.0,0.0,0.0,0.0,0.0,0.0,0.0,0.0,0.0,84.35,25.35,17.2,25.3,16.5,0.0,0.0,0.0,0.0,0.0
Infinity,PIW,2023,7,2,1,84.35,25.35,17.2,25.3,16.5,84.35,25.35,17.2,25.3,16.5,84.6,25.2,17.0,25.2,17.2,0.0,0.0,0.0,0.0,0.0
Infinity,PIW,2023,13,6,2,84.475,25.275,17.1,25.25,16.85,84.6,25.2,17.0,25.2,17.2,95.576,28.95,19.2,28.55,18.875,0.25,-0.15,-0.2,-0.1,0.7
Infinity 2,PIW,2023,7,0,0,0.0,0.0,0.0,0.0,0.0,0.0,0.0,0.0,0.0,0.0,79.4,24.3,16.1,22.5,16.5,0.0,0.0,0.0,0.0,0.0
Infinity 2,PIW,2023,13,6,1,79.4,24.3,16.1,22.5,16.5,79.4,24.3,16.1,22.5,16.5,87.888,27.188,18.225,25.025,17.45,0.0,0.0,0.0,0.0,0.0
MBI Indoor Percussion,PIW,2023,8,0,0,0.0,0.0,0.0,0.0,0.0,0.0,0.0,0.0,0.0,0.0,85.25,25.05,17.2,26.2,16.8,0.0,0.0,0.0,0.0,0.0
MBI Indoor Percussion,PIW,2023,13,5,1,85.25,25.05,17.2,26.2,16.8,85.25,25.05,17.2,26.2,16.8,86.8,26.55,17.1,25.95,17.2,0.0,0.0,0.0,0.0,0.0
Matrix,PIW,2023,8,0,0,0.0,0.0,0.0,0.0,0.0,0.0,0.0,0.0,0.0,0.0,87.7,26.7,16.9,26.4,17.7,0.0,0.0,0.0,0.0,0.0
Matrix,PIW,2023,13,5,1,87.7,26.7,16.9,26.4,17.7,87.7,26.7,16.9,26.4,17.7,93.439,28.387,19.1,27.35,18.6,0.0,0.0,0.0,0.0,0.0
Monarch Independent,PIW,2023,6,0,0,0.0,0.0,0.0,0.0,0.0,0.0,0.0,0.0,0.0,0.0,83.95,25.05,17.3,24.4,17.2,0.0,0.0,0.0,0.0,0.0
Monarch Independent,PIW,2023,13,7,1,83.95,25.05,17.3,24.4,17.2,83.95,25.05,17.3,24.4,17.2,93.001,28.2,18.575,28.2,18.025,0.0,0.0,0.0,0.0,0.0
Music City Mystique,PIW,2023,7,0,0,0.0,0.0,0.0,0.0,0.0,0.0,0.0,0.0,0.0,0.0,88.55,26.85,17.8,26.0,17.9,0.0,0.0,0.0,0.0,0.0
Music City Mystique,PIW,2023,13,6,1,88.55,26.85,17.8,26.0,17.9,88.55,26.85,17.8,26.0,17.9,95.475,28.8,18.875,28.675,19.125,0.0,0.0,0.0,0.0,0.0
POW Percussion,PIW,2023,2,0,0,0.0,0.0,0.0,0.0,0.0,0.0,0.0,0.0,0.0,0.0,80.15,24.75,16.0,24.2,15.2,0.0,0.0,0.0,0.0,0.0
POW Percussion,PIW,2023,5,3,1,80.15,24.75,16.0,24.2,15.2,80.15,24.75,16.0,24.2,15.2,85.55,25.65,17.3,25.7,16.9,0.0,0.0,0.0,0.0,0.0
POW Percussion,PIW,2023,6,1,2,82.85,25.2,16.65,24.95,16.05,85.55,25.65,17.3,25.7,16.9,86.55,25.95,16.8,26.8,17.0,5.4,0.9,1.3,1.5,1.7
POW Percussion,PIW,2023,9,3,3,84.083,25.45,16.7,25.567,16.367,86.55,25.95,16.8,26.8,17.0,88.55,25.95,18.1,27.0,17.5,1.0,0.3,-0.5,1.1,0.1
POW Percussion,PIW,2023,13,4,4,85.2,25.575,17.05,25.925,16.65,88.55,25.95,18.1,27.0,17.5,92.338,28.312,18.55,27.0,18.475,2.0,0.0,1.3,0.2,0.5
Pulse Percussion,PIW,2023,2,0,0,0.0,0.0,0.0,0.0,0.0,0.0,0.0,0.0,0.0,0.0,85.625,25.425,16.9,27.0,16.3,0.0,0.0,0.0,0.0,0.0
Pulse Percussion,PIW,2023,5,3,1,85.625,25.425,16.9,27.0,16.3,85.625,25.425,16.9,27.0,16.3,90.7,27.6,18.3,26.6,18.2,0.0,0.0,0.0,0.0,0.0
Pulse Percussion,PIW,2023,7,2,2,88.162,26.513,17.6,26.8,17.25,90.7,27.6,18.3,26.6,18.2,93.2,28.2,18.9,27.2,18.9,5.075,2.175,1.4,-0.4,1.9
Pulse Percussion,PIW,2023,9,2,3,89.842,27.075,18.033,26.933,17.8,93.2,28.2,18.9,27.2,18.9,94.925,28.425,19.0,28.7,18.8,2.5,0.6,0.6,0.6,0.7
Pulse Percussion,PIW,2023,13,4,4,91.112,27.412,18.275,27.375,18.05,94.925,28.425,19.0,28.7,18.8,98.513,29.513,19.725,29.55,19.725,1.725,0.225,0.1,1.5,-0.1
RCC,PIW,2023,2,0,0,0.0,0.0,0.0,0.0,0.0,0.0,0.0,0.0,0.0,0.0,83.5,25.5,16.3,25.1,16.6,0.0,0.0,0.0,0.0,0.0
RCC,PIW,2023,6,4,1,83.5,25.5,16.3,25.1,16.6,83.5,25.5,16.3,25.1,16.6,93.1,28.2,18.5,27.9,18.5,0.0,0.0,0.0,0.0,0.0
RCC,PIW,2023,7,1,2,88.3,26.85,17.4,26.5,17.55,93.1,28.2,18.5,27.9,18.5,92.2,28.35,18.6,26.6,18.65,9.6,2.7,2.2,2.8,1.9
RCC,PIW,2023,9,2,3,89.6,27.35,17.8,26.533,17.917,92.2,28.35,18.6,26.6,18.65,93.3,28.2,18.8,27.8,18.5,-0.9,0.15,0.1,-1.3,0.15
RCC,PIW,2023,13,4,4,90.525,27.563,18.05,26.85,18.062,93.3,28.2,18.8,27.8,18.5,98.475,29.625,19.75,29.2,19.9,1.1,-0.15,0.2,1.2,-0.15
Redline,PIW,2023,4,0,0,0.0,0.0,0.0,0.0,0.0,0.0,0.0,0.0,0.0,0.0,76.25,23.55,15.4,22.2,15.1,0.0,0.0,0.0,0.0,0.0
Redline,PIW,2023,6,2,1,76.25,23.55,15.4,22.2,15.1,76.25,23.55,15.4,22.2,15.1,75.8,22.5,14.8,23.6,14.9,0.0,0.0,0.0,0.0,0.0
Redline,PIW,2023,7,1,2,76.025,23.025,15.1,22.9,15.0,75.8,22.5,14.8,23.6,14.9,81.05,25.35,15.6,24.5,15.6,-0.45,-1.05,-0.6,1.4,-0.2
Redline,PIW,2023,10,3,3,77.7,23.8,15.267,23.433,15.2,81.05,25.35,15.6,24.5,15.6,88.65,27.15,17.5,27.1,16.9,5.25,2.85,0.8,0.9,0.7
Rhythm X,PIW,2023,6,0,0,0.0,0.0,0.0,0.0,0.0,0.0,0.0,0.0,0.0,0.0,88.45,26.25,17.5,27.0,17.7,0.0,0.0,0.0,0.0,0.0
Rhythm X,PIW,2023,8,2,1,88.45,26.25,17.5,27.0,17.7,88.45,26.25,17.5,27.0,17.7,92.35,28.35,18.6,26.9,18.5,0.0,0.0,0.0,0.0,0.0
Rhythm X,PIW,2023,13,5,2,90.4,27.3,18.05,26.95,18.1,92.35,28.35,18.6,26.9,18.5,97.625,29.55,19.675,28.975,19.425,3.9,2.1,1.1,-0.1,0.8
Rhythmic Force Percussion,PIW,2023,6,0,0,0.0,0.0,0.0,0.0,0.0,0.0,0.0,0.0,0.0,0.0,81.15,23.25,15.5,25.6,16.8,0.0,0.0,0.0,0.0,0.0
Rhythmic Force Percussion,PIW,2023,9,3,1,81.15,23.25,15.5,25.6,16.8,81.15,23.25,15.5,25.6,16.8,82.7,24.6,16.0,26.0,16.1,0.0,0.0,0.0,0.0,0.0
United Percussion,PIW,2023,5,0,0,0.0,0.0,0.0,0.0,0.0,0.0,0.0,0.0,0.0,0.0,87.85,26.85,17.3,26.0,17.7,0.0,0.0,0.0,0.0,0.0
United Percussion,PIW,2023,8,3,1,87.85,26.85,17.3,26.0,17.7,87.85,26.85,17.3,26.0,17.7,90.0,26.4,18.6,27.3,17.7,0.0,0.0,0.0,0.0,0.0
United Percussion,PIW,2023,12,4,2,88.925,26.625,17.95,26.65,17.7,90.0,26.4,18.6,27.3,17.7,92.75,27.9,27.15,18.7,19.0,2.15,-0.45,1.3,1.3,0.0
United Percussion,PIW,2023,13,1,3,90.2,27.05,21.017,24.0,18.133,92.75,27.9,27.15,18.7,19.0,94.164,28.237,19.025,28.5,18.4,2.75,1.5,8.55,-8.6,1.3
Vessel,PIW,2023,7,0,0,0.0,0.0,0.0,0.0,0.0,0.0,0.0,0.0,0.0,0.0,82.251,24.45,16.9,24.2,16.7,0.0,0.0,0.0,0.0,0.0
Vessel,PIW,2023,9,2,1,82.251,24.45,16.9,24.2,16.7,82.251,24.45,16.9,24.2,16.7,78.85,23.55,15.9,23.2,16.2,0.0,0.0,0.0,0.0,0.0
Vigilantes Indoor Percussion,PIW,2023,9,0,0,0.0,0.0,0.0,0.0,0.0,0.0,0.0,0.0,0.0,0.0,84.5,24.9,16.6,26.0,17.0,0.0,0.0,0.0,0.0,0.0
Vigilantes Indoor Percussion,PIW,2023,13,4,1,84.5,24.9,16.6,26.0,17.0,84.5,24.9,16.6,26.0,17.0,89.463,26.663,17.4,27.45,17.95,0.0,0.0,0.0,0.0,0.0
Ascension Percussion,PIO,2023,8,0,0,0.0,0.0,0.0,0.0,0.0,0.0,0.0,0.0,0.0,0.0,82.8,24.9,16.5,25.3,16.1,0.0,0.0,0.0,0.0,0.0
Ascension Percussion,PIO,2023,9,1,1,82.8,24.9,16.5,25.3,16.1,82.8,24.9,16.5,25.3,16.1,86.95,25.35,17.2,27.0,17.4,0.0,0.0,0.0,0.0,0.0
Ascension Percussion,PIO,2023,10,1,2,84.875,25.125,16.85,26.15,16.75,86.95,25.35,17.2,27.0,17.4,86.0,25.35,17.1,26.0,17.55,4.15,0.45,0.7,1.7,1.3
Bakersfield College,PIO,2023,9,0,0,0.0,0.0,0.0,0.0,0.0,0.0,0.0,0.0,0.0,0.0,90.2,27.3,18.4,27.4,17.1,0.0,0.0,0.0,0.0,0.0
Bakersfield College,PIO,2023,13,4,1,90.2,27.3,18.4,27.4,17.1,90.2,27.3,18.4,27.4,17.1,92.876,27.825,18.725,27.4,18.925,0.0,0.0,0.0,0.0,0.0
Breakthrough Indoor Percussion,PIO,2023,7,0,0,0.0,0.0,0.0,0.0,0.0,0.0,0.0,0.0,0.0,0.0,79.15,23.25,15.8,23.9,16.2,0.0,0.0,0.0,0.0,0.0
Breakthrough Indoor Percussion,PIO,2023,9,2,1,79.15,23.25,15.8,23.9,16.2,79.15,23.25,15.8,23.9,16.2,84.6,25.2,16.7,25.6,17.1,0.0,0.0,0.0,0.0,0.0
Cap City 2,PIO,2023,6,0,0,0.0,0.0,0.0,0.0,0.0,0.0,0.0,0.0,0.0,0.0,81.85,24.75,16.2,24.8,16.1,0.0,0.0,0.0,0.0,0.0
Cap City 2,PIO,2023,8,2,1,81.85,24.75,16.2,24.8,16.1,81.85,24.75,16.2,24.8,16.1,86.05,25.35,17.3,26.8,16.6,0.0,0.0,0.0,0.0,0.0
Cap City 2,PIO,2023,13,5,2,83.95,25.05,16.75,25.8,16.35,86.05,25.35,17.3,26.8,16.6,88.3,26.85,17.55,26.25,17.65,4.2,0.6,1.1,2.0,0.5
Civitas Independent,PIO,2023,6,0,0,0.0,0.0,0.0,0.0,0.0,0.0,0.0,0.0,0.0,0.0,84.5,25.2,16.5,25.9,16.9,0.0,0.0,0.0,0.0,0.0
Civitas Independent,PIO,2023,8,2,1,84.5,25.2,16.5,25.9,16.9,84.5,25.2,16.5,25.9,16.9,86.7,26.4,17.5,25.1,17.7,0.0,0.0,0.0,0.0,0.0
Civitas Independent,PIO,2023,13,5,2,85.6,25.8,17.0,25.5,17.3,86.7,26.4,17.5,25.1,17.7,94.888,28.163,19.1,28.775,18.85,2.2,1.2,1.0,-0.8,0.8
Elan Percussion,PIO,2023,5,0,0,0.0,0.0,0.0,0.0,0.0,0.0,0.0,0.0,0.0,0.0,80.15,25.65,15.7,22.5,16.3,0.0,0.0,0.0,0.0,0.0
Elan Percussion,PIO,2023,9,4,1,80.15,25.65,15.7,22.5,16.3,80.15,25.65,15.7,22.5,16.3,81.35,24.45,17.3,23.3,16.3,0.0,0.0,0.0,0.0,0.0
Freedom Percussion,PIO,2023,6,0,0,0.0,0.0,0.0,0.0,0.0,0.0,0.0,0.0,0.0,0.0,78.8,23.7,16.3,24.1,14.7,0.0,0.0,0.0,0.0,0.0
Freedom Percussion,PIO,2023,13,7,1,78.8,23.7,16.3,24.1,14.7,78.8,23.7,16.3,24.1,14.7,95.15,28.575,18.7,29.5,18.375,0.0,0.0,0.0,0.0,0.0
IMPACT Percussion,PIO,2023,9,0,0,0.0,0.0,0.0,0.0,0.0,0.0,0.0,0.0,0.0,0.0,87.5,26.7,17.8,25.8,17.2,0.0,0.0,0.0,0.0,0.0
IMPACT Percussion,PIO,2023,13,4,1,87.5,26.7,17.8,25.8,17.2,87.5,26.7,17.8,25.8,17.2,96.263,29.062,19.65,28.35,19.2,0.0,0.0,0.0,0.0,0.0
Instinct,PIO,2023,3,0,0,0.0,0.0,0.0,0.0,0.0,0.0,0.0,0.0,0.0,0.0,71.1,20.4,15.0,21.2,14.5,0.0,0.0,0.0,0.0,0.0
Instinct,PIO,2023,7,4,1,71.1,20.4,15.0,21.2,14.5,71.1,20.4,15.0,21.2,14.5,77.7,24.0,15.6,22.3,15.8,0.0,0.0,0.0,0.0,0.0
Instinct,PIO,2023,9,2,2,74.4,22.2,15.3,21.75,15.15,77.7,24.0,15.6,22.3,15.8,79.951,23.85,16.2,23.3,16.6,6.6,3.6,0.6,1.1,1.3
Instinct,PIO,2023,11,2,3,76.25,22.75,15.6,22.267,15.633,79.951,23.85,16.2,23.3,16.6,82.45,24.75,16.9,23.7,17.1,2.251,-0.15,0.6,1.0,0.8
Instinct,PIO,2023,12,1,4,77.8,23.25,15.925,22.625,16.0,82.45,24.75,16.9,23.7,17.1,82.4,24.75,16.4,24.6,16.65,2.499,0.9,0.7,0.4,0.5
Lake Effect Percussion,PIO,2023,9,0,0,0.0,0.0,0.0,0.0,0.0,0.0,0.0,0.0,0.0,0.0,85.65,25.05,17.4,26.0,17.2,0.0,0.0,0.0,0.0,0.0
Lake Effect Percussion,PIO,2023,10,1,1,85.65,25.05,17.4,26.0,17.2,85.65,25.05,17.4,26.0,17.2,84.4,25.05,17.35,25.0,17.0,0.0,0.0,0.0,0.0,0.0
Meraki,PIO,2023,3,0,0,0.0,0.0,0.0,0.0,0.0,0.0,0.0,0.0,0.0,0.0,80.05,23.25,16.4,25.0,15.4,0.0,0.0,0.0,0.0,0.0
Meraki,PIO,2023,5,2,1,80.05,23.25,16.4,25.0,15.4,80.05,23.25,16.4,25.0,15.4,84.05,26.25,16.9,24.0,16.9,0.0,0.0,0.0,0.0,0.0
Meraki,PIO,2023,7,2,2,82.05,24.75,16.65,24.5,16.15,84.05,26.25,16.9,24.0,16.9,86.65,26.85,17.8,24.5,17.5,4.0,3.0,0.5,-1.0,1.5
Meraki,PIO,2023,9,2,3,83.583,25.45,17.033,24.5,16.6,86.65,26.85,17.8,24.5,17.5,91.85,28.05,18.6,27.3,17.9,2.6,0.6,0.9,0.5,0.6
Meraki,PIO,2023,11,2,4,85.65,26.1,17.425,25.2,16.925,91.85,28.05,18.6,27.3,17.9,92.4,28.2,18.4,27.1,18.7,5.2,1.2,0.8,2.8,0.4
Meraki,PIO,2023,12,1,5,87.0,26.52,17.62,25.58,17.28,92.4,28.2,18.4,27.1,18.7,92.35,27.0,18.7,28.05,18.6,0.55,0.15,-0.2,-0.2,0.8
Meraki,PIO,2023,13,1,6,87.892,26.6,17.8,25.992,17.5,92.35,27.0,18.7,28.05,18.6,97.088,29.288,19.7,28.85,19.25,-0.05,-1.2,0.3,0.95,-0.1
Motor City Percussion,PIO,2023,4,0,0,0.0,0.0,0.0,0.0,0.0,0.0,0.0,0.0,0.0,0.0,75.45,22.65,15.3,22.0,15.5,0.0,0.0,0.0,0.0,0.0
Motor City Percussion,PIO,2023,7,3,1,75.45,22.65,15.3,22.0,15.5,75.45,22.65,15.3,22.0,15.5,82.7,25.5,17.2,23.3,16.7,0.0,0.0,0.0,0.0,0.0
Motor City Percussion,PIO,2023,9,2,2,79.075,24.075,16.25,22.65,16.1,82.7,25.5,17.2,23.3,16.7,90.65,27.75,18.5,27.0,17.4,7.25,2.85,1.9,1.3,1.2
Motor City Percussion,PIO,2023,10,1,3,82.933,25.3,17.0,24.1,16.533,90.65,27.75,18.5,27.0,17.4,87.925,25.575,18.25,26.45,17.65,7.95,2.25,1.3,3.7,0.7
Palmetto Indoor Theatre,PIO,2023,6,0,0,0.0,0.0,0.0,0.0,0.0,0.0,0.0,0.0,0.0,0.0,73.45,22.35,14.7,21.6,14.8,0.0,0.0,0.0,0.0,0.0
Palmetto Indoor Theatre,PIO,2023,8,2,1,73.45,22.35,14.7,21.6,14.8,73.45,22.35,14.7,21.6,14.8,76.45,22.65,15.8,22.7,15.3,0.0,0.0,0.0,0.0,0.0
Q2,PIO,2023,5,0,0,0.0,0.0,0.0,0.0,0.0,0.0,0.0,0.0,0.0,0.0,75.8,22.8,15.4,22.4,15.2,0.0,0.0,0.0,0.0,0.0
Q2,PIO,2023,8,3,1,75.8,22.8,15.4,22.4,15.2,75.8,22.8,15.4,22.4,15.2,82.1,24.6,16.8,24.1,16.6,0.0,0.0,0.0,0.0,0.0
Q2,PIO,2023,13,5,2,78.95,23.7,16.1,23.25,15.9,82.1,24.6,16.8,24.1,16.6,93.626,28.275,18.9,28.0,18.45,6.3,1.8,1.4,1.7,1.4
Spartans Indoor Percussion,PIO,2023,5,0,0,0.0,0.0,0.0,0.0,0.0,0.0,0.0,0.0,0.0,0.0,78.9,24.3,15.3,23.5,15.8,0.0,0.0,0.0,0.0,0.0
Spartans Indoor Percussion,PIO,2023,8,3,1,78.9,24.3,15.3,23.5,15.8,78.9,24.3,15.3,23.5,15.8,85.75,25.65,17.2,25.9,17.0,0.0,0.0,0.0,0.0,0.0
Spartans Indoor Percussion,PIO,2023,13,5,2,82.325,24.975,16.25,24.7,16.4,85.75,25.65,17.2,25.9,17.0,91.914,28.087,18.25,27.5,18.075,6.85,1.35,1.9,2.4,1.2
UTSA,PIO,2023,6,0,0,0.0,0.0,0.0,0.0,0.0,0.0,0.0,0.0,0.0,0.0,79.0,23.4,15.3,24.5,15.8,0.0,0.0,0.0,0.0,0.0
UTSA,PIO,2023,9,3,1,79.0,23.4,15.3,24.5,15.8,79.0,23.4,15.3,24.5,15.8,84.2,25.2,16.5,25.7,16.8,0.0,0.0,0.0,0.0,0.0
United Percussion 2,PIO,2023,5,0,0,0.0,0.0,0.0,0.0,0.0,0.0,0.0,0.0,0.0,0.0,83.4,25.8,16.5,24.3,16.8,0.0,0.0,0.0,0.0,0.0
United Percussion 2,PIO,2023,8,3,1,83.4,25.8,16.5,24.3,16.8,83.4,25.8,16.5,24.3,16.8,88.0,25.8,17.8,26.7,17.7,0.0,0.0,0.0,0.0,0.0
United Percussion 2,PIO,2023,12,4,2,85.7,25.8,17.15,25.5,17.25,88.0,25.8,17.8,26.7,17.7,91.05,27.3,25.95,19.1,18.7,4.6,0.0,1.3,2.4,0.9
United Percussion 2,PIO,2023,13,1,3,87.483,26.3,20.083,23.367,17.733,91.05,27.3,25.95,19.1,18.7,92.414,27.413,18.55,28.4,18.05,3.05,1.5,8.15,-7.6,1.0
Vision Percussion,PIO,2023,7,0,0,0.0,0.0,0.0,0.0,0.0,0.0,0.0,0.0,0.0,0.0,85.6,25.8,17.8,25.1,16.9,0.0,0.0,0.0,0.0,0.0
Vision Percussion,PIO,2023,9,2,1,85.6,25.8,17.8,25.1,16.9,85.6,25.8,17.8,25.1,16.9,87.25,25.95,18.2,25.7,17.4,0.0,0.0,0.0,0.0,0.0
Vision Percussion,PIO,2023,13,4,2,86.425,25.875,18.0,25.4,17.15,87.25,25.95,18.2,25.7,17.4,89.476,27.3,17.7,26.7,17.775,1.65,0.15,0.4,0.6,0.5
Élan Percussion,PIO,2023,7,0,0,0.0,0.0,0.0,0.0,0.0,0.0,0.0,0.0,0.0,0.0,79.5,22.8,16.0,24.4,16.3,0.0,0.0,0.0,0.0,0.0
Élan Percussion,PIO,2023,8,1,1,79.5,22.8,16.0,24.4,16.3,79.5,22.8,16.0,24.4,16.3,77.7,22.2,15.7,24.7,15.1,0.0,0.0,0.0,0.0,0.0
Élan Percussion,PIO,2023,11,3,2,78.6,22.5,15.85,24.55,15.7,77.7,22.2,15.7,24.7,15.1,85.95,27.15,17.0,25.0,16.8,-1.8,-0.6,-0.3,0.3,-1.2
Élan Percussion,PIO,2023,12,1,3,81.05,24.05,16.233,24.7,16.067,85.95,27.15,17.0,25.0,16.8,85.225,25.275,17.15,25.95,16.85,8.25,4.95,1.3,0.3,1.7
Albany,PIA,2023,2,0,0,0.0,0.0,0.0,0.0,0.0,0.0,0.0,0.0,0.0,0.0,59.3,18.1,18.0,11.9,11.3,0.0,0.0,0.0,0.0,0.0
Albany,PIA,2023,3,1,1,59.3,18.1,18.0,11.9,11.3,59.3,18.1,18.0,11.9,11.3,62.65,18.6,19.05,12.4,12.6,0.0,0.0,0.0,0.0,0.0
Albany,PIA,2023,10,7,2,60.975,18.35,18.525,12.15,11.95,62.65,18.6,19.05,12.4,12.6,71.45,24.5,19.05,13.7,14.2,3.35,0.5,1.05,0.5,1.3
Ascension Percussion,PIA,2023,3,0,0,0.0,0.0,0.0,0.0,0.0,0.0,0.0,0.0,0.0,0.0,70.75,21.15,12.7,22.7,14.2,0.0,0.0,0.0,0.0,0.0
Ascension Percussion,PIA,2023,5,2,1,70.75,21.15,12.7,22.7,14.2,70.75,21.15,12.7,22.7,14.2,73.9,21.9,14.7,23.0,14.3,0.0,0.0,0.0,0.0,0.0
Central Bucks School District,PIA,2023,5,0,0,0.0,0.0,0.0,0.0,0.0,0.0,0.0,0.0,0.0,0.0,67.45,20.6,19.05,14.2,13.6,0.0,0.0,0.0,0.0,0.0
Central Bucks School District,PIA,2023,7,2,1,67.45,20.6,19.05,14.2,13.6,67.45,20.6,19.05,14.2,13.6,69.3,20.1,21.3,13.7,14.2,0.0,0.0,0.0,0.0,0.0
Central Bucks School District,PIA,2023,10,3,2,68.375,20.35,20.175,13.95,13.9,69.3,20.1,21.3,13.7,14.2,71.5,21.5,21.0,14.5,14.5,1.85,-0.5,2.25,-0.5,0.6
Cornell University,PIA,2023,8,0,0,0.0,0.0,0.0,0.0,0.0,0.0,0.0,0.0,0.0,0.0,64.65,20.6,19.65,12.2,12.2,0.0,0.0,0.0,0.0,0.0
Cornell University,PIA,2023,9,1,1,64.65,20.6,19.65,12.2,12.2,64.65,20.6,19.65,12.2,12.2,69.05,22.5,20.85,13.0,12.7,0.0,0.0,0.0,0.0,0.0
Cornell University,PIA,2023,10,1,2,66.85,21.55,20.25,12.6,12.45,69.05,22.5,20.85,13.0,12.7,73.45,25.0,20.55,14.3,13.6,4.4,1.9,1.2,0.8,0.5
Cornerstone Percussion,PIA,2023,3,0,0,0.0,0.0,0.0,0.0,0.0,0.0,0.0,0.0,0.0,0.0,68.9,19.5,14.4,20.5,14.5,0.0,0.0,0.0,0.0,0.0
Cornerstone Percussion,PIA,2023,5,2,1,68.9,19.5,14.4,20.5,14.5,68.9,19.5,14.4,20.5,14.5,75.6,23.7,15.1,21.8,15.0,0.0,0.0,0.0,0.0,0.0
Cornerstone Percussion,PIA,2023,7,2,2,72.25,21.6,14.75,21.15,14.75,75.6,23.7,15.1,21.8,15.0,75.65,22.05,15.2,23.4,15.0,6.7,4.2,0.7,1.3,0.5
Cornerstone Percussion,PIA,2023,8,1,3,73.383,21.75,14.9,21.9,14.833,75.65,22.05,15.2,23.4,15.0,74.0,23.4,14.0,22.1,14.5,0.05,-1.65,0.1,1.6,0.0
Cornerstone Percussion,PIA,2023,9,1,4,73.538,22.162,14.675,21.95,14.75,74.0,23.4,14.0,22.1,14.5,77.45,22.65,17.2,22.9,14.7,-1.65,1.35,-1.2,-1.3,-0.5
Cornerstone Percussion,PIA,2023,11,2,5,74.32,22.26,15.18,22.14,14.74,77.45,22.65,17.2,22.9,14.7,78.4,23.7,15.6,23.6,15.5,3.45,-0.75,3.2,0.8,0.2
Crystal Lake Thunder,PIA,2023,6,0,0,0.0,0.0,0.0,0.0,0.0,0.0,0.0,0.0,0.0,0.0,74.85,22.65,14.9,23.6,13.7,0.0,0.0,0.0,0.0,0.0
Crystal Lake Thunder,PIA,2023,13,7,1,74.85,22.65,14.9,23.6,13.7,74.85,22.65,14.9,23.6,13.7,86.064,26.062,16.7,26.75,16.55,0.0,0.0,0.0,0.0,0.0
ECR Independent,PIA,2023,3,0,0,0.0,0.0,0.0,0.0,0.0,0.0,0.0,0.0,0.0,0.0,69.7,20.7,15.0,20.0,14.0,0.0,0.0,0.0,0.0,0.0
ECR Independent,PIA,2023,6,3,1,69.7,20.7,15.0,20.0,14.0,69.7,20.7,15.0,20.0,14.0,73.25,23.55,14.4,20.5,14.8,0.0,0.0,0.0,0.0,0.0
ECR Independent,PIA,2023,11,5,2,71.475,22.125,14.7,20.25,14.4,73.25,23.55,14.4,20.5,14.8,81.9,24.6,16.3,24.7,16.3,3.55,2.85,-0.6,0.5,0.8
ECR Independent,PIA,2023,12,1,3,74.95,22.95,15.233,21.733,15.033,81.9,24.6,16.3,24.7,16.3,84.0,25.5,16.3,25.4,16.8,8.65,1.05,1.9,4.2,1.5
Fruitport Independent,PIA,2023,3,0,0,0.0,0.0,0.0,0.0,0.0,0.0,0.0,0.0,0.0,0.0,64.8,19.8,11.6,20.4,13.0,0.0,0.0,0.0,0.0,0.0
Fruitport Independent,PIA,2023,5,2,1,64.8,19.8,11.6,20.4,13.0,64.8,19.8,11.6,20.4,13.0,68.4,18.9,14.3,20.3,14.9,0.0,0.0,0.0,0.0,0.0
Fruitport Independent,PIA,2023,8,3,2,66.6,19.35,12.95,20.35,13.95,68.4,18.9,14.3,20.3,14.9,68.4,20.1,12.5,22.6,13.2,3.6,-0.9,2.7,-0.1,1.9
Fruitport Independent,PIA,2023,10,2,3,67.2,19.6,12.8,21.1,13.7,68.4,20.1,12.5,22.6,13.2,76.175,23.175,15.35,22.9,14.75,0.0,1.2,-1.8,2.3,-1.7
Huron Valley Percussion,PIA,2023,4,0,0,0.0,0.0,0.0,0.0,0.0,0.0,0.0,0.0,0.0,0.0,69.15,20.85,13.3,21.0,14.0,0.0,0.0,0.0,0.0,0.0
Huron Valley Percussion,PIA,2023,7,3,1,69.15,20.85,13.3,21.0,14.0,69.15,20.85,13.3,21.0,14.0,73.45,23.25,14.3,21.8,14.1,0.0,0.0,0.0,0.0,0.0
Huron Valley Percussion,PIA,2023,9,2,2,71.3,22.05,13.8,21.4,14.05,73.45,23.25,14.3,21.8,14.1,83.0,25.2,16.3,25.3,16.2,4.3,2.4,1.0,0.8,0.1
Huron Valley Percussion,PIA,2023,10,1,3,75.2,23.1,14.633,22.7,14.767,83.0,25.2,16.3,25.3,16.2,81.75,24.9,16.55,24.1,16.2,9.55,1.95,2.0,3.5,2.1
Huron Valley Percussion,PIA,2023,13,3,4,76.838,23.55,15.112,23.05,15.125,81.75,24.9,16.55,24.1,16.2,89.389,26.962,17.9,26.825,17.7,-1.25,-0.3,0.25,-1.2,0.0
Impulse,PIA,2023,2,0,0,0.0,0.0,0.0,0.0,0.0,0.0,0.0,0.0,0.0,0.0,71.7,21.9,12.7,22.9,14.2,0.0,0.0,0.0,0.0,0.0
Impulse,PIA,2023,8,6,1,71.7,21.9,12.7,22.9,14.2,71.7,21.9,12.7,22.9,14.2,76.45,23.85,13.2,23.0,16.4,0.0,0.0,0.0,0.0,0.0
Impulse,PIA,2023,11,3,2,74.075,22.875,12.95,22.95,15.3,76.45,23.85,13.2,23.0,16.4,82.95,24.45,16.2,25.2,17.1,4.75,1.95,0.5,0.1,2.2
Impulse,PIA,2023,12,1,3,77.033,23.4,14.033,23.7,15.9,82.95,24.45,16.2,25.2,17.1,86.65,26.1,17.0,25.6,17.95,6.5,0.6,3.0,2.2,0.7
Kannapolis Independent,PIA,2023,6,0,0,0.0,0.0,0.0,0.0,0.0,0.0,0.0,0.0,0.0,0.0,71.6,21.9,14.1,21.8,13.8,0.0,0.0,0.0,0.0,0.0
Kannapolis Independent,PIA,2023,13,7,1,71.6,21.9,14.1,21.8,13.8,71.6,21.9,14.1,21.8,13.8,81.85,25.05,16.1,24.9,15.8,0.0,0.0,0.0,0.0,0.0
Lake Effect Percussion,PIA,2023,4,0,0,0.0,0.0,0.0,0.0,0.0,0.0,0.0,0.0,0.0,0.0,72.0,21.3,15.1,20.9,14.7,0.0,0.0,0.0,0.0,0.0
Lake Effect Percussion,PIA,2023,7,3,1,72.0,21.3,15.1,20.9,14.7,72.0,21.3,15.1,20.9,14.7,82.35,24.75,17.0,24.7,15.9,0.0,0.0,0.0,0.0,0.0
MidMichigan Impact,PIA,2023,4,0,0,0.0,0.0,0.0,0.0,0.0,0.0,0.0,0.0,0.0,0.0,66.6,20.4,12.9,20.0,13.3,0.0,0.0,0.0,0.0,0.0
MidMichigan Impact,PIA,2023,5,1,1,66.6,20.4,12.9,20.0,13.3,66.6,20.4,12.9,20.0,13.3,66.95,18.75,14.1,20.8,13.3,0.0,0.0,0.0,0.0,0.0
MidMichigan Impact,PIA,2023,8,3,2,66.775,19.575,13.5,20.4,13.3,66.95,18.75,14.1,20.8,13.3,75.4,23.4,13.2,23.8,15.0,0.35,-1.65,1.2,0.8,0.0
MidMichigan Impact,PIA,2023,10,2,3,69.65,20.85,13.4,21.533,13.867,75.4,23.4,13.2,23.8,15.0,75.075,22.575,15.25,22.2,15.05,8.45,4.65,-0.9,3.0,1.7
Modulation Z,PIA,2023,5,0,0,0.0,0.0,0.0,0.0,0.0,0.0,0.0,0.0,0.0,0.0,85.45,25.05,17.1,26.4,16.9,0.0,0.0,0.0,0.0,0.0
Modulation Z,PIA,2023,13,8,1,85.45,25.05,17.1,26.4,16.9,85.45,25.05,17.1,26.4,16.9,96.05,29.55,19.225,28.375,18.9,0.0,0.0,0.0,0.0,0.0
Pace Percussion Ensemble,PIA,2023,4,0,0,0.0,0.0,0.0,0.0,0.0,0.0,0.0,0.0,0.0,0.0,70.55,21.45,14.7,19.5,14.9,0.0,0.0,0.0,0.0,0.0
Pace Percussion Ensemble,PIA,2023,7,3,1,70.55,21.45,14.7,19.5,14.9,70.55,21.45,14.7,19.5,14.9,78.6,22.5,16.3,23.7,16.1,0.0,0.0,0.0,0.0,0.0
Pace Percussion Ensemble,PIA,2023,9,2,2,74.575,21.975,15.5,21.6,15.5,78.6,22.5,16.3,23.7,16.1,81.3,24.0,16.7,24.6,16.0,8.05,1.05,1.6,4.2,1.2
Pace Percussion Ensemble,PIA,2023,11,2,3,76.817,22.65,15.9,22.6,15.667,81.3,24.0,16.7,24.6,16.0,83.15,25.65,16.4,24.2,16.9,2.7,1.5,0.4,0.9,-0.1
Pace Percussion Ensemble,PIA,2023,12,1,4,78.4,23.4,16.025,23.0,15.975,83.15,25.65,16.4,24.2,16.9,85.3,26.1,16.25,25.5,17.45,1.85,1.65,-0.3,-0.4,0.9
Pi Percussion Inc.,PIA,2023,5,0,0,0.0,0.0,0.0,0.0,0.0,0.0,0.0,0.0,0.0,0.0,78.85,23.25,15.2,25.5,14.9,0.0,0.0,0.0,0.0,0.0
Pi Percussion Inc.,PIA,2023,13,8,1,78.85,23.25,15.2,25.5,14.9,78.85,23.25,15.2,25.5,14.9,89.8,27.45,17.3,27.7,17.35,0.0,0.0,0.0,0.0,0.0
Rift Percussion,PIA,2023,7,0,0,0.0,0.0,0.0,0.0,0.0,0.0,0.0,0.0,0.0,0.0,81.45,24.75,16.9,25.2,14.6,0.0,0.0,0.0,0.0,0.0
Rift Percussion,PIA,2023,9,2,1,81.45,24.75,16.9,25.2,14.6,81.45,24.75,16.9,25.2,14.6,83.4,24.9,17.8,24.9,15.8,0.0,0.0,0.0,0.0,0.0
Shockwave,PIA,2023,9,0,0,0.0,0.0,0.0,0.0,0.0,0.0,0.0,0.0,0.0,0.0,62.4,18.3,12.2,19.8,12.1,0.0,0.0,0.0,0.0,0.0
Shockwave,PIA,2023,13,4,1,62.4,18.3,12.2,19.8,12.1,62.4,18.3,12.2,19.8,12.1,70.05,21.75,14.5,20.1,13.7,0.0,0.0,0.0,0.0,0.0
St. Ambrose University Indoor Percussion,PIA,2023,8,0,0,0.0,0.0,0.0,0.0,0.0,0.0,0.0,0.0,0.0,0.0,70.0,20.4,13.7,22.0,13.9,0.0,0.0,0.0,0.0,0.0
St. Ambrose University Indoor Percussion,PIA,2023,13,5,1,70.0,20.4,13.7,22.0,13.9,70.0,20.4,13.7,22.0,13.9,83.925,25.575,16.2,25.7,16.45,0.0,0.0,0.0,0.0,0.0
St. Martin Independent,PIA,2023,7,0,0,0.0,0.0,0.0,0.0,0.0,0.0,0.0,0.0,0.0,0.0,75.6,23.7,15.0,22.1,14.8,0.0,0.0,0.0,0.0,0.0
St. Martin Independent,PIA,2023,13,6,1,75.6,23.7,15.0,22.1,14.8,75.6,23.7,15.0,22.1,14.8,94.025,28.35,18.875,28.25,18.55,0.0,0.0,0.0,0.0,0.0
Vortex Percussion,PIA,2023,5,0,0,0.0,0.0,0.0,0.0,0.0,0.0,0.0,0.0,0.0,0.0,69.6,20.4,15.0,19.8,14.4,0.0,0.0,0.0,0.0,0.0
Vortex Percussion,PIA,2023,9,4,1,69.6,20.4,15.0,19.8,14.4,69.6,20.4,15.0,19.8,14.4,80.0,24.6,15.0,24.8,15.6,0.0,0.0,0.0,0.0,0.0
Vortex Percussion,PIA,2023,10,1,2,74.8,22.5,15.0,22.3,15.0,80.0,24.6,15.0,24.8,15.6,77.825,23.625,14.6,24.2,15.4,10.4,4.2,0.0,5.0,1.2
Arcadia HS,PSW,2024,2,0,0,0.0,0.0,0.0,0.0,0.0,0.0,0.0,0.0,0.0,0.0,81.55,24.45,16.5,24.4,16.2,0.0,0.0,0.0,0.0,0.0
Arcadia HS,PSW,2024,4,2,1,81.55,24.45,16.5,24.4,16.2,81.55,24.45,16.5,24.4,16.2,81.3,25.5,17.0,23.4,15.4,0.0,0.0,0.0,0.0,0.0
Arcadia HS,PSW,2024,6,2,2,81.425,24.975,16.75,23.9,15.8,81.3,25.5,17.0,23.4,15.4,85.5,25.5,17.6,25.0,17.4,-0.25,1.05,0.5,-1.0,-0.8
Arcadia HS,PSW,2024,9,3,3,82.783,25.15,17.033,24.267,16.333,85.5,25.5,17.6,25.0,17.4,89.625,26.475,17.95,27.45,17.75,4.2,0.0,0.6,1.6,2.0
Avon HS,PSW,2024,6,0,0,0.0,0.0,0.0,0.0,0.0,0.0,0.0,0.0,0.0,0.0,86.95,25.95,18.0,26.0,17.0,0.0,0.0,0.0,0.0,0.0
Avon HS,PSW,2024,13,7,1,86.95,25.95,18.0,26.0,17.0,86.95,25.95,18.0,26.0,17.0,96.113,28.612,19.525,28.775,19.2,0.0,0.0,0.0,0.0,0.0
Ayala HS,PSW,2024,4,0,0,0.0,0.0,0.0,0.0,0.0,0.0,0.0,0.0,0.0,0.0,86.3,26.7,17.8,25.5,16.3,0.0,0.0,0.0,0.0,0.0
Ayala HS,PSW,2024,6,2,1,86.3,26.7,17.8,25.5,16.3,86.3,26.7,17.8,25.5,16.3,88.95,27.15,18.5,25.5,17.8,0.0,0.0,0.0,0.0,0.0
Ayala HS,PSW,2024,7,1,2,87.625,26.925,18.15,25.5,17.05,88.95,27.15,18.5,25.5,17.8,88.45,26.55,18.1,25.5,18.3,2.65,0.45,0.7,0.0,1.5
Ayala HS,PSW,2024,9,2,3,87.9,26.8,18.133,25.5,17.467,88.45,26.55,18.1,25.5,18.3,92.9,27.9,18.9,27.2,18.9,-0.5,-0.6,-0.4,0.0,0.5
Ayala HS,PSW,2024,11,2,4,89.15,27.075,18.325,25.925,17.825,92.9,27.9,18.9,27.2,18.9,92.1,27.0,19.1,27.3,18.7,4.45,1.35,0.8,1.7,0.6
Ayala HS,PSW,2024,12,1,5,89.74,27.06,18.48,26.2,18.0,92.1,27.0,19.1,27.3,18.7,94.175,28.35,19.2,27.7,18.925,-0.8,-0.9,0.2,0.1,-0.2
Ayala HS,PSW,2024,13,1,6,90.479,27.275,18.6,26.45,18.154,94.175,28.35,19.2,27.7,18.925,97.538,29.212,19.6,29.075,19.65,2.075,1.35,0.1,0.4,0.225
Chino Hills HS,PSW,2024,3,0,0,0.0,0.0,0.0,0.0,0.0,0.0,0.0,0.0,0.0,0.0,87.7,26.4,17.5,26.3,17.5,0.0,0.0,0.0,0.0,0.0
Chino Hills HS,PSW,2024,5,2,1,87.7,26.4,17.5,26.3,17.5,87.7,26.4,17.5,26.3,17.5,90.35,27.15,18.4,26.3,18.5,0.0,0.0,0.0,0.0,0.0
Chino Hills HS,PSW,2024,6,1,2,89.025,26.775,17.95,26.3,18.0,90.35,27.15,18.4,26.3,18.5,90.1,27.6,18.6,25.8,18.1,2.65,0.75,0.9,0.0,1.0
Chino Hills HS,PSW,2024,9,3,3,89.383,27.05,18.167,26.133,18.033,90.1,27.6,18.6,25.8,18.1,94.7,28.575,18.875,28.35,18.9,-0.25,0.45,0.2,-0.5,-0.4
Chino Hills HS,PSW,2024,11,2,4,90.712,27.431,18.344,26.688,18.25,94.7,28.575,18.875,28.35,18.9,94.95,28.35,18.9,28.6,19.1,4.6,0.975,0.275,2.55,0.8
Chino Hills HS,PSW,2024,12,1,5,91.56,27.615,18.455,27.07,18.42,94.95,28.35,18.9,28.6,19.1,95.013,28.613,19.0,28.45,18.95,0.25,-0.225,0.025,0.25,0.2
Chino Hills HS,PSW,2024,13,1,6,92.136,27.781,18.546,27.3,18.508,95.013,28.613,19.0,28.45,18.95,98.638,29.663,19.8,29.5,19.675,0.063,0.263,0.1,-0.15,-0.15
Clear Brook HS,PSW,2024,8,0,0,0.0,0.0,0.0,0.0,0.0,0.0,0.0,0.0,0.0,0.0,90.05,27.15,17.0,27.8,18.1,0.0,0.0,0.0,0.0,0.0
Clear Brook HS,PSW,2024,13,5,1,90.05,27.15,17.0,27.8,18.1,90.05,27.15,17.0,27.8,18.1,91.101,27.3,18.2,27.6,18.0,0.0,0.0,0.0,0.0,0.0
Clovis HS,PSW,2024,11,0,0,0.0,0.0,0.0,0.0,0.0,0.0,0.0,0.0,0.0,0.0,83.851,25.35,15.9,26.0,16.6,0.0,0.0,0.0,0.0,0.0
Clovis HS,PSW,2024,12,1,1,83.851,25.35,15.9,26.0,16.6,83.851,25.35,15.9,26.0,16.6,83.926,24.675,16.8,26.2,16.25,0.0,0.0,0.0,0.0,0.0
Dartmouth HS,PSW,2024,5,0,0,0.0,0.0,0.0,0.0,0.0,0.0,0.0,0.0,0.0,0.0,87.5,26.4,17.8,25.9,17.4,0.0,0.0,0.0,0.0,0.0
Dartmouth HS,PSW,2024,9,4,1,87.5,26.4,17.8,25.9,17.4,87.5,26.4,17.8,25.9,17.4,92.95,27.75,18.8,27.8,18.6,0.0,0.0,0.0,0.0,0.0
Etiwanda HS,PSW,2024,4,0,0,0.0,0.0,0.0,0.0,0.0,0.0,0.0,0.0,0.0,0.0,79.7,24.9,16.3,23.5,15.0,0.0,0.0,0.0,0.0,0.0
Etiwanda HS,PSW,2024,7,3,1,79.7,24.9,16.3,23.5,15.0,79.7,24.9,16.3,23.5,15.0,79.8,23.4,16.6,23.6,16.2,0.0,0.0,0.0,0.0,0.0
Etiwanda HS,PSW,2024,8,1,2,79.75,24.15,16.45,23.55,15.6,79.8,23.4,16.6,23.6,16.2,86.55,25.95,17.4,25.9,17.3,0.1,-1.5,0.3,0.1,1.2
Etiwanda HS,PSW,2024,9,1,3,82.017,24.75,16.767,24.333,16.167,86.55,25.95,17.4,25.9,17.3,88.325,26.55,17.925,26.5,17.35,6.75,2.55,0.8,2.3,1.1
Etiwanda HS,PSW,2024,11,2,4,83.594,25.2,17.056,24.875,16.462,88.325,26.55,17.925,26.5,17.35,89.825,26.625,17.6,27.4,18.2,1.775,0.6,0.525,0.6,0.05
Etiwanda HS,PSW,2024,12,1,5,84.84,25.485,17.165,25.38,16.81,89.825,26.625,17.6,27.4,18.2,90.625,27.225,18.7,26.75,17.95,1.5,0.075,-0.325,0.9,0.85
Fair Lawn HS,PSW,2024,5,0,0,0.0,0.0,0.0,0.0,0.0,0.0,0.0,0.0,0.0,0.0,75.65,22.95,15.1,23.0,14.6,0.0,0.0,0.0,0.0,0.0
Fair Lawn HS,PSW,2024,9,4,1,75.65,22.95,15.1,23.0,14.6,75.65,22.95,15.1,23.0,14.6,81.35,23.55,16.8,24.5,16.5,0.0,0.0,0.0,0.0,0.0
Gahr HS,PSW,2024,3,0,0,0.0,0.0,0.0,0.0,0.0,0.0,0.0,0.0,0.0,0.0,81.0,24.0,16.1,24.5,16.4,0.0,0.0,0.0,0.0,0.0
Gahr HS,PSW,2024,6,3,1,81.0,24.0,16.1,24.5,16.4,81.0,24.0,16.1,24.5,16.4,83.45,24.75,16.8,25.0,16.9,0.0,0.0,0.0,0.0,0.0
Gahr HS,PSW,2024,9,3,2,82.225,24.375,16.45,24.75,16.65,83.45,24.75,16.8,25.0,16.9,86.225,25.725,16.85,26.6,17.05,2.45,0.75,0.7,0.5,0.5
Gahr HS,PSW,2024,11,2,3,83.558,24.825,16.583,25.367,16.783,86.225,25.725,16.85,26.6,17.05,87.101,25.5,17.2,26.7,17.7,2.775,0.975,0.05,1.6,0.15
Gahr HS,PSW,2024,12,1,4,84.444,24.994,16.738,25.7,17.012,87.101,25.5,17.2,26.7,17.7,87.251,26.55,17.4,26.3,17.0,0.876,-0.225,0.35,0.1,0.65
Homestead HS,PSW,2024,6,0,0,0.0,0.0,0.0,0.0,0.0,0.0,0.0,0.0,0.0,0.0,81.1,24.0,16.7,23.8,16.6,0.0,0.0,0.0,0.0,0.0
Homestead HS,PSW,2024,9,3,1,81.1,24.0,16.7,23.8,16.6,81.1,24.0,16.7,23.8,16.6,85.876,25.725,17.25,25.9,17.0,0.0,0.0,0.0,0.0,0.0
Homestead HS,PSW,2024,11,2,2,83.488,24.862,16.975,24.85,16.8,85.876,25.725,17.25,25.9,17.0,87.351,26.25,17.8,25.9,17.4,4.776,1.725,0.55,2.1,0.4
Pearland HS,PSW,2024,6,0,0,0.0,0.0,0.0,0.0,0.0,0.0,0.0,0.0,0.0,0.0,78.9,23.7,15.6,24.5,15.1,0.0,0.0,0.0,0.0,0.0
Pearland HS,PSW,2024,8,2,1,78.9,23.7,15.6,24.5,15.1,78.9,23.7,15.6,24.5,15.1,85.65,26.25,16.0,25.7,17.7,0.0,0.0,0.0,0.0,0.0
Rowland HS,PSW,2024,4,0,0,0.0,0.0,0.0,0.0,0.0,0.0,0.0,0.0,0.0,0.0,76.15,24.15,16.0,21.6,14.4,0.0,0.0,0.0,0.0,0.0
Rowland HS,PSW,2024,6,2,1,76.15,24.15,16.0,21.6,14.4,76.15,24.15,16.0,21.6,14.4,79.251,22.65,16.1,24.3,16.2,0.0,0.0,0.0,0.0,0.0
Rowland HS,PSW,2024,8,2,2,77.7,23.4,16.05,22.95,15.3,79.251,22.65,16.1,24.3,16.2,82.15,24.75,16.6,24.8,16.0,3.101,-1.5,0.1,2.7,1.8
Rowland HS,PSW,2024,11,3,3,79.184,23.85,16.233,23.567,15.533,82.15,24.75,16.6,24.8,16.0,83.076,24.675,17.1,25.0,16.3,2.899,2.1,0.5,0.5,-0.2
Rowland HS,PSW,2024,12,1,4,80.157,24.056,16.45,23.925,15.725,83.076,24.675,17.1,25.0,16.3,84.051,25.05,17.1,25.55,16.35,0.926,-0.075,0.5,0.2,0.3
Vista Murrieta HS,PSW,2024,5,0,0,0.0,0.0,0.0,0.0,0.0,0.0,0.0,0.0,0.0,0.0,85.5,25.5,17.6,24.8,17.6,0.0,0.0,0.0,0.0,0.0
Vista Murrieta HS,PSW,2024,7,2,1,85.5,25.5,17.6,24.8,17.6,85.5,25.5,17.6,24.8,17.6,87.1,26.7,18.0,24.2,18.2,0.0,0.0,0.0,0.0,0.0
Vista Murrieta HS,PSW,2024,8,1,2,86.3,26.1,17.8,24.5,17.9,87.1,26.7,18.0,24.2,18.2,90.3,27.3,18.2,26.7,18.1,1.6,1.2,0.4,-0.6,0.6
Vista Murrieta HS,PSW,2024,11,3,3,87.633,26.5,17.933,25.233,17.967,90.3,27.3,18.2,26.7,18.1,92.825,26.925,18.8,28.5,18.6,3.2,0.6,0.2,2.5,-0.1
Vista Murrieta HS,PSW,2024,12,1,4,88.931,26.606,18.15,26.05,18.125,92.825,26.925,18.8,28.5,18.6,93.313,28.237,18.625,27.85,18.6,2.525,-0.375,0.6,1.8,0.5
Walled Lake Consolidated Schools,PSW,2024,5,0,0,0.0,0.0,0.0,0.0,0.0,0.0,0.0,0.0,0.0,0.0,80.25,23.55,16.5,23.5,16.7,0.0,0.0,0.0,0.0,0.0
Walled Lake Consolidated Schools,PSW,2024,6,1,1,80.25,23.55,16.5,23.5,16.7,80.25,23.55,16.5,23.5,16.7,78.9,23.7,16.1,23.5,15.6,0.0,0.0,0.0,0.0,0.0
Walled Lake Consolidated Schools,PSW,2024,9,3,2,79.575,23.625,16.3,23.5,16.15,78.9,23.7,16.1,23.5,15.6,85.65,25.65,16.9,26.0,17.1,-1.35,0.15,-0.4,0.0,-1.1
Walled Lake Consolidated Schools,PSW,2024,12,3,3,81.6,24.3,16.5,24.333,16.467,85.65,25.65,16.9,26.0,17.1,88.45,26.55,17.85,26.55,17.5,6.75,1.95,0.8,2.5,1.5
West Ranch HS,PSW,2024,7,0,0,0.0,0.0,0.0,0.0,0.0,0.0,0.0,0.0,0.0,0.0,71.0,21.9,14.1,20.6,14.4,0.0,0.0,0.0,0.0,0.0
West Ranch HS,PSW,2024,8,1,1,71.0,21.9,14.1,20.6,14.4,71.0,21.9,14.1,20.6,14.4,75.5,22.2,14.6,24.2,14.5,0.0,0.0,0.0,0.0,0.0
West Ranch HS,PSW,2024,9,1,2,73.25,22.05,14.35,22.4,14.45,75.5,22.2,14.6,24.2,14.5,75.451,22.05,15.1,23.4,14.9,4.5,0.3,0.5,3.6,0.1
West Ranch HS,PSW,2024,11,2,3,73.984,22.05,14.6,22.733,14.6,75.451,22.05,15.1,23.4,14.9,80.8,24.6,15.4,25.3,15.5,-0.049,-0.15,0.5,-0.8,0.4
Arroyo HS,PSO,2024,2,0,0,0.0,0.0,0.0,0.0,0.0,0.0,0.0,0.0,0.0,0.0,73.9,22.2,15.6,20.9,15.2,0.0,0.0,0.0,0.0,0.0
Arroyo HS,PSO,2024,4,2,1,73.9,22.2,15.6,20.9,15.2,73.9,22.2,15.6,20.9,15.2,73.901,23.4,13.6,23.1,13.8,0.0,0.0,0.0,0.0,0.0
Arroyo HS,PSO,2024,7,3,2,73.9,22.8,14.6,22.0,14.5,73.901,23.4,13.6,23.1,13.8,79.25,25.05,16.4,21.8,16.0,0.001,1.2,-2.0,2.2,-1.4
Bellflower HS,PSO,2024,3,0,0,0.0,0.0,0.0,0.0,0.0,0.0,0.0,0.0,0.0,0.0,69.201,20.1,13.8,22.3,13.0,0.0,0.0,0.0,0.0,0.0
Bellflower HS,PSO,2024,6,3,1,69.201,20.1,13.8,22.3,13.0,69.201,20.1,13.8,22.3,13.0,74.851,21.75,14.5,23.2,15.4,0.0,0.0,0.0,0.0,0.0
Bellflower HS,PSO,2024,8,2,2,72.026,20.925,14.15,22.75,14.2,74.851,21.75,14.5,23.2,15.4,78.951,24.15,16.0,25.0,13.8,5.65,1.65,0.7,0.9,2.4
Buena HS,PSO,2024,2,0,0,0.0,0.0,0.0,0.0,0.0,0.0,0.0,0.0,0.0,0.0,69.951,21.15,14.9,19.9,14.0,0.0,0.0,0.0,0.0,0.0
Buena HS,PSO,2024,6,4,1,69.951,21.15,14.9,19.9,14.0,69.951,21.15,14.9,19.9,14.0,77.85,24.75,14.8,23.9,14.4,0.0,0.0,0.0,0.0,0.0
Buena HS,PSO,2024,8,2,2,73.9,22.95,14.85,21.9,14.2,77.85,24.75,14.8,23.9,14.4,75.15,21.75,16.2,23.1,14.1,7.899,3.6,-0.1,4.0,0.4
Camarillo HS,PSO,2024,6,0,0,0.0,0.0,0.0,0.0,0.0,0.0,0.0,0.0,0.0,0.0,74.701,23.4,15.1,21.6,14.6,0.0,0.0,0.0,0.0,0.0
Camarillo HS,PSO,2024,8,2,1,74.701,23.4,15.1,21.6,14.6,74.701,23.4,15.1,21.6,14.6,79.551,23.85,15.8,24.3,15.6,0.0,0.0,0.0,0.0,0.0
Canyon HS,PSO,2024,4,0,0,0.0,0.0,0.0,0.0,0.0,0.0,0.0,0.0,0.0,0.0,69.201,20.7,14.2,20.8,13.5,0.0,0.0,0.0,0.0,0.0
Canyon HS,PSO,2024,6,2,1,69.201,20.7,14.2,20.8,13.5,69.201,20.7,14.2,20.8,13.5,74.551,24.15,13.6,22.8,14.0,0.0,0.0,0.0,0.0,0.0
Canyon HS,PSO,2024,8,2,2,71.876,22.425,13.9,21.8,13.75,74.551,24.15,13.6,22.8,14.0,76.1,25.2,15.5,21.7,13.7,5.35,3.45,-0.6,2.0,0.5
Casa Grande HS,PSO,2024,6,0,0,0.0,0.0,0.0,0.0,0.0,0.0,0.0,0.0,0.0,0.0,76.7,21.9,16.5,23.2,15.1,0.0,0.0,0.0,0.0,0.0
Casa Grande HS,PSO,2024,9,3,1,76.7,21.9,16.5,23.2,15.1,76.7,21.9,16.5,23.2,15.1,80.076,23.175,16.55,23.95,16.4,0.0,0.0,0.0,0.0,0.0
Cerritos HS,PSO,2024,4,0,0,0.0,0.0,0.0,0.0,0.0,0.0,0.0,0.0,0.0,0.0,75.575,21.975,15.2,23.7,14.7,0.0,0.0,0.0,0.0,0.0
Cerritos HS,PSO,2024,6,2,1,75.575,21.975,15.2,23.7,14.7,75.575,21.975,15.2,23.7,14.7,80.525,24.525,16.2,24.6,15.2,0.0,0.0,0.0,0.0,0.0
Cerritos HS,PSO,2024,8,2,2,78.05,23.25,15.7,24.15,14.95,80.525,24.525,16.2,24.6,15.2,85.55,26.25,17.1,24.9,17.3,4.95,2.55,1.0,0.9,0.5
Cerritos HS,PSO,2024,12,4,3,80.55,24.25,16.167,24.4,15.733,85.55,26.25,17.1,24.9,17.3,89.868,27.488,18.5,26.03,17.85,5.025,1.725,0.9,0.3,2.1
Chaparral HS,PSO,2024,7,0,0,0.0,0.0,0.0,0.0,0.0,0.0,0.0,0.0,0.0,0.0,74.1,22.8,15.1,21.3,14.9,0.0,0.0,0.0,0.0,0.0
Chaparral HS,PSO,2024,8,1,1,74.1,22.8,15.1,21.3,14.9,74.1,22.8,15.1,21.3,14.9,76.85,23.25,16.1,23.0,14.5,0.0,0.0,0.0,0.0,0.0
Chino HS,PSO,2024,4,0,0,0.0,0.0,0.0,0.0,0.0,0.0,0.0,0.0,0.0,0.0,76.5,22.5,15.4,22.9,15.7,0.0,0.0,0.0,0.0,0.0
Chino HS,PSO,2024,6,2,1,76.5,22.5,15.4,22.9,15.7,76.5,22.5,15.4,22.9,15.7,78.65,24.45,15.9,23.5,14.8,0.0,0.0,0.0,0.0,0.0
Chino HS,PSO,2024,8,2,2,77.575,23.475,15.65,23.2,15.25,78.65,24.45,15.9,23.5,14.8,80.6,24.0,17.1,24.7,14.8,2.15,1.95,0.5,0.6,-0.9
Chino HS,PSO,2024,12,4,3,78.583,23.65,16.133,23.7,15.1,80.6,24.0,17.1,24.7,14.8,87.014,26.137,17.2,26.95,16.725,1.95,-0.45,1.2,1.2,0.0
Cleveland Charter HS,PSO,2024,2,0,0,0.0,0.0,0.0,0.0,0.0,0.0,0.0,0.0,0.0,0.0,75.05,23.55,14.7,20.8,16.0,0.0,0.0,0.0,0.0,0.0
Cleveland Charter HS,PSO,2024,5,3,1,75.05,23.55,14.7,20.8,16.0,75.05,23.55,14.7,20.8,16.0,77.65,24.75,15.5,21.5,15.9,0.0,0.0,0.0,0.0,0.0
Cleveland Charter HS,PSO,2024,8,3,2,76.35,24.15,15.1,21.15,15.95,77.65,24.75,15.5,21.5,15.9,81.75,24.45,15.5,25.4,16.4,2.6,1.2,0.8,0.7,-0.1
Cleveland Charter HS,PSO,2024,9,1,3,78.15,24.25,15.233,22.567,16.1,81.75,24.45,15.5,25.4,16.4,82.8,25.2,16.2,25.2,16.2,4.1,-0.3,0.0,3.9,0.5
Cleveland Charter HS,PSO,2024,12,3,4,79.312,24.488,15.475,23.225,16.125,82.8,25.2,16.2,25.2,16.2,85.989,26.363,17.15,25.6,16.875,1.05,0.75,0.7,-0.2,-0.2
Downingtown HS West,PSO,2024,7,0,0,0.0,0.0,0.0,0.0,0.0,0.0,0.0,0.0,0.0,0.0,80.45,23.9,24.75,15.3,16.5,0.0,0.0,0.0,0.0,0.0
Downingtown HS West,PSO,2024,8,1,1,80.45,23.9,24.75,15.3,16.5,80.45,23.9,24.75,15.3,16.5,82.9,24.6,25.2,16.4,16.7,0.0,0.0,0.0,0.0,0.0
Downingtown HS West,PSO,2024,11,3,2,81.675,24.25,24.975,15.85,16.6,82.9,24.6,25.2,16.4,16.7,83.5,24.5,25.5,16.0,17.5,2.45,0.7,0.45,1.1,0.2
Downingtown HS West,PSO,2024,12,1,3,82.283,24.333,25.15,15.9,16.9,83.5,24.5,25.5,16.0,17.5,86.5,25.9,27.0,16.2,17.4,0.6,-0.1,0.3,-0.4,0.8
El Dorado HS,PSO,2024,3,0,0,0.0,0.0,0.0,0.0,0.0,0.0,0.0,0.0,0.0,0.0,78.35,23.55,15.4,24.0,15.4,0.0,0.0,0.0,0.0,0.0
El Dorado HS,PSO,2024,6,3,1,78.35,23.55,15.4,24.0,15.4,78.35,23.55,15.4,24.0,15.4,83.8,25.2,16.8,25.1,16.7,0.0,0.0,0.0,0.0,0.0
El Dorado HS,PSO,2024,9,3,2,81.075,24.375,16.1,24.55,16.05,83.8,25.2,16.8,25.1,16.7,83.775,24.825,17.05,25.45,16.45,5.45,1.65,1.4,1.1,1.3
El Dorado HS,PSO,2024,12,3,3,81.975,24.525,16.417,24.85,16.183,83.775,24.825,17.05,25.45,16.45,88.864,27.112,18.3,25.75,17.7,-0.025,-0.375,0.25,0.35,-0.25
Fishers HS,PSO,2024,6,0,0,0.0,0.0,0.0,0.0,0.0,0.0,0.0,0.0,0.0,0.0,82.4,24.6,16.3,25.8,15.7,0.0,0.0,0.0,0.0,0.0
Fishers HS,PSO,2024,13,7,1,82.4,24.6,16.3,25.8,15.7,82.4,24.6,16.3,25.8,15.7,97.113,29.288,18.925,29.3,19.6,0.0,0.0,0.0,0.0,0.0
Fort Zumwalt Combined Schools,PSO,2024,4,0,0,0.0,0.0,0.0,0.0,0.0,0.0,0.0,0.0,0.0,0.0,77.85,23.55,15.8,23.2,15.3,0.0,0.0,0.0,0.0,0.0
Fort Zumwalt Combined Schools,PSO,2024,13,9,1,77.85,23.55,15.8,23.2,15.3,77.85,23.55,15.8,23.2,15.3,93.763,28.312,18.925,27.725,18.8,0.0,0.0,0.0,0.0,0.0
Fountain Valley HS,PSO,2024,3,0,0,0.0,0.0,0.0,0.0,0.0,0.0,0.0,0.0,0.0,0.0,74.4,22.2,14.5,23.4,14.3,0.0,0.0,0.0,0.0,0.0
Fountain Valley HS,PSO,2024,6,3,1,74.4,22.2,14.5,23.4,14.3,74.4,22.2,14.5,23.4,14.3,80.25,24.15,15.4,24.6,16.1,0.0,0.0,0.0,0.0,0.0
Fountain Valley HS,PSO,2024,7,1,2,77.325,23.175,14.95,24.0,15.2,80.25,24.15,15.4,24.6,16.1,78.401,23.7,16.1,22.7,15.9,5.85,1.95,0.9,1.2,1.8
Fountain Valley HS,PSO,2024,9,2,3,77.684,23.35,15.333,23.567,15.433,78.401,23.7,16.1,22.7,15.9,80.851,23.85,16.9,23.2,16.9,-1.849,-0.45,0.7,-1.9,-0.2
Fountain Valley HS,PSO,2024,12,3,4,78.476,23.475,15.725,23.475,15.8,80.851,23.85,16.9,23.2,16.9,84.638,25.688,17.4,24.55,17.0,2.45,0.15,0.8,0.5,1.0
Glenn HS,PSO,2024,6,0,0,0.0,0.0,0.0,0.0,0.0,0.0,0.0,0.0,0.0,0.0,84.0,25.2,16.8,24.9,17.1,0.0,0.0,0.0,0.0,0.0
Glenn HS,PSO,2024,8,2,1,84.0,25.2,16.8,24.9,17.1,84.0,25.2,16.8,24.9,17.1,89.35,27.45,18.4,24.9,18.6,0.0,0.0,0.0,0.0,0.0
Great Oak HS,PSO,2024,5,0,0,0.0,0.0,0.0,0.0,0.0,0.0,0.0,0.0,0.0,0.0,80.775,24.525,16.5,23.5,16.25,0.0,0.0,0.0,0.0,0.0
Great Oak HS,PSO,2024,7,2,1,80.775,24.525,16.5,23.5,16.25,80.775,24.525,16.5,23.5,16.25,85.4,25.2,16.7,27.0,16.5,0.0,0.0,0.0,0.0,0.0
Great Oak HS,PSO,2024,8,1,2,83.088,24.862,16.6,25.25,16.375,85.4,25.2,16.7,27.0,16.5,87.5,26.7,18.0,26.1,16.7,4.625,0.675,0.2,3.5,0.25
Great Oak HS,PSO,2024,9,1,3,84.558,25.475,17.067,25.533,16.483,87.5,26.7,18.0,26.1,16.7,89.225,26.775,18.15,26.9,17.4,2.1,1.5,1.3,-0.9,0.2
Great Oak HS,PSO,2024,12,3,4,85.725,25.8,17.338,25.875,16.712,89.225,26.775,18.15,26.9,17.4,94.063,28.312,19.2,27.85,18.7,1.725,0.075,0.15,0.8,0.7
Hardin Valley Combined Schools,PSO,2024,4,0,0,0.0,0.0,0.0,0.0,0.0,0.0,0.0,0.0,0.0,0.0,72.85,22.05,14.2,22.8,13.8,0.0,0.0,0.0,0.0,0.0
Hardin Valley Combined Schools,PSO,2024,6,2,1,72.85,22.05,14.2,22.8,13.8,72.85,22.05,14.2,22.8,13.8,79.8,24.1,26.1,15.4,14.2,0.0,0.0,0.0,0.0,0.0
Highland Regional,PSO,2024,11,0,0,0.0,0.0,0.0,0.0,0.0,0.0,0.0,0.0,0.0,0.0,82.95,25.0,25.35,15.4,17.2,0.0,0.0,0.0,0.0,0.0
Highland Regional,PSO,2024,12,1,1,82.95,25.0,25.35,15.4,17.2,82.95,25.0,25.35,15.4,17.2,84.95,26.2,25.95,16.7,16.1,0.0,0.0,0.0,0.0,0.0
Hoover HS,PSO,2024,6,0,0,0.0,0.0,0.0,0.0,0.0,0.0,0.0,0.0,0.0,0.0,76.3,24.3,14.7,23.1,14.2,0.0,0.0,0.0,0.0,0.0
Hoover HS,PSO,2024,8,2,1,76.3,24.3,14.7,23.1,14.2,76.3,24.3,14.7,23.1,14.2,75.601,23.1,15.0,22.2,15.3,0.0,0.0,0.0,0.0,0.0
John Marshall HS,PSO,2024,6,0,0,0.0,0.0,0.0,0.0,0.0,0.0,0.0,0.0,0.0,0.0,74.501,22.8,16.0,21.4,14.3,0.0,0.0,0.0,0.0,0.0
John Marshall HS,PSO,2024,8,2,1,74.501,22.8,16.0,21.4,14.3,74.501,22.8,16.0,21.4,14.3,74.501,22.2,14.9,22.5,14.9,0.0,0.0,0.0,0.0,0.0
Kamiak HS,PSO,2024,8,0,0,0.0,0.0,0.0,0.0,0.0,0.0,0.0,0.0,0.0,0.0,87.25,26.55,17.7,25.6,17.4,0.0,0.0,0.0,0.0,0.0
Kamiak HS,PSO,2024,9,1,1,87.25,26.55,17.7,25.6,17.4,87.25,26.55,17.7,25.6,17.4,90.925,27.675,18.65,26.8,17.8,0.0,0.0,0.0,0.0,0.0
Keller HS,PSO,2024,6,0,0,0.0,0.0,0.0,0.0,0.0,0.0,0.0,0.0,0.0,0.0,77.8,23.4,15.1,23.8,15.5,0.0,0.0,0.0,0.0,0.0
Keller HS,PSO,2024,8,2,1,77.8,23.4,15.1,23.8,15.5,77.8,23.4,15.1,23.8,15.5,78.9,24.3,14.6,23.4,16.6,0.0,0.0,0.0,0.0,0.0
Kettering Fairmont HS,PSO,2024,4,0,0,0.0,0.0,0.0,0.0,0.0,0.0,0.0,0.0,0.0,0.0,77.0,24.0,14.6,23.5,14.9,0.0,0.0,0.0,0.0,0.0
Kettering Fairmont HS,PSO,2024,13,9,1,77.0,24.0,14.6,23.5,14.9,77.0,24.0,14.6,23.5,14.9,96.45,29.325,19.5,28.8,18.825,0.0,0.0,0.0,0.0,0.0
La Canada HS,PSO,2024,2,0,0,0.0,0.0,0.0,0.0,0.0,0.0,0.0,0.0,0.0,0.0,70.9,21.0,14.0,20.2,15.7,0.0,0.0,0.0,0.0,0.0
La Canada HS,PSO,2024,6,4,1,70.9,21.0,14.0,20.2,15.7,70.9,21.0,14.0,20.2,15.7,70.25,21.45,13.4,22.1,13.3,0.0,0.0,0.0,0.0,0.0
La Canada HS,PSO,2024,7,1,2,70.575,21.225,13.7,21.15,14.5,70.25,21.45,13.4,22.1,13.3,76.326,23.625,15.3,23.2,14.2,-0.65,0.45,-0.6,1.9,-2.4
Lake Orion Percussion,PSO,2024,5,0,0,0.0,0.0,0.0,0.0,0.0,0.0,0.0,0.0,0.0,0.0,72.5,22.2,14.5,21.5,14.3,0.0,0.0,0.0,0.0,0.0
Lake Orion Percussion,PSO,2024,7,2,1,72.5,22.2,14.5,21.5,14.3,72.5,22.2,14.5,21.5,14.3,75.9,22.8,14.8,22.9,15.4,0.0,0.0,0.0,0.0,0.0
Lake Orion Percussion,PSO,2024,12,5,2,74.2,22.5,14.65,22.2,14.85,75.9,22.8,14.8,22.9,15.4,84.675,25.425,16.65,26.0,16.6,3.4,0.6,0.3,1.4,1.1
Millikan HS,PSO,2024,2,0,0,0.0,0.0,0.0,0.0,0.0,0.0,0.0,0.0,0.0,0.0,74.65,22.65,15.7,21.7,14.6,0.0,0.0,0.0,0.0,0.0
Millikan HS,PSO,2024,4,2,1,74.65,22.65,15.7,21.7,14.6,74.65,22.65,15.7,21.7,14.6,74.251,21.45,13.9,24.1,14.8,0.0,0.0,0.0,0.0,0.0
Millikan HS,PSO,2024,8,4,2,74.45,22.05,14.8,22.9,14.7,74.251,21.45,13.9,24.1,14.8,82.55,25.65,17.6,24.4,14.9,-0.399,-1.2,-1.8,2.4,0.2
Old Bridge,PSO,2024,3,0,0,0.0,0.0,0.0,0.0,0.0,0.0,0.0,0.0,0.0,0.0,72.55,21.6,22.35,15.1,13.5,0.0,0.0,0.0,0.0,0.0
Old Bridge,PSO,2024,6,3,1,72.55,21.6,22.35,15.1,13.5,72.55,21.6,22.35,15.1,13.5,80.15,25.0,23.85,15.7,15.6,0.0,0.0,0.0,0.0,0.0
Old Bridge,PSO,2024,8,2,2,76.35,23.3,23.1,15.4,14.55,80.15,25.0,23.85,15.7,15.6,87.3,26.0,26.1,17.5,17.7,7.6,3.4,1.5,0.6,2.1
Old Bridge,PSO,2024,11,3,3,80.0,24.2,24.1,16.1,15.6,87.3,26.0,26.1,17.5,17.7,88.8,25.9,27.3,17.2,18.4,7.15,1.0,2.25,1.8,2.1
Old Bridge,PSO,2024,12,1,4,82.2,24.625,24.9,16.375,16.3,88.8,25.9,27.3,17.2,18.4,91.0,26.8,28.8,17.4,18.0,1.5,-0.1,1.2,-0.3,0.7
Old Bridge HS,PSO,2024,5,0,0,0.0,0.0,0.0,0.0,0.0,0.0,0.0,0.0,0.0,0.0,81.4,24.9,16.6,24.4,15.5,0.0,0.0,0.0,0.0,0.0
Old Bridge HS,PSO,2024,9,4,1,81.4,24.9,16.6,24.4,15.5,81.4,24.9,16.6,24.4,15.5,89.275,27.225,17.65,27.2,17.2,0.0,0.0,0.0,0.0,0.0
Pacifica HS,PSO,2024,3,0,0,0.0,0.0,0.0,0.0,0.0,0.0,0.0,0.0,0.0,0.0,73.35,20.85,14.9,21.8,15.8,0.0,0.0,0.0,0.0,0.0
Pacifica HS,PSO,2024,6,3,1,73.35,20.85,14.9,21.8,15.8,73.35,20.85,14.9,21.8,15.8,81.2,25.5,16.4,22.7,16.6,0.0,0.0,0.0,0.0,0.0
Pacifica HS,PSO,2024,9,3,2,77.275,23.175,15.65,22.25,16.2,81.2,25.5,16.4,22.7,16.6,85.9,25.5,18.4,24.75,17.25,7.85,4.65,1.5,0.9,0.8
Pacifica HS,PSO,2024,12,3,3,80.15,23.95,16.567,23.083,16.55,85.9,25.5,18.4,24.75,17.25,91.275,28.125,18.825,25.95,18.375,4.7,0.0,2.0,2.05,0.65
Pflugerville HS,PSO,2024,6,0,0,0.0,0.0,0.0,0.0,0.0,0.0,0.0,0.0,0.0,0.0,74.0,22.5,14.6,21.5,15.4,0.0,0.0,0.0,0.0,0.0
Pflugerville HS,PSO,2024,8,2,1,74.0,22.5,14.6,21.5,15.4,74.0,22.5,14.6,21.5,15.4,83.9,25.5,16.9,25.4,16.1,0.0,0.0,0.0,0.0,0.0
Plymouth-Canton Educational Park,PSO,2024,5,0,0,0.0,0.0,0.0,0.0,0.0,0.0,0.0,0.0,0.0,0.0,75.7,24.0,14.4,22.4,14.9,0.0,0.0,0.0,0.0,0.0
Plymouth-Canton Educational Park,PSO,2024,6,1,1,75.7,24.0,14.4,22.4,14.9,75.7,24.0,14.4,22.4,14.9,79.5,24.0,15.9,23.9,15.7,0.0,0.0,0.0,0.0,0.0
Plymouth-Canton Educational Park,PSO,2024,7,1,2,77.6,24.0,15.15,23.15,15.3,79.5,24.0,15.9,23.9,15.7,80.65,24.15,15.9,24.5,16.1,3.8,0.0,1.5,1.5,0.8
Plymouth-Canton Educational Park,PSO,2024,12,5,3,78.617,24.05,15.4,23.6,15.567,80.65,24.15,15.9,24.5,16.1,87.875,26.925,17.3,26.35,17.3,1.15,0.15,0.0,0.6,0.4
Rancho Cucamonga HS,PSO,2024,3,0,0,0.0,0.0,0.0,0.0,0.0,0.0,0.0,0.0,0.0,0.0,76.95,22.95,15.1,23.8,15.1,0.0,0.0,0.0,0.0,0.0
Rancho Cucamonga HS,PSO,2024,5,2,1,76.95,22.95,15.1,23.8,15.1,76.95,22.95,15.1,23.8,15.1,79.65,24.45,16.4,22.6,16.2,0.0,0.0,0.0,0.0,0.0
Rancho Cucamonga HS,PSO,2024,8,3,2,78.3,23.7,15.75,23.2,15.65,79.65,24.45,16.4,22.6,16.2,87.55,26.55,18.1,25.7,17.2,2.7,1.5,1.3,-1.2,1.1
Rancho Cucamonga HS,PSO,2024,12,4,3,81.383,24.65,16.533,24.033,16.167,87.55,26.55,18.1,25.7,17.2,93.325,27.975,19.075,27.7,18.575,7.9,2.1,1.7,3.1,1.0
Rancho Verde HS,PSO,2024,8,0,0,0.0,0.0,0.0,0.0,0.0,0.0,0.0,0.0,0.0,0.0,82.35,25.65,16.5,23.3,16.9,0.0,0.0,0.0,0.0,0.0
Rancho Verde HS,PSO,2024,12,4,1,82.35,25.65,16.5,23.3,16.9,82.35,25.65,16.5,23.3,16.9,84.05,24.9,16.35,25.85,16.95,0.0,0.0,0.0,0.0,0.0
South Torrance HS,PSO,2024,4,0,0,0.0,0.0,0.0,0.0,0.0,0.0,0.0,0.0,0.0,0.0,74.45,22.35,14.7,23.2,14.2,0.0,0.0,0.0,0.0,0.0
South Torrance HS,PSO,2024,6,2,1,74.45,22.35,14.7,23.2,14.2,74.45,22.35,14.7,23.2,14.2,74.901,22.5,13.9,22.2,16.3,0.0,0.0,0.0,0.0,0.0
South Torrance HS,PSO,2024,7,1,2,74.676,22.425,14.3,22.7,15.25,74.901,22.5,13.9,22.2,16.3,78.151,25.8,16.0,21.5,14.85,0.451,0.15,-0.8,-1.0,2.1
South Torrance HS,PSO,2024,12,5,3,75.834,23.55,14.867,22.3,15.117,78.151,25.8,16.0,21.5,14.85,89.338,26.438,17.95,27.2,17.75,3.25,3.3,2.1,-0.7,-1.45
Stockdale HS,PSO,2024,4,0,0,0.0,0.0,0.0,0.0,0.0,0.0,0.0,0.0,0.0,0.0,71.251,22.65,13.5,21.7,13.4,0.0,0.0,0.0,0.0,0.0
Stockdale HS,PSO,2024,7,3,1,71.251,22.65,13.5,21.7,13.4,71.251,22.65,13.5,21.7,13.4,81.75,24.45,15.6,26.4,15.3,0.0,0.0,0.0,0.0,0.0
Stockdale HS,PSO,2024,9,2,2,76.5,23.55,14.55,24.05,14.35,81.75,24.45,15.6,26.4,15.3,85.975,25.275,17.35,26.55,16.8,10.499,1.8,2.1,4.7,1.9
Stockdale HS,PSO,2024,12,3,3,79.659,24.125,15.483,24.883,15.167,85.975,25.275,17.35,26.55,16.8,85.626,26.025,17.85,25.1,16.65,4.225,0.825,1.75,0.15,1.5
Trabuco Hills HS,PSO,2024,6,0,0,0.0,0.0,0.0,0.0,0.0,0.0,0.0,0.0,0.0,0.0,78.55,23.55,15.9,23.4,15.7,0.0,0.0,0.0,0.0,0.0
Trabuco Hills HS,PSO,2024,7,1,1,78.55,23.55,15.9,23.4,15.7,78.55,23.55,15.9,23.4,15.7,78.525,24.225,15.4,24.2,14.7,0.0,0.0,0.0,0.0,0.0
Upland HS,PSO,2024,4,0,0,0.0,0.0,0.0,0.0,0.0,0.0,0.0,0.0,0.0,0.0,74.625,22.725,16.0,20.3,15.6,0.0,0.0,0.0,0.0,0.0
Upland HS,PSO,2024,6,2,1,74.625,22.725,16.0,20.3,15.6,74.625,22.725,16.0,20.3,15.6,72.55,22.65,15.8,20.6,13.5,0.0,0.0,0.0,0.0,0.0
Upland HS,PSO,2024,8,2,2,73.588,22.688,15.9,20.45,14.55,72.55,22.65,15.8,20.6,13.5,78.05,22.35,15.6,24.0,16.1,-2.075,-0.075,-0.2,0.3,-2.1
Valencia HS,PSO,2024,4,0,0,0.0,0.0,0.0,0.0,0.0,0.0,0.0,0.0,0.0,0.0,74.201,22.2,14.8,22.6,14.6,0.0,0.0,0.0,0.0,0.0
Valencia HS,PSO,2024,7,3,1,74.201,22.2,14.8,22.6,14.6,74.201,22.2,14.8,22.6,14.6,76.251,23.55,15.8,22.6,14.3,0.0,0.0,0.0,0.0,0.0
Valencia HS,PSO,2024,8,1,2,75.226,22.875,15.3,22.6,14.45,76.251,23.55,15.8,22.6,14.3,79.001,24.6,16.3,23.4,14.7,2.05,1.35,1.0,0.0,-0.3
Valencia HS,PSO,2024,12,4,3,76.484,23.45,15.633,22.867,14.533,79.001,24.6,16.3,23.4,14.7,84.525,25.65,17.2,25.075,16.6,2.75,1.05,0.5,0.8,0.4
Victor,PSO,2024,9,0,0,0.0,0.0,0.0,0.0,0.0,0.0,0.0,0.0,0.0,0.0,81.15,25.0,24.75,15.8,15.6,0.0,0.0,0.0,0.0,0.0
Victor,PSO,2024,11,2,1,81.15,25.0,24.75,15.8,15.6,81.15,25.0,24.75,15.8,15.6,86.1,26.9,25.5,17.1,16.6,0.0,0.0,0.0,0.0,0.0
Victor J. Andrew HS,PSO,2024,4,0,0,0.0,0.0,0.0,0.0,0.0,0.0,0.0,0.0,0.0,0.0,81.7,24.6,16.8,24.1,16.2,0.0,0.0,0.0,0.0,0.0
Victor J. Andrew HS,PSO,2024,6,2,1,81.7,24.6,16.8,24.1,16.2,81.7,24.6,16.8,24.1,16.2,85.95,26.1,17.3,25.45,17.1,0.0,0.0,0.0,0.0,0.0
Victor J. Andrew HS,PSO,2024,13,7,2,83.825,25.35,17.05,24.775,16.65,85.95,26.1,17.3,25.45,17.1,97.563,29.587,19.625,28.825,19.525,4.25,1.5,0.5,1.35,0.9
West HS,PSO,2024,2,0,0,0.0,0.0,0.0,0.0,0.0,0.0,0.0,0.0,0.0,0.0,74.15,21.45,14.3,22.6,15.8,0.0,0.0,0.0,0.0,0.0
West HS,PSO,2024,6,4,1,74.15,21.45,14.3,22.6,15.8,74.15,21.45,14.3,22.6,15.8,79.075,23.475,15.5,24.0,16.1,0.0,0.0,0.0,0.0,0.0
West HS,PSO,2024,8,2,2,76.613,22.462,14.9,23.3,15.95,79.075,23.475,15.5,24.0,16.1,80.9,23.7,16.7,24.8,15.7,4.925,2.025,1.2,1.4,0.3
Zionsville Community HS,PSO,2024,6,0,0,0.0,0.0,0.0,0.0,0.0,0.0,0.0,0.0,0.0,0.0,83.45,25.05,16.7,25.2,16.5,0.0,0.0,0.0,0.0,0.0
Zionsville Community HS,PSO,2024,13,7,1,83.45,25.05,16.7,25.2,16.5,83.45,25.05,16.7,25.2,16.5,95.875,29.175,19.4,27.65,19.65,0.0,0.0,0.0,0.0,0.0
Arbor View HS,PSA,2024,6,0,0,0.0,0.0,0.0,0.0,0.0,0.0,0.0,0.0,0.0,0.0,81.3,23.85,17.25,23.5,16.7,0.0,0.0,0.0,0.0,0.0
Arbor View HS,PSA,2024,9,3,1,81.3,23.85,17.25,23.5,16.7,81.3,23.85,17.25,23.5,16.7,84.725,25.275,17.5,24.85,17.1,0.0,0.0,0.0,0.0,0.0
Auburn,PSA,2024,5,0,0,0.0,0.0,0.0,0.0,0.0,0.0,0.0,0.0,0.0,0.0,67.65,22.0,19.35,13.1,13.2,0.0,0.0,0.0,0.0,0.0
Auburn,PSA,2024,7,2,1,67.65,22.0,19.35,13.1,13.2,67.65,22.0,19.35,13.1,13.2,71.601,21.2,21.6,14.3,14.5,0.0,0.0,0.0,0.0,0.0
Auburn,PSA,2024,10,3,2,69.626,21.6,20.475,13.7,13.85,71.601,21.2,21.6,14.3,14.5,72.351,20.6,22.05,15.1,14.6,3.951,-0.8,2.25,1.2,1.3
Auburn,PSA,2024,11,1,3,70.534,21.267,21.0,14.167,14.1,72.351,20.6,22.05,15.1,14.6,73.75,22.7,21.45,15.4,14.2,0.75,-0.6,0.45,0.8,0.1
Bearden High School Indoor Percussion,PSA,2024,1,0,0,0.0,0.0,0.0,0.0,0.0,0.0,0.0,0.0,0.0,0.0,64.151,18.9,18.6,13.6,13.05,0.0,0.0,0.0,0.0,0.0
Bearden High School Indoor Percussion,PSA,2024,11,10,1,64.151,18.9,18.6,13.6,13.05,64.151,18.9,18.6,13.6,13.05,82.3,24.7,24.9,16.4,16.3,0.0,0.0,0.0,0.0,0.0
Bloomington HS (CA),PSA,2024,5,0,0,0.0,0.0,0.0,0.0,0.0,0.0,0.0,0.0,0.0,0.0,66.001,18.3,13.7,21.2,12.8,0.0,0.0,0.0,0.0,0.0
Bloomington HS (CA),PSA,2024,9,4,1,66.001,18.3,13.7,21.2,12.8,66.001,18.3,13.7,21.2,12.8,69.6,20.4,13.4,22.5,13.3,0.0,0.0,0.0,0.0,0.0
Bloomington HS (IL),PSA,2024,4,0,0,0.0,0.0,0.0,0.0,0.0,0.0,0.0,0.0,0.0,0.0,70.201,21.3,14.1,20.8,14.0,0.0,0.0,0.0,0.0,0.0
Bloomington HS (IL),PSA,2024,6,2,1,70.201,21.3,14.1,20.8,14.0,70.201,21.3,14.1,20.8,14.0,69.3,20.4,14.0,21.0,13.9,0.0,0.0,0.0,0.0,0.0
Boyle County HS,PSA,2024,2,0,0,0.0,0.0,0.0,0.0,0.0,0.0,0.0,0.0,0.0,0.0,52.75,17.0,15.45,10.1,10.2,0.0,0.0,0.0,0.0,0.0
Boyle County HS,PSA,2024,6,4,1,52.75,17.0,15.45,10.1,10.2,52.75,17.0,15.45,10.1,10.2,63.85,18.7,18.75,13.5,12.9,0.0,0.0,0.0,0.0,0.0
Boyle County HS,PSA,2024,10,4,2,58.3,17.85,17.1,11.8,11.55,63.85,18.7,18.75,13.5,12.9,69.9,20.6,20.7,14.1,14.5,11.1,1.7,3.3,3.4,2.7
Bridgewater Raritan,PSA,2024,3,0,0,0.0,0.0,0.0,0.0,0.0,0.0,0.0,0.0,0.0,0.0,72.85,21.1,22.95,14.8,14.0,0.0,0.0,0.0,0.0,0.0
Bridgewater Raritan,PSA,2024,4,1,1,72.85,21.1,22.95,14.8,14.0,72.85,21.1,22.95,14.8,14.0,78.3,23.3,23.7,15.9,15.4,0.0,0.0,0.0,0.0,0.0
Bridgewater Raritan,PSA,2024,8,4,2,75.575,22.2,23.325,15.35,14.7,78.3,23.3,23.7,15.9,15.4,83.75,25.6,26.55,16.4,15.2,5.45,2.2,0.75,1.1,1.4
Bridgewater Raritan,PSA,2024,11,3,3,78.3,23.333,24.4,15.7,14.867,83.75,25.6,26.55,16.4,15.2,87.85,26.3,27.0,17.4,17.15,5.45,2.3,2.85,0.5,-0.2
Bridgewater Raritan HS,PSA,2024,5,0,0,0.0,0.0,0.0,0.0,0.0,0.0,0.0,0.0,0.0,0.0,75.451,23.55,15.0,22.4,14.5,0.0,0.0,0.0,0.0,0.0
Bridgewater Raritan HS,PSA,2024,9,4,1,75.451,23.55,15.0,22.4,14.5,75.451,23.55,15.0,22.4,14.5,84.201,26.25,15.35,25.6,17.0,0.0,0.0,0.0,0.0,0.0
Bryant Indoor Percussion,PSA,2024,5,0,0,0.0,0.0,0.0,0.0,0.0,0.0,0.0,0.0,0.0,0.0,88.2,22.8,27.6,18.8,19.0,0.0,0.0,0.0,0.0,0.0
Bryant Indoor Percussion,PSA,2024,6,1,1,88.2,22.8,27.6,18.8,19.0,88.2,22.8,27.6,18.8,19.0,85.0,23.3,27.6,17.4,16.7,0.0,0.0,0.0,0.0,0.0
Bryant Indoor Percussion,PSA,2024,11,5,2,86.6,23.05,27.6,18.1,17.85,85.0,23.3,27.6,17.4,16.7,87.55,25.8,26.25,18.0,17.5,-3.2,0.5,0.0,-1.4,-2.3
Centaurus HS,PSA,2024,7,0,0,0.0,0.0,0.0,0.0,0.0,0.0,0.0,0.0,0.0,0.0,84.45,25.05,16.9,25.5,17.0,0.0,0.0,0.0,0.0,0.0
Centaurus HS,PSA,2024,13,6,1,84.45,25.05,16.9,25.5,17.0,84.45,25.05,16.9,25.5,17.0,89.351,26.7,17.45,27.5,17.7,0.0,0.0,0.0,0.0,0.0
Centerville HS,PSA,2024,4,0,0,0.0,0.0,0.0,0.0,0.0,0.0,0.0,0.0,0.0,0.0,78.25,23.55,15.3,23.1,16.3,0.0,0.0,0.0,0.0,0.0
Centerville HS,PSA,2024,13,9,1,78.25,23.55,15.3,23.1,16.3,78.25,23.55,15.3,23.1,16.3,94.55,28.425,19.3,28.15,18.675,0.0,0.0,0.0,0.0,0.0
Central Dauphin HS,PSA,2024,7,0,0,0.0,0.0,0.0,0.0,0.0,0.0,0.0,0.0,0.0,0.0,83.6,25.2,17.2,25.3,15.9,0.0,0.0,0.0,0.0,0.0
Central Dauphin HS,PSA,2024,13,6,1,83.6,25.2,17.2,25.3,15.9,83.6,25.2,17.2,25.3,15.9,89.163,26.062,17.625,27.35,18.125,0.0,0.0,0.0,0.0,0.0
Central Square High School,PSA,2024,2,0,0,0.0,0.0,0.0,0.0,0.0,0.0,0.0,0.0,0.0,0.0,70.076,22.2,20.925,14.05,12.9,0.0,0.0,0.0,0.0,0.0
Central Square High School,PSA,2024,4,2,1,70.076,22.2,20.925,14.05,12.9,70.076,22.2,20.925,14.05,12.9,70.901,21.2,21.6,13.8,14.3,0.0,0.0,0.0,0.0,0.0
Central Square High School,PSA,2024,6,2,2,70.488,21.7,21.263,13.925,13.6,70.901,21.2,21.6,13.8,14.3,74.0,21.6,22.8,14.5,15.1,0.825,-1.0,0.675,-0.25,1.4
Central Square High School,PSA,2024,7,1,3,71.659,21.667,21.775,14.117,14.1,74.0,21.6,22.8,14.5,15.1,79.1,23.2,24.3,15.8,15.8,3.099,0.4,1.2,0.7,0.8
Central Square High School,PSA,2024,8,1,4,73.519,22.05,22.406,14.538,14.525,79.1,23.2,24.3,15.8,15.8,80.25,23.4,25.65,15.7,15.5,5.1,1.6,1.5,1.3,0.7
Central Square High School,PSA,2024,10,2,5,74.865,22.32,23.055,14.77,14.72,80.25,23.4,25.65,15.7,15.5,78.676,22.0,24.075,15.8,16.8,1.15,0.2,1.35,-0.1,-0.3
Central Square High School,PSA,2024,11,1,6,75.5,22.267,23.225,14.942,15.067,78.676,22.0,24.075,15.8,16.8,84.701,26.05,25.5,16.25,16.9,-1.574,-1.4,-1.575,0.1,1.3
Cicero North Syracuse,PSA,2024,2,0,0,0.0,0.0,0.0,0.0,0.0,0.0,0.0,0.0,0.0,0.0,71.501,22.25,22.35,13.8,13.1,0.0,0.0,0.0,0.0,0.0
Cicero North Syracuse,PSA,2024,4,2,1,71.501,22.25,22.35,13.8,13.1,71.501,22.25,22.35,13.8,13.1,71.251,21.8,23.25,12.7,13.5,0.0,0.0,0.0,0.0,0.0
Cicero North Syracuse,PSA,2024,7,3,2,71.376,22.025,22.8,13.25,13.3,71.251,21.8,23.25,12.7,13.5,76.551,22.7,23.85,15.0,15.0,-0.25,-0.45,0.9,-1.1,0.4
Cicero North Syracuse,PSA,2024,8,1,3,73.101,22.25,23.15,13.833,13.867,76.551,22.7,23.85,15.0,15.0,79.35,24.6,23.85,15.5,15.4,5.3,0.9,0.6,2.3,1.5
Cicero North Syracuse,PSA,2024,9,1,4,74.663,22.838,23.325,14.25,14.25,79.35,24.6,23.85,15.5,15.4,82.2,24.5,25.5,16.2,16.0,2.799,1.9,0.0,0.5,0.4
Cicero North Syracuse,PSA,2024,10,1,5,76.171,23.17,23.76,14.64,14.6,82.2,24.5,25.5,16.2,16.0,81.75,22.9,25.65,16.5,16.7,2.85,-0.1,1.65,0.7,0.6
Cicero North Syracuse,PSA,2024,11,1,6,77.1,23.125,24.075,14.95,14.95,81.75,22.9,25.65,16.5,16.7,83.676,25.6,24.975,16.7,16.4,-0.45,-1.6,0.15,0.3,0.7
Coatesville,PSA,2024,3,0,0,0.0,0.0,0.0,0.0,0.0,0.0,0.0,0.0,0.0,0.0,65.801,19.8,20.4,12.9,12.7,0.0,0.0,0.0,0.0,0.0
Coatesville,PSA,2024,4,1,1,65.801,19.8,20.4,12.9,12.7,65.801,19.8,20.4,12.9,12.7,64.775,20.1,19.575,13.0,12.1,0.0,0.0,0.0,0.0,0.0
Coatesville,PSA,2024,7,3,2,65.288,19.95,19.987,12.95,12.4,64.775,20.1,19.575,13.0,12.1,73.0,22.1,22.5,14.2,14.2,-1.026,0.3,-0.825,0.1,-0.6
Coatesville,PSA,2024,8,1,3,67.859,20.667,20.825,13.367,13.0,73.0,22.1,22.5,14.2,14.2,74.2,20.6,23.7,14.8,15.1,8.225,2.0,2.925,1.2,2.1
Coatesville,PSA,2024,11,3,4,69.444,20.65,21.544,13.725,13.525,74.2,20.6,23.7,14.8,15.1,79.275,22.1,25.275,16.25,15.65,1.2,-1.5,1.2,0.6,0.9
Corning-Painted Post,PSA,2024,3,0,0,0.0,0.0,0.0,0.0,0.0,0.0,0.0,0.0,0.0,0.0,65.35,21.4,19.05,12.6,12.3,0.0,0.0,0.0,0.0,0.0
Corning-Painted Post,PSA,2024,5,2,1,65.35,21.4,19.05,12.6,12.3,65.35,21.4,19.05,12.6,12.3,70.6,22.7,21.3,13.8,12.8,0.0,0.0,0.0,0.0,0.0
Corning-Painted Post,PSA,2024,8,3,2,67.975,22.05,20.175,13.2,12.55,70.6,22.7,21.3,13.8,12.8,76.201,23.2,24.3,14.2,14.5,5.25,1.3,2.25,1.2,0.5
Corning-Painted Post,PSA,2024,9,1,3,70.717,22.433,21.55,13.533,13.2,76.201,23.2,24.3,14.2,14.5,78.2,23.5,24.6,14.8,15.3,5.601,0.5,3.0,0.4,1.7
Corning-Painted Post,PSA,2024,11,2,4,72.588,22.7,22.312,13.85,13.725,78.2,23.5,24.6,14.8,15.3,80.801,24.45,24.45,15.9,16.0,1.999,0.3,0.3,0.6,0.8
Cypress HS,PSA,2024,2,0,0,0.0,0.0,0.0,0.0,0.0,0.0,0.0,0.0,0.0,0.0,72.525,21.825,13.0,23.6,14.1,0.0,0.0,0.0,0.0,0.0
Cypress HS,PSA,2024,12,10,1,72.525,21.825,13.0,23.6,14.1,72.525,21.825,13.0,23.6,14.1,82.65,24.75,16.55,24.65,16.7,0.0,0.0,0.0,0.0,0.0
Dakota High School,PSA,2024,7,0,0,0.0,0.0,0.0,0.0,0.0,0.0,0.0,0.0,0.0,0.0,81.0,24.3,16.4,24.7,15.6,0.0,0.0,0.0,0.0,0.0
Dakota High School,PSA,2024,9,2,1,81.0,24.3,16.4,24.7,15.6,81.0,24.3,16.4,24.7,15.6,83.05,24.75,16.8,25.1,16.4,0.0,0.0,0.0,0.0,0.0
Dakota High School,PSA,2024,12,3,2,82.025,24.525,16.6,24.9,16.0,83.05,24.75,16.8,25.1,16.4,85.975,25.875,16.85,25.85,17.4,2.05,0.45,0.4,0.4,0.8
Daniel Boone,PSA,2024,4,0,0,0.0,0.0,0.0,0.0,0.0,0.0,0.0,0.0,0.0,0.0,62.75,18.7,19.35,12.4,12.3,0.0,0.0,0.0,0.0,0.0
Daniel Boone,PSA,2024,6,2,1,62.75,18.7,19.35,12.4,12.3,62.75,18.7,19.35,12.4,12.3,65.5,20.2,19.2,12.4,13.7,0.0,0.0,0.0,0.0,0.0
Daniel Boone,PSA,2024,7,1,2,64.125,19.45,19.275,12.4,13.0,65.5,20.2,19.2,12.4,13.7,68.45,20.2,22.05,12.4,13.8,2.75,1.5,-0.15,0.0,1.4
Daniel Boone,PSA,2024,8,1,3,65.567,19.7,20.2,12.4,13.267,68.45,20.2,22.05,12.4,13.8,68.95,19.9,22.05,14.0,13.0,2.95,0.0,2.85,0.0,0.1
Daniel Boone,PSA,2024,11,3,4,66.412,19.75,20.662,12.8,13.2,68.95,19.9,22.05,14.0,13.0,55.7,18.2,15.0,11.0,11.5,0.5,-0.3,0.0,1.6,-0.8
Dobyns-Bennett HS,PSA,2024,4,0,0,0.0,0.0,0.0,0.0,0.0,0.0,0.0,0.0,0.0,0.0,79.75,23.25,16.0,24.2,16.3,0.0,0.0,0.0,0.0,0.0
Dobyns-Bennett HS,PSA,2024,6,2,1,79.75,23.25,16.0,24.2,16.3,79.75,23.25,16.0,24.2,16.3,81.0,24.0,17.0,22.9,17.1,0.0,0.0,0.0,0.0,0.0
Downingtown HS East,PSA,2024,4,0,0,0.0,0.0,0.0,0.0,0.0,0.0,0.0,0.0,0.0,0.0,73.001,21.7,22.05,14.15,15.1,0.0,0.0,0.0,0.0,0.0
Downingtown HS East,PSA,2024,5,1,1,73.001,21.7,22.05,14.15,15.1,73.001,21.7,22.05,14.15,15.1,72.85,23.0,20.85,14.1,14.9,0.0,0.0,0.0,0.0,0.0
Downingtown HS East,PSA,2024,6,1,2,72.926,22.35,21.45,14.125,15.0,72.85,23.0,20.85,14.1,14.9,75.101,21.3,23.4,16.0,14.4,-0.151,1.3,-1.2,-0.05,-0.2
Downingtown HS East,PSA,2024,11,5,3,73.651,22.0,22.1,14.75,14.8,75.101,21.3,23.4,16.0,14.4,80.9,26.15,22.5,16.65,15.6,2.251,-1.7,2.55,1.9,-0.5
Downingtown HS West,PSA,2024,4,0,0,0.0,0.0,0.0,0.0,0.0,0.0,0.0,0.0,0.0,0.0,78.1,22.6,24.3,15.3,15.9,0.0,0.0,0.0,0.0,0.0
Downingtown HS West,PSA,2024,6,2,1,78.1,22.6,24.3,15.3,15.9,78.1,22.6,24.3,15.3,15.9,80.9,24.9,23.7,16.5,15.8,0.0,0.0,0.0,0.0,0.0
E.D. White Catholic HS,PSA,2024,6,0,0,0.0,0.0,0.0,0.0,0.0,0.0,0.0,0.0,0.0,0.0,81.15,22.35,16.4,26.1,16.3,0.0,0.0,0.0,0.0,0.0
E.D. White Catholic HS,PSA,2024,8,2,1,81.15,22.35,16.4,26.1,16.3,81.15,22.35,16.4,26.1,16.3,86.9,27.15,17.7,23.75,18.3,0.0,0.0,0.0,0.0,0.0
East Syracuse Minoa,PSA,2024,2,0,0,0.0,0.0,0.0,0.0,0.0,0.0,0.0,0.0,0.0,0.0,68.801,21.8,21.3,12.7,13.0,0.0,0.0,0.0,0.0,0.0
East Syracuse Minoa,PSA,2024,4,2,1,68.801,21.8,21.3,12.7,13.0,68.801,21.8,21.3,12.7,13.0,72.175,21.5,22.575,14.4,13.7,0.0,0.0,0.0,0.0,0.0
East Syracuse Minoa,PSA,2024,6,2,2,70.488,21.65,21.938,13.55,13.35,72.175,21.5,22.575,14.4,13.7,73.251,22.3,22.35,14.3,14.3,3.374,-0.3,1.275,1.7,0.7
East Syracuse Minoa,PSA,2024,8,2,3,71.409,21.867,22.075,13.8,13.667,73.251,22.3,22.35,14.3,14.3,77.701,23.3,24.6,14.9,14.9,1.076,0.8,-0.225,-0.1,0.6
East Syracuse Minoa,PSA,2024,10,2,4,72.982,22.225,22.706,14.075,13.975,77.701,23.3,24.6,14.9,14.9,79.501,22.7,24.0,16.4,16.4,4.45,1.0,2.25,0.6,0.6
East Syracuse Minoa,PSA,2024,11,1,5,74.286,22.32,22.965,14.54,14.46,79.501,22.7,24.0,16.4,16.4,81.351,25.25,23.25,16.4,16.45,1.8,-0.6,-0.6,1.5,1.5
Eastridge,PSA,2024,2,0,0,0.0,0.0,0.0,0.0,0.0,0.0,0.0,0.0,0.0,0.0,73.05,23.6,20.55,14.6,14.3,0.0,0.0,0.0,0.0,0.0
Eastridge,PSA,2024,4,2,1,73.05,23.6,20.55,14.6,14.3,73.05,23.6,20.55,14.6,14.3,75.05,23.1,22.35,14.7,14.9,0.0,0.0,0.0,0.0,0.0
Eastridge,PSA,2024,6,2,2,74.05,23.35,21.45,14.65,14.6,75.05,23.1,22.35,14.7,14.9,78.3,22.5,23.7,16.2,15.9,2.0,-0.5,1.8,0.1,0.6
Eastridge,PSA,2024,8,2,3,75.467,23.067,22.2,15.167,15.033,78.3,22.5,23.7,16.2,15.9,82.75,24.2,25.35,16.8,16.4,3.25,-0.6,1.35,1.5,1.0
Eastridge,PSA,2024,10,2,4,77.288,23.35,22.988,15.575,15.375,82.75,24.2,25.35,16.8,16.4,82.5,23.1,27.0,16.2,16.2,4.45,1.7,1.65,0.6,0.5
Eastridge,PSA,2024,11,1,5,78.33,23.3,23.79,15.7,15.54,82.5,23.1,27.0,16.2,16.2,86.65,26.9,25.05,17.4,17.3,-0.25,-1.1,1.65,-0.6,-0.2
Edison HS,PSA,2024,4,0,0,0.0,0.0,0.0,0.0,0.0,0.0,0.0,0.0,0.0,0.0,68.2,20.9,21.15,12.65,13.5,0.0,0.0,0.0,0.0,0.0
Edison HS,PSA,2024,5,1,1,68.2,20.9,21.15,12.65,13.5,68.2,20.9,21.15,12.65,13.5,69.3,21.4,20.1,13.3,14.5,0.0,0.0,0.0,0.0,0.0
Egg Harbor Township HS,PSA,2024,3,0,0,0.0,0.0,0.0,0.0,0.0,0.0,0.0,0.0,0.0,0.0,74.5,22.4,22.5,13.9,15.7,0.0,0.0,0.0,0.0,0.0
Egg Harbor Township HS,PSA,2024,5,2,1,74.5,22.4,22.5,13.9,15.7,74.5,22.4,22.5,13.9,15.7,75.65,23.7,21.75,14.3,15.9,0.0,0.0,0.0,0.0,0.0
Egg Harbor Township HS,PSA,2024,6,1,2,75.075,23.05,22.125,14.1,15.8,75.65,23.7,21.75,14.3,15.9,83.5,25.2,24.9,16.6,16.8,1.15,1.3,-0.75,0.4,0.2
Egg Harbor Township HS,PSA,2024,8,2,3,77.883,23.767,23.05,14.933,16.133,83.5,25.2,24.9,16.6,16.8,86.1,26.4,26.1,16.7,16.9,7.85,1.5,3.15,2.3,0.9
Egg Harbor Township HS,PSA,2024,11,3,4,79.938,24.425,23.812,15.375,16.325,86.1,26.4,26.1,16.7,16.9,86.425,26.65,26.325,15.75,17.7,2.6,1.2,1.2,0.1,0.1
Everett HS,PSA,2024,5,0,0,0.0,0.0,0.0,0.0,0.0,0.0,0.0,0.0,0.0,0.0,79.2,24.45,16.7,23.15,14.9,0.0,0.0,0.0,0.0,0.0
Everett HS,PSA,2024,9,4,1,79.2,24.45,16.7,23.15,14.9,79.2,24.45,16.7,23.15,14.9,87.975,26.4,18.175,26.2,17.2,0.0,0.0,0.0,0.0,0.0
Everett HS,PSA,2024,13,4,2,83.588,25.425,17.438,24.675,16.05,87.975,26.4,18.175,26.2,17.2,89.238,26.288,18.85,26.675,17.425,8.775,1.95,1.475,3.05,2.3
Gilbert HS,PSA,2024,6,0,0,0.0,0.0,0.0,0.0,0.0,0.0,0.0,0.0,0.0,0.0,75.351,22.2,15.05,23.8,14.3,0.0,0.0,0.0,0.0,0.0
Gilbert HS,PSA,2024,9,3,1,75.351,22.2,15.05,23.8,14.3,75.351,22.2,15.05,23.8,14.3,81.701,24.6,15.7,25.9,15.5,0.0,0.0,0.0,0.0,0.0
Grand Blanc HS,PSA,2024,6,0,0,0.0,0.0,0.0,0.0,0.0,0.0,0.0,0.0,0.0,0.0,71.15,20.85,13.9,23.4,13.0,0.0,0.0,0.0,0.0,0.0
Grand Blanc HS,PSA,2024,7,1,1,71.15,20.85,13.9,23.4,13.0,71.15,20.85,13.9,23.4,13.0,74.4,21.9,15.0,22.7,14.8,0.0,0.0,0.0,0.0,0.0
Grand Blanc HS,PSA,2024,9,2,2,72.775,21.375,14.45,23.05,13.9,74.4,21.9,15.0,22.7,14.8,82.1,24.9,16.0,25.1,16.1,3.25,1.05,1.1,-0.7,1.8
Grand Blanc HS,PSA,2024,12,3,3,75.883,22.55,14.967,23.733,14.633,82.1,24.9,16.0,25.1,16.1,84.413,25.312,17.15,24.85,17.1,7.7,3.0,1.0,2.4,1.3
Grandville High School Winter Percussion,PSA,2024,7,0,0,0.0,0.0,0.0,0.0,0.0,0.0,0.0,0.0,0.0,0.0,75.45,22.95,14.4,23.0,15.1,0.0,0.0,0.0,0.0,0.0
Grandville High School Winter Percussion,PSA,2024,9,2,1,75.45,22.95,14.4,23.0,15.1,75.45,22.95,14.4,23.0,15.1,76.6,23.7,15.3,21.9,15.7,0.0,0.0,0.0,0.0,0.0
Grandville High School Winter Percussion,PSA,2024,12,3,2,76.025,23.325,14.85,22.45,15.4,76.6,23.7,15.3,21.9,15.7,81.126,24.525,15.2,25.1,16.3,1.15,0.75,0.9,-1.1,0.6
Grant Co HS,PSA,2024,2,0,0,0.0,0.0,0.0,0.0,0.0,0.0,0.0,0.0,0.0,0.0,56.85,18.5,15.75,11.3,11.3,0.0,0.0,0.0,0.0,0.0
Grant Co HS,PSA,2024,4,2,1,56.85,18.5,15.75,11.3,11.3,56.85,18.5,15.75,11.3,11.3,61.15,18.5,18.75,12.5,11.4,0.0,0.0,0.0,0.0,0.0
Grant Co HS,PSA,2024,8,4,2,59.0,18.5,17.25,11.9,11.35,61.15,18.5,18.75,12.5,11.4,66.6,20.2,20.1,13.1,13.2,4.3,0.0,3.0,1.2,0.1
Grant Co HS,PSA,2024,10,2,3,61.533,19.067,18.2,12.3,11.967,66.6,20.2,20.1,13.1,13.2,77.0,22.7,23.1,15.5,15.7,5.45,1.7,1.35,0.6,1.8
Greece,PSA,2024,2,0,0,0.0,0.0,0.0,0.0,0.0,0.0,0.0,0.0,0.0,0.0,61.3,19.9,17.7,11.4,12.3,0.0,0.0,0.0,0.0,0.0
Greece,PSA,2024,4,2,1,61.3,19.9,17.7,11.4,12.3,61.3,19.9,17.7,11.4,12.3,63.15,19.5,19.05,12.0,12.6,0.0,0.0,0.0,0.0,0.0
Greece,PSA,2024,6,2,2,62.225,19.7,18.375,11.7,12.45,63.15,19.5,19.05,12.0,12.6,63.901,18.8,19.5,12.7,12.9,1.85,-0.4,1.35,0.6,0.3
Greece,PSA,2024,8,2,3,62.784,19.4,18.75,12.033,12.6,63.901,18.8,19.5,12.7,12.9,66.051,19.6,20.85,12.3,13.3,0.751,-0.7,0.45,0.7,0.3
Greece,PSA,2024,9,1,4,63.6,19.45,19.275,12.1,12.775,66.051,19.6,20.85,12.3,13.3,68.35,20.0,21.45,12.9,14.0,2.15,0.8,1.35,-0.4,0.4
Greece,PSA,2024,10,1,5,64.55,19.56,19.71,12.26,13.02,68.35,20.0,21.45,12.9,14.0,68.801,19.3,21.6,13.7,14.2,2.299,0.4,0.6,0.6,0.7
Greece,PSA,2024,11,1,6,65.259,19.517,20.025,12.5,13.217,68.801,19.3,21.6,13.7,14.2,72.0,21.8,21.0,14.7,14.5,0.451,-0.7,0.15,0.8,0.2
Green Level HS,PSA,2024,7,0,0,0.0,0.0,0.0,0.0,0.0,0.0,0.0,0.0,0.0,0.0,75.951,21.6,15.5,23.65,15.2,0.0,0.0,0.0,0.0,0.0
Green Level HS,PSA,2024,9,2,1,75.951,21.6,15.5,23.65,15.2,75.951,21.6,15.5,23.65,15.2,79.15,24.15,15.9,24.5,14.6,0.0,0.0,0.0,0.0,0.0
Greeneville High School Percussion,PSA,2024,6,0,0,0.0,0.0,0.0,0.0,0.0,0.0,0.0,0.0,0.0,0.0,78.75,22.6,24.75,15.7,15.7,0.0,0.0,0.0,0.0,0.0
Greeneville High School Percussion,PSA,2024,11,5,1,78.75,22.6,24.75,15.7,15.7,78.75,22.6,24.75,15.7,15.7,80.401,24.3,24.6,15.4,16.1,0.0,0.0,0.0,0.0,0.0
Greenwood High School Indoor Percussion,PSA,2024,7,0,0,0.0,0.0,0.0,0.0,0.0,0.0,0.0,0.0,0.0,0.0,60.4,18.2,18.9,10.9,12.4,0.0,0.0,0.0,0.0,0.0
Greenwood High School Indoor Percussion,PSA,2024,10,3,1,60.4,18.2,18.9,10.9,12.4,60.4,18.2,18.9,10.9,12.4,67.65,21.5,21.15,12.4,12.6,0.0,0.0,0.0,0.0,0.0
Greenwood High School Indoor Percussion,PSA,2024,11,1,2,64.025,19.85,20.025,11.65,12.5,67.65,21.5,21.15,12.4,12.6,73.05,22.5,21.15,15.8,13.6,7.25,3.3,2.25,1.5,0.2
Halls HS,PSA,2024,4,0,0,0.0,0.0,0.0,0.0,0.0,0.0,0.0,0.0,0.0,0.0,76.9,21.9,15.1,23.7,16.2,0.0,0.0,0.0,0.0,0.0
Halls HS,PSA,2024,6,2,1,76.9,21.9,15.1,23.7,16.2,76.9,21.9,15.1,23.7,16.2,79.001,24.6,15.0,23.0,16.4,0.0,0.0,0.0,0.0,0.0
Halls Indoor Percussion Ensemble,PSA,2024,1,0,0,0.0,0.0,0.0,0.0,0.0,0.0,0.0,0.0,0.0,0.0,73.0,22.3,22.8,13.6,14.3,0.0,0.0,0.0,0.0,0.0
Halls Indoor Percussion Ensemble,PSA,2024,11,10,1,73.0,22.3,22.8,13.6,14.3,73.0,22.3,22.8,13.6,14.3,86.6,26.2,26.1,17.5,16.8,0.0,0.0,0.0,0.0,0.0
Helix CHS,PSA,2024,2,0,0,0.0,0.0,0.0,0.0,0.0,0.0,0.0,0.0,0.0,0.0,71.101,21.3,14.9,21.0,13.9,0.0,0.0,0.0,0.0,0.0
Helix CHS,PSA,2024,12,10,1,71.101,21.3,14.9,21.0,13.9,71.101,21.3,14.9,21.0,13.9,86.389,25.763,18.0,25.125,17.5,0.0,0.0,0.0,0.0,0.0
Henryville HS,PSA,2024,3,0,0,0.0,0.0,0.0,0.0,0.0,0.0,0.0,0.0,0.0,0.0,63.05,19.4,18.75,12.5,12.4,0.0,0.0,0.0,0.0,0.0
Henryville HS,PSA,2024,5,2,1,63.05,19.4,18.75,12.5,12.4,63.05,19.4,18.75,12.5,12.4,67.35,20.4,19.95,13.7,13.3,0.0,0.0,0.0,0.0,0.0
Henryville HS,PSA,2024,6,1,2,65.2,19.9,19.35,13.1,12.85,67.35,20.4,19.95,13.7,13.3,66.7,20.5,20.7,12.6,12.9,4.3,1.0,1.2,1.2,0.9
Henryville HS,PSA,2024,7,1,3,65.7,20.1,19.8,12.933,12.867,66.7,20.5,20.7,12.6,12.9,66.3,19.9,21.3,12.3,12.8,-0.65,0.1,0.75,-1.1,-0.4
Henryville HS,PSA,2024,10,3,4,65.85,20.05,20.175,12.775,12.85,66.3,19.9,21.3,12.3,12.8,69.3,20.2,21.3,13.7,14.1,-0.4,-0.6,0.6,-0.3,-0.1
Heritage Indoor Percussion Ensemble,PSA,2024,1,0,0,0.0,0.0,0.0,0.0,0.0,0.0,0.0,0.0,0.0,0.0,66.751,20.3,21.45,12.4,12.6,0.0,0.0,0.0,0.0,0.0
Heritage Indoor Percussion Ensemble,PSA,2024,11,10,1,66.751,20.3,21.45,12.4,12.6,66.751,20.3,21.45,12.4,12.6,78.151,23.0,23.85,15.6,15.7,0.0,0.0,0.0,0.0,0.0
Highland Regional,PSA,2024,4,0,0,0.0,0.0,0.0,0.0,0.0,0.0,0.0,0.0,0.0,0.0,74.05,23.0,21.9,14.45,14.7,0.0,0.0,0.0,0.0,0.0
Highland Regional,PSA,2024,5,1,1,74.05,23.0,21.9,14.45,14.7,74.05,23.0,21.9,14.45,14.7,75.65,24.0,21.15,14.8,15.7,0.0,0.0,0.0,0.0,0.0
Highland Regional,PSA,2024,6,1,2,74.85,23.5,21.525,14.625,15.2,75.65,24.0,21.15,14.8,15.7,83.2,24.95,26.25,15.6,16.4,1.6,1.0,-0.75,0.35,1.0
Hilton,PSA,2024,2,0,0,0.0,0.0,0.0,0.0,0.0,0.0,0.0,0.0,0.0,0.0,66.3,20.2,19.2,13.3,13.6,0.0,0.0,0.0,0.0,0.0
Hilton,PSA,2024,4,2,1,66.3,20.2,19.2,13.3,13.6,66.3,20.2,19.2,13.3,13.6,68.051,20.6,20.55,13.1,13.8,0.0,0.0,0.0,0.0,0.0
Hilton,PSA,2024,6,2,2,67.176,20.4,19.875,13.2,13.7,68.051,20.6,20.55,13.1,13.8,71.501,20.8,21.3,14.9,14.5,1.751,0.4,1.35,-0.2,0.2
Hilton,PSA,2024,9,3,3,68.617,20.533,20.35,13.767,13.967,71.501,20.8,21.3,14.9,14.5,77.2,23.2,23.4,15.4,15.2,3.45,0.2,0.75,1.8,0.7
Hilton,PSA,2024,11,2,4,70.763,21.2,21.112,14.175,14.275,77.2,23.2,23.4,15.4,15.2,78.85,24.5,22.5,15.6,16.25,5.699,2.4,2.1,0.5,0.7
Hopewell Valley Central,PSA,2024,4,0,0,0.0,0.0,0.0,0.0,0.0,0.0,0.0,0.0,0.0,0.0,73.351,21.0,23.55,13.6,15.2,0.0,0.0,0.0,0.0,0.0
Hopewell Valley Central,PSA,2024,5,1,1,73.351,21.0,23.55,13.6,15.2,73.351,21.0,23.55,13.6,15.2,70.3,21.8,19.5,13.7,15.3,0.0,0.0,0.0,0.0,0.0
Hopewell Valley Central,PSA,2024,8,3,2,71.826,21.4,21.525,13.65,15.25,70.3,21.8,19.5,13.7,15.3,80.476,24.3,25.575,16.0,14.6,-3.051,0.8,-4.05,0.1,0.1
Hopewell Valley Central,PSA,2024,11,3,3,74.709,22.367,22.875,14.433,15.033,80.476,24.3,25.575,16.0,14.6,82.201,25.1,24.9,15.2,17.0,10.176,2.5,6.075,2.3,-0.7
Hudsonville Winter Percussion,PSA,2024,3,0,0,0.0,0.0,0.0,0.0,0.0,0.0,0.0,0.0,0.0,0.0,68.25,20.55,13.9,20.3,13.5,0.0,0.0,0.0,0.0,0.0
Hudsonville Winter Percussion,PSA,2024,8,5,1,68.25,20.55,13.9,20.3,13.5,68.25,20.55,13.9,20.3,13.5,80.0,24.75,16.2,22.75,16.3,0.0,0.0,0.0,0.0,0.0
Hudsonville Winter Percussion,PSA,2024,9,1,2,74.125,22.65,15.05,21.525,14.9,80.0,24.75,16.2,22.75,16.3,79.95,25.05,15.7,22.8,16.4,11.75,4.2,2.3,2.45,2.8
Hudsonville Winter Percussion,PSA,2024,12,3,3,76.067,23.45,15.267,21.95,15.4,79.95,25.05,15.7,22.8,16.4,84.75,25.125,17.25,25.525,16.85,-0.05,0.3,-0.5,0.05,0.1
Jordan Elbridge,PSA,2024,2,0,0,0.0,0.0,0.0,0.0,0.0,0.0,0.0,0.0,0.0,0.0,73.05,22.7,23.25,13.7,13.4,0.0,0.0,0.0,0.0,0.0
Jordan Elbridge,PSA,2024,4,2,1,73.05,22.7,23.25,13.7,13.4,73.05,22.7,23.25,13.7,13.4,74.15,22.5,24.15,13.3,14.2,0.0,0.0,0.0,0.0,0.0
Jordan Elbridge,PSA,2024,5,1,2,73.6,22.6,23.7,13.5,13.8,74.15,22.5,24.15,13.3,14.2,73.05,22.8,21.45,14.5,14.3,1.1,-0.2,0.9,-0.4,0.8
Jordan Elbridge,PSA,2024,7,2,3,73.417,22.667,22.95,13.833,13.967,73.05,22.8,21.45,14.5,14.3,81.2,24.1,24.9,16.1,16.1,-1.1,0.3,-2.7,1.2,0.1
Jordan Elbridge,PSA,2024,11,4,4,75.362,23.025,23.438,14.4,14.5,81.2,24.1,24.9,16.1,16.1,88.45,27.3,26.25,17.0,17.9,8.15,1.3,3.45,1.6,1.8
Karns Indoor Percussion,PSA,2024,1,0,0,0.0,0.0,0.0,0.0,0.0,0.0,0.0,0.0,0.0,0.0,68.35,21.6,21.75,12.0,13.0,0.0,0.0,0.0,0.0,0.0
Karns Indoor Percussion,PSA,2024,11,10,1,68.35,21.6,21.75,12.0,13.0,68.35,21.6,21.75,12.0,13.0,83.75,25.3,25.05,16.8,16.6,0.0,0.0,0.0,0.0,0.0
Kingsway Regional HS,PSA,2024,6,0,0,0.0,0.0,0.0,0.0,0.0,0.0,0.0,0.0,0.0,0.0,72.6,22.1,19.65,14.55,16.3,0.0,0.0,0.0,0.0,0.0
Kingsway Regional HS,PSA,2024,8,2,1,72.6,22.1,19.65,14.55,16.3,72.6,22.1,19.65,14.55,16.3,75.551,24.8,21.75,14.6,14.4,0.0,0.0,0.0,0.0,0.0
Kingsway Regional HS,PSA,2024,11,3,2,74.076,23.45,20.7,14.575,15.35,75.551,24.8,21.75,14.6,14.4,77.125,24.45,23.175,14.2,15.3,2.951,2.7,2.1,0.05,-1.9
Lake Hamilton Indoor Percussion,PSA,2024,7,0,0,0.0,0.0,0.0,0.0,0.0,0.0,0.0,0.0,0.0,0.0,77.7,24.0,24.0,14.8,14.9,0.0,0.0,0.0,0.0,0.0
Lake Hamilton Indoor Percussion,PSA,2024,10,3,1,77.7,24.0,24.0,14.8,14.9,77.7,24.0,24.0,14.8,14.9,79.6,23.5,22.2,17.4,16.5,0.0,0.0,0.0,0.0,0.0
Lake Hamilton Indoor Percussion,PSA,2024,11,1,2,78.65,23.75,23.1,16.1,15.7,79.6,23.5,22.2,17.4,16.5,81.55,23.0,24.45,17.0,17.1,1.9,-0.5,-1.8,2.6,1.6
Lakeway Christian Academy,PSA,2024,4,0,0,0.0,0.0,0.0,0.0,0.0,0.0,0.0,0.0,0.0,0.0,73.4,22.2,13.4,23.0,14.8,0.0,0.0,0.0,0.0,0.0
Lakeway Christian Academy,PSA,2024,6,2,1,73.4,22.2,13.4,23.0,14.8,73.4,22.2,13.4,23.0,14.8,73.1,21.9,14.7,21.4,15.1,0.0,0.0,0.0,0.0,0.0
Lakeway Christian Academy Percussion,PSA,2024,1,0,0,0.0,0.0,0.0,0.0,0.0,0.0,0.0,0.0,0.0,0.0,69.7,20.2,21.9,14.2,13.4,0.0,0.0,0.0,0.0,0.0
Lakeway Christian Academy Percussion,PSA,2024,11,10,1,69.7,20.2,21.9,14.2,13.4,69.7,20.2,21.9,14.2,13.4,78.601,24.0,23.7,15.5,15.4,0.0,0.0,0.0,0.0,0.0
Lincoln-Way Community Schools,PSA,2024,4,0,0,0.0,0.0,0.0,0.0,0.0,0.0,0.0,0.0,0.0,0.0,71.95,22.05,14.6,21.5,13.8,0.0,0.0,0.0,0.0,0.0
Lincoln-Way Community Schools,PSA,2024,6,2,1,71.95,22.05,14.6,21.5,13.8,71.95,22.05,14.6,21.5,13.8,72.45,21.15,14.2,22.9,14.2,0.0,0.0,0.0,0.0,0.0
Liverpool,PSA,2024,2,0,0,0.0,0.0,0.0,0.0,0.0,0.0,0.0,0.0,0.0,0.0,66.601,21.2,20.4,12.6,12.4,0.0,0.0,0.0,0.0,0.0
Liverpool,PSA,2024,3,1,1,66.601,21.2,20.4,12.6,12.4,66.601,21.2,20.4,12.6,12.4,71.1,22.0,22.8,13.4,12.9,0.0,0.0,0.0,0.0,0.0
Liverpool,PSA,2024,4,1,2,68.85,21.6,21.6,13.0,12.65,71.1,22.0,22.8,13.4,12.9,69.751,22.1,21.75,12.8,13.1,4.499,0.8,2.4,0.8,0.5
Liverpool,PSA,2024,6,2,3,69.151,21.767,21.65,12.933,12.8,69.751,22.1,21.75,12.8,13.1,74.3,22.6,22.2,15.3,14.2,-1.349,0.1,-1.05,-0.6,0.2
Liverpool,PSA,2024,7,1,4,70.438,21.975,21.788,13.525,13.15,74.3,22.6,22.2,15.3,14.2,79.9,24.9,24.6,15.2,15.2,4.549,0.5,0.45,2.5,1.1
Liverpool,PSA,2024,11,4,5,72.33,22.56,22.35,13.86,13.56,79.9,24.9,24.6,15.2,15.2,82.126,25.8,23.925,16.0,16.4,5.6,2.3,2.4,-0.1,1.0
Los Alamitos HS,PSA,2024,5,0,0,0.0,0.0,0.0,0.0,0.0,0.0,0.0,0.0,0.0,0.0,81.35,23.85,16.2,24.9,16.4,0.0,0.0,0.0,0.0,0.0
Los Alamitos HS,PSA,2024,9,4,1,81.35,23.85,16.2,24.9,16.4,81.35,23.85,16.2,24.9,16.4,88.2,26.4,18.2,26.4,17.2,0.0,0.0,0.0,0.0,0.0
Los Alamitos HS,PSA,2024,12,3,2,84.775,25.125,17.2,25.65,16.8,88.2,26.4,18.2,26.4,17.2,91.75,27.15,18.7,27.35,18.55,6.85,2.55,2.0,1.5,0.8
Marcus Whitman,PSA,2024,8,0,0,0.0,0.0,0.0,0.0,0.0,0.0,0.0,0.0,0.0,0.0,63.301,18.1,19.2,13.3,12.7,0.0,0.0,0.0,0.0,0.0
Marcus Whitman,PSA,2024,9,1,1,63.301,18.1,19.2,13.3,12.7,63.301,18.1,19.2,13.3,12.7,65.401,19.3,20.1,13.1,12.9,0.0,0.0,0.0,0.0,0.0
Marcus Whitman,PSA,2024,10,1,2,64.351,18.7,19.65,13.2,12.8,65.401,19.3,20.1,13.1,12.9,64.801,18.3,19.8,13.3,13.4,2.1,1.2,0.9,-0.2,0.2
Marcus Whitman,PSA,2024,11,1,3,64.501,18.567,19.7,13.233,13.0,64.801,18.3,19.8,13.3,13.4,68.85,20.5,20.25,14.1,14.0,-0.6,-1.0,-0.3,0.2,0.5
Marple Newtown,PSA,2024,6,0,0,0.0,0.0,0.0,0.0,0.0,0.0,0.0,0.0,0.0,0.0,71.5,21.2,22.2,14.0,14.1,0.0,0.0,0.0,0.0,0.0
Marple Newtown,PSA,2024,8,2,1,71.5,21.2,22.2,14.0,14.1,71.5,21.2,22.2,14.0,14.1,73.65,21.7,22.95,15.0,14.0,0.0,0.0,0.0,0.0,0.0
Marple Newtown,PSA,2024,11,3,2,72.575,21.45,22.575,14.5,14.05,73.65,21.7,22.95,15.0,14.0,75.05,22.2,22.65,14.8,15.4,2.15,0.5,0.75,1.0,-0.1
Mission Hills HS,PSA,2024,5,0,0,0.0,0.0,0.0,0.0,0.0,0.0,0.0,0.0,0.0,0.0,76.15,22.05,15.0,23.8,15.3,0.0,0.0,0.0,0.0,0.0
Mission Hills HS,PSA,2024,12,7,1,76.15,22.05,15.0,23.8,15.3,76.15,22.05,15.0,23.8,15.3,88.175,26.175,18.15,25.85,18.0,0.0,0.0,0.0,0.0,0.0
Mohonasen,PSA,2024,2,0,0,0.0,0.0,0.0,0.0,0.0,0.0,0.0,0.0,0.0,0.0,64.55,21.1,18.45,12.2,12.8,0.0,0.0,0.0,0.0,0.0
Mohonasen,PSA,2024,3,1,1,64.55,21.1,18.45,12.2,12.8,64.55,21.1,18.45,12.2,12.8,69.8,20.6,21.9,14.3,13.0,0.0,0.0,0.0,0.0,0.0
Mohonasen,PSA,2024,8,5,2,67.175,20.85,20.175,13.25,12.9,69.8,20.6,21.9,14.3,13.0,74.101,20.4,23.7,14.7,15.3,5.25,-0.5,3.45,2.1,0.2
Mohonasen,PSA,2024,11,3,3,69.484,20.7,21.35,13.733,13.7,74.101,20.4,23.7,14.7,15.3,76.825,23.9,22.125,15.1,15.7,4.301,-0.2,1.8,0.4,2.3
Mount Vernon Sr. HS,PSA,2024,5,0,0,0.0,0.0,0.0,0.0,0.0,0.0,0.0,0.0,0.0,0.0,66.75,19.6,20.25,13.3,13.6,0.0,0.0,0.0,0.0,0.0
Mount Vernon Sr. HS,PSA,2024,7,2,1,66.75,19.6,20.25,13.3,13.6,66.75,19.6,20.25,13.3,13.6,68.8,21.3,20.7,13.5,13.3,0.0,0.0,0.0,0.0,0.0
New Hartford,PSA,2024,2,0,0,0.0,0.0,0.0,0.0,0.0,0.0,0.0,0.0,0.0,0.0,73.7,23.3,22.8,14.4,13.2,0.0,0.0,0.0,0.0,0.0
New Hartford,PSA,2024,3,1,1,73.7,23.3,22.8,14.4,13.2,73.7,23.3,22.8,14.4,13.2,71.85,22.7,21.15,14.6,13.4,0.0,0.0,0.0,0.0,0.0
New Hartford,PSA,2024,4,1,2,72.775,23.0,21.975,14.5,13.3,71.85,22.7,21.15,14.6,13.4,75.25,22.8,23.85,14.0,14.6,-1.85,-0.6,-1.65,0.2,0.2
New Hartford,PSA,2024,7,3,3,73.6,22.933,22.6,14.333,13.733,75.25,22.8,23.85,14.0,14.6,83.9,25.2,25.8,16.3,16.6,3.4,0.1,2.7,-0.6,1.2
New Hartford,PSA,2024,10,3,4,76.175,23.5,23.4,14.825,14.45,83.9,25.2,25.8,16.3,16.6,87.55,25.2,27.75,16.7,17.9,8.65,2.4,1.95,2.3,2.0
New Hartford,PSA,2024,11,1,5,78.45,23.84,24.27,15.2,15.14,87.55,25.2,27.75,16.7,17.9,89.825,28.4,26.025,17.7,17.7,3.65,0.0,1.95,0.4,1.3
North Penn,PSA,2024,4,0,0,0.0,0.0,0.0,0.0,0.0,0.0,0.0,0.0,0.0,0.0,70.351,19.6,23.4,13.55,13.8,0.0,0.0,0.0,0.0,0.0
North Penn,PSA,2024,6,2,1,70.351,19.6,23.4,13.55,13.8,70.351,19.6,23.4,13.55,13.8,75.276,22.9,23.325,14.45,14.6,0.0,0.0,0.0,0.0,0.0
North Penn,PSA,2024,7,1,2,72.814,21.25,23.362,14.0,14.2,75.276,22.9,23.325,14.45,14.6,77.101,23.0,24.75,14.45,14.9,4.925,3.3,-0.075,0.9,0.8
North Penn,PSA,2024,11,4,3,74.243,21.833,23.825,14.15,14.433,77.101,23.0,24.75,14.45,14.9,79.05,24.1,25.35,14.4,15.2,1.825,0.1,1.425,0.0,0.3
Novi Winter Percussion,PSA,2024,5,0,0,0.0,0.0,0.0,0.0,0.0,0.0,0.0,0.0,0.0,0.0,75.75,21.45,16.1,23.9,14.3,0.0,0.0,0.0,0.0,0.0
Novi Winter Percussion,PSA,2024,7,2,1,75.75,21.45,16.1,23.9,14.3,75.75,21.45,16.1,23.9,14.3,78.85,23.55,15.5,24.0,15.8,0.0,0.0,0.0,0.0,0.0
Novi Winter Percussion,PSA,2024,9,2,2,77.3,22.5,15.8,23.95,15.05,78.85,23.55,15.5,24.0,15.8,80.25,23.85,15.9,24.2,16.3,3.1,2.1,-0.6,0.1,1.5
Novi Winter Percussion,PSA,2024,12,3,3,78.283,22.95,15.833,24.033,15.467,80.25,23.85,15.9,24.2,16.3,83.25,24.9,16.5,25.2,16.65,1.4,0.3,0.4,0.2,0.5
Nutley HS,PSA,2024,5,0,0,0.0,0.0,0.0,0.0,0.0,0.0,0.0,0.0,0.0,0.0,75.101,22.5,15.6,22.7,14.3,0.0,0.0,0.0,0.0,0.0
Nutley HS,PSA,2024,9,4,1,75.101,22.5,15.6,22.7,14.3,75.101,22.5,15.6,22.7,14.3,86.488,25.988,18.4,24.7,17.4,0.0,0.0,0.0,0.0,0.0
Oak Ridge Indoor Percussion,PSA,2024,1,0,0,0.0,0.0,0.0,0.0,0.0,0.0,0.0,0.0,0.0,0.0,74.35,21.9,22.05,15.0,15.4,0.0,0.0,0.0,0.0,0.0
Oak Ridge Indoor Percussion,PSA,2024,6,5,1,74.35,21.9,22.05,15.0,15.4,74.35,21.9,22.05,15.0,15.4,84.25,24.8,25.35,17.0,17.1,0.0,0.0,0.0,0.0,0.0
Oak Ridge Indoor Percussion,PSA,2024,11,5,2,79.3,23.35,23.7,16.0,16.25,84.25,24.8,25.35,17.0,17.1,88.1,26.6,26.4,17.7,17.4,9.9,2.9,3.3,2.0,1.7
Odessa High School,PSA,2024,4,0,0,0.0,0.0,0.0,0.0,0.0,0.0,0.0,0.0,0.0,0.0,66.725,19.5,20.175,13.35,13.7,0.0,0.0,0.0,0.0,0.0
Odessa High School,PSA,2024,6,2,1,66.725,19.5,20.175,13.35,13.7,66.725,19.5,20.175,13.35,13.7,69.8,20.5,21.15,13.9,14.25,0.0,0.0,0.0,0.0,0.0
Odessa High School,PSA,2024,7,1,2,68.262,20.0,20.662,13.625,13.975,69.8,20.5,21.15,13.9,14.25,75.651,21.9,24.45,14.7,14.6,3.075,1.0,0.975,0.55,0.55
Odessa High School,PSA,2024,11,4,3,70.725,20.633,21.925,13.983,14.183,75.651,21.9,24.45,14.7,14.6,77.525,23.4,21.525,16.7,15.9,5.851,1.4,3.3,0.8,0.35
Orange HS,PSA,2024,5,0,0,0.0,0.0,0.0,0.0,0.0,0.0,0.0,0.0,0.0,0.0,71.101,21.3,14.6,20.6,14.6,0.0,0.0,0.0,0.0,0.0
Orange HS,PSA,2024,9,4,1,71.101,21.3,14.6,20.6,14.6,71.101,21.3,14.6,20.6,14.6,72.55,20.55,14.7,22.8,14.5,0.0,0.0,0.0,0.0,0.0
Owen J Roberts,PSA,2024,4,0,0,0.0,0.0,0.0,0.0,0.0,0.0,0.0,0.0,0.0,0.0,77.15,22.7,23.25,15.6,15.6,0.0,0.0,0.0,0.0,0.0
Owen J Roberts,PSA,2024,6,2,1,77.15,22.7,23.25,15.6,15.6,77.15,22.7,23.25,15.6,15.6,81.5,24.1,25.5,16.2,15.7,0.0,0.0,0.0,0.0,0.0
Owen J Roberts,PSA,2024,7,1,2,79.325,23.4,24.375,15.9,15.65,81.5,24.1,25.5,16.2,15.7,84.05,25.2,26.25,16.1,16.5,4.35,1.4,2.25,0.6,0.1
Owen J Roberts,PSA,2024,11,4,3,80.9,24.0,25.0,15.967,15.933,84.05,25.2,26.25,16.1,16.5,85.1,25.8,26.1,16.0,17.2,2.55,1.1,0.75,-0.1,0.8
Parkland,PSA,2024,4,0,0,0.0,0.0,0.0,0.0,0.0,0.0,0.0,0.0,0.0,0.0,67.875,19.65,21.525,13.5,13.2,0.0,0.0,0.0,0.0,0.0
Parkland,PSA,2024,6,2,1,67.875,19.65,21.525,13.5,13.2,67.875,19.65,21.525,13.5,13.2,74.15,23.4,22.5,13.6,14.65,0.0,0.0,0.0,0.0,0.0
Parkland,PSA,2024,8,2,2,71.012,21.525,22.012,13.55,13.925,74.15,23.4,22.5,13.6,14.65,75.451,20.8,23.55,15.6,15.5,6.275,3.75,0.975,0.1,1.45
Parkland,PSA,2024,11,3,3,72.492,21.283,22.525,14.233,14.45,75.451,20.8,23.55,15.6,15.5,77.725,22.7,24.225,14.3,16.5,1.301,-2.6,1.05,2.0,0.85
Penn Manor High School,PSA,2024,4,0,0,0.0,0.0,0.0,0.0,0.0,0.0,0.0,0.0,0.0,0.0,65.9,20.4,20.1,12.8,12.6,0.0,0.0,0.0,0.0,0.0
Penn Manor High School,PSA,2024,5,1,1,65.9,20.4,20.1,12.8,12.6,65.9,20.4,20.1,12.8,12.6,68.801,21.1,20.1,13.6,14.0,0.0,0.0,0.0,0.0,0.0
Penn Manor High School,PSA,2024,7,2,2,67.351,20.75,20.1,13.2,13.3,68.801,21.1,20.1,13.6,14.0,74.501,21.7,23.4,15.0,14.4,2.901,0.7,0.0,0.8,1.4
Penn Manor High School,PSA,2024,11,4,3,69.734,21.067,21.2,13.8,13.667,74.501,21.7,23.4,15.0,14.4,76.8,23.15,21.75,15.25,16.65,5.7,0.6,3.3,1.4,0.4
Pennridge,PSA,2024,6,0,0,0.0,0.0,0.0,0.0,0.0,0.0,0.0,0.0,0.0,0.0,72.6,22.2,20.55,14.1,15.75,0.0,0.0,0.0,0.0,0.0
Pennridge,PSA,2024,7,1,1,72.6,22.2,20.55,14.1,15.75,72.6,22.2,20.55,14.1,15.75,80.65,24.9,25.05,14.6,16.1,0.0,0.0,0.0,0.0,0.0
Pennridge,PSA,2024,8,1,2,76.625,23.55,22.8,14.35,15.925,80.65,24.9,25.05,14.6,16.1,53.0,15.0,18.0,10.0,10.0,8.05,2.7,4.5,0.5,0.35
Pennridge,PSA,2024,11,3,3,68.75,20.7,21.2,12.9,13.95,53.0,15.0,18.0,10.0,10.0,78.35,25.6,22.05,14.25,16.45,-27.65,-9.9,-7.05,-4.6,-6.1
Perkiomen Valley,PSA,2024,3,0,0,0.0,0.0,0.0,0.0,0.0,0.0,0.0,0.0,0.0,0.0,69.05,20.1,20.85,14.6,13.5,0.0,0.0,0.0,0.0,0.0
Perkiomen Valley,PSA,2024,6,3,1,69.05,20.1,20.85,14.6,13.5,69.05,20.1,20.85,14.6,13.5,74.0,21.6,21.9,14.9,15.6,0.0,0.0,0.0,0.0,0.0
Perkiomen Valley,PSA,2024,8,2,2,71.525,20.85,21.375,14.75,14.55,74.0,21.6,21.9,14.9,15.6,79.951,22.8,24.15,16.2,16.8,4.95,1.5,1.05,0.3,2.1
Perkiomen Valley,PSA,2024,11,3,3,74.334,21.5,22.3,15.233,15.3,79.951,22.8,24.15,16.2,16.8,83.201,23.6,25.2,17.1,17.3,5.951,1.2,2.25,1.3,1.2
Phoenix,PSA,2024,2,0,0,0.0,0.0,0.0,0.0,0.0,0.0,0.0,0.0,0.0,0.0,70.101,20.9,20.7,14.7,13.8,0.0,0.0,0.0,0.0,0.0
Phoenix,PSA,2024,3,1,1,70.101,20.9,20.7,14.7,13.8,70.101,20.9,20.7,14.7,13.8,72.95,22.3,21.45,15.2,14.0,0.0,0.0,0.0,0.0,0.0
Phoenix,PSA,2024,6,3,2,71.526,21.6,21.075,14.95,13.9,72.95,22.3,21.45,15.2,14.0,77.9,23.0,23.4,15.8,15.7,2.849,1.4,0.75,0.5,0.2
Phoenix,PSA,2024,8,2,3,73.65,22.067,21.85,15.233,14.5,77.9,23.0,23.4,15.8,15.7,81.15,23.9,25.05,16.1,16.1,4.95,0.7,1.95,0.6,1.7
Phoenix,PSA,2024,10,2,4,75.525,22.525,22.65,15.45,14.9,81.15,23.9,25.05,16.1,16.1,85.475,24.0,26.775,17.4,17.3,3.25,0.9,1.65,0.3,0.4
Phoenix,PSA,2024,11,1,5,77.515,22.82,23.475,15.84,15.38,85.475,24.0,26.775,17.4,17.3,86.325,26.6,25.875,16.65,17.2,4.325,0.1,1.725,1.3,1.2
Phoenixville,PSA,2024,4,0,0,0.0,0.0,0.0,0.0,0.0,0.0,0.0,0.0,0.0,0.0,71.101,21.3,20.55,15.25,14.0,0.0,0.0,0.0,0.0,0.0
Phoenixville,PSA,2024,6,2,1,71.101,21.3,20.55,15.25,14.0,71.101,21.3,20.55,15.25,14.0,76.301,24.2,22.8,14.4,14.9,0.0,0.0,0.0,0.0,0.0
Phoenixville,PSA,2024,7,1,2,73.701,22.75,21.675,14.825,14.45,76.301,24.2,22.8,14.4,14.9,76.301,22.7,23.1,14.8,15.7,5.2,2.9,2.25,-0.85,0.9
Phoenixville,PSA,2024,11,4,3,74.568,22.733,22.15,14.817,14.867,76.301,22.7,23.1,14.8,15.7,78.55,21.4,23.1,17.45,16.6,0.0,-1.5,0.3,0.4,0.8
Port Huron Northern Thunder Percussion,PSA,2024,5,0,0,0.0,0.0,0.0,0.0,0.0,0.0,0.0,0.0,0.0,0.0,70.35,19.05,15.8,22.4,13.1,0.0,0.0,0.0,0.0,0.0
Port Huron Northern Thunder Percussion,PSA,2024,9,4,1,70.35,19.05,15.8,22.4,13.1,70.35,19.05,15.8,22.4,13.1,73.15,21.75,14.6,21.9,14.9,0.0,0.0,0.0,0.0,0.0
Port Huron Northern Thunder Percussion,PSA,2024,12,3,2,71.75,20.4,15.2,22.15,14.0,73.15,21.75,14.6,21.9,14.9,78.001,23.25,15.45,23.85,15.45,2.8,2.7,-1.2,-0.5,1.8
Powell Indoor Percussion,PSA,2024,1,0,0,0.0,0.0,0.0,0.0,0.0,0.0,0.0,0.0,0.0,0.0,59.701,20.4,18.9,10.0,10.4,0.0,0.0,0.0,0.0,0.0
Powell Indoor Percussion,PSA,2024,6,5,1,59.701,20.4,18.9,10.0,10.4,59.701,20.4,18.9,10.0,10.4,76.45,22.6,23.85,15.0,15.0,0.0,0.0,0.0,0.0,0.0
Powell Indoor Percussion,PSA,2024,11,5,2,68.076,21.5,21.375,12.5,12.7,76.45,22.6,23.85,15.0,15.0,79.951,23.8,24.75,15.7,15.7,16.749,2.2,4.95,5.0,4.6
Quakertown,PSA,2024,4,0,0,0.0,0.0,0.0,0.0,0.0,0.0,0.0,0.0,0.0,0.0,75.05,22.4,23.1,14.65,14.9,0.0,0.0,0.0,0.0,0.0
Quakertown,PSA,2024,6,2,1,75.05,22.4,23.1,14.65,14.9,75.05,22.4,23.1,14.65,14.9,78.4,23.0,23.55,15.8,16.05,0.0,0.0,0.0,0.0,0.0
Quakertown,PSA,2024,11,5,2,76.725,22.7,23.325,15.225,15.475,78.4,23.0,23.55,15.8,16.05,85.076,24.5,26.925,15.9,17.75,3.35,0.6,0.45,1.15,1.15
Rancho Alamitos HS,PSA,2024,5,0,0,0.0,0.0,0.0,0.0,0.0,0.0,0.0,0.0,0.0,0.0,76.675,22.425,15.4,24.2,14.65,0.0,0.0,0.0,0.0,0.0
Rancho Alamitos HS,PSA,2024,9,4,1,76.675,22.425,15.4,24.2,14.65,76.675,22.425,15.4,24.2,14.65,75.35,22.5,14.75,23.0,15.1,0.0,0.0,0.0,0.0,0.0
Rex Putnam Combined Schools,PSA,2024,8,0,0,0.0,0.0,0.0,0.0,0.0,0.0,0.0,0.0,0.0,0.0,84.15,25.65,16.3,24.9,17.3,0.0,0.0,0.0,0.0,0.0
Rex Putnam Combined Schools,PSA,2024,13,5,1,84.15,25.65,16.3,24.9,17.3,84.15,25.65,16.3,24.9,17.3,86.925,25.575,17.775,26.075,17.5,0.0,0.0,0.0,0.0,0.0
Rogers Heritage Indoor Percussion,PSA,2024,6,0,0,0.0,0.0,0.0,0.0,0.0,0.0,0.0,0.0,0.0,0.0,61.65,16.5,19.05,12.9,13.2,0.0,0.0,0.0,0.0,0.0
Rogers Heritage Indoor Percussion,PSA,2024,7,1,1,61.65,16.5,19.05,12.9,13.2,61.65,16.5,19.05,12.9,13.2,66.4,19.1,20.4,13.0,13.9,0.0,0.0,0.0,0.0,0.0
Rogers Heritage Indoor Percussion,PSA,2024,11,4,2,64.025,17.8,19.725,12.95,13.55,66.4,19.1,20.4,13.0,13.9,72.201,22.8,20.1,15.0,14.3,4.75,2.6,1.35,0.1,0.7
Scottsburg HS,PSA,2024,3,0,0,0.0,0.0,0.0,0.0,0.0,0.0,0.0,0.0,0.0,0.0,66.0,20.6,19.5,13.0,12.9,0.0,0.0,0.0,0.0,0.0
Scottsburg HS,PSA,2024,6,3,1,66.0,20.6,19.5,13.0,12.9,66.0,20.6,19.5,13.0,12.9,70.1,21.4,21.6,13.5,13.6,0.0,0.0,0.0,0.0,0.0
Seymour Percussion,PSA,2024,1,0,0,0.0,0.0,0.0,0.0,0.0,0.0,0.0,0.0,0.0,0.0,69.8,21.2,21.6,13.8,13.2,0.0,0.0,0.0,0.0,0.0
Seymour Percussion,PSA,2024,6,5,1,69.8,21.2,21.6,13.8,13.2,69.8,21.2,21.6,13.8,13.2,80.75,23.4,25.05,16.0,16.3,0.0,0.0,0.0,0.0,0.0
Seymour Percussion,PSA,2024,11,5,2,75.275,22.3,23.325,14.9,14.75,80.75,23.4,25.05,16.0,16.3,86.7,26.7,25.8,17.1,17.1,10.95,2.2,3.45,2.2,3.1
South Lyon Percussion (SLP),PSA,2024,5,0,0,0.0,0.0,0.0,0.0,0.0,0.0,0.0,0.0,0.0,0.0,68.2,19.2,14.3,21.1,13.6,0.0,0.0,0.0,0.0,0.0
South Lyon Percussion (SLP),PSA,2024,7,2,1,68.2,19.2,14.3,21.1,13.6,68.2,19.2,14.3,21.1,13.6,70.35,20.55,14.0,21.9,13.9,0.0,0.0,0.0,0.0,0.0
South Lyon Percussion (SLP),PSA,2024,9,2,2,69.275,19.875,14.15,21.5,13.75,70.35,20.55,14.0,21.9,13.9,70.751,20.55,14.2,21.5,14.5,2.15,1.35,-0.3,0.8,0.3
South Lyon Percussion (SLP),PSA,2024,12,3,3,69.767,20.1,14.167,21.5,14.0,70.751,20.55,14.2,21.5,14.5,74.926,22.5,15.15,21.675,15.6,0.401,0.0,0.2,-0.4,0.6
Southern Regional,PSA,2024,7,0,0,0.0,0.0,0.0,0.0,0.0,0.0,0.0,0.0,0.0,0.0,82.375,24.5,25.275,15.7,16.9,0.0,0.0,0.0,0.0,0.0
Southern Regional,PSA,2024,8,1,1,82.375,24.5,25.275,15.7,16.9,82.375,24.5,25.275,15.7,16.9,82.451,25.3,25.35,16.8,15.0,0.0,0.0,0.0,0.0,0.0
Southern Regional,PSA,2024,11,3,2,82.413,24.9,25.312,16.25,15.95,82.451,25.3,25.35,16.8,15.0,82.226,24.9,24.975,16.4,15.95,0.076,0.8,0.075,1.1,-1.9
Southgate Winter Percussion,PSA,2024,7,0,0,0.0,0.0,0.0,0.0,0.0,0.0,0.0,0.0,0.0,0.0,67.501,19.5,13.0,20.4,14.6,0.0,0.0,0.0,0.0,0.0
Southgate Winter Percussion,PSA,2024,9,2,1,67.501,19.5,13.0,20.4,14.6,67.501,19.5,13.0,20.4,14.6,70.401,21.0,13.3,22.2,13.9,0.0,0.0,0.0,0.0,0.0
Southgate Winter Percussion,PSA,2024,12,3,2,68.951,20.25,13.15,21.3,14.25,70.401,21.0,13.3,22.2,13.9,74.801,21.9,15.05,22.75,15.1,2.9,1.5,0.3,1.8,-0.7
Spring-Ford,PSA,2024,3,0,0,0.0,0.0,0.0,0.0,0.0,0.0,0.0,0.0,0.0,0.0,78.05,22.3,23.85,15.9,16.0,0.0,0.0,0.0,0.0,0.0
Spring-Ford,PSA,2024,7,4,1,78.05,22.3,23.85,15.9,16.0,78.05,22.3,23.85,15.9,16.0,87.2,26.6,27.0,16.4,17.2,0.0,0.0,0.0,0.0,0.0
Spring-Ford,PSA,2024,8,1,2,82.625,24.45,25.425,16.15,16.6,87.2,26.6,27.0,16.4,17.2,90.65,26.7,27.75,18.0,18.2,9.15,4.3,3.15,0.5,1.2
Spring-Ford,PSA,2024,11,3,3,85.3,25.2,26.2,16.767,17.133,90.65,26.7,27.75,18.0,18.2,93.8,27.6,28.5,18.6,19.1,3.45,0.1,0.75,1.6,1.0
Spring-Ford HS,PSA,2024,5,0,0,0.0,0.0,0.0,0.0,0.0,0.0,0.0,0.0,0.0,0.0,84.45,25.65,17.5,24.5,16.8,0.0,0.0,0.0,0.0,0.0
Spring-Ford HS,PSA,2024,9,4,1,84.45,25.65,17.5,24.5,16.8,84.45,25.65,17.5,24.5,16.8,90.938,26.812,18.7,27.4,18.025,0.0,0.0,0.0,0.0,0.0
Temple City HS,PSA,2024,9,0,0,0.0,0.0,0.0,0.0,0.0,0.0,0.0,0.0,0.0,0.0,90.425,26.925,18.45,27.3,17.75,0.0,0.0,0.0,0.0,0.0
Temple City HS,PSA,2024,12,3,1,90.425,26.925,18.45,27.3,17.75,90.425,26.925,18.45,27.3,17.75,91.225,26.625,18.6,27.5,18.5,0.0,0.0,0.0,0.0,0.0
Unionville,PSA,2024,3,0,0,0.0,0.0,0.0,0.0,0.0,0.0,0.0,0.0,0.0,0.0,74.8,22.2,22.8,14.7,15.1,0.0,0.0,0.0,0.0,0.0
Unionville,PSA,2024,8,5,1,74.8,22.2,22.8,14.7,15.1,74.8,22.2,22.8,14.7,15.1,87.45,26.0,26.85,17.2,17.4,0.0,0.0,0.0,0.0,0.0
Unionville,PSA,2024,11,3,2,81.125,24.1,24.825,15.95,16.25,87.45,26.0,26.85,17.2,17.4,91.225,26.9,27.525,18.3,18.5,12.65,3.8,4.05,2.5,2.3
Upper Darby,PSA,2024,4,0,0,0.0,0.0,0.0,0.0,0.0,0.0,0.0,0.0,0.0,0.0,69.7,19.9,21.6,13.9,14.3,0.0,0.0,0.0,0.0,0.0
Upper Darby,PSA,2024,6,2,1,69.7,19.9,21.6,13.9,14.3,69.7,19.9,21.6,13.9,14.3,74.301,23.5,21.45,14.6,14.75,0.0,0.0,0.0,0.0,0.0
Upper Darby,PSA,2024,7,1,2,72.0,21.7,21.525,14.25,14.525,74.301,23.5,21.45,14.6,14.75,72.7,22.95,21.45,14.3,14.0,4.601,3.6,-0.15,0.7,0.45
Upper Darby,PSA,2024,8,1,3,72.234,22.117,21.5,14.267,14.35,72.7,22.95,21.45,14.3,14.0,72.225,20.4,23.025,15.2,13.6,-1.601,-0.55,0.0,-0.3,-0.75
Upper Darby,PSA,2024,11,3,4,72.232,21.688,21.881,14.5,14.162,72.225,20.4,23.025,15.2,13.6,76.7,22.4,22.8,16.15,15.35,-0.475,-2.55,1.575,0.9,-0.4
Upper Dublin,PSA,2024,4,0,0,0.0,0.0,0.0,0.0,0.0,0.0,0.0,0.0,0.0,0.0,56.0,18.0,18.0,10.0,10.0,0.0,0.0,0.0,0.0,0.0
Upper Dublin,PSA,2024,6,2,1,56.0,18.0,18.0,10.0,10.0,56.0,18.0,18.0,10.0,10.0,60.8,19.1,18.6,10.9,12.2,0.0,0.0,0.0,0.0,0.0
Upper Dublin,PSA,2024,8,2,2,58.4,18.55,18.3,10.45,11.1,60.8,19.1,18.6,10.9,12.2,66.1,19.3,21.0,13.4,12.4,4.8,1.1,0.6,0.9,2.2
Upper Dublin,PSA,2024,11,3,3,60.967,18.8,19.2,11.433,11.533,66.1,19.3,21.0,13.4,12.4,63.7,19.3,19.2,13.0,12.2,5.3,0.2,2.4,2.5,0.2
Victor,PSA,2024,2,0,0,0.0,0.0,0.0,0.0,0.0,0.0,0.0,0.0,0.0,0.0,74.15,23.2,22.2,14.65,14.1,0.0,0.0,0.0,0.0,0.0
Victor,PSA,2024,7,5,1,74.15,23.2,22.2,14.65,14.1,74.15,23.2,22.2,14.65,14.1,84.75,25.5,25.95,16.6,16.7,0.0,0.0,0.0,0.0,0.0
Warren Central HS (MS),PSA,2024,7,0,0,0.0,0.0,0.0,0.0,0.0,0.0,0.0,0.0,0.0,0.0,79.65,24.15,16.4,24.2,14.9,0.0,0.0,0.0,0.0,0.0
Warren Central HS (MS),PSA,2024,8,1,1,79.65,24.15,16.4,24.2,14.9,79.65,24.15,16.4,24.2,14.9,81.751,24.75,16.9,23.6,16.5,0.0,0.0,0.0,0.0,0.0
Weatherford HS,PSA,2024,6,0,0,0.0,0.0,0.0,0.0,0.0,0.0,0.0,0.0,0.0,0.0,76.7,22.2,15.6,23.6,15.3,0.0,0.0,0.0,0.0,0.0
Weatherford HS,PSA,2024,8,2,1,76.7,22.2,15.6,23.6,15.3,76.7,22.2,15.6,23.6,15.3,80.176,24.075,15.8,24.5,15.8,0.0,0.0,0.0,0.0,0.0
Webster,PSA,2024,2,0,0,0.0,0.0,0.0,0.0,0.0,0.0,0.0,0.0,0.0,0.0,66.35,22.3,19.95,12.1,12.0,0.0,0.0,0.0,0.0,0.0
Webster,PSA,2024,4,2,1,66.35,22.3,19.95,12.1,12.0,66.35,22.3,19.95,12.1,12.0,65.901,20.1,20.4,12.4,13.0,0.0,0.0,0.0,0.0,0.0
Webster,PSA,2024,6,2,2,66.125,21.2,20.175,12.25,12.5,65.901,20.1,20.4,12.4,13.0,67.001,19.5,20.7,13.3,13.5,-0.449,-2.2,0.45,0.3,1.0
Webster,PSA,2024,7,1,3,66.417,20.633,20.35,12.6,12.833,67.001,19.5,20.7,13.3,13.5,70.551,20.8,21.45,14.1,14.2,1.1,-0.6,0.3,0.9,0.5
Webster,PSA,2024,9,2,4,67.451,20.675,20.625,12.975,13.175,70.551,20.8,21.45,14.1,14.2,74.75,22.6,23.25,14.2,14.7,3.55,1.3,0.75,0.8,0.7
Webster,PSA,2024,11,2,5,68.911,21.06,21.15,13.22,13.48,74.75,22.6,23.25,14.2,14.7,75.4,23.2,22.2,15.0,15.0,4.199,1.8,1.8,0.1,0.5
West Milford HS,PSA,2024,5,0,0,0.0,0.0,0.0,0.0,0.0,0.0,0.0,0.0,0.0,0.0,78.326,22.425,16.2,24.0,15.7,0.0,0.0,0.0,0.0,0.0
West Milford HS,PSA,2024,9,4,1,78.326,22.425,16.2,24.0,15.7,78.326,22.425,16.2,24.0,15.7,81.95,24.15,17.5,24.1,16.2,0.0,0.0,0.0,0.0,0.0
Westhill HS,PSA,2024,5,0,0,0.0,0.0,0.0,0.0,0.0,0.0,0.0,0.0,0.0,0.0,78.201,24.0,15.4,24.1,14.7,0.0,0.0,0.0,0.0,0.0
Westhill HS,PSA,2024,9,4,1,78.201,24.0,15.4,24.1,14.7,78.201,24.0,15.4,24.1,14.7,83.451,26.55,15.5,25.1,16.3,0.0,0.0,0.0,0.0,0.0
Williams Field HS,PSA,2024,6,0,0,0.0,0.0,0.0,0.0,0.0,0.0,0.0,0.0,0.0,0.0,80.075,23.175,17.5,23.1,16.3,0.0,0.0,0.0,0.0,0.0
Williams Field HS,PSA,2024,9,3,1,80.075,23.175,17.5,23.1,16.3,80.075,23.175,17.5,23.1,16.3,84.775,24.975,17.45,25.2,17.15,0.0,0.0,0.0,0.0,0.0
Broken City,PIW,2024,3,0,0,0.0,0.0,0.0,0.0,0.0,0.0,0.0,0.0,0.0,0.0,89.45,26.85,18.0,26.6,18.0,0.0,0.0,0.0,0.0,0.0
Broken City,PIW,2024,5,2,1,89.45,26.85,18.0,26.6,18.0,89.45,26.85,18.0,26.6,18.0,90.0,27.15,18.1,26.6,18.15,0.0,0.0,0.0,0.0,0.0
Broken City,PIW,2024,8,3,2,89.725,27.0,18.05,26.6,18.075,90.0,27.15,18.1,26.6,18.15,92.85,28.2,18.95,27.3,18.4,0.55,0.3,0.1,0.0,0.15
Broken City,PIW,2024,9,1,3,90.767,27.4,18.35,26.833,18.183,92.85,28.2,18.95,27.3,18.4,92.85,28.2,18.8,27.35,18.5,2.85,1.05,0.85,0.7,0.25
Broken City,PIW,2024,11,2,4,91.288,27.6,18.462,26.962,18.262,92.85,28.2,18.8,27.35,18.5,94.8,28.5,19.3,28.1,18.9,0.0,0.0,-0.15,0.05,0.1
Broken City,PIW,2024,12,1,5,91.99,27.78,18.63,27.19,18.39,94.8,28.5,19.3,28.1,18.9,95.1,28.425,19.2,28.4,19.075,1.95,0.3,0.5,0.75,0.4
Cap City,PIW,2024,4,0,0,0.0,0.0,0.0,0.0,0.0,0.0,0.0,0.0,0.0,0.0,76.8,23.4,14.9,23.2,15.3,0.0,0.0,0.0,0.0,0.0
Cap City,PIW,2024,6,2,1,76.8,23.4,14.9,23.2,15.3,76.8,23.4,14.9,23.2,15.3,84.25,25.65,17.1,25.1,16.4,0.0,0.0,0.0,0.0,0.0
Dark Sky,PIW,2024,2,0,0,0.0,0.0,0.0,0.0,0.0,0.0,0.0,0.0,0.0,0.0,78.45,23.25,16.2,23.8,15.2,0.0,0.0,0.0,0.0,0.0
Dark Sky,PIW,2024,6,4,1,78.45,23.25,16.2,23.8,15.2,78.45,23.25,16.2,23.8,15.2,83.5,24.6,17.3,24.8,16.8,0.0,0.0,0.0,0.0,0.0
Dark Sky,PIW,2024,11,5,2,80.975,23.925,16.75,24.3,16.0,83.5,24.6,17.3,24.8,16.8,85.65,25.35,17.0,26.4,16.9,5.05,1.35,1.1,1.0,1.6
Dark Sky,PIW,2024,12,1,3,82.533,24.4,16.833,25.0,16.3,85.65,25.35,17.0,26.4,16.9,87.55,26.55,18.0,25.9,17.1,2.15,0.75,-0.3,1.6,0.1
Dark Sky Percussion,PIW,2024,5,0,0,0.0,0.0,0.0,0.0,0.0,0.0,0.0,0.0,0.0,0.0,83.175,24.975,16.9,24.8,16.5,0.0,0.0,0.0,0.0,0.0
Dark Sky Percussion,PIW,2024,9,4,1,83.175,24.975,16.9,24.8,16.5,83.175,24.975,16.9,24.8,16.5,84.976,25.275,17.25,25.65,16.8,0.0,0.0,0.0,0.0,0.0
Flux Indoor Percussion,PIW,2024,6,0,0,0.0,0.0,0.0,0.0,0.0,0.0,0.0,0.0,0.0,0.0,83.7,24.9,16.9,25.3,16.6,0.0,0.0,0.0,0.0,0.0
Flux Indoor Percussion,PIW,2024,9,3,1,83.7,24.9,16.9,25.3,16.6,83.7,24.9,16.9,25.3,16.6,86.751,26.1,18.0,25.85,16.8,0.0,0.0,0.0,0.0,0.0
George Mason University,PIW,2024,7,0,0,0.0,0.0,0.0,0.0,0.0,0.0,0.0,0.0,0.0,0.0,86.25,25.95,17.4,25.6,17.3,0.0,0.0,0.0,0.0,0.0
George Mason University,PIW,2024,9,2,1,86.25,25.95,17.4,25.6,17.3,86.25,25.95,17.4,25.6,17.3,87.625,26.025,18.1,26.0,17.5,0.0,0.0,0.0,0.0,0.0
Gold Indoor Percussion,PIW,2024,4,0,0,0.0,0.0,0.0,0.0,0.0,0.0,0.0,0.0,0.0,0.0,79.5,24.9,16.6,23.2,14.8,0.0,0.0,0.0,0.0,0.0
Gold Indoor Percussion,PIW,2024,7,3,1,79.5,24.9,16.6,23.2,14.8,79.5,24.9,16.6,23.2,14.8,81.6,24.9,17.1,22.5,17.1,0.0,0.0,0.0,0.0,0.0
Gold Indoor Percussion,PIW,2024,9,2,2,80.55,24.9,16.85,22.85,15.95,81.6,24.9,17.1,22.5,17.1,85.4,25.8,17.5,25.0,17.1,2.1,0.0,0.5,-0.7,2.3
Gold Indoor Percussion,PIW,2024,11,2,3,82.167,25.2,17.067,23.567,16.333,85.4,25.8,17.5,25.0,17.1,84.651,25.95,16.7,25.4,16.6,3.8,0.9,0.4,2.5,0.0
Gold Indoor Percussion,PIW,2024,12,1,4,82.788,25.388,16.975,24.025,16.4,84.651,25.95,16.7,25.4,16.6,85.526,26.025,17.25,25.35,16.9,-0.749,0.15,-0.8,0.4,-0.5
Infinity,PIW,2024,5,0,0,0.0,0.0,0.0,0.0,0.0,0.0,0.0,0.0,0.0,0.0,87.4,27.0,16.6,26.8,17.0,0.0,0.0,0.0,0.0,0.0
Infinity,PIW,2024,13,8,1,87.4,27.0,16.6,26.8,17.0,87.4,27.0,16.6,26.8,17.0,94.726,28.95,18.85,28.225,18.7,0.0,0.0,0.0,0.0,0.0
Matrix,PIW,2024,6,0,0,0.0,0.0,0.0,0.0,0.0,0.0,0.0,0.0,0.0,0.0,84.4,25.2,17.0,25.3,16.9,0.0,0.0,0.0,0.0,0.0
Matrix,PIW,2024,13,7,1,84.4,25.2,17.0,25.3,16.9,84.4,25.2,17.0,25.3,16.9,91.351,27.825,18.625,26.9,18.0,0.0,0.0,0.0,0.0,0.0
Monarch Independent,PIW,2024,8,0,0,0.0,0.0,0.0,0.0,0.0,0.0,0.0,0.0,0.0,0.0,90.45,26.85,17.7,28.1,17.8,0.0,0.0,0.0,0.0,0.0
Monarch Independent,PIW,2024,13,5,1,90.45,26.85,17.7,28.1,17.8,90.45,26.85,17.7,28.1,17.8,92.089,28.312,18.175,27.675,17.925,0.0,0.0,0.0,0.0,0.0
POW Percussion,PIW,2024,2,0,0,0.0,0.0,0.0,0.0,0.0,0.0,0.0,0.0,0.0,0.0,80.2,23.4,16.6,24.4,15.8,0.0,0.0,0.0,0.0,0.0
POW Percussion,PIW,2024,5,3,1,80.2,23.4,16.6,24.4,15.8,80.2,23.4,16.6,24.4,15.8,84.925,24.825,17.3,25.2,17.6,0.0,0.0,0.0,0.0,0.0
POW Percussion,PIW,2024,8,3,2,82.562,24.112,16.95,24.8,16.7,84.925,24.825,17.3,25.2,17.6,87.55,26.55,17.9,25.6,17.5,4.725,1.425,0.7,0.8,1.8
POW Percussion,PIW,2024,9,1,3,84.225,24.925,17.267,25.067,16.967,87.55,26.55,17.9,25.6,17.5,89.725,27.075,17.95,26.7,18.0,2.625,1.725,0.6,0.4,-0.1
POW Percussion,PIW,2024,11,2,4,85.6,25.462,17.438,25.475,17.225,89.725,27.075,17.95,26.7,18.0,90.15,27.15,18.2,26.7,18.1,2.175,0.525,0.05,1.1,0.5
POW Percussion,PIW,2024,12,1,5,86.51,25.8,17.59,25.72,17.4,90.15,27.15,18.2,26.7,18.1,91.025,27.225,18.4,27.15,18.25,0.425,0.075,0.25,0.0,0.1
Pulse Percussion,PIW,2024,2,0,0,0.0,0.0,0.0,0.0,0.0,0.0,0.0,0.0,0.0,0.0,85.5,24.9,17.2,26.4,17.0,0.0,0.0,0.0,0.0,0.0
Pulse Percussion,PIW,2024,5,3,1,85.5,24.9,17.2,26.4,17.0,85.5,24.9,17.2,26.4,17.0,92.4,27.9,18.5,27.5,18.5,0.0,0.0,0.0,0.0,0.0
Pulse Percussion,PIW,2024,8,3,2,88.95,26.4,17.85,26.95,17.75,92.4,27.9,18.5,27.5,18.5,94.65,28.65,18.9,28.0,19.1,6.9,3.0,1.3,1.1,1.5
Pulse Percussion,PIW,2024,9,1,3,90.85,27.15,18.2,27.3,18.2,94.65,28.65,18.9,28.0,19.1,95.3,28.95,19.0,28.2,19.15,2.25,0.75,0.4,0.5,0.6
Pulse Percussion,PIW,2024,11,2,4,91.962,27.6,18.4,27.525,18.438,95.3,28.95,19.0,28.2,19.15,96.3,29.1,19.2,28.6,19.4,0.65,0.3,0.1,0.2,0.05
Pulse Percussion,PIW,2024,12,1,5,92.83,27.9,18.56,27.74,18.63,96.3,29.1,19.2,28.6,19.4,96.7,29.175,19.225,29.1,19.2,1.0,0.15,0.2,0.4,0.25
Pulse Percussion,PIW,2024,13,1,6,93.475,28.112,18.671,27.967,18.725,96.7,29.175,19.225,29.1,19.2,98.5,29.775,19.6,29.575,19.55,0.4,0.075,0.025,0.5,-0.2
RCC,PIW,2024,2,0,0,0.0,0.0,0.0,0.0,0.0,0.0,0.0,0.0,0.0,0.0,83.975,24.675,17.0,25.7,16.6,0.0,0.0,0.0,0.0,0.0
RCC,PIW,2024,6,4,1,83.975,24.675,17.0,25.7,16.6,83.975,24.675,17.0,25.7,16.6,89.55,27.15,18.3,26.2,17.9,0.0,0.0,0.0,0.0,0.0
RCC,PIW,2024,7,1,2,86.762,25.912,17.65,25.95,17.25,89.55,27.15,18.3,26.2,17.9,91.25,27.45,18.4,26.9,18.5,5.575,2.475,1.3,0.5,1.3
RCC,PIW,2024,9,2,3,88.258,26.425,17.9,26.267,17.667,91.25,27.45,18.4,26.9,18.5,93.2,28.2,18.9,27.75,18.35,1.7,0.3,0.1,0.7,0.6
RCC,PIW,2024,11,2,4,89.494,26.869,18.15,26.638,17.838,93.2,28.2,18.9,27.75,18.35,94.8,28.2,19.6,28.2,18.8,1.95,0.75,0.5,0.85,-0.15
RCC,PIW,2024,12,1,5,90.555,27.135,18.44,26.95,18.03,94.8,28.2,19.6,28.2,18.8,95.675,28.875,19.35,28.6,18.85,1.6,0.0,0.7,0.45,0.45
RCC,PIW,2024,13,1,6,91.408,27.425,18.592,27.225,18.167,95.675,28.875,19.35,28.6,18.85,97.4,29.475,19.6,29.15,19.175,0.875,0.675,-0.25,0.4,0.05
Redline,PIW,2024,5,0,0,0.0,0.0,0.0,0.0,0.0,0.0,0.0,0.0,0.0,0.0,77.7,23.4,15.7,23.0,15.6,0.0,0.0,0.0,0.0,0.0
Redline,PIW,2024,6,1,1,77.7,23.4,15.7,23.0,15.6,77.7,23.4,15.7,23.0,15.6,81.05,24.15,16.3,24.6,16.0,0.0,0.0,0.0,0.0,0.0
Redline,PIW,2024,9,3,2,79.375,23.775,16.0,23.8,15.8,81.05,24.15,16.3,24.6,16.0,83.55,24.75,17.0,25.1,16.7,3.35,0.75,0.6,1.6,0.4
Redline,PIW,2024,12,3,3,80.767,24.1,16.333,24.233,16.1,83.55,24.75,17.0,25.1,16.7,88.85,27.0,17.6,26.35,17.9,2.5,0.6,0.7,0.5,0.7
Resistance Indoor Percussion,PIW,2024,7,0,0,0.0,0.0,0.0,0.0,0.0,0.0,0.0,0.0,0.0,0.0,82.0,25.6,24.3,16.2,15.9,0.0,0.0,0.0,0.0,0.0
Resistance Indoor Percussion,PIW,2024,8,1,1,82.0,25.6,24.3,16.2,15.9,82.0,25.6,24.3,16.2,15.9,76.05,22.35,15.4,23.0,15.3,0.0,0.0,0.0,0.0,0.0
Rhythm X,PIW,2024,4,0,0,0.0,0.0,0.0,0.0,0.0,0.0,0.0,0.0,0.0,0.0,84.2,24.9,16.3,26.4,16.6,0.0,0.0,0.0,0.0,0.0
Rhythm X,PIW,2024,13,9,1,84.2,24.9,16.3,26.4,16.6,84.2,24.9,16.3,26.4,16.6,98.4,29.775,19.7,29.6,19.325,0.0,0.0,0.0,0.0,0.0
Rhythmic Force Percussion,PIW,2024,6,0,0,0.0,0.0,0.0,0.0,0.0,0.0,0.0,0.0,0.0,0.0,82.9,24.6,16.5,25.2,16.6,0.0,0.0,0.0,0.0,0.0
Rhythmic Force Percussion,PIW,2024,8,2,1,82.9,24.6,16.5,25.2,16.6,82.9,24.6,16.5,25.2,16.6,86.1,25.8,17.2,25.7,17.4,0.0,0.0,0.0,0.0,0.0
United Percussion,PIW,2024,5,0,0,0.0,0.0,0.0,0.0,0.0,0.0,0.0,0.0,0.0,0.0,86.45,25.95,17.3,26.0,17.2,0.0,0.0,0.0,0.0,0.0
United Percussion,PIW,2024,8,3,1,86.45,25.95,17.3,26.0,17.2,86.45,25.95,17.3,26.0,17.2,88.3,26.3,26.7,18.3,17.0,0.0,0.0,0.0,0.0,0.0
United Percussion,PIW,2024,9,1,2,87.375,26.125,22.0,22.15,17.1,88.3,26.3,26.7,18.3,17.0,90.225,26.775,18.85,26.25,18.35,1.85,0.35,9.4,-7.7,-0.2
United Percussion,PIW,2024,12,3,3,88.325,26.342,20.95,23.517,17.517,90.225,26.775,18.85,26.25,18.35,94.25,28.1,28.35,19.1,18.7,1.925,0.475,-7.85,7.95,1.35
United Percussion,PIW,2024,13,1,4,89.806,26.781,22.8,22.412,17.812,94.25,28.1,28.35,19.1,18.7,93.701,28.5,18.725,28.1,18.375,4.025,1.325,9.5,-7.15,0.35
Vessel,PIW,2024,5,0,0,0.0,0.0,0.0,0.0,0.0,0.0,0.0,0.0,0.0,0.0,77.201,23.1,16.2,22.0,15.9,0.0,0.0,0.0,0.0,0.0
Vessel,PIW,2024,6,1,1,77.201,23.1,16.2,22.0,15.9,77.201,23.1,16.2,22.0,15.9,78.75,23.55,15.8,23.4,16.0,0.0,0.0,0.0,0.0,0.0
Vessel,PIW,2024,7,1,2,77.976,23.325,16.0,22.7,15.95,78.75,23.55,15.8,23.4,16.0,79.75,24.45,16.1,23.2,16.0,1.549,0.45,-0.4,1.4,0.1
Vessel,PIW,2024,11,4,3,78.567,23.7,16.033,22.867,15.967,79.75,24.45,16.1,23.2,16.0,84.351,24.75,17.1,25.3,17.2,1.0,0.9,0.3,-0.2,0.0
Vessel,PIW,2024,12,1,4,80.013,23.963,16.3,23.475,16.275,84.351,24.75,17.1,25.3,17.2,84.151,25.65,16.95,24.75,16.8,4.601,0.3,1.0,2.1,1.2
Ascension Percussion,PIO,2024,3,0,0,0.0,0.0,0.0,0.0,0.0,0.0,0.0,0.0,0.0,0.0,66.3,20.4,13.3,19.4,13.2,0.0,0.0,0.0,0.0,0.0
Ascension Percussion,PIO,2024,6,3,1,66.3,20.4,13.3,19.4,13.2,66.3,20.4,13.3,19.4,13.2,75.1,21.3,15.1,23.8,14.9,0.0,0.0,0.0,0.0,0.0
Ascension Percussion,PIO,2024,8,2,2,70.7,20.85,14.2,21.6,14.05,75.1,21.3,15.1,23.8,14.9,76.4,22.5,15.3,23.3,15.3,8.8,0.9,1.8,4.4,1.7
Ascension Percussion,PIO,2024,9,1,3,72.6,21.4,14.567,22.167,14.467,76.4,22.5,15.3,23.3,15.3,77.7,22.8,15.8,23.5,15.6,1.3,1.2,0.2,-0.5,0.4
Ascension Percussion,PIO,2024,12,3,4,73.875,21.75,14.875,22.5,14.75,77.7,22.8,15.8,23.5,15.6,81.1,24.075,16.45,24.525,16.05,1.3,0.3,0.5,0.2,0.3
Bakersfield College,PIO,2024,6,0,0,0.0,0.0,0.0,0.0,0.0,0.0,0.0,0.0,0.0,0.0,83.6,24.3,16.9,26.0,16.4,0.0,0.0,0.0,0.0,0.0
Bakersfield College,PIO,2024,9,3,1,83.6,24.3,16.9,26.0,16.4,83.6,24.3,16.9,26.0,16.4,88.75,26.55,17.9,26.8,17.5,0.0,0.0,0.0,0.0,0.0
Breakthrough Indoor Percussion,PIO,2024,6,0,0,0.0,0.0,0.0,0.0,0.0,0.0,0.0,0.0,0.0,0.0,83.2,25.05,16.8,25.55,15.8,0.0,0.0,0.0,0.0,0.0
Breakthrough Indoor Percussion,PIO,2024,9,3,1,83.2,25.05,16.8,25.55,15.8,83.2,25.05,16.8,25.55,15.8,85.875,25.725,17.15,25.95,17.05,0.0,0.0,0.0,0.0,0.0
Cap City 2,PIO,2024,4,0,0,0.0,0.0,0.0,0.0,0.0,0.0,0.0,0.0,0.0,0.0,81.75,24.15,16.4,24.8,16.4,0.0,0.0,0.0,0.0,0.0
Cap City 2,PIO,2024,6,2,1,81.75,24.15,16.4,24.8,16.4,81.75,24.15,16.4,24.8,16.4,83.1,24.9,16.2,25.4,16.6,0.0,0.0,0.0,0.0,0.0
Cap City 2,PIO,2024,13,7,2,82.425,24.525,16.3,25.1,16.5,83.1,24.9,16.2,25.4,16.6,93.95,28.05,19.1,28.05,18.75,1.35,0.75,-0.2,0.6,0.2
Civitas Independent,PIO,2024,6,0,0,0.0,0.0,0.0,0.0,0.0,0.0,0.0,0.0,0.0,0.0,82.15,23.25,17.2,24.4,17.3,0.0,0.0,0.0,0.0,0.0
Civitas Independent,PIO,2024,13,7,1,82.15,23.25,17.2,24.4,17.3,82.15,23.25,17.2,24.4,17.3,93.35,28.05,18.675,27.6,19.025,0.0,0.0,0.0,0.0,0.0
Elan Percussion,PIO,2024,5,0,0,0.0,0.0,0.0,0.0,0.0,0.0,0.0,0.0,0.0,0.0,78.7,24.0,16.4,22.0,16.3,0.0,0.0,0.0,0.0,0.0
Elan Percussion,PIO,2024,9,4,1,78.7,24.0,16.4,22.0,16.3,78.7,24.0,16.4,22.0,16.3,81.876,24.225,16.65,24.0,17.0,0.0,0.0,0.0,0.0,0.0
Huron Valley Percussion,PIO,2024,9,0,0,0.0,0.0,0.0,0.0,0.0,0.0,0.0,0.0,0.0,0.0,78.45,23.25,16.1,23.0,16.1,0.0,0.0,0.0,0.0,0.0
Huron Valley Percussion,PIO,2024,12,3,1,78.45,23.25,16.1,23.0,16.1,78.45,23.25,16.1,23.0,16.1,79.825,23.775,16.55,23.4,16.1,0.0,0.0,0.0,0.0,0.0
IMPACT Percussion,PIO,2024,8,0,0,0.0,0.0,0.0,0.0,0.0,0.0,0.0,0.0,0.0,0.0,86.7,26.1,17.5,25.8,17.3,0.0,0.0,0.0,0.0,0.0
IMPACT Percussion,PIO,2024,13,5,1,86.7,26.1,17.5,25.8,17.3,86.7,26.1,17.5,25.8,17.3,96.35,28.875,19.375,28.8,19.3,0.0,0.0,0.0,0.0,0.0
Instinct,PIO,2024,3,0,0,0.0,0.0,0.0,0.0,0.0,0.0,0.0,0.0,0.0,0.0,75.15,21.15,14.5,23.8,15.7,0.0,0.0,0.0,0.0,0.0
Instinct,PIO,2024,8,5,1,75.15,21.15,14.5,23.8,15.7,75.15,21.15,14.5,23.8,15.7,79.75,24.15,16.5,23.0,16.1,0.0,0.0,0.0,0.0,0.0
Instinct,PIO,2024,9,1,2,77.45,22.65,15.5,23.4,15.9,79.75,24.15,16.5,23.0,16.1,82.601,23.7,17.9,24.4,16.6,4.6,3.0,2.0,-0.8,0.4
Instinct,PIO,2024,11,2,3,79.167,23.0,16.3,23.733,16.133,82.601,23.7,17.9,24.4,16.6,79.45,22.95,16.0,23.5,17.0,2.851,-0.45,1.4,1.4,0.5
Lotus,PIO,2024,5,0,0,0.0,0.0,0.0,0.0,0.0,0.0,0.0,0.0,0.0,0.0,74.5,23.3,23.4,13.6,14.2,0.0,0.0,0.0,0.0,0.0
Lotus,PIO,2024,6,1,1,74.5,23.3,23.4,13.6,14.2,74.5,23.3,23.4,13.6,14.2,78.3,23.2,23.4,16.3,15.4,0.0,0.0,0.0,0.0,0.0
Lotus,PIO,2024,11,5,2,76.4,23.25,23.4,14.95,14.8,78.3,23.2,23.4,16.3,15.4,84.35,25.6,24.75,17.2,16.8,3.8,-0.1,0.0,2.7,1.2
Meraki,PIO,2024,3,0,0,0.0,0.0,0.0,0.0,0.0,0.0,0.0,0.0,0.0,0.0,81.8,24.3,16.2,25.0,16.3,0.0,0.0,0.0,0.0,0.0
Meraki,PIO,2024,5,2,1,81.8,24.3,16.2,25.0,16.3,81.8,24.3,16.2,25.0,16.3,84.2,25.65,17.0,23.8,17.75,0.0,0.0,0.0,0.0,0.0
Meraki,PIO,2024,7,2,2,83.0,24.975,16.6,24.4,17.025,84.2,25.65,17.0,23.8,17.75,88.35,27.15,18.3,24.6,18.3,2.4,1.35,0.8,-1.2,1.45
Meraki,PIO,2024,9,2,3,84.783,25.7,17.167,24.467,17.45,88.35,27.15,18.3,24.6,18.3,94.075,28.425,19.1,27.85,18.7,4.15,1.5,1.3,0.8,0.55
Meraki,PIO,2024,11,2,4,87.106,26.381,17.65,25.312,17.762,94.075,28.425,19.1,27.85,18.7,93.35,28.35,19.2,26.9,18.9,5.725,1.275,0.8,3.25,0.4
Meraki,PIO,2024,13,2,5,88.355,26.775,17.96,25.63,17.99,93.35,28.35,19.2,26.9,18.9,98.488,29.587,19.75,29.3,19.85,-0.725,-0.075,0.1,-0.95,0.2
Motor City Percussion,PIO,2024,5,0,0,0.0,0.0,0.0,0.0,0.0,0.0,0.0,0.0,0.0,0.0,76.35,22.95,15.3,22.2,15.9,0.0,0.0,0.0,0.0,0.0
Motor City Percussion,PIO,2024,6,1,1,76.35,22.95,15.3,22.2,15.9,76.35,22.95,15.3,22.2,15.9,82.55,24.75,16.6,24.2,17.0,0.0,0.0,0.0,0.0,0.0
Motor City Percussion,PIO,2024,9,3,2,79.45,23.85,15.95,23.2,16.45,82.55,24.75,16.6,24.2,17.0,83.25,25.05,16.8,24.6,16.8,6.2,1.8,1.3,2.0,1.1
Motor City Percussion,PIO,2024,12,3,3,80.717,24.25,16.233,23.667,16.567,83.25,25.05,16.8,24.6,16.8,89.025,27.375,17.75,26.05,17.85,0.7,0.3,0.2,0.4,-0.2
OCI,PIO,2024,8,0,0,0.0,0.0,0.0,0.0,0.0,0.0,0.0,0.0,0.0,0.0,85.5,26.1,17.4,25.1,16.9,0.0,0.0,0.0,0.0,0.0
OCI,PIO,2024,11,3,1,85.5,26.1,17.4,25.1,16.9,85.5,26.1,17.4,25.1,16.9,86.95,26.25,17.5,25.6,17.6,0.0,0.0,0.0,0.0,0.0
Orange County Independent,PIO,2024,6,0,0,0.0,0.0,0.0,0.0,0.0,0.0,0.0,0.0,0.0,0.0,79.95,23.55,16.4,23.8,16.2,0.0,0.0,0.0,0.0,0.0
Orange County Independent,PIO,2024,9,3,1,79.95,23.55,16.4,23.8,16.2,79.95,23.55,16.4,23.8,16.2,86.45,26.7,18.35,24.7,16.7,0.0,0.0,0.0,0.0,0.0
Q2,PIO,2024,6,0,0,0.0,0.0,0.0,0.0,0.0,0.0,0.0,0.0,0.0,0.0,83.35,24.45,17.1,25.1,16.7,0.0,0.0,0.0,0.0,0.0
Q2,PIO,2024,13,7,1,83.35,24.45,17.1,25.1,16.7,83.35,24.45,17.1,25.1,16.7,95.65,29.025,19.325,28.75,18.55,0.0,0.0,0.0,0.0,0.0
Spartans Indoor Percussion,PIO,2024,5,0,0,0.0,0.0,0.0,0.0,0.0,0.0,0.0,0.0,0.0,0.0,75.65,22.65,15.4,23.0,14.6,0.0,0.0,0.0,0.0,0.0
Spartans Indoor Percussion,PIO,2024,9,4,1,75.65,22.65,15.4,23.0,14.6,75.65,22.65,15.4,23.0,14.6,85.35,24.45,17.7,25.1,18.1,0.0,0.0,0.0,0.0,0.0
UTSA,PIO,2024,8,0,0,0.0,0.0,0.0,0.0,0.0,0.0,0.0,0.0,0.0,0.0,87.3,26.7,17.6,25.4,17.6,0.0,0.0,0.0,0.0,0.0
UTSA,PIO,2024,13,5,1,87.3,26.7,17.6,25.4,17.6,87.3,26.7,17.6,25.4,17.6,92.689,28.388,17.975,28.1,18.225,0.0,0.0,0.0,0.0,0.0
United Percussion 2,PIO,2024,5,0,0,0.0,0.0,0.0,0.0,0.0,0.0,0.0,0.0,0.0,0.0,73.1,21.3,15.0,21.9,14.9,0.0,0.0,0.0,0.0,0.0
United Percussion 2,PIO,2024,9,4,1,73.1,21.3,15.0,21.9,14.9,73.1,21.3,15.0,21.9,14.9,86.6,25.5,17.95,25.85,17.3,0.0,0.0,0.0,0.0,0.0
United Percussion 2,PIO,2024,12,3,2,79.85,23.4,16.475,23.875,16.1,86.6,25.5,17.95,25.85,17.3,91.6,27.4,28.2,17.6,18.4,13.5,4.2,2.95,3.95,2.4
Veritas,PIO,2024,6,0,0,0.0,0.0,0.0,0.0,0.0,0.0,0.0,0.0,0.0,0.0,80.55,24.15,15.8,24.7,15.9,0.0,0.0,0.0,0.0,0.0
Veritas,PIO,2024,13,7,1,80.55,24.15,15.8,24.7,15.9,80.55,24.15,15.8,24.7,15.9,90.914,26.962,17.9,28.2,17.85,0.0,0.0,0.0,0.0,0.0
Vision Percussion,PIO,2024,6,0,0,0.0,0.0,0.0,0.0,0.0,0.0,0.0,0.0,0.0,0.0,85.45,25.65,17.3,25.6,16.9,0.0,0.0,0.0,0.0,0.0
Vision Percussion,PIO,2024,9,3,1,85.45,25.65,17.3,25.6,16.9,85.45,25.65,17.3,25.6,16.9,85.3,24.75,17.5,25.8,17.25,0.0,0.0,0.0,0.0,0.0
Élan Percussion,PIO,2024,6,0,0,0.0,0.0,0.0,0.0,0.0,0.0,0.0,0.0,0.0,0.0,82.75,24.45,16.1,25.4,16.8,0.0,0.0,0.0,0.0,0.0
Élan Percussion,PIO,2024,8,2,1,82.75,24.45,16.1,25.4,16.8,82.75,24.45,16.1,25.4,16.8,82.45,24.45,16.3,24.8,16.9,0.0,0.0,0.0,0.0,0.0
Élan Percussion,PIO,2024,11,3,2,82.6,24.45,16.2,25.1,16.85,82.45,24.45,16.3,24.8,16.9,84.05,25.35,16.2,25.2,17.3,-0.3,0.0,0.2,-0.6,0.1
Albany,PIA,2024,3,0,0,0.0,0.0,0.0,0.0,0.0,0.0,0.0,0.0,0.0,0.0,64.3,20.2,18.6,12.8,12.7,0.0,0.0,0.0,0.0,0.0
Albany,PIA,2024,8,5,1,64.3,20.2,18.6,12.8,12.7,64.3,20.2,18.6,12.8,12.7,68.3,18.7,21.9,13.6,14.1,0.0,0.0,0.0,0.0,0.0
Albany,PIA,2024,11,3,2,66.3,19.45,20.25,13.2,13.4,68.3,18.7,21.9,13.6,14.1,75.55,23.3,22.05,15.3,14.9,4.0,-1.5,3.3,0.8,1.4
Carolina Storm Indoor Percussion,PIA,2024,6,0,0,0.0,0.0,0.0,0.0,0.0,0.0,0.0,0.0,0.0,0.0,70.7,20.7,14.5,20.6,14.9,0.0,0.0,0.0,0.0,0.0
Carolina Storm Indoor Percussion,PIA,2024,13,7,1,70.7,20.7,14.5,20.6,14.9,70.7,20.7,14.5,20.6,14.9,83.476,24.975,16.5,25.9,16.1,0.0,0.0,0.0,0.0,0.0
Central Bucks School District,PIA,2024,4,0,0,0.0,0.0,0.0,0.0,0.0,0.0,0.0,0.0,0.0,0.0,71.4,22.1,20.7,13.7,14.9,0.0,0.0,0.0,0.0,0.0
Central Bucks School District,PIA,2024,8,4,1,71.4,22.1,20.7,13.7,14.9,71.4,22.1,20.7,13.7,14.9,74.8,24.0,22.2,14.8,13.8,0.0,0.0,0.0,0.0,0.0
Central Bucks School District,PIA,2024,11,3,2,73.1,23.05,21.45,14.25,14.35,74.8,24.0,22.2,14.8,13.8,73.2,23.2,19.8,15.6,14.6,3.4,1.9,1.5,1.1,-1.1
Central Bucks School District,PIA,2024,12,1,3,73.133,23.1,20.9,14.7,14.433,73.2,23.2,19.8,15.6,14.6,81.65,24.3,25.65,15.5,16.2,-1.6,-0.8,-2.4,0.8,0.8
Charles Towne Percussion,PIA,2024,6,0,0,0.0,0.0,0.0,0.0,0.0,0.0,0.0,0.0,0.0,0.0,81.6,23.4,16.9,24.4,16.9,0.0,0.0,0.0,0.0,0.0
Charles Towne Percussion,PIA,2024,13,7,1,81.6,23.4,16.9,24.4,16.9,81.6,23.4,16.9,24.4,16.9,94.25,28.65,18.65,28.15,18.8,0.0,0.0,0.0,0.0,0.0
Cornell University,PIA,2024,6,0,0,0.0,0.0,0.0,0.0,0.0,0.0,0.0,0.0,0.0,0.0,62.8,18.3,19.2,12.7,12.6,0.0,0.0,0.0,0.0,0.0
Cornell University,PIA,2024,8,2,1,62.8,18.3,19.2,12.7,12.6,62.8,18.3,19.2,12.7,12.6,66.5,19.5,21.0,12.5,13.5,0.0,0.0,0.0,0.0,0.0
Cornell University,PIA,2024,11,3,2,64.65,18.9,20.1,12.6,13.05,66.5,19.5,21.0,12.5,13.5,75.75,23.4,22.95,14.9,14.5,3.7,1.2,1.8,-0.2,0.9
Cornerstone Percussion,PIA,2024,5,0,0,0.0,0.0,0.0,0.0,0.0,0.0,0.0,0.0,0.0,0.0,71.7,20.4,14.9,21.5,14.9,0.0,0.0,0.0,0.0,0.0
Cornerstone Percussion,PIA,2024,7,2,1,71.7,20.4,14.9,21.5,14.9,71.7,20.4,14.9,21.5,14.9,78.75,24.75,16.4,22.8,14.8,0.0,0.0,0.0,0.0,0.0
Cornerstone Percussion,PIA,2024,8,1,2,75.225,22.575,15.65,22.15,14.85,78.75,24.75,16.4,22.8,14.8,82.45,25.05,17.1,22.7,17.6,7.05,4.35,1.5,1.3,-0.1
Cornerstone Percussion,PIA,2024,9,1,3,77.633,23.4,16.133,22.333,15.767,82.45,25.05,17.1,22.7,17.6,80.8,23.1,17.0,24.1,16.6,3.7,0.3,0.7,-0.1,2.8
Cornerstone Percussion,PIA,2024,11,2,4,78.425,23.325,16.35,22.775,15.975,80.8,23.1,17.0,24.1,16.6,81.15,23.25,16.2,24.5,17.2,-1.65,-1.95,-0.1,1.4,-1.0
Cornerstone Percussion,PIA,2024,12,1,5,78.97,23.31,16.32,23.12,16.22,81.15,23.25,16.2,24.5,17.2,84.075,25.125,16.05,25.5,17.4,0.35,0.15,-0.8,0.4,0.6
ECR Independent,PIA,2024,3,0,0,0.0,0.0,0.0,0.0,0.0,0.0,0.0,0.0,0.0,0.0,74.4,21.6,15.4,23.0,14.4,0.0,0.0,0.0,0.0,0.0
ECR Independent,PIA,2024,6,3,1,74.4,21.6,15.4,23.0,14.4,74.4,21.6,15.4,23.0,14.4,72.1,21.9,15.5,21.5,13.2,0.0,0.0,0.0,0.0,0.0
ECR Independent,PIA,2024,9,3,2,73.25,21.75,15.45,22.25,13.8,72.1,21.9,15.5,21.5,13.2,80.05,22.95,17.3,23.9,15.9,-2.3,0.3,0.1,-1.5,-1.2
ECR Independent,PIA,2024,11,2,3,75.517,22.15,16.067,22.8,14.5,80.05,22.95,17.3,23.9,15.9,80.75,22.95,15.3,25.4,17.1,7.95,1.05,1.8,2.4,2.7
ECR Independent,PIA,2024,12,1,4,76.825,22.35,15.875,23.45,15.15,80.75,22.95,15.3,25.4,17.1,82.9,24.75,16.7,24.25,17.2,0.7,0.0,-2.0,1.5,1.2
Fruitport Independent,PIA,2024,3,0,0,0.0,0.0,0.0,0.0,0.0,0.0,0.0,0.0,0.0,0.0,65.05,19.95,13.5,18.6,13.0,0.0,0.0,0.0,0.0,0.0
Fruitport Independent,PIA,2024,8,5,1,65.05,19.95,13.5,18.6,13.0,65.05,19.95,13.5,18.6,13.0,77.9,24.6,15.2,22.7,15.4,0.0,0.0,0.0,0.0,0.0
Fruitport Independent,PIA,2024,9,1,2,71.475,22.275,14.35,20.65,14.2,77.9,24.6,15.2,22.7,15.4,76.15,23.25,15.5,22.4,15.0,12.85,4.65,1.7,4.1,2.4
Fruitport Independent,PIA,2024,12,3,3,73.033,22.6,14.733,21.233,14.467,76.15,23.25,15.5,22.4,15.0,81.225,24.675,16.2,24.25,16.1,-1.75,-1.35,0.3,-0.3,-0.4
Fruitport Independent Percussion,PIA,2024,6,0,0,0.0,0.0,0.0,0.0,0.0,0.0,0.0,0.0,0.0,0.0,69.2,18.9,13.7,22.8,13.8,0.0,0.0,0.0,0.0,0.0
Fruitport Independent Percussion,PIA,2024,13,7,1,69.2,18.9,13.7,22.8,13.8,69.2,18.9,13.7,22.8,13.8,83.901,25.65,16.85,25.1,16.3,0.0,0.0,0.0,0.0,0.0
Groove Pursuit,PIA,2024,8,0,0,0.0,0.0,0.0,0.0,0.0,0.0,0.0,0.0,0.0,0.0,81.5,24.3,16.8,24.1,16.3,0.0,0.0,0.0,0.0,0.0
Groove Pursuit,PIA,2024,13,5,1,81.5,24.3,16.8,24.1,16.3,81.5,24.3,16.8,24.1,16.3,89.076,26.55,18.35,25.875,18.3,0.0,0.0,0.0,0.0,0.0
Horizon Percussion,PIA,2024,7,0,0,0.0,0.0,0.0,0.0,0.0,0.0,0.0,0.0,0.0,0.0,76.7,22.2,16.0,21.6,16.9,0.0,0.0,0.0,0.0,0.0
Horizon Percussion,PIA,2024,9,2,1,76.7,22.2,16.0,21.6,16.9,76.7,22.2,16.0,21.6,16.9,82.45,23.85,17.4,24.0,17.2,0.0,0.0,0.0,0.0,0.0
Huron Valley Percussion,PIA,2024,5,0,0,0.0,0.0,0.0,0.0,0.0,0.0,0.0,0.0,0.0,0.0,73.8,20.4,15.7,22.2,15.5,0.0,0.0,0.0,0.0,0.0
Huron Valley Percussion,PIA,2024,6,1,1,73.8,20.4,15.7,22.2,15.5,73.8,20.4,15.7,22.2,15.5,75.95,22.35,15.1,23.2,15.3,0.0,0.0,0.0,0.0,0.0
IGNITE Winter Percussion,PIA,2024,6,0,0,0.0,0.0,0.0,0.0,0.0,0.0,0.0,0.0,0.0,0.0,68.6,21.0,13.0,20.8,13.8,0.0,0.0,0.0,0.0,0.0
IGNITE Winter Percussion,PIA,2024,13,7,1,68.6,21.0,13.0,20.8,13.8,68.6,21.0,13.0,20.8,13.8,79.963,24.112,15.75,24.0,16.1,0.0,0.0,0.0,0.0,0.0
Impulse Drumline (OH),PIA,2024,4,0,0,0.0,0.0,0.0,0.0,0.0,0.0,0.0,0.0,0.0,0.0,62.4,18.0,12.2,19.7,12.5,0.0,0.0,0.0,0.0,0.0
Impulse Drumline (OH),PIA,2024,13,9,1,62.4,18.0,12.2,19.7,12.5,62.4,18.0,12.2,19.7,12.5,81.975,24.375,16.85,24.15,16.6,0.0,0.0,0.0,0.0,0.0
Lake Effect Percussion,PIA,2024,6,0,0,0.0,0.0,0.0,0.0,0.0,0.0,0.0,0.0,0.0,0.0,74.9,21.3,14.9,22.7,16.0,0.0,0.0,0.0,0.0,0.0
Lake Effect Percussion,PIA,2024,7,1,1,74.9,21.3,14.9,22.7,16.0,74.9,21.3,14.9,22.7,16.0,74.75,22.35,14.8,22.9,14.7,0.0,0.0,0.0,0.0,0.0
Lake Effect Percussion,PIA,2024,9,2,2,74.825,21.825,14.85,22.8,15.35,74.75,22.35,14.8,22.9,14.7,77.5,23.4,15.7,22.8,15.6,-0.15,1.05,-0.1,0.2,-1.3
Lake Effect Percussion,PIA,2024,12,3,3,75.717,22.35,15.133,22.8,15.433,77.5,23.4,15.7,22.8,15.6,82.525,23.925,16.9,25.15,16.55,2.75,1.05,0.9,-0.1,0.9
Lake Effect Percussion,PIA,2024,13,1,4,77.419,22.744,15.575,23.387,15.712,82.525,23.925,16.9,25.15,16.55,89.55,27.6,17.55,27.6,16.8,5.025,0.525,1.2,2.35,0.95
M3,PIA,2024,6,0,0,0.0,0.0,0.0,0.0,0.0,0.0,0.0,0.0,0.0,0.0,83.05,25.05,16.6,25.5,15.9,0.0,0.0,0.0,0.0,0.0
M3,PIA,2024,13,7,1,83.05,25.05,16.6,25.5,15.9,83.05,25.05,16.6,25.5,15.9,93.425,28.275,18.5,28.35,18.3,0.0,0.0,0.0,0.0,0.0
MidMichigan Impact,PIA,2024,5,0,0,0.0,0.0,0.0,0.0,0.0,0.0,0.0,0.0,0.0,0.0,66.55,18.45,13.3,20.9,13.9,0.0,0.0,0.0,0.0,0.0
MidMichigan Impact,PIA,2024,7,2,1,66.55,18.45,13.3,20.9,13.9,66.55,18.45,13.3,20.9,13.9,68.25,19.35,13.8,21.3,13.8,0.0,0.0,0.0,0.0,0.0
MidMichigan Impact,PIA,2024,8,1,2,67.4,18.9,13.55,21.1,13.85,68.25,19.35,13.8,21.3,13.8,72.4,21.9,14.3,22.1,14.1,1.7,0.9,0.5,0.4,-0.1
MidMichigan Impact,PIA,2024,12,4,3,69.067,19.9,13.8,21.433,13.933,72.4,21.9,14.3,22.1,14.1,73.875,21.9,14.55,22.475,14.95,4.15,2.55,0.5,0.8,0.3
Mission Independent,PIA,2024,6,0,0,0.0,0.0,0.0,0.0,0.0,0.0,0.0,0.0,0.0,0.0,65.05,20.1,19.05,12.9,13.0,0.0,0.0,0.0,0.0,0.0
Mission Independent,PIA,2024,8,2,1,65.05,20.1,19.05,12.9,13.0,65.05,20.1,19.05,12.9,13.0,70.0,22.7,20.4,14.0,12.9,0.0,0.0,0.0,0.0,0.0
Mission Independent,PIA,2024,11,3,2,67.525,21.4,19.725,13.45,12.95,70.0,22.7,20.4,14.0,12.9,72.2,23.5,19.5,15.4,13.8,4.95,2.6,1.35,1.1,-0.1
Mission Independent,PIA,2024,12,1,3,69.083,22.1,19.65,14.1,13.233,72.2,23.5,19.5,15.4,13.8,79.65,24.1,25.95,15.0,14.6,2.2,0.8,-0.9,1.4,0.9
North Star Independent,PIA,2024,7,0,0,0.0,0.0,0.0,0.0,0.0,0.0,0.0,0.0,0.0,0.0,81.85,24.75,17.1,22.7,17.3,0.0,0.0,0.0,0.0,0.0
North Star Independent,PIA,2024,13,6,1,81.85,24.75,17.1,22.7,17.3,81.85,24.75,17.1,22.7,17.3,89.65,27.45,17.9,26.8,17.5,0.0,0.0,0.0,0.0,0.0
Palm Desert Percussion,PIA,2024,4,0,0,0.0,0.0,0.0,0.0,0.0,0.0,0.0,0.0,0.0,0.0,71.35,22.35,14.3,21.3,13.4,0.0,0.0,0.0,0.0,0.0
Palm Desert Percussion,PIA,2024,7,3,1,71.35,22.35,14.3,21.3,13.4,71.35,22.35,14.3,21.3,13.4,66.35,19.35,12.5,21.1,13.4,0.0,0.0,0.0,0.0,0.0
Palm Desert Percussion,PIA,2024,11,4,2,68.85,20.85,13.4,21.2,13.4,66.35,19.35,12.5,21.1,13.4,79.1,24.0,15.0,23.9,16.2,-5.0,-3.0,-1.8,-0.2,0.0
Palm Desert Percussion,PIA,2024,12,1,3,72.267,21.9,13.933,22.1,14.333,79.1,24.0,15.0,23.9,16.2,80.75,24.0,15.85,24.15,16.75,12.75,4.65,2.5,2.8,2.8
Pi Percussion Inc.,PIA,2024,4,0,0,0.0,0.0,0.0,0.0,0.0,0.0,0.0,0.0,0.0,0.0,76.9,23.4,15.0,23.5,15.0,0.0,0.0,0.0,0.0,0.0
Pi Percussion Inc.,PIA,2024,6,2,1,76.9,23.4,15.0,23.5,15.0,76.9,23.4,15.0,23.5,15.0,73.95,21.75,15.0,22.0,15.2,0.0,0.0,0.0,0.0,0.0
Quad City Percussion,PIA,2024,8,0,0,0.0,0.0,0.0,0.0,0.0,0.0,0.0,0.0,0.0,0.0,74.9,21.6,15.5,23.2,14.6,0.0,0.0,0.0,0.0,0.0
Quad City Percussion,PIA,2024,13,5,1,74.9,21.6,15.5,23.2,14.6,74.9,21.6,15.5,23.2,14.6,85.626,26.025,17.15,25.95,16.5,0.0,0.0,0.0,0.0,0.0
Revelation,PIA,2024,6,0,0,0.0,0.0,0.0,0.0,0.0,0.0,0.0,0.0,0.0,0.0,80.05,23.85,16.3,23.1,16.8,0.0,0.0,0.0,0.0,0.0
Revelation,PIA,2024,13,7,1,80.05,23.85,16.3,23.1,16.8,80.05,23.85,16.3,23.1,16.8,92.875,28.125,18.15,27.9,18.7,0.0,0.0,0.0,0.0,0.0
Rochester Institute of Technology (RIT),PIA,2024,6,0,0,0.0,0.0,0.0,0.0,0.0,0.0,0.0,0.0,0.0,0.0,62.55,18.7,19.35,12.3,12.2,0.0,0.0,0.0,0.0,0.0
Rochester Institute of Technology (RIT),PIA,2024,9,3,1,62.55,18.7,19.35,12.3,12.2,62.55,18.7,19.35,12.3,12.2,63.25,19.9,19.35,12.0,12.0,0.0,0.0,0.0,0.0,0.0
Rochester Institute of Technology (RIT),PIA,2024,10,1,2,62.9,19.3,19.35,12.15,12.1,63.25,19.9,19.35,12.0,12.0,62.5,17.8,18.6,12.8,13.3,0.7,1.2,0.0,-0.3,-0.2
Rochester Institute of Technology (RIT),PIA,2024,11,1,3,62.767,18.8,19.1,12.367,12.5,62.5,17.8,18.6,12.8,13.3,69.1,21.8,20.4,13.0,13.9,-0.75,-2.1,-0.75,0.8,1.3
Shockwave,PIA,2024,6,0,0,0.0,0.0,0.0,0.0,0.0,0.0,0.0,0.0,0.0,0.0,62.251,18.15,12.0,20.2,11.9,0.0,0.0,0.0,0.0,0.0
Shockwave,PIA,2024,13,7,1,62.251,18.15,12.0,20.2,11.9,62.251,18.15,12.0,20.2,11.9,76.075,23.475,15.05,22.6,14.95,0.0,0.0,0.0,0.0,0.0
Vortex Percussion,PIA,2024,3,0,0,0.0,0.0,0.0,0.0,0.0,0.0,0.0,0.0,0.0,0.0,67.35,20.25,14.3,19.5,13.3,0.0,0.0,0.0,0.0,0.0
Vortex Percussion,PIA,2024,6,3,1,67.35,20.25,14.3,19.5,13.3,67.35,20.25,14.3,19.5,13.3,68.3,19.8,13.3,22.3,12.9,0.0,0.0,0.0,0.0,0.0
Vortex Percussion,PIA,2024,8,2,2,67.825,20.025,13.8,20.9,13.1,68.3,19.8,13.3,22.3,12.9,77.3,23.55,15.7,22.85,15.2,0.95,-0.45,-1.0,2.8,-0.4
Vortex Percussion,PIA,2024,12,4,3,70.983,21.2,14.433,21.55,13.8,77.3,23.55,15.7,22.85,15.2,78.175,23.1,15.3,23.725,16.05,9.0,3.75,2.4,0.55,2.3
Vortex Percussion,PIA,2024,13,1,4,72.781,21.675,14.65,22.094,14.362,78.175,23.1,15.3,23.725,16.05,87.976,26.325,17.1,27.1,17.45,0.875,-0.45,-0.4,0.875,0.85
Arcadia HS,PSW,2025,2,0,0,0.0,0.0,0.0,0.0,0.0,0.0,0.0,0.0,0.0,0.0,82.55,25.05,16.4,24.5,16.6,0.0,0.0,0.0,0.0,0.0
Arcadia HS,PSW,2025,4,2,1,82.55,25.05,16.4,24.5,16.6,82.55,25.05,16.4,24.5,16.6,84.05,24.75,16.8,25.0,17.5,0.0,0.0,0.0,0.0,0.0
Arcadia HS,PSW,2025,6,2,2,83.3,24.9,16.6,24.75,17.05,84.05,24.75,16.8,25.0,17.5,85.05,25.35,16.7,25.7,17.3,1.5,-0.3,0.4,0.5,0.9
Arcadia HS,PSW,2025,9,3,3,83.883,25.05,16.633,25.067,17.133,85.05,25.35,16.7,25.7,17.3,89.775,26.625,17.75,27.75,17.65,1.0,0.6,-0.1,0.7,-0.2
Arcadia HS,PSW,2025,10,1,4,85.356,25.444,16.912,25.738,17.263,89.775,26.625,17.75,27.75,17.65,92.2,28.2,17.9,28.3,17.8,4.725,1.275,1.05,2.05,0.35
Arcadia HS,PSW,2025,11,1,5,86.725,25.995,17.11,26.25,17.37,92.2,28.2,17.9,28.3,17.8,92.275,27.375,18.45,28.2,18.25,2.425,1.575,0.15,0.55,0.15
Arcadia HS,PSW,2025,12,1,6,87.65,26.225,17.333,26.575,17.517,92.275,27.375,18.45,28.2,18.25,93.076,27.975,18.125,28.225,18.75,0.075,-0.825,0.55,-0.1,0.45
Ayala HS,PSW,2025,6,0,0,0.0,0.0,0.0,0.0,0.0,0.0,0.0,0.0,0.0,0.0,89.75,26.85,17.9,26.8,18.2,0.0,0.0,0.0,0.0,0.0
Ayala HS,PSW,2025,7,1,1,89.75,26.85,17.9,26.8,18.2,89.75,26.85,17.9,26.8,18.2,91.6,27.6,18.6,27.1,18.3,0.0,0.0,0.0,0.0,0.0
Ayala HS,PSW,2025,9,2,2,90.675,27.225,18.25,26.95,18.25,91.6,27.6,18.6,27.1,18.3,93.975,28.725,19.15,27.4,18.7,1.85,0.75,0.7,0.3,0.1
Ayala HS,PSW,2025,10,1,3,91.775,27.725,18.55,27.1,18.4,93.975,28.725,19.15,27.4,18.7,95.65,28.35,19.2,28.9,19.2,2.375,1.125,0.55,0.3,0.4
Ayala HS,PSW,2025,12,2,4,92.744,27.881,18.712,27.55,18.6,95.65,28.35,19.2,28.9,19.2,99.5,30.0,20.0,29.55,19.95,1.675,-0.375,0.05,1.5,0.5
Bridgeland HS,PSW,2025,6,0,0,0.0,0.0,0.0,0.0,0.0,0.0,0.0,0.0,0.0,0.0,87.05,27.15,17.8,25.8,16.3,0.0,0.0,0.0,0.0,0.0
Bridgeland HS,PSW,2025,9,3,1,87.05,27.15,17.8,25.8,16.3,87.05,27.15,17.8,25.8,16.3,89.75,27.45,17.6,26.5,18.2,0.0,0.0,0.0,0.0,0.0
Bridgeland HS,PSW,2025,12,3,2,88.4,27.3,17.7,26.15,17.25,89.75,27.45,17.6,26.5,18.2,97.163,29.062,19.55,28.85,19.7,2.7,0.3,-0.2,0.7,1.9
Burleson Centennial HS,PSW,2025,9,0,0,0.0,0.0,0.0,0.0,0.0,0.0,0.0,0.0,0.0,0.0,90.55,27.15,18.0,26.8,18.6,0.0,0.0,0.0,0.0,0.0
Burleson Centennial HS,PSW,2025,12,3,1,90.55,27.15,18.0,26.8,18.6,90.55,27.15,18.0,26.8,18.6,94.725,28.425,19.05,27.8,19.45,0.0,0.0,0.0,0.0,0.0
Chino Hills HS,PSW,2025,5,0,0,0.0,0.0,0.0,0.0,0.0,0.0,0.0,0.0,0.0,0.0,87.275,25.875,17.8,25.8,17.8,0.0,0.0,0.0,0.0,0.0
Chino Hills HS,PSW,2025,6,1,1,87.275,25.875,17.8,25.8,17.8,87.275,25.875,17.8,25.8,17.8,89.0,26.7,17.6,26.9,17.8,0.0,0.0,0.0,0.0,0.0
Chino Hills HS,PSW,2025,9,3,2,88.138,26.288,17.7,26.35,17.8,89.0,26.7,17.6,26.9,17.8,93.3,28.05,18.85,27.85,18.55,1.725,0.825,-0.2,1.1,0.0
Chino Hills HS,PSW,2025,10,1,3,89.858,26.875,18.083,26.85,18.05,93.3,28.05,18.85,27.85,18.55,94.2,27.9,18.9,28.8,18.6,4.3,1.35,1.25,0.95,0.75
Chino Hills HS,PSW,2025,11,1,4,90.944,27.131,18.288,27.338,18.188,94.2,27.9,18.9,28.8,18.6,94.45,28.575,19.0,28.025,18.85,0.9,-0.15,0.05,0.95,0.05
Chino Hills HS,PSW,2025,12,1,5,91.645,27.42,18.43,27.475,18.32,94.45,28.575,19.0,28.025,18.85,95.8,29.025,19.1,28.5,19.175,0.25,0.675,0.1,-0.775,0.25
Clover HS,PSW,2025,6,0,0,0.0,0.0,0.0,0.0,0.0,0.0,0.0,0.0,0.0,0.0,78.9,25.2,14.8,24.3,14.6,0.0,0.0,0.0,0.0,0.0
Clover HS,PSW,2025,9,3,1,78.9,25.2,14.8,24.3,14.6,78.9,25.2,14.8,24.3,14.6,91.1,27.9,18.45,27.25,17.5,0.0,0.0,0.0,0.0,0.0
Cy-Fair HS,PSW,2025,6,0,0,0.0,0.0,0.0,0.0,0.0,0.0,0.0,0.0,0.0,0.0,83.35,25.35,17.4,23.8,16.8,0.0,0.0,0.0,0.0,0.0
Cy-Fair HS,PSW,2025,12,6,1,83.35,25.35,17.4,23.8,16.8,83.35,25.35,17.4,23.8,16.8,92.164,27.337,18.025,28.0,18.8,0.0,0.0,0.0,0.0,0.0
Etiwanda HS,PSW,2025,4,0,0,0.0,0.0,0.0,0.0,0.0,0.0,0.0,0.0,0.0,0.0,82.35,24.45,16.9,24.5,16.5,0.0,0.0,0.0,0.0,0.0
Etiwanda HS,PSW,2025,6,2,1,82.35,24.45,16.9,24.5,16.5,82.35,24.45,16.9,24.5,16.5,80.75,24.45,15.8,23.9,16.6,0.0,0.0,0.0,0.0,0.0
Etiwanda HS,PSW,2025,8,2,2,81.55,24.45,16.35,24.2,16.55,80.75,24.45,15.8,23.9,16.6,88.05,26.55,17.6,26.0,17.9,-1.6,0.0,-1.1,-0.6,0.1
Etiwanda HS,PSW,2025,9,1,3,83.717,25.15,16.767,24.8,17.0,88.05,26.55,17.6,26.0,17.9,87.413,26.513,17.05,26.5,17.35,7.3,2.1,1.8,2.1,1.3
Etiwanda HS,PSW,2025,10,1,4,84.641,25.491,16.838,25.225,17.088,87.413,26.513,17.05,26.5,17.35,88.55,26.55,17.5,26.6,17.9,-0.637,-0.037,-0.55,0.5,-0.55
Etiwanda HS,PSW,2025,11,1,5,85.423,25.703,16.97,25.5,17.25,88.55,26.55,17.5,26.6,17.9,90.025,27.225,18.1,27.15,17.55,1.137,0.037,0.45,0.1,0.55
Gahr HS,PSW,2025,9,0,0,0.0,0.0,0.0,0.0,0.0,0.0,0.0,0.0,0.0,0.0,83.926,25.875,16.5,26.1,15.45,0.0,0.0,0.0,0.0,0.0
Gahr HS,PSW,2025,10,1,1,83.926,25.875,16.5,26.1,15.45,83.926,25.875,16.5,26.1,15.45,85.851,26.1,16.7,26.55,16.5,0.0,0.0,0.0,0.0,0.0
Gahr HS,PSW,2025,11,1,2,84.888,25.988,16.6,26.325,15.975,85.851,26.1,16.7,26.55,16.5,86.526,26.1,17.05,27.225,16.15,1.925,0.225,0.2,0.45,1.05
Pearland HS,PSW,2025,6,0,0,0.0,0.0,0.0,0.0,0.0,0.0,0.0,0.0,0.0,0.0,80.5,24.6,16.3,23.3,16.3,0.0,0.0,0.0,0.0,0.0
Pearland HS,PSW,2025,9,3,1,80.5,24.6,16.3,23.3,16.3,80.5,24.6,16.3,23.3,16.3,86.8,25.5,17.8,25.8,17.7,0.0,0.0,0.0,0.0,0.0
Rowland HS,PSW,2025,4,0,0,0.0,0.0,0.0,0.0,0.0,0.0,0.0,0.0,0.0,0.0,76.85,22.95,15.4,22.9,15.6,0.0,0.0,0.0,0.0,0.0
Rowland HS,PSW,2025,10,6,1,76.85,22.95,15.4,22.9,15.6,76.85,22.95,15.4,22.9,15.6,84.551,25.95,16.6,25.7,16.3,0.0,0.0,0.0,0.0,0.0
Rowland HS,PSW,2025,11,1,2,80.7,24.45,16.0,24.3,15.95,84.551,25.95,16.6,25.7,16.3,83.726,24.975,16.45,25.6,16.7,7.701,3.0,1.2,2.8,0.7
Stockdale HS,PSW,2025,8,0,0,0.0,0.0,0.0,0.0,0.0,0.0,0.0,0.0,0.0,0.0,82.9,24.9,16.6,25.1,16.3,0.0,0.0,0.0,0.0,0.0
Stockdale HS,PSW,2025,9,1,1,82.9,24.9,16.6,25.1,16.3,82.9,24.9,16.6,25.1,16.3,84.439,25.087,16.85,25.8,16.7,0.0,0.0,0.0,0.0,0.0
Stockdale HS,PSW,2025,10,1,2,83.67,24.993,16.725,25.45,16.5,84.439,25.087,16.85,25.8,16.7,84.551,25.35,16.9,25.2,17.1,1.539,0.187,0.25,0.7,0.4
Stockdale HS,PSW,2025,11,1,3,83.963,25.112,16.783,25.367,16.7,84.551,25.35,16.9,25.2,17.1,84.926,25.275,17.0,26.3,16.35,0.112,0.263,0.05,-0.6,0.4
Vista Murrieta HS,PSW,2025,4,0,0,0.0,0.0,0.0,0.0,0.0,0.0,0.0,0.0,0.0,0.0,84.05,25.05,16.8,25.0,17.2,0.0,0.0,0.0,0.0,0.0
Vista Murrieta HS,PSW,2025,7,3,1,84.05,25.05,16.8,25.0,17.2,84.05,25.05,16.8,25.0,17.2,88.15,27.45,17.7,25.4,17.6,0.0,0.0,0.0,0.0,0.0
Vista Murrieta HS,PSW,2025,9,2,2,86.1,26.25,17.25,25.2,17.4,88.15,27.45,17.7,25.4,17.6,92.075,27.825,18.35,27.4,18.5,4.1,2.4,0.9,0.4,0.4
Vista Murrieta HS,PSW,2025,10,1,3,88.092,26.775,17.617,25.933,17.767,92.075,27.825,18.35,27.4,18.5,94.05,27.75,18.5,29.1,18.7,3.925,0.375,0.65,2.0,0.9
Vista Murrieta HS,PSW,2025,11,1,4,89.581,27.019,17.838,26.725,18.0,94.05,27.75,18.5,29.1,18.7,95.263,29.062,18.9,28.45,18.85,1.975,-0.075,0.15,1.7,0.2
Walled Lake Consolidated Schools,PSW,2025,6,0,0,0.0,0.0,0.0,0.0,0.0,0.0,0.0,0.0,0.0,0.0,79.2,24.6,15.2,23.9,15.5,0.0,0.0,0.0,0.0,0.0
Walled Lake Consolidated Schools,PSW,2025,10,4,1,79.2,24.6,15.2,23.9,15.5,79.2,24.6,15.2,23.9,15.5,87.5,25.8,18.5,26.2,17.0,0.0,0.0,0.0,0.0,0.0
Walled Lake Consolidated Schools,PSW,2025,11,1,2,83.35,25.2,16.85,25.05,16.25,87.5,25.8,18.5,26.2,17.0,91.525,27.975,18.45,27.65,17.45,8.3,1.2,3.3,2.3,1.5
West Ranch HS,PSW,2025,4,0,0,0.0,0.0,0.0,0.0,0.0,0.0,0.0,0.0,0.0,0.0,75.15,22.65,14.9,23.3,14.3,0.0,0.0,0.0,0.0,0.0
West Ranch HS,PSW,2025,7,3,1,75.15,22.65,14.9,23.3,14.3,75.15,22.65,14.9,23.3,14.3,80.15,26.25,15.5,22.6,15.8,0.0,0.0,0.0,0.0,0.0
West Ranch HS,PSW,2025,9,2,2,77.65,24.45,15.2,22.95,15.05,80.15,26.25,15.5,22.6,15.8,79.45,24.0,16.0,24.65,14.8,5.0,3.6,0.6,-0.7,1.5
West Ranch HS,PSW,2025,10,1,3,78.25,24.3,15.467,23.517,14.967,79.45,24.0,16.0,24.65,14.8,81.051,24.15,16.1,25.0,15.8,-0.7,-2.25,0.5,2.05,-1.0
West Ranch HS,PSW,2025,11,1,4,78.95,24.263,15.625,23.888,15.175,81.051,24.15,16.1,25.0,15.8,82.976,24.675,16.5,25.85,15.95,1.601,0.15,0.1,0.35,1.0
Arroyo HS,PSO,2025,2,0,0,0.0,0.0,0.0,0.0,0.0,0.0,0.0,0.0,0.0,0.0,67.25,21.75,12.8,19.4,13.3,0.0,0.0,0.0,0.0,0.0
Arroyo HS,PSO,2025,4,2,1,67.25,21.75,12.8,19.4,13.3,67.25,21.75,12.8,19.4,13.3,74.4,22.8,15.0,21.7,14.9,0.0,0.0,0.0,0.0,0.0
Arroyo HS,PSO,2025,7,3,2,70.825,22.275,13.9,20.55,14.1,74.4,22.8,15.0,21.7,14.9,79.3,23.7,16.1,23.2,16.3,7.15,1.05,2.2,2.3,1.6
Arroyo HS,PSO,2025,11,4,3,73.65,22.75,14.633,21.433,14.833,79.3,23.7,16.1,23.2,16.3,85.564,26.438,17.475,24.65,17.0,4.9,0.9,1.1,1.5,1.4
Basha HS,PSO,2025,5,0,0,0.0,0.0,0.0,0.0,0.0,0.0,0.0,0.0,0.0,0.0,81.25,25.65,16.4,23.6,15.6,0.0,0.0,0.0,0.0,0.0
Basha HS,PSO,2025,6,1,1,81.25,25.65,16.4,23.6,15.6,81.25,25.65,16.4,23.6,15.6,82.9,25.2,16.3,25.4,16.0,0.0,0.0,0.0,0.0,0.0
Bloomington HS,PSO,2025,4,0,0,0.0,0.0,0.0,0.0,0.0,0.0,0.0,0.0,0.0,0.0,71.25,22.35,13.6,22.0,13.3,0.0,0.0,0.0,0.0,0.0
Bloomington HS,PSO,2025,7,3,1,71.25,22.35,13.6,22.0,13.3,71.25,22.35,13.6,22.0,13.3,73.75,22.35,14.2,21.7,15.5,0.0,0.0,0.0,0.0,0.0
Brandon Valley HS,PSO,2025,7,0,0,0.0,0.0,0.0,0.0,0.0,0.0,0.0,0.0,0.0,0.0,80.75,24.75,16.2,23.7,16.1,0.0,0.0,0.0,0.0,0.0
Brandon Valley HS,PSO,2025,9,2,1,80.75,24.75,16.2,23.7,16.1,80.75,24.75,16.2,23.7,16.1,84.0,24.6,16.9,25.7,16.8,0.0,0.0,0.0,0.0,0.0
Buena HS,PSO,2025,6,0,0,0.0,0.0,0.0,0.0,0.0,0.0,0.0,0.0,0.0,0.0,74.151,22.95,14.2,21.9,15.1,0.0,0.0,0.0,0.0,0.0
Buena HS,PSO,2025,8,2,1,74.151,22.95,14.2,21.9,15.1,74.151,22.95,14.2,21.9,15.1,80.225,24.225,16.3,23.4,16.3,0.0,0.0,0.0,0.0,0.0
Camarillo HS,PSO,2025,4,0,0,0.0,0.0,0.0,0.0,0.0,0.0,0.0,0.0,0.0,0.0,71.001,21.9,13.1,22.6,13.4,0.0,0.0,0.0,0.0,0.0
Camarillo HS,PSO,2025,6,2,1,71.001,21.9,13.1,22.6,13.4,71.001,21.9,13.1,22.6,13.4,71.951,21.75,14.4,21.2,14.6,0.0,0.0,0.0,0.0,0.0
Camarillo HS,PSO,2025,8,2,2,71.476,21.825,13.75,21.9,14.0,71.951,21.75,14.4,21.2,14.6,81.951,26.85,15.9,23.2,16.0,0.95,-0.15,1.3,-1.4,1.2
Canyon HS,PSO,2025,3,0,0,0.0,0.0,0.0,0.0,0.0,0.0,0.0,0.0,0.0,0.0,63.701,18.6,13.0,19.1,13.0,0.0,0.0,0.0,0.0,0.0
Canyon HS,PSO,2025,6,3,1,63.701,18.6,13.0,19.1,13.0,63.701,18.6,13.0,19.1,13.0,69.851,20.85,13.7,21.1,14.2,0.0,0.0,0.0,0.0,0.0
Carlsbad HS,PSO,2025,4,0,0,0.0,0.0,0.0,0.0,0.0,0.0,0.0,0.0,0.0,0.0,70.251,21.45,13.9,22.3,12.6,0.0,0.0,0.0,0.0,0.0
Carlsbad HS,PSO,2025,5,1,1,70.251,21.45,13.9,22.3,12.6,70.251,21.45,13.9,22.3,12.6,74.351,23.55,14.8,21.5,14.5,0.0,0.0,0.0,0.0,0.0
Carlsbad HS,PSO,2025,7,2,2,72.301,22.5,14.35,21.9,13.55,74.351,23.55,14.8,21.5,14.5,78.001,24.6,15.0,22.2,16.2,4.1,2.1,0.9,-0.8,1.9
Carlsbad HS,PSO,2025,8,1,3,74.201,23.2,14.567,22.0,14.433,78.001,24.6,15.0,22.2,16.2,85.6,27.15,17.8,23.7,16.95,3.65,1.05,0.2,0.7,1.7
Cerritos HS,PSO,2025,3,0,0,0.0,0.0,0.0,0.0,0.0,0.0,0.0,0.0,0.0,0.0,72.15,21.75,14.7,21.4,14.3,0.0,0.0,0.0,0.0,0.0
Cerritos HS,PSO,2025,6,3,1,72.15,21.75,14.7,21.4,14.3,72.15,21.75,14.7,21.4,14.3,78.65,24.45,16.6,22.2,15.4,0.0,0.0,0.0,0.0,0.0
Cerritos HS,PSO,2025,8,2,2,75.4,23.1,15.65,21.8,14.85,78.65,24.45,16.6,22.2,15.4,85.3,25.5,16.7,26.2,16.9,6.5,2.7,1.9,0.8,1.1
Cerritos HS,PSO,2025,11,3,3,78.7,23.9,16.0,23.267,15.533,85.3,25.5,16.7,26.2,16.9,83.625,25.575,16.65,25.15,16.25,6.65,1.05,0.1,4.0,1.5
Chaparral HS,PSO,2025,7,0,0,0.0,0.0,0.0,0.0,0.0,0.0,0.0,0.0,0.0,0.0,75.101,23.1,15.5,21.1,15.4,0.0,0.0,0.0,0.0,0.0
Chaparral HS,PSO,2025,8,1,1,75.101,23.1,15.5,21.1,15.4,75.101,23.1,15.5,21.1,15.4,81.751,25.65,15.7,24.9,15.5,0.0,0.0,0.0,0.0,0.0
Chino HS,PSO,2025,4,0,0,0.0,0.0,0.0,0.0,0.0,0.0,0.0,0.0,0.0,0.0,71.95,22.05,14.6,21.4,13.9,0.0,0.0,0.0,0.0,0.0
Chino HS,PSO,2025,6,2,1,71.95,22.05,14.6,21.4,13.9,71.95,22.05,14.6,21.4,13.9,75.3,22.5,15.0,23.1,14.7,0.0,0.0,0.0,0.0,0.0
Chino HS,PSO,2025,8,2,2,73.625,22.275,14.8,22.25,14.3,75.3,22.5,15.0,23.1,14.7,79.151,25.05,15.0,24.0,15.1,3.35,0.45,0.4,1.7,0.8
Chino HS,PSO,2025,9,1,3,75.467,23.2,14.867,22.833,14.567,79.151,25.05,15.0,24.0,15.1,83.701,24.225,16.425,26.3,16.75,3.851,2.55,0.0,0.9,0.4
Chino HS,PSO,2025,11,2,4,77.526,23.456,15.256,23.7,15.112,83.701,24.225,16.425,26.3,16.75,88.213,26.962,17.15,26.9,17.2,4.55,-0.825,1.425,2.3,1.65
Chisholm Trail HS,PSO,2025,9,0,0,0.0,0.0,0.0,0.0,0.0,0.0,0.0,0.0,0.0,0.0,87.1,26.25,17.4,25.8,17.65,0.0,0.0,0.0,0.0,0.0
Chisholm Trail HS,PSO,2025,12,3,1,87.1,26.25,17.4,25.8,17.65,87.1,26.25,17.4,25.8,17.65,90.788,27.938,17.7,27.5,17.65,0.0,0.0,0.0,0.0,0.0
Downingtown HS West,PSO,2025,5,0,0,0.0,0.0,0.0,0.0,0.0,0.0,0.0,0.0,0.0,0.0,72.65,23.0,22.35,14.1,13.2,0.0,0.0,0.0,0.0,0.0
Downingtown HS West,PSO,2025,6,1,1,72.65,23.0,22.35,14.1,13.2,72.65,23.0,22.35,14.1,13.2,76.1,23.6,23.4,14.6,14.5,0.0,0.0,0.0,0.0,0.0
Downingtown HS West,PSO,2025,10,4,2,74.375,23.3,22.875,14.35,13.85,76.1,23.6,23.4,14.6,14.5,84.75,26.7,25.05,15.9,17.1,3.45,0.6,1.05,0.5,1.3
Downingtown HS West,PSO,2025,11,1,3,77.833,24.433,23.6,14.867,14.933,84.75,26.7,25.05,15.9,17.1,82.75,23.6,25.95,16.4,16.8,8.65,3.1,1.65,1.3,2.6
Dublin HS,PSO,2025,8,0,0,0.0,0.0,0.0,0.0,0.0,0.0,0.0,0.0,0.0,0.0,82.15,24.15,16.1,25.7,16.2,0.0,0.0,0.0,0.0,0.0
Dublin HS,PSO,2025,9,1,1,82.15,24.15,16.1,25.7,16.2,82.15,24.15,16.1,25.7,16.2,85.988,25.462,16.8,26.8,16.925,0.0,0.0,0.0,0.0,0.0
Egg Harbor Township HS,PSO,2025,7,0,0,0.0,0.0,0.0,0.0,0.0,0.0,0.0,0.0,0.0,0.0,80.0,25.3,24.3,15.5,14.9,0.0,0.0,0.0,0.0,0.0
Egg Harbor Township HS,PSO,2025,10,3,1,80.0,25.3,24.3,15.5,14.9,80.0,25.3,24.3,15.5,14.9,84.0,26.8,24.6,15.3,17.3,0.0,0.0,0.0,0.0,0.0
Egg Harbor Township HS,PSO,2025,11,1,2,82.0,26.05,24.45,15.4,16.1,84.0,26.8,24.6,15.3,17.3,84.2,24.3,25.5,17.2,17.2,4.0,1.5,0.3,-0.2,2.4
El Dorado HS,PSO,2025,3,0,0,0.0,0.0,0.0,0.0,0.0,0.0,0.0,0.0,0.0,0.0,78.4,23.1,16.0,23.0,16.3,0.0,0.0,0.0,0.0,0.0
El Dorado HS,PSO,2025,6,3,1,78.4,23.1,16.0,23.0,16.3,78.4,23.1,16.0,23.0,16.3,81.65,25.05,16.9,24.9,14.8,0.0,0.0,0.0,0.0,0.0
El Dorado HS,PSO,2025,9,3,2,80.025,24.075,16.45,23.95,15.55,81.65,25.05,16.9,24.9,14.8,89.95,25.95,17.95,27.7,18.35,3.25,1.95,0.9,1.9,-1.5
El Dorado HS,PSO,2025,11,2,3,83.333,24.7,16.95,25.2,16.483,89.95,25.95,17.95,27.7,18.35,93.25,28.125,18.1,28.55,18.475,8.3,0.9,1.05,2.8,3.55
El Toro HS,PSO,2025,2,0,0,0.0,0.0,0.0,0.0,0.0,0.0,0.0,0.0,0.0,0.0,68.375,21.675,13.5,20.0,13.2,0.0,0.0,0.0,0.0,0.0
El Toro HS,PSO,2025,5,3,1,68.375,21.675,13.5,20.0,13.2,68.375,21.675,13.5,20.0,13.2,70.751,22.65,14.1,20.0,14.0,0.0,0.0,0.0,0.0,0.0
El Toro HS,PSO,2025,7,2,2,69.563,22.162,13.8,20.0,13.6,70.751,22.65,14.1,20.0,14.0,77.551,23.55,14.9,22.7,16.4,2.376,0.975,0.6,0.0,0.8
Fishers HS,PSO,2025,6,0,0,0.0,0.0,0.0,0.0,0.0,0.0,0.0,0.0,0.0,0.0,86.2,25.95,17.2,25.75,17.3,0.0,0.0,0.0,0.0,0.0
Fishers HS,PSO,2025,12,6,1,86.2,25.95,17.2,25.75,17.3,86.2,25.95,17.2,25.75,17.3,96.75,29.625,19.3,28.825,19.0,0.0,0.0,0.0,0.0,0.0
Fountain Valley HS,PSO,2025,3,0,0,0.0,0.0,0.0,0.0,0.0,0.0,0.0,0.0,0.0,0.0,64.051,19.35,12.5,19.5,12.7,0.0,0.0,0.0,0.0,0.0
Fountain Valley HS,PSO,2025,6,3,1,64.051,19.35,12.5,19.5,12.7,64.051,19.35,12.5,19.5,12.7,74.25,21.75,14.4,22.9,15.2,0.0,0.0,0.0,0.0,0.0
Fountain Valley HS,PSO,2025,8,2,2,69.15,20.55,13.45,21.2,13.95,74.25,21.75,14.4,22.9,15.2,79.576,24.375,16.7,21.8,16.7,10.199,2.4,1.9,3.4,2.5
Glenn HS,PSO,2025,6,0,0,0.0,0.0,0.0,0.0,0.0,0.0,0.0,0.0,0.0,0.0,84.7,26.4,16.0,26.5,15.8,0.0,0.0,0.0,0.0,0.0
Glenn HS,PSO,2025,9,3,1,84.7,26.4,16.0,26.5,15.8,84.7,26.4,16.0,26.5,15.8,88.1,25.95,18.0,27.1,17.05,0.0,0.0,0.0,0.0,0.0
Great Oak HS,PSO,2025,5,0,0,0.0,0.0,0.0,0.0,0.0,0.0,0.0,0.0,0.0,0.0,79.25,24.75,16.3,22.7,15.5,0.0,0.0,0.0,0.0,0.0
Great Oak HS,PSO,2025,7,2,1,79.25,24.75,16.3,22.7,15.5,79.25,24.75,16.3,22.7,15.5,85.55,24.45,16.8,26.8,17.5,0.0,0.0,0.0,0.0,0.0
Great Oak HS,PSO,2025,8,1,2,82.4,24.6,16.55,24.75,16.5,85.55,24.45,16.8,26.8,17.5,90.45,28.05,18.0,26.6,17.8,6.3,-0.3,0.5,4.1,2.0
Great Oak HS,PSO,2025,9,1,3,85.083,25.75,17.033,25.367,16.933,90.45,28.05,18.0,26.6,17.8,88.538,26.212,18.25,25.625,18.45,4.9,3.6,1.2,-0.2,0.3
Great Oak HS,PSO,2025,11,2,4,85.947,25.866,17.338,25.431,17.312,88.538,26.212,18.25,25.625,18.45,91.863,27.112,18.6,27.85,18.3,-1.912,-1.838,0.25,-0.975,0.65
Halls Indoor Percussion Ensemble,PSO,2025,7,0,0,0.0,0.0,0.0,0.0,0.0,0.0,0.0,0.0,0.0,0.0,75.9,23.6,21.9,15.3,15.1,0.0,0.0,0.0,0.0,0.0
Halls Indoor Percussion Ensemble,PSO,2025,10,3,1,75.9,23.6,21.9,15.3,15.1,75.9,23.6,21.9,15.3,15.1,82.6,25.4,24.3,16.5,16.4,0.0,0.0,0.0,0.0,0.0
Hoover HS,PSO,2025,2,0,0,0.0,0.0,0.0,0.0,0.0,0.0,0.0,0.0,0.0,0.0,65.3,21.3,12.1,19.3,12.6,0.0,0.0,0.0,0.0,0.0
Hoover HS,PSO,2025,6,4,1,65.3,21.3,12.1,19.3,12.6,65.3,21.3,12.1,19.3,12.6,69.9,20.7,13.1,22.2,13.9,0.0,0.0,0.0,0.0,0.0
Hoover HS,PSO,2025,8,2,2,67.6,21.0,12.6,20.75,13.25,69.9,20.7,13.1,22.2,13.9,80.101,25.8,14.8,25.2,14.3,4.6,-0.6,1.0,2.9,1.3
Hudsonville Winter Percussion,PSO,2025,9,0,0,0.0,0.0,0.0,0.0,0.0,0.0,0.0,0.0,0.0,0.0,84.95,25.95,17.3,26.2,15.5,0.0,0.0,0.0,0.0,0.0
Hudsonville Winter Percussion,PSO,2025,10,1,1,84.95,25.95,17.3,26.2,15.5,84.95,25.95,17.3,26.2,15.5,84.7,25.8,16.9,25.8,16.2,0.0,0.0,0.0,0.0,0.0
Hudsonville Winter Percussion,PSO,2025,11,1,2,84.825,25.875,17.1,26.0,15.85,84.7,25.8,16.9,25.8,16.2,88.525,26.775,17.85,26.75,17.15,-0.25,-0.15,-0.4,-0.4,0.7
John Marshall HS,PSO,2025,6,0,0,0.0,0.0,0.0,0.0,0.0,0.0,0.0,0.0,0.0,0.0,69.85,20.85,13.6,22.1,13.3,0.0,0.0,0.0,0.0,0.0
John Marshall HS,PSO,2025,9,3,1,69.85,20.85,13.6,22.1,13.3,69.85,20.85,13.6,22.1,13.3,78.451,25.05,15.7,22.3,15.4,0.0,0.0,0.0,0.0,0.0
Keller Central HS,PSO,2025,6,0,0,0.0,0.0,0.0,0.0,0.0,0.0,0.0,0.0,0.0,0.0,75.5,24.0,14.4,23.7,13.4,0.0,0.0,0.0,0.0,0.0
Keller Central HS,PSO,2025,9,3,1,75.5,24.0,14.4,23.7,13.4,75.5,24.0,14.4,23.7,13.4,82.1,25.2,16.8,23.6,16.5,0.0,0.0,0.0,0.0,0.0
Lake Orion Percussion,PSO,2025,6,0,0,0.0,0.0,0.0,0.0,0.0,0.0,0.0,0.0,0.0,0.0,75.65,23.55,15.0,22.5,14.6,0.0,0.0,0.0,0.0,0.0
Lake Orion Percussion,PSO,2025,11,5,1,75.65,23.55,15.0,22.5,14.6,75.65,23.55,15.0,22.5,14.6,84.05,25.65,16.65,25.8,15.95,0.0,0.0,0.0,0.0,0.0
Los Alamitos HS,PSO,2025,3,0,0,0.0,0.0,0.0,0.0,0.0,0.0,0.0,0.0,0.0,0.0,72.101,22.5,13.3,22.4,13.9,0.0,0.0,0.0,0.0,0.0
Los Alamitos HS,PSO,2025,5,2,1,72.101,22.5,13.3,22.4,13.9,72.101,22.5,13.3,22.4,13.9,75.25,24.15,14.2,21.9,15.0,0.0,0.0,0.0,0.0,0.0
Los Alamitos HS,PSO,2025,7,2,2,73.676,23.325,13.75,22.15,14.45,75.25,24.15,14.2,21.9,15.0,81.65,24.15,16.1,24.0,17.4,3.149,1.65,0.9,-0.5,1.1
Los Alamitos HS,PSO,2025,9,2,3,76.334,23.6,14.533,22.767,15.433,81.65,24.15,16.1,24.0,17.4,83.1,24.6,16.35,25.8,16.35,6.4,0.0,1.9,2.1,2.4
Los Alamitos HS,PSO,2025,11,2,4,78.025,23.85,14.988,23.525,15.662,83.1,24.6,16.35,25.8,16.35,85.314,25.462,16.75,26.3,16.8,1.45,0.45,0.25,1.8,-1.05
Los Osos HS,PSO,2025,7,0,0,0.0,0.0,0.0,0.0,0.0,0.0,0.0,0.0,0.0,0.0,79.75,25.35,15.2,22.3,16.9,0.0,0.0,0.0,0.0,0.0
Los Osos HS,PSO,2025,8,1,1,79.75,25.35,15.2,22.3,16.9,79.75,25.35,15.2,22.3,16.9,78.751,24.45,16.1,22.7,15.5,0.0,0.0,0.0,0.0,0.0
Millikan HS,PSO,2025,3,0,0,0.0,0.0,0.0,0.0,0.0,0.0,0.0,0.0,0.0,0.0,68.851,21.45,13.6,20.5,13.3,0.0,0.0,0.0,0.0,0.0
Millikan HS,PSO,2025,6,3,1,68.851,21.45,13.6,20.5,13.3,68.851,21.45,13.6,20.5,13.3,76.95,23.55,15.2,23.9,14.3,0.0,0.0,0.0,0.0,0.0
Millikan HS,PSO,2025,8,2,2,72.9,22.5,14.4,22.2,13.8,76.95,23.55,15.2,23.9,14.3,83.075,26.775,15.8,25.3,15.2,8.099,2.1,1.6,3.4,1.0
Mission Hills HS,PSO,2025,8,0,0,0.0,0.0,0.0,0.0,0.0,0.0,0.0,0.0,0.0,0.0,88.25,27.45,16.9,26.5,17.4,0.0,0.0,0.0,0.0,0.0
Mission Hills HS,PSO,2025,11,3,1,88.25,27.45,16.9,26.5,17.4,88.25,27.45,16.9,26.5,17.4,84.1,25.95,16.7,25.2,16.25,0.0,0.0,0.0,0.0,0.0
Mission Viejo HS,PSO,2025,8,0,0,0.0,0.0,0.0,0.0,0.0,0.0,0.0,0.0,0.0,0.0,88.95,27.15,17.3,26.9,17.6,0.0,0.0,0.0,0.0,0.0
Mission Viejo HS,PSO,2025,11,3,1,88.95,27.15,17.3,26.9,17.6,88.95,27.15,17.3,26.9,17.6,87.789,26.288,17.325,26.65,17.525,0.0,0.0,0.0,0.0,0.0
Old Bridge,PSO,2025,5,0,0,0.0,0.0,0.0,0.0,0.0,0.0,0.0,0.0,0.0,0.0,76.95,24.3,22.95,15.3,14.4,0.0,0.0,0.0,0.0,0.0
Old Bridge,PSO,2025,8,3,1,76.95,24.3,22.95,15.3,14.4,76.95,24.3,22.95,15.3,14.4,85.65,26.6,25.95,16.9,16.2,0.0,0.0,0.0,0.0,0.0
Old Bridge,PSO,2025,10,2,2,81.3,25.45,24.45,16.1,15.3,85.65,26.6,25.95,16.9,16.2,89.5,27.9,25.5,17.7,18.4,8.7,2.3,3.0,1.6,1.8
Old Bridge,PSO,2025,11,1,3,84.033,26.267,24.8,16.633,16.333,89.5,27.9,25.5,17.7,18.4,91.8,27.5,27.3,18.4,18.6,3.85,1.3,-0.45,0.8,2.2
Pace HS,PSO,2025,7,0,0,0.0,0.0,0.0,0.0,0.0,0.0,0.0,0.0,0.0,0.0,82.4,24.6,16.2,24.8,16.8,0.0,0.0,0.0,0.0,0.0
Pace HS,PSO,2025,12,5,1,82.4,24.6,16.2,24.8,16.8,82.4,24.6,16.2,24.8,16.8,94.051,28.575,18.15,28.55,18.775,0.0,0.0,0.0,0.0,0.0
Pacifica HS,PSO,2025,3,0,0,0.0,0.0,0.0,0.0,0.0,0.0,0.0,0.0,0.0,0.0,73.2,21.9,15.4,20.2,15.7,0.0,0.0,0.0,0.0,0.0
Pacifica HS,PSO,2025,6,3,1,73.2,21.9,15.4,20.2,15.7,73.2,21.9,15.4,20.2,15.7,79.8,23.7,15.9,23.2,17.0,0.0,0.0,0.0,0.0,0.0
Pacifica HS,PSO,2025,9,3,2,76.5,22.8,15.65,21.7,16.35,79.8,23.7,15.9,23.2,17.0,85.213,25.762,16.725,25.525,17.2,6.6,1.8,0.5,3.0,1.3
Pacifica HS,PSO,2025,11,2,3,79.404,23.787,16.008,22.975,16.633,85.213,25.762,16.725,25.525,17.2,86.076,26.7,16.75,24.775,17.85,5.413,2.062,0.825,2.325,0.2
Pflugerville HS,PSO,2025,6,0,0,0.0,0.0,0.0,0.0,0.0,0.0,0.0,0.0,0.0,0.0,73.901,23.7,14.1,21.4,14.7,0.0,0.0,0.0,0.0,0.0
Pflugerville HS,PSO,2025,9,3,1,73.901,23.7,14.1,21.4,14.7,73.901,23.7,14.1,21.4,14.7,76.0,23.1,15.1,22.8,15.0,0.0,0.0,0.0,0.0,0.0
Plymouth-Canton Educational Park,PSO,2025,6,0,0,0.0,0.0,0.0,0.0,0.0,0.0,0.0,0.0,0.0,0.0,76.15,22.95,14.4,22.8,16.0,0.0,0.0,0.0,0.0,0.0
Plymouth-Canton Educational Park,PSO,2025,7,1,1,76.15,22.95,14.4,22.8,16.0,76.15,22.95,14.4,22.8,16.0,82.15,24.75,16.6,24.0,16.8,0.0,0.0,0.0,0.0,0.0
Plymouth-Canton Educational Park,PSO,2025,10,3,2,79.15,23.85,15.5,23.4,16.4,82.15,24.75,16.6,24.0,16.8,82.25,24.15,16.7,24.4,17.0,6.0,1.8,2.2,1.2,0.8
Plymouth-Canton Educational Park,PSO,2025,11,1,3,80.183,23.95,15.9,23.733,16.6,82.25,24.15,16.7,24.4,17.0,86.7,27.15,17.2,26.3,16.05,0.1,-0.6,0.1,0.4,0.2
Rancho Cucamonga HS,PSO,2025,4,0,0,0.0,0.0,0.0,0.0,0.0,0.0,0.0,0.0,0.0,0.0,80.9,23.4,16.4,24.7,16.4,0.0,0.0,0.0,0.0,0.0
Rancho Cucamonga HS,PSO,2025,5,1,1,80.9,23.4,16.4,24.7,16.4,80.9,23.4,16.4,24.7,16.4,80.7,24.9,16.5,23.0,16.3,0.0,0.0,0.0,0.0,0.0
Rancho Cucamonga HS,PSO,2025,7,2,2,80.8,24.15,16.45,23.85,16.35,80.7,24.9,16.5,23.0,16.3,86.85,25.05,17.4,26.5,17.9,-0.2,1.5,0.1,-1.7,-0.1
Rancho Cucamonga HS,PSO,2025,8,1,3,82.817,24.45,16.767,24.733,16.867,86.85,25.05,17.4,26.5,17.9,91.5,28.2,17.1,28.0,18.2,6.15,0.15,0.9,3.5,1.6
Rancho Cucamonga HS,PSO,2025,11,3,4,84.988,25.388,16.85,25.55,17.2,91.5,28.2,17.1,28.0,18.2,94.188,28.462,18.95,28.35,18.425,4.65,3.15,-0.3,1.5,0.3
Rancho Cucamonga HS,PSO,2025,12,1,5,86.828,26.002,17.27,26.11,17.445,94.188,28.462,18.95,28.35,18.425,96.075,28.95,19.25,28.675,19.2,2.688,0.262,1.85,0.35,0.225
Redwood HS,PSO,2025,4,0,0,0.0,0.0,0.0,0.0,0.0,0.0,0.0,0.0,0.0,0.0,67.851,20.25,13.4,22.0,12.2,0.0,0.0,0.0,0.0,0.0
Redwood HS,PSO,2025,8,4,1,67.851,20.25,13.4,22.0,12.2,67.851,20.25,13.4,22.0,12.2,81.401,26.4,15.5,23.8,15.7,0.0,0.0,0.0,0.0,0.0
South Torrance HS,PSO,2025,2,0,0,0.0,0.0,0.0,0.0,0.0,0.0,0.0,0.0,0.0,0.0,67.975,21.975,12.7,20.5,12.8,0.0,0.0,0.0,0.0,0.0
South Torrance HS,PSO,2025,4,2,1,67.975,21.975,12.7,20.5,12.8,67.975,21.975,12.7,20.5,12.8,73.9,22.5,14.0,23.9,13.5,0.0,0.0,0.0,0.0,0.0
South Torrance HS,PSO,2025,8,4,2,70.938,22.238,13.35,22.2,13.15,73.9,22.5,14.0,23.9,13.5,79.526,24.825,15.7,22.4,16.6,5.925,0.525,1.3,3.4,0.7
South Torrance HS,PSO,2025,11,3,3,73.8,23.1,14.133,22.267,14.3,79.526,24.825,15.7,22.4,16.6,83.125,25.125,15.95,25.9,16.15,5.626,2.325,1.7,-1.5,3.1
Spring-Ford HS,PSO,2025,5,0,0,0.0,0.0,0.0,0.0,0.0,0.0,0.0,0.0,0.0,0.0,73.15,23.5,21.15,14.3,14.2,0.0,0.0,0.0,0.0,0.0
Spring-Ford HS,PSO,2025,7,2,1,73.15,23.5,21.15,14.3,14.2,73.15,23.5,21.15,14.3,14.2,81.05,23.9,25.35,16.2,15.6,0.0,0.0,0.0,0.0,0.0
Spring-Ford HS,PSO,2025,8,1,2,77.1,23.7,23.25,15.25,14.9,81.05,23.9,25.35,16.2,15.6,84.6,26.0,26.4,16.3,15.9,7.9,0.4,4.2,1.9,1.4
Spring-Ford HS,PSO,2025,9,1,3,79.6,24.467,24.3,15.6,15.233,84.6,26.0,26.4,16.3,15.9,90.525,27.375,18.1,27.25,17.8,3.55,2.1,1.05,0.1,0.3
Spring-Ford HS,PSO,2025,10,1,4,82.331,25.194,22.75,18.512,15.875,90.525,27.375,18.1,27.25,17.8,89.3,27.8,26.4,16.5,18.6,5.925,1.375,-8.3,10.95,1.9
Spring-Ford HS,PSO,2025,11,1,5,83.725,25.715,23.48,18.11,16.42,89.3,27.8,26.4,16.5,18.6,91.7,27.7,27.9,17.4,18.7,-1.225,0.425,8.3,-10.75,0.8
Stockdale HS,PSO,2025,2,0,0,0.0,0.0,0.0,0.0,0.0,0.0,0.0,0.0,0.0,0.0,75.75,23.25,15.0,22.3,15.2,0.0,0.0,0.0,0.0,0.0
Stockdale HS,PSO,2025,6,4,1,75.75,23.25,15.0,22.3,15.2,75.75,23.25,15.0,22.3,15.2,83.6,24.9,16.7,25.3,16.7,0.0,0.0,0.0,0.0,0.0
Trumbull HS,PSO,2025,7,0,0,0.0,0.0,0.0,0.0,0.0,0.0,0.0,0.0,0.0,0.0,81.6,24.9,15.8,25.2,15.7,0.0,0.0,0.0,0.0,0.0
Trumbull HS,PSO,2025,9,2,1,81.6,24.9,15.8,25.2,15.7,81.6,24.9,15.8,25.2,15.7,82.251,24.15,17.0,25.5,15.6,0.0,0.0,0.0,0.0,0.0
Union HS,PSO,2025,6,0,0,0.0,0.0,0.0,0.0,0.0,0.0,0.0,0.0,0.0,0.0,82.25,25.65,16.9,23.4,16.3,0.0,0.0,0.0,0.0,0.0
Union HS,PSO,2025,12,6,1,82.25,25.65,16.9,23.4,16.3,82.25,25.65,16.9,23.4,16.3,91.739,27.262,18.7,27.25,18.525,0.0,0.0,0.0,0.0,0.0
Valencia HS,PSO,2025,3,0,0,0.0,0.0,0.0,0.0,0.0,0.0,0.0,0.0,0.0,0.0,72.5,22.2,14.2,21.2,14.9,0.0,0.0,0.0,0.0,0.0
Valencia HS,PSO,2025,6,3,1,72.5,22.2,14.2,21.2,14.9,72.5,22.2,14.2,21.2,14.9,77.5,23.1,15.4,22.3,16.7,0.0,0.0,0.0,0.0,0.0
Valencia HS,PSO,2025,8,2,2,75.0,22.65,14.8,21.75,15.8,77.5,23.1,15.4,22.3,16.7,86.925,27.225,17.3,25.6,16.8,5.0,0.9,1.2,1.1,1.8
Valencia HS,PSO,2025,11,3,3,78.975,24.175,15.633,23.033,16.133,86.925,27.225,17.3,25.6,16.8,89.013,26.587,17.275,27.25,17.9,9.425,4.125,1.9,3.3,0.1
Victor,PSO,2025,4,0,0,0.0,0.0,0.0,0.0,0.0,0.0,0.0,0.0,0.0,0.0,71.95,21.3,22.65,14.3,13.7,0.0,0.0,0.0,0.0,0.0
Victor,PSO,2025,6,2,1,71.95,21.3,22.65,14.3,13.7,71.95,21.3,22.65,14.3,13.7,76.65,23.2,23.55,15.4,14.5,0.0,0.0,0.0,0.0,0.0
Victor,PSO,2025,8,2,2,74.3,22.25,23.1,14.85,14.1,76.65,23.2,23.55,15.4,14.5,81.75,24.1,25.35,16.6,15.7,4.7,1.9,0.9,1.1,0.8
Victor,PSO,2025,10,2,3,76.783,22.867,23.85,15.433,14.633,81.75,24.1,25.35,16.6,15.7,82.15,25.6,24.15,16.0,16.4,5.1,0.9,1.8,1.2,1.2
Victor J. Andrew HS,PSO,2025,4,0,0,0.0,0.0,0.0,0.0,0.0,0.0,0.0,0.0,0.0,0.0,76.55,22.95,15.4,23.3,14.9,0.0,0.0,0.0,0.0,0.0
Victor J. Andrew HS,PSO,2025,6,2,1,76.55,22.95,15.4,23.3,14.9,76.55,22.95,15.4,23.3,14.9,85.7,26.4,16.95,24.85,17.5,0.0,0.0,0.0,0.0,0.0
Victor J. Andrew HS,PSO,2025,12,6,2,81.125,24.675,16.175,24.075,16.2,85.7,26.4,16.95,24.85,17.5,96.763,29.062,19.35,28.925,19.425,9.15,3.45,1.55,1.55,2.6
West HS,PSO,2025,3,0,0,0.0,0.0,0.0,0.0,0.0,0.0,0.0,0.0,0.0,0.0,76.35,22.35,15.0,23.6,15.4,0.0,0.0,0.0,0.0,0.0
West HS,PSO,2025,7,4,1,76.35,22.35,15.0,23.6,15.4,76.35,22.35,15.0,23.6,15.4,82.15,25.65,16.0,23.9,16.6,0.0,0.0,0.0,0.0,0.0
Williams Field HS,PSO,2025,6,0,0,0.0,0.0,0.0,0.0,0.0,0.0,0.0,0.0,0.0,0.0,80.25,23.55,15.7,24.5,16.5,0.0,0.0,0.0,0.0,0.0
Williams Field HS,PSO,2025,9,3,1,80.25,23.55,15.7,24.5,16.5,80.25,23.55,15.7,24.5,16.5,84.189,25.087,16.85,25.3,16.95,0.0,0.0,0.0,0.0,0.0
Zionsville Community HS,PSO,2025,6,0,0,0.0,0.0,0.0,0.0,0.0,0.0,0.0,0.0,0.0,0.0,82.401,24.15,17.25,24.7,16.3,0.0,0.0,0.0,0.0,0.0
Zionsville Community HS,PSO,2025,12,6,1,82.401,24.15,17.25,24.7,16.3,82.401,24.15,17.25,24.7,16.3,95.45,28.5,18.65,29.35,18.95,0.0,0.0,0.0,0.0,0.0
Auburn,PSA,2025,3,0,0,0.0,0.0,0.0,0.0,0.0,0.0,0.0,0.0,0.0,0.0,66.251,20.6,21.45,12.0,12.2,0.0,0.0,0.0,0.0,0.0
Auburn,PSA,2025,4,1,1,66.251,20.6,21.45,12.0,12.2,66.251,20.6,21.45,12.0,12.2,69.2,21.4,21.3,13.0,13.5,0.0,0.0,0.0,0.0,0.0
Auburn,PSA,2025,7,3,2,67.726,21.0,21.375,12.5,12.85,69.2,21.4,21.3,13.0,13.5,74.1,24.0,22.8,13.5,13.8,2.949,0.8,-0.15,1.0,1.3
Auburn,PSA,2025,8,1,3,69.85,22.0,21.85,12.833,13.167,74.1,24.0,22.8,13.5,13.8,74.7,22.1,23.1,14.2,15.3,4.9,2.6,1.5,0.5,0.3
Auburn,PSA,2025,10,2,4,71.063,22.025,22.162,13.175,13.7,74.7,22.1,23.1,14.2,15.3,84.05,25.9,24.45,17.3,16.4,0.6,-1.9,0.3,0.7,1.5
Avon Grove,PSA,2025,7,0,0,0.0,0.0,0.0,0.0,0.0,0.0,0.0,0.0,0.0,0.0,70.8,22.4,21.6,12.9,13.9,0.0,0.0,0.0,0.0,0.0
Avon Grove,PSA,2025,8,1,1,70.8,22.4,21.6,12.9,13.9,70.8,22.4,21.6,12.9,13.9,73.65,23.0,22.65,14.2,13.8,0.0,0.0,0.0,0.0,0.0
Avon Grove,PSA,2025,10,2,2,72.225,22.7,22.125,13.55,13.85,73.65,23.0,22.65,14.2,13.8,73.525,22.4,22.425,14.9,13.8,2.85,0.6,1.05,1.3,-0.1
Avon Grove,PSA,2025,11,1,3,72.658,22.6,22.225,14.0,13.833,73.525,22.4,22.425,14.9,13.8,78.6,23.0,24.9,15.3,15.4,-0.125,-0.6,-0.225,0.7,0.0
Bearden High School Indoor Percussion,PSA,2025,2,0,0,0.0,0.0,0.0,0.0,0.0,0.0,0.0,0.0,0.0,0.0,62.401,17.8,19.8,12.8,12.0,0.0,0.0,0.0,0.0,0.0
Bearden High School Indoor Percussion,PSA,2025,7,5,1,62.401,17.8,19.8,12.8,12.0,62.401,17.8,19.8,12.8,12.0,72.4,21.5,21.6,14.9,14.4,0.0,0.0,0.0,0.0,0.0
Bearden High School Indoor Percussion,PSA,2025,10,3,2,67.401,19.65,20.7,13.85,13.2,72.4,21.5,21.6,14.9,14.4,76.751,22.6,23.25,15.3,15.6,9.999,3.7,1.8,2.1,2.4
Bridgewater Raritan,PSA,2025,4,0,0,0.0,0.0,0.0,0.0,0.0,0.0,0.0,0.0,0.0,0.0,71.701,21.5,20.7,13.7,15.8,0.0,0.0,0.0,0.0,0.0
Bridgewater Raritan,PSA,2025,8,4,1,71.701,21.5,20.7,13.7,15.8,71.701,21.5,20.7,13.7,15.8,77.901,23.8,24.15,15.25,14.7,0.0,0.0,0.0,0.0,0.0
Bridgewater Raritan,PSA,2025,10,2,2,74.801,22.65,22.425,14.475,15.25,77.901,23.8,24.15,15.25,14.7,79.2,23.7,23.25,15.7,16.55,6.2,2.3,3.45,1.55,-1.1
Bridgewater Raritan,PSA,2025,11,1,3,76.267,23.0,22.7,14.883,15.683,79.2,23.7,23.25,15.7,16.55,81.325,25.35,22.425,16.6,16.95,1.299,-0.1,-0.9,0.45,1.85
Bryant HS,PSA,2025,6,0,0,0.0,0.0,0.0,0.0,0.0,0.0,0.0,0.0,0.0,0.0,77.35,24.15,15.7,22.5,15.0,0.0,0.0,0.0,0.0,0.0
Bryant HS,PSA,2025,7,1,1,77.35,24.15,15.7,22.5,15.0,77.35,24.15,15.7,22.5,15.0,84.05,25.95,17.5,24.2,16.4,0.0,0.0,0.0,0.0,0.0
Bryant Indoor Percussion,PSA,2025,4,0,0,0.0,0.0,0.0,0.0,0.0,0.0,0.0,0.0,0.0,0.0,77.75,25.05,15.7,22.9,14.1,0.0,0.0,0.0,0.0,0.0
Bryant Indoor Percussion,PSA,2025,9,5,1,77.75,25.05,15.7,22.9,14.1,77.75,25.05,15.7,22.9,14.1,83.65,25.35,16.7,24.7,16.9,0.0,0.0,0.0,0.0,0.0
Campo Verde HS,PSA,2025,6,0,0,0.0,0.0,0.0,0.0,0.0,0.0,0.0,0.0,0.0,0.0,77.85,23.85,16.0,23.0,15.0,0.0,0.0,0.0,0.0,0.0
Campo Verde HS,PSA,2025,9,3,1,77.85,23.85,16.0,23.0,15.0,77.85,23.85,16.0,23.0,15.0,87.075,25.425,17.35,26.55,17.75,0.0,0.0,0.0,0.0,0.0
Catawba Ridge HS,PSA,2025,6,0,0,0.0,0.0,0.0,0.0,0.0,0.0,0.0,0.0,0.0,0.0,83.45,24.75,16.9,25.0,16.8,0.0,0.0,0.0,0.0,0.0
Catawba Ridge HS,PSA,2025,12,6,1,83.45,24.75,16.9,25.0,16.8,83.45,24.75,16.9,25.0,16.8,89.888,27.038,18.175,26.9,17.775,0.0,0.0,0.0,0.0,0.0
Central Square High School,PSA,2025,2,0,0,0.0,0.0,0.0,0.0,0.0,0.0,0.0,0.0,0.0,0.0,68.875,20.9,20.775,12.9,14.3,0.0,0.0,0.0,0.0,0.0
Central Square High School,PSA,2025,6,4,1,68.875,20.9,20.775,12.9,14.3,68.875,20.9,20.775,12.9,14.3,75.05,22.5,22.05,16.0,14.5,0.0,0.0,0.0,0.0,0.0
Central Square High School,PSA,2025,7,1,2,71.962,21.7,21.412,14.45,14.4,75.05,22.5,22.05,16.0,14.5,79.95,23.7,24.15,17.0,15.1,6.175,1.6,1.275,3.1,0.2
Central Square High School,PSA,2025,8,1,3,74.625,22.367,22.325,15.3,14.633,79.95,23.7,24.15,17.0,15.1,82.7,24.4,25.2,17.1,16.0,4.9,1.2,2.1,1.0,0.6
Central Square High School,PSA,2025,10,2,4,76.644,22.875,23.044,15.75,14.975,82.7,24.4,25.2,17.1,16.0,87.775,28.0,25.575,17.2,17.0,2.75,0.7,1.05,0.1,0.9
Choctawhatchee HS,PSA,2025,7,0,0,0.0,0.0,0.0,0.0,0.0,0.0,0.0,0.0,0.0,0.0,86.7,25.8,17.7,25.3,17.9,0.0,0.0,0.0,0.0,0.0
Choctawhatchee HS,PSA,2025,12,5,1,86.7,25.8,17.7,25.3,17.9,86.7,25.8,17.7,25.3,17.9,95.975,28.875,19.325,28.525,19.25,0.0,0.0,0.0,0.0,0.0
Cicero North Syracuse,PSA,2025,2,0,0,0.0,0.0,0.0,0.0,0.0,0.0,0.0,0.0,0.0,0.0,64.001,19.5,19.2,13.5,11.8,0.0,0.0,0.0,0.0,0.0
Cicero North Syracuse,PSA,2025,3,1,1,64.001,19.5,19.2,13.5,11.8,64.001,19.5,19.2,13.5,11.8,66.001,19.8,19.8,13.3,13.1,0.0,0.0,0.0,0.0,0.0
Cicero North Syracuse,PSA,2025,6,3,2,65.001,19.65,19.5,13.4,12.45,66.001,19.8,19.8,13.3,13.1,68.451,19.5,20.55,14.7,13.7,2.0,0.3,0.6,-0.2,1.3
Cicero North Syracuse,PSA,2025,7,1,3,66.151,19.6,19.85,13.833,12.867,68.451,19.5,20.55,14.7,13.7,72.101,21.2,21.9,15.0,14.0,2.45,-0.3,0.75,1.4,0.6
Cicero North Syracuse,PSA,2025,8,1,4,67.638,20.0,20.362,14.125,13.15,72.101,21.2,21.9,15.0,14.0,73.925,21.9,22.425,14.9,14.7,3.65,1.7,1.35,0.3,0.3
Cicero North Syracuse,PSA,2025,10,2,5,68.896,20.38,20.775,14.28,13.46,73.925,21.9,22.425,14.9,14.7,81.101,24.0,24.15,16.35,16.6,1.824,0.7,0.525,-0.1,0.7
Clinton HS,PSA,2025,7,0,0,0.0,0.0,0.0,0.0,0.0,0.0,0.0,0.0,0.0,0.0,91.8,27.9,18.8,26.9,18.2,0.0,0.0,0.0,0.0,0.0
Clinton HS,PSA,2025,12,5,1,91.8,27.9,18.8,26.9,18.2,91.8,27.9,18.8,26.9,18.2,97.038,29.288,19.575,29.25,18.925,0.0,0.0,0.0,0.0,0.0
Coatesville,PSA,2025,4,0,0,0.0,0.0,0.0,0.0,0.0,0.0,0.0,0.0,0.0,0.0,68.4,21.9,20.1,13.0,13.4,0.0,0.0,0.0,0.0,0.0
Coatesville,PSA,2025,5,1,1,68.4,21.9,20.1,13.0,13.4,68.4,21.9,20.1,13.0,13.4,69.025,21.5,22.425,12.2,12.9,0.0,0.0,0.0,0.0,0.0
Coatesville,PSA,2025,6,1,2,68.712,21.7,21.263,12.6,13.15,69.025,21.5,22.425,12.2,12.9,72.301,21.2,22.5,15.2,13.4,0.625,-0.4,2.325,-0.8,-0.5
Coatesville,PSA,2025,8,2,3,69.909,21.533,21.675,13.467,13.233,72.301,21.2,22.5,15.2,13.4,71.8,21.3,22.35,14.15,14.0,3.276,-0.3,0.075,3.0,0.5
Coatesville,PSA,2025,10,2,4,70.382,21.475,21.844,13.638,13.425,71.8,21.3,22.35,14.15,14.0,72.825,22.2,20.925,14.3,15.4,-0.501,0.1,-0.15,-1.05,0.6
Coatesville,PSA,2025,11,1,5,70.87,21.62,21.66,13.77,13.82,72.825,22.2,20.925,14.3,15.4,75.65,22.3,23.55,14.8,15.0,1.025,0.9,-1.425,0.15,1.4
Corning-Painted Post,PSA,2025,2,0,0,0.0,0.0,0.0,0.0,0.0,0.0,0.0,0.0,0.0,0.0,63.001,19.6,18.0,11.8,13.6,0.0,0.0,0.0,0.0,0.0
Corning-Painted Post,PSA,2025,3,1,1,63.001,19.6,18.0,11.8,13.6,63.001,19.6,18.0,11.8,13.6,67.25,19.95,20.1,13.6,13.6,0.0,0.0,0.0,0.0,0.0
Corning-Painted Post,PSA,2025,5,2,2,65.126,19.775,19.05,12.7,13.6,67.25,19.95,20.1,13.6,13.6,71.65,21.8,22.35,13.2,14.3,4.249,0.35,2.1,1.8,0.0
Corning-Painted Post,PSA,2025,9,4,3,67.3,20.45,20.15,12.867,13.833,71.65,21.8,22.35,13.2,14.3,83.4,24.7,24.6,16.6,17.5,4.4,1.85,2.25,-0.4,0.7
Corning-Painted Post,PSA,2025,10,1,4,71.325,21.512,21.263,13.8,14.75,83.4,24.7,24.6,16.6,17.5,82.051,24.9,24.6,16.3,16.25,11.75,2.9,2.25,3.4,3.2
Council Rock South,PSA,2025,7,0,0,0.0,0.0,0.0,0.0,0.0,0.0,0.0,0.0,0.0,0.0,71.35,21.0,22.95,14.0,13.4,0.0,0.0,0.0,0.0,0.0
Council Rock South,PSA,2025,8,1,1,71.35,21.0,22.95,14.0,13.4,71.35,21.0,22.95,14.0,13.4,76.85,22.45,23.55,14.45,16.4,0.0,0.0,0.0,0.0,0.0
Council Rock South,PSA,2025,10,2,2,74.1,21.725,23.25,14.225,14.9,76.85,22.45,23.55,14.45,16.4,73.9,23.4,21.9,14.2,14.4,5.5,1.45,0.6,0.45,3.0
Council Rock South,PSA,2025,11,1,3,74.033,22.283,22.8,14.217,14.733,73.9,23.4,21.9,14.2,14.4,76.35,22.2,23.1,15.4,15.65,-2.95,0.95,-1.65,-0.25,-2.0
Cypress HS,PSA,2025,2,0,0,0.0,0.0,0.0,0.0,0.0,0.0,0.0,0.0,0.0,0.0,71.55,20.85,15.2,21.2,14.3,0.0,0.0,0.0,0.0,0.0
Cypress HS,PSA,2025,11,9,1,71.55,20.85,15.2,21.2,14.3,71.55,20.85,15.2,21.2,14.3,90.738,27.337,17.3,28.35,17.75,0.0,0.0,0.0,0.0,0.0
Dakota Combined Schools,PSA,2025,7,0,0,0.0,0.0,0.0,0.0,0.0,0.0,0.0,0.0,0.0,0.0,84.75,25.05,17.0,25.5,17.2,0.0,0.0,0.0,0.0,0.0
Dakota Combined Schools,PSA,2025,12,5,1,84.75,25.05,17.0,25.5,17.2,84.75,25.05,17.0,25.5,17.2,91.939,28.312,18.825,26.85,17.95,0.0,0.0,0.0,0.0,0.0
Dakota High School,PSA,2025,6,0,0,0.0,0.0,0.0,0.0,0.0,0.0,0.0,0.0,0.0,0.0,78.6,23.4,15.2,24.0,16.0,0.0,0.0,0.0,0.0,0.0
Dakota High School,PSA,2025,10,4,1,78.6,23.4,15.2,24.0,16.0,78.6,23.4,15.2,24.0,16.0,89.45,26.55,18.8,26.4,17.7,0.0,0.0,0.0,0.0,0.0
Dakota High School,PSA,2025,11,1,2,84.025,24.975,17.0,25.2,16.85,89.45,26.55,18.8,26.4,17.7,88.5,26.25,17.7,26.95,17.6,10.85,3.15,3.6,2.4,1.7
Dorothy McElhinney MS,PSA,2025,5,0,0,0.0,0.0,0.0,0.0,0.0,0.0,0.0,0.0,0.0,0.0,72.65,23.55,14.2,20.2,14.7,0.0,0.0,0.0,0.0,0.0
Dorothy McElhinney MS,PSA,2025,11,6,1,72.65,23.55,14.2,20.2,14.7,72.65,23.55,14.2,20.2,14.7,86.201,26.625,16.8,26.325,16.45,0.0,0.0,0.0,0.0,0.0
Downingtown HS East,PSA,2025,4,0,0,0.0,0.0,0.0,0.0,0.0,0.0,0.0,0.0,0.0,0.0,70.201,21.6,21.0,13.1,14.5,0.0,0.0,0.0,0.0,0.0
Downingtown HS East,PSA,2025,7,3,1,70.201,21.6,21.0,13.1,14.5,70.201,21.6,21.0,13.1,14.5,75.551,22.9,23.1,15.4,14.15,0.0,0.0,0.0,0.0,0.0
Downingtown HS East,PSA,2025,10,3,2,72.876,22.25,22.05,14.25,14.325,75.551,22.9,23.1,15.4,14.15,78.375,25.45,23.325,15.1,14.5,5.35,1.3,2.1,2.3,-0.35
Downingtown HS East,PSA,2025,11,1,3,74.709,23.317,22.475,14.533,14.383,78.375,25.45,23.325,15.1,14.5,79.75,23.75,22.95,16.1,16.95,2.824,2.55,0.225,-0.3,0.35
E.D. White Catholic HS,PSA,2025,7,0,0,0.0,0.0,0.0,0.0,0.0,0.0,0.0,0.0,0.0,0.0,87.1,26.4,17.9,25.2,17.6,0.0,0.0,0.0,0.0,0.0
E.D. White Catholic HS,PSA,2025,12,5,1,87.1,26.4,17.9,25.2,17.6,87.1,26.4,17.9,25.2,17.6,94.275,28.725,19.4,27.275,18.875,0.0,0.0,0.0,0.0,0.0
East Syracuse Minoa,PSA,2025,2,0,0,0.0,0.0,0.0,0.0,0.0,0.0,0.0,0.0,0.0,0.0,71.35,22.1,21.15,14.3,13.8,0.0,0.0,0.0,0.0,0.0
East Syracuse Minoa,PSA,2025,3,1,1,71.35,22.1,21.15,14.3,13.8,71.35,22.1,21.15,14.3,13.8,72.55,21.7,22.65,14.2,14.0,0.0,0.0,0.0,0.0,0.0
East Syracuse Minoa,PSA,2025,6,3,2,71.95,21.9,21.9,14.25,13.9,72.55,21.7,22.65,14.2,14.0,78.3,23.0,24.0,16.3,15.0,1.2,-0.4,1.5,-0.1,0.2
East Syracuse Minoa,PSA,2025,7,1,3,74.067,22.267,22.6,14.933,14.267,78.3,23.0,24.0,16.3,15.0,79.5,24.7,23.1,16.3,15.4,5.75,1.3,1.35,2.1,1.0
East Syracuse Minoa,PSA,2025,8,1,4,75.425,22.875,22.725,15.275,14.55,79.5,24.7,23.1,16.3,15.4,81.25,24.15,24.0,16.8,16.3,1.2,1.7,-0.9,0.0,0.4
East Syracuse Minoa,PSA,2025,10,2,5,76.59,23.13,22.98,15.58,14.9,81.25,24.15,24.0,16.8,16.3,89.125,27.5,25.125,18.4,18.1,1.75,-0.55,0.9,0.5,0.9
Eastridge,PSA,2025,2,0,0,0.0,0.0,0.0,0.0,0.0,0.0,0.0,0.0,0.0,0.0,70.05,20.6,21.75,13.6,14.1,0.0,0.0,0.0,0.0,0.0
Eastridge,PSA,2025,4,2,1,70.05,20.6,21.75,13.6,14.1,70.05,20.6,21.75,13.6,14.1,72.6,21.0,22.5,14.5,14.6,0.0,0.0,0.0,0.0,0.0
Eastridge,PSA,2025,6,2,2,71.325,20.8,22.125,14.05,14.35,72.6,21.0,22.5,14.5,14.6,74.95,21.4,23.85,16.4,13.3,2.55,0.4,0.75,0.9,0.5
Eastridge,PSA,2025,7,1,3,72.533,21.0,22.7,14.833,14.0,74.95,21.4,23.85,16.4,13.3,80.5,24.6,24.3,16.8,14.8,2.35,0.4,1.35,1.9,-1.3
Eastridge,PSA,2025,10,3,4,74.525,21.9,23.1,15.325,14.2,80.5,24.6,24.3,16.8,14.8,82.876,25.1,24.525,16.55,16.7,5.55,3.2,0.45,0.4,1.5
Edison HS,PSA,2025,6,0,0,0.0,0.0,0.0,0.0,0.0,0.0,0.0,0.0,0.0,0.0,75.351,22.9,23.25,16.1,13.1,0.0,0.0,0.0,0.0,0.0
Edison HS,PSA,2025,7,1,1,75.351,22.9,23.25,16.1,13.1,75.351,22.9,23.25,16.1,13.1,74.1,21.6,22.8,14.6,15.1,0.0,0.0,0.0,0.0,0.0
Edison HS,PSA,2025,10,3,2,74.726,22.25,23.025,15.35,14.1,74.1,21.6,22.8,14.6,15.1,75.35,22.55,23.1,14.7,15.0,-1.251,-1.3,-0.45,-1.5,2.0
Edison HS,PSA,2025,11,1,3,74.934,22.35,23.05,15.133,14.4,75.35,22.55,23.1,14.7,15.0,78.7,23.8,25.05,14.75,15.1,1.25,0.95,0.3,0.1,-0.1
Egg Harbor Township HS,PSA,2025,4,0,0,0.0,0.0,0.0,0.0,0.0,0.0,0.0,0.0,0.0,0.0,73.7,23.0,21.6,13.9,15.2,0.0,0.0,0.0,0.0,0.0
Egg Harbor Township HS,PSA,2025,6,2,1,73.7,23.0,21.6,13.9,15.2,73.7,23.0,21.6,13.9,15.2,81.7,25.0,24.3,16.7,15.7,0.0,0.0,0.0,0.0,0.0
Escondido Union HSD,PSA,2025,2,0,0,0.0,0.0,0.0,0.0,0.0,0.0,0.0,0.0,0.0,0.0,64.901,19.5,12.7,20.0,12.7,0.0,0.0,0.0,0.0,0.0
Escondido Union HSD,PSA,2025,4,2,1,64.901,19.5,12.7,20.0,12.7,64.901,19.5,12.7,20.0,12.7,67.751,20.25,13.0,21.6,12.9,0.0,0.0,0.0,0.0,0.0
Gilbert HS,PSA,2025,6,0,0,0.0,0.0,0.0,0.0,0.0,0.0,0.0,0.0,0.0,0.0,80.15,24.15,15.7,24.5,15.8,0.0,0.0,0.0,0.0,0.0
Gilbert HS,PSA,2025,9,3,1,80.15,24.15,15.7,24.5,15.8,80.15,24.15,15.7,24.5,15.8,82.925,24.825,16.3,24.8,17.0,0.0,0.0,0.0,0.0,0.0
Grand Blanc HS,PSA,2025,6,0,0,0.0,0.0,0.0,0.0,0.0,0.0,0.0,0.0,0.0,0.0,73.15,21.75,14.5,21.8,15.1,0.0,0.0,0.0,0.0,0.0
Grand Blanc HS,PSA,2025,7,1,1,73.15,21.75,14.5,21.8,15.1,73.15,21.75,14.5,21.8,15.1,79.8,23.4,15.3,25.1,16.0,0.0,0.0,0.0,0.0,0.0
Grand Blanc HS,PSA,2025,10,3,2,76.475,22.575,14.9,23.45,15.55,79.8,23.4,15.3,25.1,16.0,83.85,24.75,16.3,26.0,16.8,6.65,1.65,0.8,3.3,0.9
Grand Blanc HS,PSA,2025,11,1,3,78.933,23.3,15.367,24.3,15.967,83.85,24.75,16.3,26.0,16.8,85.0,25.05,16.65,26.3,17.0,4.05,1.35,1.0,0.9,0.8
Greece,PSA,2025,2,0,0,0.0,0.0,0.0,0.0,0.0,0.0,0.0,0.0,0.0,0.0,62.101,18.9,18.6,11.5,13.1,0.0,0.0,0.0,0.0,0.0
Greece,PSA,2025,3,1,1,62.101,18.9,18.6,11.5,13.1,62.101,18.9,18.6,11.5,13.1,61.651,19.5,19.35,11.6,11.2,0.0,0.0,0.0,0.0,0.0
Greece,PSA,2025,4,1,2,61.876,19.2,18.975,11.55,12.15,61.651,19.5,19.35,11.6,11.2,64.85,19.6,20.85,12.2,12.2,-0.45,0.6,0.75,0.1,-1.9
Greece,PSA,2025,6,2,3,62.867,19.333,19.6,11.767,12.167,64.85,19.6,20.85,12.2,12.2,64.551,18.7,20.25,13.3,12.3,3.199,0.1,1.5,0.6,1.0
Greece,PSA,2025,7,1,4,63.288,19.175,19.763,12.15,12.2,64.551,18.7,20.25,13.3,12.3,67.801,20.6,21.3,13.3,12.6,-0.299,-0.9,-0.6,1.1,0.1
Greece,PSA,2025,8,1,5,64.191,19.46,20.07,12.38,12.28,67.801,20.6,21.3,13.3,12.6,71.951,22.0,22.35,14.0,13.6,3.25,1.9,1.05,0.0,0.3
Greece,PSA,2025,10,2,6,65.484,19.883,20.45,12.65,12.5,71.951,22.0,22.35,14.0,13.6,74.05,24.4,21.75,13.5,14.4,4.15,1.4,1.05,0.7,1.0
Greeneville High School Percussion,PSA,2025,2,0,0,0.0,0.0,0.0,0.0,0.0,0.0,0.0,0.0,0.0,0.0,63.101,19.2,19.5,12.6,11.8,0.0,0.0,0.0,0.0,0.0
Greeneville High School Percussion,PSA,2025,5,3,1,63.101,19.2,19.5,12.6,11.8,63.101,19.2,19.5,12.6,11.8,66.051,19.6,18.75,14.5,13.2,0.0,0.0,0.0,0.0,0.0
Greeneville High School Percussion,PSA,2025,7,2,2,64.576,19.4,19.125,13.55,12.5,66.051,19.6,18.75,14.5,13.2,71.35,20.9,21.75,14.5,14.2,2.95,0.4,-0.75,1.9,1.4
Greeneville High School Percussion,PSA,2025,10,3,3,66.834,19.9,20.0,13.867,13.067,71.35,20.9,21.75,14.5,14.2,74.676,22.0,21.975,15.9,14.8,5.299,1.3,3.0,0.0,1.0
Greenwood High School Indoor Percussion,PSA,2025,4,0,0,0.0,0.0,0.0,0.0,0.0,0.0,0.0,0.0,0.0,0.0,66.8,18.9,13.5,20.8,13.6,0.0,0.0,0.0,0.0,0.0
Greenwood High School Indoor Percussion,PSA,2025,8,4,1,66.8,18.9,13.5,20.8,13.6,66.8,18.9,13.5,20.8,13.6,73.15,20.55,15.0,22.6,15.0,0.0,0.0,0.0,0.0,0.0
Greenwood High School Indoor Percussion,PSA,2025,9,1,2,69.975,19.725,14.25,21.7,14.3,73.15,20.55,15.0,22.6,15.0,70.675,20.775,14.7,21.8,13.4,6.35,1.65,1.5,1.8,1.4
Halls Indoor Percussion Ensemble,PSA,2025,2,0,0,0.0,0.0,0.0,0.0,0.0,0.0,0.0,0.0,0.0,0.0,69.6,20.0,21.0,14.7,13.9,0.0,0.0,0.0,0.0,0.0
Halls Indoor Percussion Ensemble,PSA,2025,5,3,1,69.6,20.0,21.0,14.7,13.9,69.6,20.0,21.0,14.7,13.9,74.8,21.8,22.2,15.9,14.9,0.0,0.0,0.0,0.0,0.0
Hardin Valley Academy,PSA,2025,2,0,0,0.0,0.0,0.0,0.0,0.0,0.0,0.0,0.0,0.0,0.0,63.651,18.7,20.25,12.0,12.7,0.0,0.0,0.0,0.0,0.0
Hardin Valley Academy,PSA,2025,5,3,1,63.651,18.7,20.25,12.0,12.7,63.651,18.7,20.25,12.0,12.7,71.05,21.2,20.85,15.1,13.9,0.0,0.0,0.0,0.0,0.0
Hardin Valley Academy,PSA,2025,6,1,2,67.35,19.95,20.55,13.55,13.3,71.05,21.2,20.85,15.1,13.9,77.6,24.3,15.5,22.1,15.7,7.399,2.5,0.6,3.1,1.2
Hardin Valley Academy,PSA,2025,10,4,3,70.767,21.4,18.867,16.4,14.1,77.6,24.3,15.5,22.1,15.7,83.75,25.0,25.2,16.55,17.0,6.55,3.1,-5.35,7.0,1.8
Hardin Valley Percussion,PSA,2025,2,0,0,0.0,0.0,0.0,0.0,0.0,0.0,0.0,0.0,0.0,0.0,63.651,18.7,20.25,12.0,12.7,0.0,0.0,0.0,0.0,0.0
Hardin Valley Percussion,PSA,2025,5,3,1,63.651,18.7,20.25,12.0,12.7,63.651,18.7,20.25,12.0,12.7,71.05,21.2,20.85,15.1,13.9,0.0,0.0,0.0,0.0,0.0
Hardin Valley Percussion,PSA,2025,10,5,2,67.35,19.95,20.55,13.55,13.3,71.05,21.2,20.85,15.1,13.9,83.75,25.0,25.2,16.55,17.0,7.399,2.5,0.6,3.1,1.2
Henryville HS,PSA,2025,4,0,0,0.0,0.0,0.0,0.0,0.0,0.0,0.0,0.0,0.0,0.0,56.35,16.95,10.8,17.7,10.9,0.0,0.0,0.0,0.0,0.0
Henryville HS,PSA,2025,10,6,1,56.35,16.95,10.8,17.7,10.9,56.35,16.95,10.8,17.7,10.9,65.45,19.65,12.9,20.0,12.9,0.0,0.0,0.0,0.0,0.0
Heritage Indoor Percussion Ensemble,PSA,2025,2,0,0,0.0,0.0,0.0,0.0,0.0,0.0,0.0,0.0,0.0,0.0,61.101,17.6,18.6,12.4,12.5,0.0,0.0,0.0,0.0,0.0
Heritage Indoor Percussion Ensemble,PSA,2025,5,3,1,61.101,17.6,18.6,12.4,12.5,61.101,17.6,18.6,12.4,12.5,67.8,20.5,19.35,14.35,13.6,0.0,0.0,0.0,0.0,0.0
Heritage Indoor Percussion Ensemble,PSA,2025,10,5,2,64.451,19.05,18.975,13.375,13.05,67.8,20.5,19.35,14.35,13.6,77.076,22.9,22.575,16.4,15.2,6.699,2.9,0.75,1.95,1.1
Highland Regional,PSA,2025,4,0,0,0.0,0.0,0.0,0.0,0.0,0.0,0.0,0.0,0.0,0.0,73.0,22.5,21.3,14.6,14.6,0.0,0.0,0.0,0.0,0.0
Highland Regional,PSA,2025,7,3,1,73.0,22.5,21.3,14.6,14.6,73.0,22.5,21.3,14.6,14.6,79.751,24.5,25.05,15.3,14.9,0.0,0.0,0.0,0.0,0.0
Highland Regional,PSA,2025,10,3,2,76.376,23.5,23.175,14.95,14.75,79.751,24.5,25.05,15.3,14.9,77.7,24.8,24.9,14.0,14.0,6.751,2.0,3.75,0.7,0.3
Highland Regional,PSA,2025,11,1,3,76.817,23.933,23.75,14.633,14.5,77.7,24.8,24.9,14.0,14.0,77.6,24.1,23.7,14.5,15.3,-2.051,0.3,-0.15,-1.3,-0.9
Higley HS,PSA,2025,6,0,0,0.0,0.0,0.0,0.0,0.0,0.0,0.0,0.0,0.0,0.0,73.501,22.5,15.1,21.3,14.6,0.0,0.0,0.0,0.0,0.0
Higley HS,PSA,2025,9,3,1,73.501,22.5,15.1,21.3,14.6,73.501,22.5,15.1,21.3,14.6,77.913,23.512,15.65,23.05,15.7,0.0,0.0,0.0,0.0,0.0
Hopewell Valley Central,PSA,2025,4,0,0,0.0,0.0,0.0,0.0,0.0,0.0,0.0,0.0,0.0,0.0,72.751,22.0,20.55,14.7,15.5,0.0,0.0,0.0,0.0,0.0
Hopewell Valley Central,PSA,2025,5,1,1,72.751,22.0,20.55,14.7,15.5,72.751,22.0,20.55,14.7,15.5,76.001,22.8,23.7,14.8,14.7,0.0,0.0,0.0,0.0,0.0
Hopewell Valley Central,PSA,2025,7,2,2,74.376,22.4,22.125,14.75,15.1,76.001,22.8,23.7,14.8,14.7,77.051,23.3,23.85,14.1,15.8,3.25,0.8,3.15,0.1,-0.8
Hopewell Valley Central,PSA,2025,8,1,3,75.268,22.7,22.7,14.533,15.333,77.051,23.3,23.85,14.1,15.8,78.701,23.5,24.0,15.6,15.6,1.05,0.5,0.15,-0.7,1.1
Hopewell Valley Central,PSA,2025,10,2,4,76.126,22.9,23.025,14.8,15.4,78.701,23.5,24.0,15.6,15.6,83.701,24.5,25.2,16.6,17.4,1.65,0.2,0.15,1.5,-0.2
Hopewell Valley Central,PSA,2025,11,1,5,77.641,23.22,23.46,15.16,15.8,83.701,24.5,25.2,16.6,17.4,87.101,25.75,26.55,16.9,17.9,5.0,1.0,1.2,1.0,1.8
Jordan Elbridge,PSA,2025,2,0,0,0.0,0.0,0.0,0.0,0.0,0.0,0.0,0.0,0.0,0.0,72.65,21.9,21.45,14.8,14.5,0.0,0.0,0.0,0.0,0.0
Jordan Elbridge,PSA,2025,3,1,1,72.65,21.9,21.45,14.8,14.5,72.65,21.9,21.45,14.8,14.5,74.85,22.1,22.95,14.8,15.0,0.0,0.0,0.0,0.0,0.0
Jordan Elbridge,PSA,2025,6,3,2,73.75,22.0,22.2,14.8,14.75,74.85,22.1,22.95,14.8,15.0,80.65,24.1,24.45,16.8,15.3,2.2,0.2,1.5,0.0,0.5
Jordan Elbridge,PSA,2025,10,4,3,76.05,22.7,22.95,15.467,14.933,80.65,24.1,24.45,16.8,15.3,88.95,26.5,26.25,18.0,18.2,5.8,2.0,1.5,2.0,0.3
Karns Indoor Percussion,PSA,2025,2,0,0,0.0,0.0,0.0,0.0,0.0,0.0,0.0,0.0,0.0,0.0,64.001,18.8,19.2,13.8,12.2,0.0,0.0,0.0,0.0,0.0
Karns Indoor Percussion,PSA,2025,5,3,1,64.001,18.8,19.2,13.8,12.2,64.001,18.8,19.2,13.8,12.2,66.651,20.0,18.45,14.5,13.7,0.0,0.0,0.0,0.0,0.0
Karns Indoor Percussion,PSA,2025,8,3,2,65.326,19.4,18.825,14.15,12.95,66.651,20.0,18.45,14.5,13.7,77.85,22.6,24.15,15.8,15.3,2.65,1.2,-0.75,0.7,1.5
Karns Indoor Percussion,PSA,2025,10,2,3,69.501,20.467,20.6,14.7,13.733,77.85,22.6,24.15,15.8,15.3,78.1,23.3,22.95,15.95,15.9,11.199,2.6,5.7,1.3,1.6
Kingsway Regional HS,PSA,2025,4,0,0,0.0,0.0,0.0,0.0,0.0,0.0,0.0,0.0,0.0,0.0,71.451,22.65,21.75,14.05,13.0,0.0,0.0,0.0,0.0,0.0
Kingsway Regional HS,PSA,2025,8,4,1,71.451,22.65,21.75,14.05,13.0,71.451,22.65,21.75,14.05,13.0,76.901,22.8,24.3,15.0,14.8,0.0,0.0,0.0,0.0,0.0
Lakeway Christian Academy Percussion,PSA,2025,2,0,0,0.0,0.0,0.0,0.0,0.0,0.0,0.0,0.0,0.0,0.0,70.65,20.3,21.45,14.6,14.3,0.0,0.0,0.0,0.0,0.0
Lakeway Christian Academy Percussion,PSA,2025,7,5,1,70.65,20.3,21.45,14.6,14.3,70.65,20.3,21.45,14.6,14.3,78.05,23.1,22.95,15.7,16.3,0.0,0.0,0.0,0.0,0.0
Lakeway Christian Academy Percussion,PSA,2025,8,1,2,74.35,21.7,22.2,15.15,15.3,78.05,23.1,22.95,15.7,16.3,79.75,24.1,24.45,16.0,15.2,7.4,2.8,1.5,1.1,2.0
Lakeway Christian Academy Percussion,PSA,2025,10,2,3,76.15,22.5,22.95,15.433,15.267,79.75,24.1,24.45,16.0,15.2,83.863,25.1,24.713,17.35,16.7,1.7,1.0,1.5,0.3,-1.1
Lebanon HS,PSA,2025,7,0,0,0.0,0.0,0.0,0.0,0.0,0.0,0.0,0.0,0.0,0.0,76.6,22.8,15.0,22.7,16.1,0.0,0.0,0.0,0.0,0.0
Lebanon HS,PSA,2025,10,3,1,76.6,22.8,15.0,22.7,16.1,76.6,22.8,15.0,22.7,16.1,81.25,23.85,16.5,24.1,16.8,0.0,0.0,0.0,0.0,0.0
Lincoln-Way Community Schools,PSA,2025,4,0,0,0.0,0.0,0.0,0.0,0.0,0.0,0.0,0.0,0.0,0.0,67.25,20.85,13.0,20.3,13.1,0.0,0.0,0.0,0.0,0.0
Lincoln-Way Community Schools,PSA,2025,6,2,1,67.25,20.85,13.0,20.3,13.1,67.25,20.85,13.0,20.3,13.1,70.05,20.1,14.15,22.4,13.4,0.0,0.0,0.0,0.0,0.0
Liverpool,PSA,2025,2,0,0,0.0,0.0,0.0,0.0,0.0,0.0,0.0,0.0,0.0,0.0,63.926,19.9,19.425,12.1,12.5,0.0,0.0,0.0,0.0,0.0
Liverpool,PSA,2025,3,1,1,63.926,19.9,19.425,12.1,12.5,63.926,19.9,19.425,12.1,12.5,66.501,20.1,20.85,12.7,12.85,0.0,0.0,0.0,0.0,0.0
Liverpool,PSA,2025,6,3,2,65.214,20.0,20.138,12.4,12.675,66.501,20.1,20.85,12.7,12.85,73.751,22.3,22.35,15.0,14.1,2.575,0.2,1.425,0.6,0.35
Liverpool,PSA,2025,7,1,3,68.059,20.767,20.875,13.267,13.15,73.751,22.3,22.35,15.0,14.1,74.05,22.2,22.35,15.2,14.3,7.25,2.2,1.5,2.3,1.25
Liverpool,PSA,2025,10,3,4,69.557,21.125,21.244,13.75,13.438,74.05,22.2,22.35,15.2,14.3,82.901,25.6,24.9,16.6,15.8,0.299,-0.1,0.0,0.2,0.2
Methacton,PSA,2025,5,0,0,0.0,0.0,0.0,0.0,0.0,0.0,0.0,0.0,0.0,0.0,70.451,23.6,21.45,13.2,12.2,0.0,0.0,0.0,0.0,0.0
Methacton,PSA,2025,7,2,1,70.451,23.6,21.45,13.2,12.2,70.451,23.6,21.45,13.2,12.2,69.9,21.9,21.3,13.0,13.7,0.0,0.0,0.0,0.0,0.0
Methacton,PSA,2025,8,1,2,70.176,22.75,21.375,13.1,12.95,69.9,21.9,21.3,13.0,13.7,69.25,21.0,22.05,13.1,13.1,-0.551,-1.7,-0.15,-0.2,1.5
Methacton,PSA,2025,10,2,3,69.867,22.167,21.6,13.1,13.0,69.25,21.0,22.05,13.1,13.1,70.85,22.6,21.0,13.1,14.15,-0.65,-0.9,0.75,0.1,-0.6
Methacton,PSA,2025,11,1,4,70.113,22.275,21.45,13.1,13.288,70.85,22.6,21.0,13.1,14.15,71.65,22.0,20.85,14.1,14.7,1.6,1.6,-1.05,0.0,1.05
Mohonasen,PSA,2025,4,0,0,0.0,0.0,0.0,0.0,0.0,0.0,0.0,0.0,0.0,0.0,68.35,18.9,21.45,13.3,14.7,0.0,0.0,0.0,0.0,0.0
Mohonasen,PSA,2025,5,1,1,68.35,18.9,21.45,13.3,14.7,68.35,18.9,21.45,13.3,14.7,70.45,20.5,21.45,14.0,14.5,0.0,0.0,0.0,0.0,0.0
Mohonasen,PSA,2025,8,3,2,69.4,19.7,21.45,13.65,14.6,70.45,20.5,21.45,14.0,14.5,73.601,21.4,22.2,14.6,15.4,2.1,1.6,0.0,0.7,-0.2
Mohonasen,PSA,2025,10,2,3,70.8,20.267,21.7,13.967,14.867,73.601,21.4,22.2,14.6,15.4,75.5,23.6,22.2,14.5,15.2,3.151,0.9,0.75,0.6,0.9
New Hartford,PSA,2025,2,0,0,0.0,0.0,0.0,0.0,0.0,0.0,0.0,0.0,0.0,0.0,65.475,19.0,21.675,11.9,12.9,0.0,0.0,0.0,0.0,0.0
New Hartford,PSA,2025,3,1,1,65.475,19.0,21.675,11.9,12.9,65.475,19.0,21.675,11.9,12.9,66.6,19.5,22.2,12.4,12.5,0.0,0.0,0.0,0.0,0.0
New Hartford,PSA,2025,5,2,2,66.038,19.25,21.938,12.15,12.7,66.6,19.5,22.2,12.4,12.5,69.4,21.3,21.6,13.1,13.4,1.125,0.5,0.525,0.5,-0.4
New Hartford,PSA,2025,6,1,3,67.158,19.933,21.825,12.467,12.933,69.4,21.3,21.6,13.1,13.4,71.101,21.5,22.8,14.2,12.6,2.8,1.8,-0.6,0.7,0.9
New Hartford,PSA,2025,7,1,4,68.144,20.325,22.069,12.9,12.85,71.101,21.5,22.8,14.2,12.6,72.351,22.3,21.75,15.1,13.2,1.701,0.2,1.2,1.1,-0.8
New Hartford,PSA,2025,10,3,5,68.985,20.72,22.005,13.34,12.92,72.351,22.3,21.75,15.1,13.2,79.85,25.2,23.55,14.8,16.3,1.25,0.8,-1.05,0.9,0.6
North Penn,PSA,2025,4,0,0,0.0,0.0,0.0,0.0,0.0,0.0,0.0,0.0,0.0,0.0,77.15,24.2,22.65,15.4,14.9,0.0,0.0,0.0,0.0,0.0
North Penn,PSA,2025,5,1,1,77.15,24.2,22.65,15.4,14.9,77.15,24.2,22.65,15.4,14.9,80.5,24.8,24.6,15.6,15.5,0.0,0.0,0.0,0.0,0.0
North Penn,PSA,2025,7,2,2,78.825,24.5,23.625,15.5,15.2,80.5,24.8,24.6,15.6,15.5,84.8,24.6,27.3,16.2,16.7,3.35,0.6,1.95,0.2,0.6
North Penn,PSA,2025,10,3,3,80.817,24.533,24.85,15.733,15.7,84.8,24.6,27.3,16.2,16.7,91.775,27.9,27.225,17.6,19.05,4.3,-0.2,2.7,0.6,1.2
North Penn,PSA,2025,11,1,4,83.556,25.375,25.444,16.2,16.537,91.775,27.9,27.225,17.6,19.05,90.9,26.9,27.6,17.9,18.5,6.975,3.3,-0.075,1.4,2.35
North Penn HS,PSA,2025,9,0,0,0.0,0.0,0.0,0.0,0.0,0.0,0.0,0.0,0.0,0.0,90.438,26.663,18.4,27.025,18.35,0.0,0.0,0.0,0.0,0.0
North Penn HS,PSA,2025,12,3,1,90.438,26.663,18.4,27.025,18.35,90.438,26.663,18.4,27.025,18.35,91.114,27.638,18.375,27.15,17.95,0.0,0.0,0.0,0.0,0.0
Oak Ridge Indoor Percussion,PSA,2025,2,0,0,0.0,0.0,0.0,0.0,0.0,0.0,0.0,0.0,0.0,0.0,72.9,20.6,22.2,15.4,14.7,0.0,0.0,0.0,0.0,0.0
Oak Ridge Indoor Percussion,PSA,2025,5,3,1,72.9,20.6,22.2,15.4,14.7,72.9,20.6,22.2,15.4,14.7,74.05,22.4,21.15,15.8,14.7,0.0,0.0,0.0,0.0,0.0
Oak Ridge Indoor Percussion,PSA,2025,7,2,2,73.475,21.5,21.675,15.6,14.7,74.05,22.4,21.15,15.8,14.7,78.6,23.9,23.1,16.1,15.5,1.15,1.8,-1.05,0.4,0.0
Oak Ridge Indoor Percussion,PSA,2025,10,3,3,75.183,22.3,22.15,15.767,14.967,78.6,23.9,23.1,16.1,15.5,83.175,25.4,24.375,16.9,16.5,4.55,1.5,1.95,0.3,0.8
Odessa High School,PSA,2025,5,0,0,0.0,0.0,0.0,0.0,0.0,0.0,0.0,0.0,0.0,0.0,66.6,20.7,20.4,13.0,12.5,0.0,0.0,0.0,0.0,0.0
Odessa High School,PSA,2025,7,2,1,66.6,20.7,20.4,13.0,12.5,66.6,20.7,20.4,13.0,12.5,72.65,22.1,21.15,15.8,13.6,0.0,0.0,0.0,0.0,0.0
Odessa High School,PSA,2025,8,1,2,69.625,21.4,20.775,14.4,13.05,72.65,22.1,21.15,15.8,13.6,72.8,21.9,21.9,15.8,13.2,6.05,1.4,0.75,2.8,1.1
Odessa High School,PSA,2025,10,2,3,70.683,21.567,21.15,14.867,13.1,72.8,21.9,21.9,15.8,13.2,78.975,25.2,24.825,14.35,14.6,0.15,-0.2,0.75,0.0,-0.4
Odessa High School,PSA,2025,11,1,4,72.756,22.475,22.069,14.738,13.475,78.975,25.2,24.825,14.35,14.6,77.4,24.7,21.45,15.45,15.8,6.175,3.3,2.925,-1.45,1.4
Orange HS,PSA,2025,5,0,0,0.0,0.0,0.0,0.0,0.0,0.0,0.0,0.0,0.0,0.0,74.8,22.8,15.3,20.8,15.9,0.0,0.0,0.0,0.0,0.0
Orange HS,PSA,2025,9,4,1,74.8,22.8,15.3,20.8,15.9,74.8,22.8,15.3,20.8,15.9,83.1,24.45,16.55,25.35,16.75,0.0,0.0,0.0,0.0,0.0
Owen J Roberts,PSA,2025,4,0,0,0.0,0.0,0.0,0.0,0.0,0.0,0.0,0.0,0.0,0.0,77.25,24.1,23.25,14.5,15.4,0.0,0.0,0.0,0.0,0.0
Owen J Roberts,PSA,2025,5,1,1,77.25,24.1,23.25,14.5,15.4,77.25,24.1,23.25,14.5,15.4,78.8,24.5,25.5,14.4,14.4,0.0,0.0,0.0,0.0,0.0
Owen J Roberts,PSA,2025,7,2,2,78.025,24.3,24.375,14.45,14.9,78.8,24.5,25.5,14.4,14.4,84.95,25.5,26.85,17.2,15.4,1.55,0.4,2.25,-0.1,-1.0
Owen J Roberts,PSA,2025,8,1,3,80.333,24.7,25.2,15.367,15.067,84.95,25.5,26.85,17.2,15.4,85.125,26.5,25.875,16.65,16.1,6.15,1.0,1.35,2.8,1.0
Owen J Roberts,PSA,2025,10,2,4,81.531,25.15,25.369,15.687,15.325,85.125,26.5,25.875,16.65,16.1,89.5,27.2,26.1,18.3,17.9,0.175,1.0,-0.975,-0.55,0.7
Owen J Roberts,PSA,2025,11,1,5,83.125,25.56,25.515,16.21,15.84,89.5,27.2,26.1,18.3,17.9,88.575,26.4,26.475,17.6,18.1,4.375,0.7,0.225,1.65,1.8
Paragould Indoor Percussion,PSA,2025,4,0,0,0.0,0.0,0.0,0.0,0.0,0.0,0.0,0.0,0.0,0.0,72.7,23.1,14.0,21.8,13.8,0.0,0.0,0.0,0.0,0.0
Paragould Indoor Percussion,PSA,2025,9,5,1,72.7,23.1,14.0,21.8,13.8,72.7,23.1,14.0,21.8,13.8,79.75,24.15,16.2,23.3,16.1,0.0,0.0,0.0,0.0,0.0
Penn Manor High School,PSA,2025,4,0,0,0.0,0.0,0.0,0.0,0.0,0.0,0.0,0.0,0.0,0.0,67.2,20.7,19.8,12.7,14.0,0.0,0.0,0.0,0.0,0.0
Penn Manor High School,PSA,2025,5,1,1,67.2,20.7,19.8,12.7,14.0,67.2,20.7,19.8,12.7,14.0,68.1,21.2,20.1,14.0,12.8,0.0,0.0,0.0,0.0,0.0
Penn Manor High School,PSA,2025,8,3,2,67.65,20.95,19.95,13.35,13.4,68.1,21.2,20.1,14.0,12.8,50.2,15.0,15.0,10.0,10.2,0.9,0.5,0.3,1.3,-1.2
Penn Manor High School,PSA,2025,10,2,3,61.833,18.967,18.3,12.233,12.333,50.2,15.0,15.0,10.0,10.2,79.951,22.35,23.4,16.5,17.7,-17.9,-6.2,-5.1,-4.0,-2.6
Penn Manor High School,PSA,2025,11,1,4,66.363,19.812,19.575,13.3,13.675,79.951,22.35,23.4,16.5,17.7,81.801,24.45,25.5,15.15,16.7,29.751,7.35,8.4,6.5,7.5
Pennridge,PSA,2025,5,0,0,0.0,0.0,0.0,0.0,0.0,0.0,0.0,0.0,0.0,0.0,74.201,23.1,22.35,14.25,14.5,0.0,0.0,0.0,0.0,0.0
Pennridge,PSA,2025,6,1,1,74.201,23.1,22.35,14.25,14.5,74.201,23.1,22.35,14.25,14.5,78.1,24.1,23.7,15.9,14.4,0.0,0.0,0.0,0.0,0.0
Pennridge,PSA,2025,7,1,2,76.15,23.6,23.025,15.075,14.45,78.1,24.1,23.7,15.9,14.4,78.551,24.4,24.0,15.0,15.15,3.899,1.0,1.35,1.65,-0.1
Pennridge,PSA,2025,8,1,3,76.951,23.867,23.35,15.05,14.683,78.551,24.4,24.0,15.0,15.15,86.45,26.6,26.85,16.3,16.7,0.451,0.3,0.3,-0.9,0.75
Pennridge,PSA,2025,10,2,4,79.325,24.55,24.225,15.362,15.188,86.45,26.6,26.85,16.3,16.7,85.251,26.5,25.35,17.1,16.3,7.899,2.2,2.85,1.3,1.55
Pennridge,PSA,2025,11,1,5,80.511,24.94,24.45,15.71,15.41,85.251,26.5,25.35,17.1,16.3,88.725,27.1,26.175,17.95,17.5,-1.199,-0.1,-1.5,0.8,-0.4
Perkiomen Valley,PSA,2025,5,0,0,0.0,0.0,0.0,0.0,0.0,0.0,0.0,0.0,0.0,0.0,77.7,23.5,24.9,14.3,15.0,0.0,0.0,0.0,0.0,0.0
Perkiomen Valley,PSA,2025,7,2,1,77.7,23.5,24.9,14.3,15.0,77.7,23.5,24.9,14.3,15.0,78.901,23.4,24.3,14.8,16.4,0.0,0.0,0.0,0.0,0.0
Perkiomen Valley,PSA,2025,10,3,2,78.3,23.45,24.6,14.55,15.7,78.901,23.4,24.3,14.8,16.4,85.575,25.9,25.275,17.7,16.7,1.201,-0.1,-0.6,0.5,1.4
Perkiomen Valley,PSA,2025,11,1,3,80.725,24.267,24.825,15.6,16.033,85.575,25.9,25.275,17.7,16.7,88.201,26.15,26.85,18.4,16.8,6.674,2.5,0.975,2.9,0.3
Phoenix,PSA,2025,3,0,0,0.0,0.0,0.0,0.0,0.0,0.0,0.0,0.0,0.0,0.0,65.351,19.1,20.55,12.8,12.9,0.0,0.0,0.0,0.0,0.0
Phoenix,PSA,2025,5,2,1,65.351,19.1,20.55,12.8,12.9,65.351,19.1,20.55,12.8,12.9,70.6,20.3,22.5,13.4,14.4,0.0,0.0,0.0,0.0,0.0
Phoenix,PSA,2025,6,1,2,67.976,19.7,21.525,13.1,13.65,70.6,20.3,22.5,13.4,14.4,72.201,22.4,22.5,14.6,12.7,5.249,1.2,1.95,0.6,1.5
Phoenix,PSA,2025,8,2,3,69.384,20.6,21.85,13.6,13.333,72.201,22.4,22.5,14.6,12.7,76.8,24.1,23.4,14.8,14.5,1.601,2.1,0.0,1.2,-1.7
Phoenix,PSA,2025,10,2,4,71.238,21.475,22.237,13.9,13.625,76.8,24.1,23.4,14.8,14.5,87.925,27.2,26.175,16.95,17.6,4.599,1.7,0.9,0.2,1.8
Phoenixville,PSA,2025,8,0,0,0.0,0.0,0.0,0.0,0.0,0.0,0.0,0.0,0.0,0.0,72.15,21.95,23.1,13.5,13.6,0.0,0.0,0.0,0.0,0.0
Phoenixville,PSA,2025,10,2,1,72.15,21.95,23.1,13.5,13.6,72.15,21.95,23.1,13.5,13.6,75.0,21.85,22.05,15.2,15.9,0.0,0.0,0.0,0.0,0.0
Phoenixville,PSA,2025,11,1,2,73.575,21.9,22.575,14.35,14.75,75.0,21.85,22.05,15.2,15.9,74.75,23.7,22.05,14.6,14.4,2.85,-0.1,-1.05,1.7,2.3
Quakertown,PSA,2025,6,0,0,0.0,0.0,0.0,0.0,0.0,0.0,0.0,0.0,0.0,0.0,81.5,25.1,25.2,16.5,14.7,0.0,0.0,0.0,0.0,0.0
Quakertown,PSA,2025,7,1,1,81.5,25.1,25.2,16.5,14.7,81.5,25.1,25.2,16.5,14.7,82.4,25.2,25.2,16.5,15.5,0.0,0.0,0.0,0.0,0.0
Quakertown,PSA,2025,10,3,2,81.95,25.15,25.2,16.5,15.1,82.4,25.2,25.2,16.5,15.5,85.201,26.8,24.3,17.3,16.8,0.9,0.1,0.0,0.0,0.8
Quakertown,PSA,2025,11,1,3,83.034,25.7,24.9,16.767,15.667,85.201,26.8,24.3,17.3,16.8,88.101,26.1,26.7,17.1,18.2,2.801,1.6,-0.9,0.8,1.3
Rancho Alamitos HS,PSA,2025,5,0,0,0.0,0.0,0.0,0.0,0.0,0.0,0.0,0.0,0.0,0.0,73.4,23.7,14.8,20.3,14.6,0.0,0.0,0.0,0.0,0.0
Rancho Alamitos HS,PSA,2025,9,4,1,73.4,23.7,14.8,20.3,14.6,73.4,23.7,14.8,20.3,14.6,80.276,24.375,16.025,24.075,15.8,0.0,0.0,0.0,0.0,0.0
Rogers Heritage Indoor Percussion,PSA,2025,8,0,0,0.0,0.0,0.0,0.0,0.0,0.0,0.0,0.0,0.0,0.0,68.6,21.3,13.8,21.0,12.5,0.0,0.0,0.0,0.0,0.0
Rogers Heritage Indoor Percussion,PSA,2025,9,1,1,68.6,21.3,13.8,21.0,12.5,68.6,21.3,13.8,21.0,12.5,70.551,21.45,14.1,22.6,12.4,0.0,0.0,0.0,0.0,0.0
Scottsburg HS,PSA,2025,4,0,0,0.0,0.0,0.0,0.0,0.0,0.0,0.0,0.0,0.0,0.0,62.9,18.9,12.3,19.1,12.6,0.0,0.0,0.0,0.0,0.0
Scottsburg HS,PSA,2025,7,3,1,62.9,18.9,12.3,19.1,12.6,62.9,18.9,12.3,19.1,12.6,71.7,21.3,14.2,21.2,15.0,0.0,0.0,0.0,0.0,0.0
Scottsburg HS,PSA,2025,8,1,2,67.3,20.1,13.25,20.15,13.8,71.7,21.3,14.2,21.2,15.0,72.25,21.75,13.4,22.1,15.0,8.8,2.4,1.9,2.1,2.4
Scottsburg HS,PSA,2025,10,2,3,68.95,20.65,13.3,20.8,14.2,72.25,21.75,13.4,22.1,15.0,76.2,22.8,15.3,22.6,15.5,0.55,0.45,-0.8,0.9,0.0
Selma HS,PSA,2025,5,0,0,0.0,0.0,0.0,0.0,0.0,0.0,0.0,0.0,0.0,0.0,71.1,22.5,14.7,20.3,13.6,0.0,0.0,0.0,0.0,0.0
Selma HS,PSA,2025,9,4,1,71.1,22.5,14.7,20.3,13.6,71.1,22.5,14.7,20.3,13.6,82.314,24.637,15.7,25.15,16.825,0.0,0.0,0.0,0.0,0.0
Seymour Percussion,PSA,2025,2,0,0,0.0,0.0,0.0,0.0,0.0,0.0,0.0,0.0,0.0,0.0,66.8,19.5,20.7,13.0,13.6,0.0,0.0,0.0,0.0,0.0
Seymour Percussion,PSA,2025,5,3,1,66.8,19.5,20.7,13.0,13.6,66.8,19.5,20.7,13.0,13.6,70.15,20.9,20.55,14.3,14.4,0.0,0.0,0.0,0.0,0.0
Seymour Percussion,PSA,2025,10,5,2,68.475,20.2,20.625,13.65,14.0,70.15,20.9,20.55,14.3,14.4,81.2,23.9,24.45,16.85,16.0,3.35,1.4,-0.15,1.3,0.8
Simi Valley HS,PSA,2025,2,0,0,0.0,0.0,0.0,0.0,0.0,0.0,0.0,0.0,0.0,0.0,62.85,19.65,11.9,18.0,13.3,0.0,0.0,0.0,0.0,0.0
Simi Valley HS,PSA,2025,4,2,1,62.85,19.65,11.9,18.0,13.3,62.85,19.65,11.9,18.0,13.3,69.701,21.0,12.6,22.6,13.5,0.0,0.0,0.0,0.0,0.0
Souderton High School,PSA,2025,5,0,0,0.0,0.0,0.0,0.0,0.0,0.0,0.0,0.0,0.0,0.0,70.2,22.1,20.55,14.15,13.4,0.0,0.0,0.0,0.0,0.0
Souderton High School,PSA,2025,8,3,1,70.2,22.1,20.55,14.15,13.4,70.2,22.1,20.55,14.15,13.4,76.901,22.7,24.9,14.7,14.6,0.0,0.0,0.0,0.0,0.0
South Lyon Percussion (SLP),PSA,2025,6,0,0,0.0,0.0,0.0,0.0,0.0,0.0,0.0,0.0,0.0,0.0,67.2,18.6,14.1,21.3,13.2,0.0,0.0,0.0,0.0,0.0
South Lyon Percussion (SLP),PSA,2025,10,4,1,67.2,18.6,14.1,21.3,13.2,67.2,18.6,14.1,21.3,13.2,68.95,21.45,14.4,19.0,14.1,0.0,0.0,0.0,0.0,0.0
South Lyon Percussion (SLP),PSA,2025,11,1,2,68.075,20.025,14.25,20.15,13.65,68.95,21.45,14.4,19.0,14.1,73.675,23.025,14.7,20.6,15.35,1.75,2.85,0.3,-2.3,0.9
Southern Regional,PSA,2025,7,0,0,0.0,0.0,0.0,0.0,0.0,0.0,0.0,0.0,0.0,0.0,80.25,23.1,26.1,14.95,16.1,0.0,0.0,0.0,0.0,0.0
Southern Regional,PSA,2025,8,1,1,80.25,23.1,26.1,14.95,16.1,80.25,23.1,26.1,14.95,16.1,82.5,24.9,25.5,16.1,16.0,0.0,0.0,0.0,0.0,0.0
Temple City HS,PSA,2025,11,0,0,0.0,0.0,0.0,0.0,0.0,0.0,0.0,0.0,0.0,0.0,90.975,28.425,17.9,27.325,17.325,0.0,0.0,0.0,0.0,0.0
Temple City HS,PSA,2025,12,1,1,90.975,28.425,17.9,27.325,17.325,90.975,28.425,17.9,27.325,17.325,91.589,28.163,18.625,25.925,18.875,0.0,0.0,0.0,0.0,0.0
Twin Valley HS,PSA,2025,5,0,0,0.0,0.0,0.0,0.0,0.0,0.0,0.0,0.0,0.0,0.0,67.4,20.3,21.6,12.4,13.1,0.0,0.0,0.0,0.0,0.0
Twin Valley HS,PSA,2025,6,1,1,67.4,20.3,21.6,12.4,13.1,67.4,20.3,21.6,12.4,13.1,75.601,23.3,23.1,15.2,14.0,0.0,0.0,0.0,0.0,0.0
Twin Valley HS,PSA,2025,7,1,2,71.5,21.8,22.35,13.8,13.55,75.601,23.3,23.1,15.2,14.0,69.35,19.5,22.35,13.3,14.2,8.201,3.0,1.5,2.8,0.9
Twin Valley HS,PSA,2025,10,3,3,70.784,21.033,22.35,13.633,13.767,69.35,19.5,22.35,13.3,14.2,70.35,22.1,21.45,13.2,13.6,-6.251,-3.8,-0.75,-1.9,0.2
Twin Valley HS,PSA,2025,11,1,4,70.675,21.3,22.125,13.525,13.725,70.35,22.1,21.45,13.2,13.6,73.4,22.8,22.2,13.6,14.8,1.0,2.6,-0.9,-0.1,-0.6
Unionville HS,PSA,2025,5,0,0,0.0,0.0,0.0,0.0,0.0,0.0,0.0,0.0,0.0,0.0,80.45,24.3,24.75,16.3,15.1,0.0,0.0,0.0,0.0,0.0
Unionville HS,PSA,2025,6,1,1,80.45,24.3,24.75,16.3,15.1,80.45,24.3,24.75,16.3,15.1,82.95,23.6,25.95,16.9,16.5,0.0,0.0,0.0,0.0,0.0
Unionville HS,PSA,2025,9,3,2,81.7,23.95,25.35,16.6,15.8,82.95,23.6,25.95,16.9,16.5,92.063,27.788,18.65,27.425,18.2,2.5,-0.7,1.2,0.6,1.4
Unionville HS,PSA,2025,10,1,3,85.154,25.229,23.117,20.208,16.6,92.063,27.788,18.65,27.425,18.2,92.05,27.8,27.15,18.0,19.1,9.113,4.188,-7.3,10.525,1.7
Unionville HS,PSA,2025,11,1,4,86.878,25.872,24.125,19.656,17.225,92.05,27.8,27.15,18.0,19.1,92.375,27.9,27.075,18.5,18.9,-0.013,0.012,8.5,-9.425,0.9
Unionville HS,PSA,2025,12,1,5,87.978,26.278,24.715,19.425,17.56,92.375,27.9,27.075,18.5,18.9,93.625,28.875,19.075,27.525,18.15,0.325,0.1,-0.075,0.5,-0.2
Upland HS,PSA,2025,2,0,0,0.0,0.0,0.0,0.0,0.0,0.0,0.0,0.0,0.0,0.0,74.8,22.5,14.8,22.4,15.1,0.0,0.0,0.0,0.0,0.0
Upland HS,PSA,2025,11,9,1,74.8,22.5,14.8,22.4,15.1,74.8,22.5,14.8,22.4,15.1,93.875,28.95,18.15,28.4,18.375,0.0,0.0,0.0,0.0,0.0
Upper Darby,PSA,2025,5,0,0,0.0,0.0,0.0,0.0,0.0,0.0,0.0,0.0,0.0,0.0,74.351,24.65,23.1,12.9,13.7,0.0,0.0,0.0,0.0,0.0
Upper Darby,PSA,2025,6,1,1,74.351,24.65,23.1,12.9,13.7,74.351,24.65,23.1,12.9,13.7,79.9,24.6,24.75,16.25,14.3,0.0,0.0,0.0,0.0,0.0
Upper Darby,PSA,2025,7,1,2,77.126,24.625,23.925,14.575,14.0,79.9,24.6,24.75,16.25,14.3,74.1,20.5,25.5,13.6,14.5,5.549,-0.05,1.65,3.35,0.6
Upper Darby,PSA,2025,8,1,3,76.117,23.25,24.45,14.25,14.167,74.1,20.5,25.5,13.6,14.5,75.7,21.85,25.65,13.7,14.5,-5.8,-4.1,0.75,-2.65,0.2
Upper Darby,PSA,2025,10,2,4,76.013,22.9,24.75,14.112,14.25,75.7,21.85,25.65,13.7,14.5,77.65,25.05,22.65,16.0,13.95,1.6,1.35,0.15,0.1,0.0
Upper Darby,PSA,2025,11,1,5,76.34,23.33,24.33,14.49,14.19,77.65,25.05,22.65,16.0,13.95,78.55,24.2,23.85,15.6,14.9,1.95,3.2,-3.0,2.3,-0.55
Upper Moreland,PSA,2025,4,0,0,0.0,0.0,0.0,0.0,0.0,0.0,0.0,0.0,0.0,0.0,72.001,22.45,22.05,13.3,14.2,0.0,0.0,0.0,0.0,0.0
Upper Moreland,PSA,2025,5,1,1,72.001,22.45,22.05,13.3,14.2,72.001,22.45,22.05,13.3,14.2,72.451,22.0,22.8,13.85,13.8,0.0,0.0,0.0,0.0,0.0
Upper Moreland,PSA,2025,8,3,2,72.226,22.225,22.425,13.575,14.0,72.451,22.0,22.8,13.85,13.8,81.15,25.5,24.75,15.2,15.7,0.45,-0.45,0.75,0.55,-0.4
Upper Moreland,PSA,2025,10,2,3,75.201,23.317,23.2,14.117,14.567,81.15,25.5,24.75,15.2,15.7,83.251,25.3,26.25,16.9,14.8,8.699,3.5,1.95,1.35,1.9
Upper Moreland,PSA,2025,11,1,4,77.213,23.812,23.962,14.812,14.625,83.251,25.3,26.25,16.9,14.8,83.501,25.3,25.95,16.7,15.55,2.101,-0.2,1.5,1.7,-0.9
Valley View HS,PSA,2025,2,0,0,0.0,0.0,0.0,0.0,0.0,0.0,0.0,0.0,0.0,0.0,63.576,19.875,12.1,18.6,13.0,0.0,0.0,0.0,0.0,0.0
Valley View HS,PSA,2025,4,2,1,63.576,19.875,12.1,18.6,13.0,63.576,19.875,12.1,18.6,13.0,65.85,20.85,13.1,20.6,11.3,0.0,0.0,0.0,0.0,0.0
Van Buren HS Indoor Percussion,PSA,2025,4,0,0,0.0,0.0,0.0,0.0,0.0,0.0,0.0,0.0,0.0,0.0,74.25,22.05,15.2,22.4,14.6,0.0,0.0,0.0,0.0,0.0
Van Buren HS Indoor Percussion,PSA,2025,8,4,1,74.25,22.05,15.2,22.4,14.6,74.25,22.05,15.2,22.4,14.6,78.95,24.75,15.8,23.1,15.3,0.0,0.0,0.0,0.0,0.0
Van Buren HS Indoor Percussion,PSA,2025,9,1,2,76.6,23.4,15.5,22.75,14.95,78.95,24.75,15.8,23.1,15.3,81.6,24.3,17.1,23.6,16.6,4.7,2.7,0.6,0.7,0.7
Warren Central HS (MS),PSA,2025,7,0,0,0.0,0.0,0.0,0.0,0.0,0.0,0.0,0.0,0.0,0.0,80.401,22.8,17.4,23.5,16.7,0.0,0.0,0.0,0.0,0.0
Warren Central HS (MS),PSA,2025,9,2,1,80.401,22.8,17.4,23.5,16.7,80.401,22.8,17.4,23.5,16.7,84.05,25.95,16.7,24.7,16.7,0.0,0.0,0.0,0.0,0.0
West Shore School District,PSA,2025,7,0,0,0.0,0.0,0.0,0.0,0.0,0.0,0.0,0.0,0.0,0.0,84.1,25.2,16.4,26.3,16.2,0.0,0.0,0.0,0.0,0.0
West Shore School District,PSA,2025,8,1,1,84.1,25.2,16.4,26.3,16.2,84.1,25.2,16.4,26.3,16.2,87.65,27.4,26.55,16.8,16.9,0.0,0.0,0.0,0.0,0.0
Atlanta Quest,PIW,2025,6,0,0,0.0,0.0,0.0,0.0,0.0,0.0,0.0,0.0,0.0,0.0,84.55,25.35,16.6,25.9,16.7,0.0,0.0,0.0,0.0,0.0
Atlanta Quest,PIW,2025,12,6,1,84.55,25.35,16.6,25.9,16.7,84.55,25.35,16.6,25.9,16.7,90.425,27.525,17.6,27.6,17.7,0.0,0.0,0.0,0.0,0.0
Broken City,PIW,2025,3,0,0,0.0,0.0,0.0,0.0,0.0,0.0,0.0,0.0,0.0,0.0,88.0,26.4,17.7,26.2,17.7,0.0,0.0,0.0,0.0,0.0
Broken City,PIW,2025,6,3,1,88.0,26.4,17.7,26.2,17.7,88.0,26.4,17.7,26.2,17.7,90.0,27.0,18.1,27.1,17.8,0.0,0.0,0.0,0.0,0.0
Broken City,PIW,2025,8,2,2,89.0,26.7,17.9,26.65,17.75,90.0,27.0,18.1,27.1,17.8,91.05,27.45,18.2,26.9,18.5,2.0,0.6,0.4,0.9,0.1
Broken City,PIW,2025,9,1,3,89.683,26.95,18.0,26.733,18.0,91.05,27.45,18.2,26.9,18.5,93.35,28.2,18.5,28.25,18.4,1.05,0.45,0.1,-0.2,0.7
Broken City,PIW,2025,10,1,4,90.6,27.262,18.125,27.112,18.1,93.35,28.2,18.5,28.25,18.4,94.8,28.8,19.1,27.9,19.0,2.3,0.75,0.3,1.35,-0.1
Broken City,PIW,2025,11,1,5,91.44,27.57,18.32,27.27,18.28,94.8,28.8,19.1,27.9,19.0,95.175,28.425,18.8,28.9,19.05,1.45,0.6,0.6,-0.35,0.6
Broken City,PIW,2025,12,1,6,92.062,27.713,18.4,27.542,18.408,95.175,28.425,18.8,28.9,19.05,97.95,29.475,19.6,29.3,19.575,0.375,-0.375,-0.3,1.0,0.05
Cap City,PIW,2025,6,0,0,0.0,0.0,0.0,0.0,0.0,0.0,0.0,0.0,0.0,0.0,85.85,25.65,17.8,25.4,17.0,0.0,0.0,0.0,0.0,0.0
Cap City,PIW,2025,12,6,1,85.85,25.65,17.8,25.4,17.0,85.85,25.65,17.8,25.4,17.0,92.114,28.237,18.25,27.1,18.525,0.0,0.0,0.0,0.0,0.0
ConneXus,PIW,2025,6,0,0,0.0,0.0,0.0,0.0,0.0,0.0,0.0,0.0,0.0,0.0,81.45,23.25,17.1,25.5,15.6,0.0,0.0,0.0,0.0,0.0
ConneXus,PIW,2025,12,6,1,81.45,23.25,17.1,25.5,15.6,81.45,23.25,17.1,25.5,15.6,84.913,26.288,17.05,24.75,16.825,0.0,0.0,0.0,0.0,0.0
Dark Sky,PIW,2025,2,0,0,0.0,0.0,0.0,0.0,0.0,0.0,0.0,0.0,0.0,0.0,78.85,24.15,16.4,23.2,15.1,0.0,0.0,0.0,0.0,0.0
Dark Sky,PIW,2025,6,4,1,78.85,24.15,16.4,23.2,15.1,78.85,24.15,16.4,23.2,15.1,84.0,25.5,17.1,24.8,16.6,0.0,0.0,0.0,0.0,0.0
Dark Sky,PIW,2025,10,4,2,81.425,24.825,16.75,24.0,15.85,84.0,25.5,17.1,24.8,16.6,86.251,25.35,17.4,26.8,16.7,5.15,1.35,0.7,1.6,1.5
Dark Sky,PIW,2025,11,1,3,83.034,25.0,16.967,24.933,16.133,86.251,25.35,17.4,26.8,16.7,87.276,26.925,16.65,26.5,17.2,2.251,-0.15,0.3,2.0,0.1
Dark Sky Percussion,PIW,2025,5,0,0,0.0,0.0,0.0,0.0,0.0,0.0,0.0,0.0,0.0,0.0,80.451,24.45,16.9,22.5,16.6,0.0,0.0,0.0,0.0,0.0
Dark Sky Percussion,PIW,2025,9,4,1,80.451,24.45,16.9,22.5,16.6,80.451,24.45,16.9,22.5,16.6,85.351,25.8,17.25,25.75,16.55,0.0,0.0,0.0,0.0,0.0
Dark Sky Percussion,PIW,2025,12,3,2,82.901,25.125,17.075,24.125,16.575,85.351,25.8,17.25,25.75,16.55,85.925,25.8,17.45,25.225,17.45,4.9,1.35,0.35,3.25,-0.05
Flux Indoor Percussion,PIW,2025,6,0,0,0.0,0.0,0.0,0.0,0.0,0.0,0.0,0.0,0.0,0.0,81.85,24.15,15.5,25.2,17.0,0.0,0.0,0.0,0.0,0.0
Flux Indoor Percussion,PIW,2025,9,3,1,81.85,24.15,15.5,25.2,17.0,81.85,24.15,15.5,25.2,17.0,83.451,24.75,16.5,25.3,16.9,0.0,0.0,0.0,0.0,0.0
George Mason University,PIW,2025,7,0,0,0.0,0.0,0.0,0.0,0.0,0.0,0.0,0.0,0.0,0.0,88.0,27.0,17.4,26.6,17.0,0.0,0.0,0.0,0.0,0.0
George Mason University,PIW,2025,12,5,1,88.0,27.0,17.4,26.6,17.0,88.0,27.0,17.4,26.6,17.0,94.864,28.762,19.375,27.8,18.925,0.0,0.0,0.0,0.0,0.0
Infinity,PIW,2025,5,0,0,0.0,0.0,0.0,0.0,0.0,0.0,0.0,0.0,0.0,0.0,86.05,26.25,17.4,24.6,17.8,0.0,0.0,0.0,0.0,0.0
Infinity,PIW,2025,12,7,1,86.05,26.25,17.4,24.6,17.8,86.05,26.25,17.4,24.6,17.8,95.826,29.025,19.175,28.475,19.15,0.0,0.0,0.0,0.0,0.0
Instinct,PIW,2025,4,0,0,0.0,0.0,0.0,0.0,0.0,0.0,0.0,0.0,0.0,0.0,78.05,23.55,15.0,24.8,14.7,0.0,0.0,0.0,0.0,0.0
Instinct,PIW,2025,5,1,1,78.05,23.55,15.0,24.8,14.7,78.05,23.55,15.0,24.8,14.7,75.151,23.55,15.2,21.5,14.9,0.0,0.0,0.0,0.0,0.0
Instinct,PIW,2025,7,2,2,76.6,23.55,15.1,23.15,14.8,75.151,23.55,15.2,21.5,14.9,81.55,26.25,16.3,23.2,15.8,-2.899,0.0,0.2,-3.3,0.2
Instinct,PIW,2025,9,2,3,78.25,24.45,15.5,23.167,15.133,81.55,26.25,16.3,23.2,15.8,79.55,24.15,15.9,23.75,15.75,6.399,2.7,1.1,1.7,0.9
Instinct,PIW,2025,10,1,4,78.575,24.375,15.6,23.312,15.288,79.55,24.15,15.9,23.75,15.75,79.751,24.15,16.4,23.2,16.0,-2.0,-2.1,-0.4,0.55,-0.05
Instinct,PIW,2025,11,1,5,78.81,24.33,15.76,23.29,15.43,79.751,24.15,16.4,23.2,16.0,80.476,24.825,15.3,24.85,15.5,0.201,0.0,0.5,-0.55,0.25
Matrix,PIW,2025,7,0,0,0.0,0.0,0.0,0.0,0.0,0.0,0.0,0.0,0.0,0.0,88.35,26.85,18.1,25.3,18.1,0.0,0.0,0.0,0.0,0.0
Matrix,PIW,2025,12,5,1,88.35,26.85,18.1,25.3,18.1,88.35,26.85,18.1,25.3,18.1,92.076,28.425,19.3,26.25,18.1,0.0,0.0,0.0,0.0,0.0
Meraki,PIW,2025,3,0,0,0.0,0.0,0.0,0.0,0.0,0.0,0.0,0.0,0.0,0.0,82.55,25.05,16.3,24.7,16.5,0.0,0.0,0.0,0.0,0.0
Meraki,PIW,2025,5,2,1,82.55,25.05,16.3,24.7,16.5,82.55,25.05,16.3,24.7,16.5,81.55,25.05,16.3,24.2,16.0,0.0,0.0,0.0,0.0,0.0
Meraki,PIW,2025,7,2,2,82.05,25.05,16.3,24.45,16.25,81.55,25.05,16.3,24.2,16.0,86.0,26.7,17.0,24.9,17.4,-1.0,0.0,0.0,-0.5,-0.5
Meraki,PIW,2025,9,2,3,83.367,25.6,16.533,24.6,16.633,86.0,26.7,17.0,24.9,17.4,86.425,26.325,17.45,25.4,17.25,4.45,1.65,0.7,0.7,1.4
Meraki,PIW,2025,10,1,4,84.131,25.781,16.762,24.8,16.788,86.425,26.325,17.45,25.4,17.25,87.55,25.95,18.0,26.0,17.6,0.425,-0.375,0.45,0.5,-0.15
Meraki,PIW,2025,11,1,5,84.815,25.815,17.01,25.04,16.95,87.55,25.95,18.0,26.0,17.6,87.701,26.7,17.4,26.55,17.05,1.125,-0.375,0.55,0.6,0.35
Meraki,PIW,2025,12,1,6,85.296,25.962,17.075,25.292,16.967,87.701,26.7,17.4,26.55,17.05,87.025,26.175,17.5,26.1,17.25,0.151,0.75,-0.6,0.55,-0.55
Monarch Independent,PIW,2025,6,0,0,0.0,0.0,0.0,0.0,0.0,0.0,0.0,0.0,0.0,0.0,82.9,25.2,16.7,24.8,16.2,0.0,0.0,0.0,0.0,0.0
Monarch Independent,PIW,2025,12,6,1,82.9,25.2,16.7,24.8,16.2,82.9,25.2,16.7,24.8,16.2,89.075,26.775,17.45,27.4,17.45,0.0,0.0,0.0,0.0,0.0
Music City Mystique,PIW,2025,6,0,0,0.0,0.0,0.0,0.0,0.0,0.0,0.0,0.0,0.0,0.0,86.5,25.2,17.5,26.7,17.1,0.0,0.0,0.0,0.0,0.0
Music City Mystique,PIW,2025,12,6,1,86.5,25.2,17.5,26.7,17.1,86.5,25.2,17.5,26.7,17.1,94.339,28.837,18.625,28.05,18.825,0.0,0.0,0.0,0.0,0.0
POW Percussion,PIW,2025,2,0,0,0.0,0.0,0.0,0.0,0.0,0.0,0.0,0.0,0.0,0.0,81.2,24.6,16.8,23.9,15.9,0.0,0.0,0.0,0.0,0.0
POW Percussion,PIW,2025,5,3,1,81.2,24.6,16.8,23.9,15.9,81.2,24.6,16.8,23.9,15.9,83.75,25.65,16.4,25.3,16.4,0.0,0.0,0.0,0.0,0.0
POW Percussion,PIW,2025,8,3,2,82.475,25.125,16.6,24.6,16.15,83.75,25.65,16.4,25.3,16.4,87.35,25.95,17.4,26.2,17.8,2.55,1.05,-0.4,1.4,0.5
POW Percussion,PIW,2025,9,1,3,84.1,25.4,16.867,25.133,16.7,87.35,25.95,17.4,26.2,17.8,89.55,27.15,17.95,26.85,17.6,3.6,0.3,1.0,0.9,1.4
POW Percussion,PIW,2025,10,1,4,85.462,25.838,17.138,25.562,16.925,89.55,27.15,17.95,26.85,17.6,90.25,27.15,18.3,27.3,17.5,2.2,1.2,0.55,0.65,-0.2
POW Percussion,PIW,2025,11,1,5,86.42,26.1,17.37,25.91,17.04,90.25,27.15,18.3,27.3,17.5,90.85,27.6,17.4,27.85,18.0,0.7,0.0,0.35,0.45,-0.1
POW Percussion,PIW,2025,12,1,6,87.158,26.35,17.375,26.233,17.2,90.85,27.6,17.4,27.85,18.0,91.063,27.562,18.4,27.0,18.1,0.6,0.45,-0.9,0.55,0.5
Pulse Percussion,PIW,2025,2,0,0,0.0,0.0,0.0,0.0,0.0,0.0,0.0,0.0,0.0,0.0,86.45,25.65,17.6,25.6,17.6,0.0,0.0,0.0,0.0,0.0
Pulse Percussion,PIW,2025,5,3,1,86.45,25.65,17.6,25.6,17.6,86.45,25.65,17.6,25.6,17.6,89.475,27.075,18.2,26.3,17.9,0.0,0.0,0.0,0.0,0.0
Pulse Percussion,PIW,2025,8,3,2,87.962,26.362,17.9,25.95,17.75,89.475,27.075,18.2,26.3,17.9,93.75,28.05,18.6,28.3,18.8,3.025,1.425,0.6,0.7,0.3
Pulse Percussion,PIW,2025,9,1,3,89.892,26.925,18.133,26.733,18.1,93.75,28.05,18.6,28.3,18.8,93.825,28.575,18.85,27.55,18.85,4.275,0.975,0.4,2.0,0.9
Pulse Percussion,PIW,2025,10,1,4,90.875,27.338,18.312,26.938,18.288,93.825,28.575,18.85,27.55,18.85,95.125,28.725,19.3,28.4,18.7,0.075,0.525,0.25,-0.75,0.05
Pulse Percussion,PIW,2025,11,1,5,91.725,27.615,18.51,27.23,18.37,95.125,28.725,19.3,28.4,18.7,94.775,28.8,18.6,28.675,18.7,1.3,0.15,0.45,0.85,-0.15
Pulse Percussion,PIW,2025,12,1,6,92.233,27.812,18.525,27.471,18.425,94.775,28.8,18.6,28.675,18.7,96.975,29.175,19.4,28.875,19.525,-0.35,0.075,-0.7,0.275,0.0
RCC,PIW,2025,2,0,0,0.0,0.0,0.0,0.0,0.0,0.0,0.0,0.0,0.0,0.0,85.325,25.425,17.5,25.3,17.1,0.0,0.0,0.0,0.0,0.0
RCC,PIW,2025,5,3,1,85.325,25.425,17.5,25.3,17.1,85.325,25.425,17.5,25.3,17.1,89.75,27.0,18.35,26.4,18.0,0.0,0.0,0.0,0.0,0.0
RCC,PIW,2025,8,3,2,87.538,26.212,17.925,25.85,17.55,89.75,27.0,18.35,26.4,18.0,93.85,28.5,18.8,27.7,18.85,4.425,1.575,0.85,1.1,0.9
RCC,PIW,2025,9,1,3,89.642,26.975,18.217,26.467,17.983,93.85,28.5,18.8,27.7,18.85,94.2,28.2,19.0,28.05,18.95,4.1,1.5,0.45,1.3,0.85
RCC,PIW,2025,10,1,4,90.781,27.281,18.412,26.862,18.225,94.2,28.2,19.0,28.05,18.95,96.75,29.25,19.6,28.5,19.4,0.35,-0.3,0.2,0.35,0.1
RCC,PIW,2025,12,2,5,91.975,27.675,18.65,27.19,18.46,96.75,29.25,19.6,28.5,19.4,99.163,29.888,19.975,29.375,19.925,2.55,1.05,0.6,0.45,0.45
Red Wave Indoor,PIW,2025,4,0,0,0.0,0.0,0.0,0.0,0.0,0.0,0.0,0.0,0.0,0.0,75.7,19.1,24.0,16.0,16.6,0.0,0.0,0.0,0.0,0.0
Red Wave Indoor,PIW,2025,5,1,1,75.7,19.1,24.0,16.0,16.6,75.7,19.1,24.0,16.0,16.6,78.401,23.7,16.2,23.1,15.4,0.0,0.0,0.0,0.0,0.0
Red Wave Indoor,PIW,2025,6,1,2,77.05,21.4,20.1,19.55,16.0,78.401,23.7,16.2,23.1,15.4,82.05,24.7,24.45,16.2,16.7,2.701,4.6,-7.8,7.1,-1.2
Red Wave Indoor,PIW,2025,9,3,3,78.717,22.5,21.55,18.433,16.233,82.05,24.7,24.45,16.2,16.7,84.376,25.425,16.85,25.3,16.8,3.649,1.0,8.25,-6.9,1.3
Red Wave Indoor,PIW,2025,10,1,4,80.132,23.231,20.375,20.15,16.375,84.376,25.425,16.85,25.3,16.8,89.3,26.6,26.4,17.7,18.6,2.326,0.725,-7.6,9.1,0.1
Redline,PIW,2025,6,0,0,0.0,0.0,0.0,0.0,0.0,0.0,0.0,0.0,0.0,0.0,83.85,25.65,16.5,25.4,16.3,0.0,0.0,0.0,0.0,0.0
Redline,PIW,2025,7,1,1,83.85,25.65,16.5,25.4,16.3,83.85,25.65,16.5,25.4,16.3,83.95,25.35,15.9,25.2,17.5,0.0,0.0,0.0,0.0,0.0
Redline,PIW,2025,10,3,2,83.9,25.5,16.2,25.3,16.9,83.95,25.35,15.9,25.2,17.5,88.4,26.1,18.7,26.2,17.4,0.1,-0.3,-0.6,-0.2,1.2
Redline,PIW,2025,11,1,3,85.4,25.7,17.033,25.6,17.067,88.4,26.1,18.7,26.2,17.4,91.175,27.825,18.15,27.55,17.65,4.45,0.75,2.8,1.0,-0.1
Redline,PIW,2025,12,1,4,86.844,26.231,17.312,26.088,17.212,91.175,27.825,18.15,27.55,17.65,84.8,25.8,16.55,26.1,16.35,2.775,1.725,-0.55,1.35,0.25
Resistance Indoor Percussion,PIW,2025,6,0,0,0.0,0.0,0.0,0.0,0.0,0.0,0.0,0.0,0.0,0.0,71.55,22.95,12.8,23.0,12.8,0.0,0.0,0.0,0.0,0.0
Resistance Indoor Percussion,PIW,2025,9,3,1,71.55,22.95,12.8,23.0,12.8,71.55,22.95,12.8,23.0,12.8,78.85,24.15,15.5,23.5,15.7,0.0,0.0,0.0,0.0,0.0
Rhythm X,PIW,2025,6,0,0,0.0,0.0,0.0,0.0,0.0,0.0,0.0,0.0,0.0,0.0,89.75,26.7,18.5,27.25,17.3,0.0,0.0,0.0,0.0,0.0
Rhythm X,PIW,2025,12,6,1,89.75,26.7,18.5,27.25,17.3,89.75,26.7,18.5,27.25,17.3,99.063,29.812,19.875,29.5,19.875,0.0,0.0,0.0,0.0,0.0
Rhythmic Force Percussion,PIW,2025,6,0,0,0.0,0.0,0.0,0.0,0.0,0.0,0.0,0.0,0.0,0.0,82.65,25.65,16.5,24.0,16.5,0.0,0.0,0.0,0.0,0.0
Rhythmic Force Percussion,PIW,2025,9,3,1,82.65,25.65,16.5,24.0,16.5,82.65,25.65,16.5,24.0,16.5,89.75,27.15,18.0,26.5,18.1,0.0,0.0,0.0,0.0,0.0
Rhythmic Force Percussion,PIW,2025,12,3,2,86.2,26.4,17.25,25.25,17.3,89.75,27.15,18.0,26.5,18.1,89.875,27.0,18.2,26.85,17.825,7.1,1.5,1.5,2.5,1.6
STRYKE Percussion,PIW,2025,5,0,0,0.0,0.0,0.0,0.0,0.0,0.0,0.0,0.0,0.0,0.0,77.15,23.55,15.6,22.9,15.1,0.0,0.0,0.0,0.0,0.0
STRYKE Percussion,PIW,2025,12,7,1,77.15,23.55,15.6,22.9,15.1,77.15,23.55,15.6,22.9,15.1,82.975,25.65,16.65,24.5,16.175,0.0,0.0,0.0,0.0,0.0
Thesis,PIW,2025,8,0,0,0.0,0.0,0.0,0.0,0.0,0.0,0.0,0.0,0.0,0.0,85.25,24.75,16.6,26.2,17.7,0.0,0.0,0.0,0.0,0.0
Thesis,PIW,2025,9,1,1,85.25,24.75,16.6,26.2,17.7,85.25,24.75,16.6,26.2,17.7,85.526,25.65,16.9,26.1,16.875,0.0,0.0,0.0,0.0,0.0
United Percussion,PIW,2025,7,0,0,0.0,0.0,0.0,0.0,0.0,0.0,0.0,0.0,0.0,0.0,87.85,26.25,17.3,27.0,17.3,0.0,0.0,0.0,0.0,0.0
United Percussion,PIW,2025,9,2,1,87.85,26.25,17.3,27.0,17.3,87.85,26.25,17.3,27.0,17.3,92.5,28.05,18.65,27.4,18.4,0.0,0.0,0.0,0.0,0.0
United Percussion,PIW,2025,10,1,2,90.175,27.15,17.975,27.2,17.85,92.5,28.05,18.65,27.4,18.4,91.35,28.3,26.55,17.7,18.8,4.65,1.8,1.35,0.4,1.1
United Percussion,PIW,2025,12,2,3,90.567,27.533,20.833,24.033,18.167,91.35,28.3,26.55,17.7,18.8,93.414,28.087,18.7,28.15,18.475,-1.15,0.25,7.9,-9.7,0.4
Vigilantes Indoor Percussion,PIW,2025,9,0,0,0.0,0.0,0.0,0.0,0.0,0.0,0.0,0.0,0.0,0.0,86.4,26.4,17.3,25.2,17.5,0.0,0.0,0.0,0.0,0.0
Vigilantes Indoor Percussion,PIW,2025,12,3,1,86.4,26.4,17.3,25.2,17.5,86.4,26.4,17.3,25.2,17.5,84.65,25.575,16.55,25.675,16.85,0.0,0.0,0.0,0.0,0.0
Bakersfield College,PIO,2025,10,0,0,0.0,0.0,0.0,0.0,0.0,0.0,0.0,0.0,0.0,0.0,88.75,26.25,17.5,27.1,17.9,0.0,0.0,0.0,0.0,0.0
Bakersfield College,PIO,2025,11,1,1,88.75,26.25,17.5,27.1,17.9,88.75,26.25,17.5,27.1,17.9,89.175,26.325,17.6,27.6,17.65,0.0,0.0,0.0,0.0,0.0
Cap City 2,PIO,2025,6,0,0,0.0,0.0,0.0,0.0,0.0,0.0,0.0,0.0,0.0,0.0,86.95,26.55,17.1,25.9,17.4,0.0,0.0,0.0,0.0,0.0
Cap City 2,PIO,2025,12,6,1,86.95,26.55,17.1,25.9,17.4,86.95,26.55,17.1,25.9,17.4,94.826,28.65,18.675,28.8,18.7,0.0,0.0,0.0,0.0,0.0
Civitas Independent,PIO,2025,6,0,0,0.0,0.0,0.0,0.0,0.0,0.0,0.0,0.0,0.0,0.0,86.35,25.95,16.8,26.8,16.8,0.0,0.0,0.0,0.0,0.0
Civitas Independent,PIO,2025,12,6,1,86.35,25.95,16.8,26.8,16.8,86.35,25.95,16.8,26.8,16.8,96.775,29.325,19.35,29.05,19.05,0.0,0.0,0.0,0.0,0.0
Crystal Lake Thunder,PIO,2025,4,0,0,0.0,0.0,0.0,0.0,0.0,0.0,0.0,0.0,0.0,0.0,70.85,21.15,14.9,21.0,13.8,0.0,0.0,0.0,0.0,0.0
Crystal Lake Thunder,PIO,2025,6,2,1,70.85,21.15,14.9,21.0,13.8,70.85,21.15,14.9,21.0,13.8,73.951,22.95,15.0,21.6,14.4,0.0,0.0,0.0,0.0,0.0
EPIC Indoor Percussion,PIO,2025,9,0,0,0.0,0.0,0.0,0.0,0.0,0.0,0.0,0.0,0.0,0.0,84.6,25.6,25.2,15.9,17.9,0.0,0.0,0.0,0.0,0.0
EPIC Indoor Percussion,PIO,2025,10,1,1,84.6,25.6,25.2,15.9,17.9,84.6,25.6,25.2,15.9,17.9,79.4,25.2,23.7,15.8,14.7,0.0,0.0,0.0,0.0,0.0
Elan Percussion,PIO,2025,5,0,0,0.0,0.0,0.0,0.0,0.0,0.0,0.0,0.0,0.0,0.0,79.15,24.75,16.2,23.4,14.8,0.0,0.0,0.0,0.0,0.0
Elan Percussion,PIO,2025,9,4,1,79.15,24.75,16.2,23.4,14.8,79.15,24.75,16.2,23.4,14.8,83.626,25.725,16.85,24.95,16.1,0.0,0.0,0.0,0.0,0.0
Flower City Percussion,PIO,2025,4,0,0,0.0,0.0,0.0,0.0,0.0,0.0,0.0,0.0,0.0,0.0,65.25,19.8,21.15,12.7,11.6,0.0,0.0,0.0,0.0,0.0
Flower City Percussion,PIO,2025,6,2,1,65.25,19.8,21.15,12.7,11.6,65.25,19.8,21.15,12.7,11.6,66.0,19.8,18.6,12.7,14.9,0.0,0.0,0.0,0.0,0.0
Flower City Percussion,PIO,2025,10,4,2,65.625,19.8,19.875,12.7,13.25,66.0,19.8,18.6,12.7,14.9,77.0,23.8,22.8,15.0,15.4,0.75,0.0,-2.55,0.0,3.3
Freedom Percussion,PIO,2025,6,0,0,0.0,0.0,0.0,0.0,0.0,0.0,0.0,0.0,0.0,0.0,82.85,24.45,16.0,26.6,15.8,0.0,0.0,0.0,0.0,0.0
Freedom Percussion,PIO,2025,12,6,1,82.85,24.45,16.0,26.6,15.8,82.85,24.45,16.0,26.6,15.8,95.113,28.612,18.9,29.2,18.4,0.0,0.0,0.0,0.0,0.0
Huron Valley Percussion,PIO,2025,6,0,0,0.0,0.0,0.0,0.0,0.0,0.0,0.0,0.0,0.0,0.0,78.4,24.3,15.2,23.5,15.4,0.0,0.0,0.0,0.0,0.0
Huron Valley Percussion,PIO,2025,7,1,1,78.4,24.3,15.2,23.5,15.4,78.4,24.3,15.2,23.5,15.4,78.9,23.7,16.4,23.2,15.6,0.0,0.0,0.0,0.0,0.0
Huron Valley Percussion,PIO,2025,10,3,2,78.65,24.0,15.8,23.35,15.5,78.9,23.7,16.4,23.2,15.6,83.75,25.65,18.1,23.7,16.3,0.5,-0.6,1.2,-0.3,0.2
Huron Valley Percussion,PIO,2025,11,1,3,80.35,24.55,16.567,23.467,15.767,83.75,25.65,18.1,23.7,16.3,87.0,27.0,17.65,25.2,17.15,4.85,1.95,1.7,0.5,0.7
Imperial Dynasty,PIO,2025,6,0,0,0.0,0.0,0.0,0.0,0.0,0.0,0.0,0.0,0.0,0.0,77.05,22.2,24.75,15.1,15.0,0.0,0.0,0.0,0.0,0.0
Imperial Dynasty,PIO,2025,7,1,1,77.05,22.2,24.75,15.1,15.0,77.05,22.2,24.75,15.1,15.0,82.7,25.6,25.8,15.3,16.0,0.0,0.0,0.0,0.0,0.0
Imperial Dynasty,PIO,2025,9,2,2,79.875,23.9,25.275,15.2,15.5,82.7,25.6,25.8,15.3,16.0,90.05,27.3,18.15,26.95,17.65,5.65,3.4,1.05,0.2,1.0
Imperial Dynasty,PIO,2025,11,2,3,83.267,25.033,22.9,19.117,16.217,90.05,27.3,18.15,26.95,17.65,89.95,28.3,25.65,17.5,18.5,7.35,1.7,-7.65,11.65,1.65
Lotus,PIO,2025,4,0,0,0.0,0.0,0.0,0.0,0.0,0.0,0.0,0.0,0.0,0.0,76.8,22.2,16.5,23.2,14.9,0.0,0.0,0.0,0.0,0.0
Lotus,PIO,2025,8,4,1,76.8,22.2,16.5,23.2,14.9,76.8,22.2,16.5,23.2,14.9,82.4,25.5,16.1,24.9,15.9,0.0,0.0,0.0,0.0,0.0
Lotus,PIO,2025,9,1,2,79.6,23.85,16.3,24.05,15.4,82.4,25.5,16.1,24.9,15.9,82.8,24.9,16.8,24.5,16.6,5.6,3.3,-0.4,1.7,1.0
Motor City Percussion,PIO,2025,6,0,0,0.0,0.0,0.0,0.0,0.0,0.0,0.0,0.0,0.0,0.0,81.0,24.9,15.7,24.3,16.1,0.0,0.0,0.0,0.0,0.0
Motor City Percussion,PIO,2025,7,1,1,81.0,24.9,15.7,24.3,16.1,81.0,24.9,15.7,24.3,16.1,82.0,24.3,16.9,24.0,16.8,0.0,0.0,0.0,0.0,0.0
Motor City Percussion,PIO,2025,10,3,2,81.5,24.6,16.3,24.15,16.45,82.0,24.3,16.9,24.0,16.8,86.6,25.5,18.5,25.7,16.9,1.0,-0.6,1.2,-0.3,0.7
Motor City Percussion,PIO,2025,11,1,3,83.2,24.9,17.033,24.667,16.6,86.6,25.5,18.5,25.7,16.9,90.025,27.375,18.35,27.1,17.2,4.6,1.2,1.6,1.7,0.1
OCI,PIO,2025,2,0,0,0.0,0.0,0.0,0.0,0.0,0.0,0.0,0.0,0.0,0.0,79.9,24.9,16.7,22.4,15.9,0.0,0.0,0.0,0.0,0.0
OCI,PIO,2025,4,2,1,79.9,24.9,16.7,22.4,15.9,79.9,24.9,16.7,22.4,15.9,83.45,25.35,16.8,25.0,16.3,0.0,0.0,0.0,0.0,0.0
OCI,PIO,2025,9,5,2,81.675,25.125,16.75,23.7,16.1,83.45,25.35,16.8,25.0,16.3,89.575,27.375,18.0,26.5,17.7,3.55,0.45,0.1,2.6,0.4
OCI,PIO,2025,10,1,3,84.308,25.875,17.167,24.633,16.633,89.575,27.375,18.0,26.5,17.7,90.9,27.6,18.5,26.6,18.2,6.125,2.025,1.2,1.5,1.4
OCI,PIO,2025,11,1,4,85.956,26.306,17.5,25.125,17.025,90.9,27.6,18.5,26.6,18.2,90.9,27.45,17.85,27.6,18.0,1.325,0.225,0.5,0.1,0.5
OCI,PIO,2025,12,1,5,86.945,26.535,17.57,25.62,17.22,90.9,27.45,17.85,27.6,18.0,94.701,28.65,19.225,28.25,18.575,0.0,-0.15,-0.65,1.0,-0.2
Pi Percussion Inc.,PIO,2025,4,0,0,0.0,0.0,0.0,0.0,0.0,0.0,0.0,0.0,0.0,0.0,75.4,22.8,14.7,23.2,14.7,0.0,0.0,0.0,0.0,0.0
Pi Percussion Inc.,PIO,2025,6,2,1,75.4,22.8,14.7,23.2,14.7,75.4,22.8,14.7,23.2,14.7,78.9,23.4,15.9,24.8,14.8,0.0,0.0,0.0,0.0,0.0
Q2,PIO,2025,6,0,0,0.0,0.0,0.0,0.0,0.0,0.0,0.0,0.0,0.0,0.0,83.8,25.2,16.6,25.3,16.7,0.0,0.0,0.0,0.0,0.0
Q2,PIO,2025,12,6,1,83.8,25.2,16.6,25.3,16.7,83.8,25.2,16.6,25.3,16.7,93.951,28.575,19.0,27.825,18.55,0.0,0.0,0.0,0.0,0.0
Spectre Percussion,PIO,2025,7,0,0,0.0,0.0,0.0,0.0,0.0,0.0,0.0,0.0,0.0,0.0,88.7,27.3,17.5,26.5,17.4,0.0,0.0,0.0,0.0,0.0
Spectre Percussion,PIO,2025,12,5,1,88.7,27.3,17.5,26.5,17.4,88.7,27.3,17.5,26.5,17.4,94.925,28.95,19.35,27.475,19.15,0.0,0.0,0.0,0.0,0.0
UTSA,PIO,2025,9,0,0,0.0,0.0,0.0,0.0,0.0,0.0,0.0,0.0,0.0,0.0,88.2,26.4,17.8,26.3,17.7,0.0,0.0,0.0,0.0,0.0
UTSA,PIO,2025,12,3,1,88.2,26.4,17.8,26.3,17.7,88.2,26.4,17.8,26.3,17.7,95.388,28.987,18.7,28.75,18.95,0.0,0.0,0.0,0.0,0.0
United Percussion 2,PIO,2025,7,0,0,0.0,0.0,0.0,0.0,0.0,0.0,0.0,0.0,0.0,0.0,80.95,24.15,15.6,25.6,15.6,0.0,0.0,0.0,0.0,0.0
United Percussion 2,PIO,2025,8,1,1,80.95,24.15,15.6,25.6,15.6,80.95,24.15,15.6,25.6,15.6,84.0,26.5,26.1,15.6,15.8,0.0,0.0,0.0,0.0,0.0
United Percussion 2,PIO,2025,9,1,2,82.475,25.325,20.85,20.6,15.7,84.0,26.5,26.1,15.6,15.8,88.95,26.85,17.9,26.8,17.4,3.05,2.35,10.5,-10.0,0.2
United Percussion 2,PIO,2025,10,1,3,84.633,25.833,19.867,22.667,16.267,88.95,26.85,17.9,26.8,17.4,88.75,27.6,25.65,17.7,17.8,4.95,0.35,-8.2,11.2,1.6
Veritas,PIO,2025,6,0,0,0.0,0.0,0.0,0.0,0.0,0.0,0.0,0.0,0.0,0.0,83.85,24.75,17.3,25.4,16.4,0.0,0.0,0.0,0.0,0.0
Veritas,PIO,2025,12,6,1,83.85,24.75,17.3,25.4,16.4,83.85,24.75,17.3,25.4,16.4,97.85,29.775,19.75,28.65,19.675,0.0,0.0,0.0,0.0,0.0
Vision Percussion,PIO,2025,6,0,0,0.0,0.0,0.0,0.0,0.0,0.0,0.0,0.0,0.0,0.0,79.75,23.85,15.6,24.3,16.0,0.0,0.0,0.0,0.0,0.0
Vision Percussion,PIO,2025,9,3,1,79.75,23.85,15.6,24.3,16.0,79.75,23.85,15.6,24.3,16.0,85.1,25.5,17.25,26.2,16.15,0.0,0.0,0.0,0.0,0.0
Élan Percussion,PIO,2025,4,0,0,0.0,0.0,0.0,0.0,0.0,0.0,0.0,0.0,0.0,0.0,76.1,23.4,14.8,23.6,14.3,0.0,0.0,0.0,0.0,0.0
Élan Percussion,PIO,2025,8,4,1,76.1,23.4,14.8,23.6,14.3,76.1,23.4,14.8,23.6,14.3,85.5,27.0,16.5,25.0,17.0,0.0,0.0,0.0,0.0,0.0
Élan Percussion,PIO,2025,10,2,2,80.8,25.2,15.65,24.3,15.65,85.5,27.0,16.5,25.0,17.0,85.35,25.95,16.6,26.0,16.8,9.4,3.6,1.7,1.4,2.7
Élan Percussion,PIO,2025,11,1,3,82.317,25.45,15.967,24.867,16.033,85.35,25.95,16.6,26.0,16.8,85.1,25.35,16.8,26.25,16.7,-0.15,-1.05,0.1,1.0,-0.2
357 N. 6th Ave,PIA,2025,5,0,0,0.0,0.0,0.0,0.0,0.0,0.0,0.0,0.0,0.0,0.0,71.0,21.6,13.8,21.0,14.6,0.0,0.0,0.0,0.0,0.0
357 N. 6th Ave,PIA,2025,9,4,1,71.0,21.6,13.8,21.0,14.6,71.0,21.6,13.8,21.0,14.6,78.45,24.75,15.4,23.2,15.1,0.0,0.0,0.0,0.0,0.0
357 N. 6th Ave,PIA,2025,10,1,2,74.725,23.175,14.6,22.1,14.85,78.45,24.75,15.4,23.2,15.1,78.4,23.7,15.4,23.9,15.4,7.45,3.15,1.6,2.2,0.5
Albany,PIA,2025,3,0,0,0.0,0.0,0.0,0.0,0.0,0.0,0.0,0.0,0.0,0.0,60.4,18.0,18.6,11.9,11.9,0.0,0.0,0.0,0.0,0.0
Albany,PIA,2025,5,2,1,60.4,18.0,18.6,11.9,11.9,60.4,18.0,18.6,11.9,11.9,65.45,19.3,19.95,13.8,12.4,0.0,0.0,0.0,0.0,0.0
Albany,PIA,2025,6,1,2,62.925,18.65,19.275,12.85,12.15,65.45,19.3,19.95,13.8,12.4,57.9,17.6,16.2,13.5,10.6,5.05,1.3,1.35,1.9,0.5
Albany,PIA,2025,9,3,3,61.25,18.3,18.25,13.067,11.633,57.9,17.6,16.2,13.5,10.6,71.95,21.7,21.45,15.4,13.4,-7.55,-1.7,-3.75,-0.3,-1.8
Albany,PIA,2025,10,1,4,63.925,19.15,19.05,13.65,12.075,71.95,21.7,21.45,15.4,13.4,72.5,22.7,20.4,14.6,14.8,14.05,4.1,5.25,1.9,2.8
Borderline Percussion,PIA,2025,4,0,0,0.0,0.0,0.0,0.0,0.0,0.0,0.0,0.0,0.0,0.0,75.4,22.5,14.6,22.6,15.7,0.0,0.0,0.0,0.0,0.0
Borderline Percussion,PIA,2025,7,3,1,75.4,22.5,14.6,22.6,15.7,75.4,22.5,14.6,22.6,15.7,75.2,21.3,16.1,21.4,16.4,0.0,0.0,0.0,0.0,0.0
Borderline Percussion,PIA,2025,10,3,2,75.3,21.9,15.35,22.0,16.05,75.2,21.3,16.1,21.4,16.4,82.1,24.3,16.8,24.2,16.8,-0.2,-1.2,1.5,-1.2,0.7
Borderline Percussion,PIA,2025,11,1,3,77.567,22.7,15.833,22.733,16.3,82.1,24.3,16.8,24.2,16.8,83.625,25.275,16.65,24.85,16.85,6.9,3.0,0.7,2.8,0.4
Breakwater Performing Arts,PIA,2025,5,0,0,0.0,0.0,0.0,0.0,0.0,0.0,0.0,0.0,0.0,0.0,71.0,21.6,13.8,21.0,14.6,0.0,0.0,0.0,0.0,0.0
Breakwater Performing Arts,PIA,2025,7,2,1,71.0,21.6,13.8,21.0,14.6,71.0,21.6,13.8,21.0,14.6,75.15,23.55,14.5,22.1,15.0,0.0,0.0,0.0,0.0,0.0
Breakwater Performing Arts,PIA,2025,9,2,2,73.075,22.575,14.15,21.55,14.8,75.15,23.55,14.5,22.1,15.0,78.45,24.75,15.4,23.2,15.1,4.15,1.95,0.7,1.1,0.4
Breakwater Performing Arts,PIA,2025,10,1,3,74.867,23.3,14.567,22.1,14.9,78.45,24.75,15.4,23.2,15.1,78.4,23.7,15.4,23.9,15.4,3.3,1.2,0.9,1.1,0.1
Breakwater Performing Arts,PIA,2025,11,1,4,75.75,23.4,14.775,22.55,15.025,78.4,23.7,15.4,23.9,15.4,77.925,23.325,15.5,23.8,15.3,-0.05,-1.05,0.0,0.7,0.3
Breakwater Performing Arts,PIA,2025,12,1,5,76.185,23.385,14.92,22.8,15.08,77.925,23.325,15.5,23.8,15.3,80.525,24.825,15.95,23.7,16.05,-0.475,-0.375,0.1,-0.1,-0.1
Carolina Storm Indoor Percussion,PIA,2025,6,0,0,0.0,0.0,0.0,0.0,0.0,0.0,0.0,0.0,0.0,0.0,72.8,21.9,14.4,22.0,14.5,0.0,0.0,0.0,0.0,0.0
Carolina Storm Indoor Percussion,PIA,2025,12,6,1,72.8,21.9,14.4,22.0,14.5,72.8,21.9,14.4,22.0,14.5,77.5,23.7,15.35,22.8,15.65,0.0,0.0,0.0,0.0,0.0
Central Bucks School District,PIA,2025,7,0,0,0.0,0.0,0.0,0.0,0.0,0.0,0.0,0.0,0.0,0.0,70.0,21.0,22.2,13.2,13.6,0.0,0.0,0.0,0.0,0.0
Central Bucks School District,PIA,2025,8,1,1,70.0,21.0,22.2,13.2,13.6,70.0,21.0,22.2,13.2,13.6,75.45,23.3,23.55,14.4,14.2,0.0,0.0,0.0,0.0,0.0
Central Bucks School District,PIA,2025,10,2,2,72.725,22.15,22.875,13.8,13.9,75.45,23.3,23.55,14.4,14.2,77.1,25.1,21.3,15.2,15.5,5.45,2.3,1.35,1.2,0.6
Central Bucks School District,PIA,2025,11,1,3,74.183,23.133,22.35,14.267,14.433,77.1,25.1,21.3,15.2,15.5,76.35,24.4,21.75,15.0,15.2,1.65,1.8,-2.25,0.8,1.3
Cornell University,PIA,2025,6,0,0,0.0,0.0,0.0,0.0,0.0,0.0,0.0,0.0,0.0,0.0,59.4,19.5,16.8,11.7,11.4,0.0,0.0,0.0,0.0,0.0
Cornell University,PIA,2025,8,2,1,59.4,19.5,16.8,11.7,11.4,59.4,19.5,16.8,11.7,11.4,65.15,20.4,19.95,12.6,12.2,0.0,0.0,0.0,0.0,0.0
Cornell University,PIA,2025,10,2,2,62.275,19.95,18.375,12.15,11.8,65.15,20.4,19.95,12.6,12.2,70.35,21.8,21.15,13.3,14.1,5.75,0.9,3.15,0.9,0.8
Cornerstone Percussion,PIA,2025,5,0,0,0.0,0.0,0.0,0.0,0.0,0.0,0.0,0.0,0.0,0.0,74.65,23.25,15.2,21.5,14.7,0.0,0.0,0.0,0.0,0.0
Cornerstone Percussion,PIA,2025,7,2,1,74.65,23.25,15.2,21.5,14.7,74.65,23.25,15.2,21.5,14.7,77.05,22.35,15.9,22.5,16.3,0.0,0.0,0.0,0.0,0.0
Cornerstone Percussion,PIA,2025,8,1,2,75.85,22.8,15.55,22.0,15.5,77.05,22.35,15.9,22.5,16.3,82.65,25.05,16.6,24.9,16.1,2.4,-0.9,0.7,1.0,1.6
Cornerstone Percussion,PIA,2025,9,1,3,78.117,23.55,15.9,22.967,15.7,82.65,25.05,16.6,24.9,16.1,79.85,24.45,15.65,23.7,16.05,5.6,2.7,0.7,2.4,-0.2
Cornerstone Percussion,PIA,2025,10,1,4,78.55,23.775,15.838,23.15,15.788,79.85,24.45,15.65,23.7,16.05,81.55,24.15,15.8,24.3,17.3,-2.8,-0.6,-0.95,-1.2,-0.05
Cornerstone Percussion,PIA,2025,11,1,5,79.15,23.85,15.83,23.38,16.09,81.55,24.15,15.8,24.3,17.3,81.9,24.45,15.9,25.15,16.4,1.7,-0.3,0.15,0.6,1.25
ECR Independent,PIA,2025,2,0,0,0.0,0.0,0.0,0.0,0.0,0.0,0.0,0.0,0.0,0.0,69.45,22.35,13.4,20.9,12.8,0.0,0.0,0.0,0.0,0.0
ECR Independent,PIA,2025,6,4,1,69.45,22.35,13.4,20.9,12.8,69.45,22.35,13.4,20.9,12.8,74.25,22.05,14.9,22.3,15.0,0.0,0.0,0.0,0.0,0.0
ECR Independent,PIA,2025,8,2,2,71.85,22.2,14.15,21.6,13.9,74.25,22.05,14.9,22.3,15.0,81.4,25.2,16.3,24.5,15.4,4.8,-0.3,1.5,1.4,2.2
ECR Independent,PIA,2025,9,1,3,75.033,23.2,14.867,22.567,14.4,81.4,25.2,16.3,24.5,15.4,81.15,25.2,15.75,24.5,15.7,7.15,3.15,1.4,2.2,0.4
ECR Independent,PIA,2025,10,1,4,76.562,23.7,15.088,23.05,14.725,81.15,25.2,15.75,24.5,15.7,83.6,24.9,16.9,25.4,16.4,-0.25,0.0,-0.55,0.0,0.3
ECR Independent,PIA,2025,11,1,5,77.97,23.94,15.45,23.52,15.06,83.6,24.9,16.9,25.4,16.4,85.4,25.65,17.3,25.8,16.65,2.45,-0.3,1.15,0.9,0.7
El Ritmo Independent Percussion,PIA,2025,4,0,0,0.0,0.0,0.0,0.0,0.0,0.0,0.0,0.0,0.0,0.0,71.15,19.2,21.75,14.2,16.0,0.0,0.0,0.0,0.0,0.0
El Ritmo Independent Percussion,PIA,2025,6,2,1,71.15,19.2,21.75,14.2,16.0,71.15,19.2,21.75,14.2,16.0,75.7,22.3,21.9,14.9,16.6,0.0,0.0,0.0,0.0,0.0
El Ritmo Independent Percussion,PIA,2025,8,2,2,73.425,20.75,21.825,14.55,16.3,75.7,22.3,21.9,14.9,16.6,79.9,23.7,23.7,16.2,16.3,4.55,3.1,0.15,0.7,0.6
El Ritmo Independent Percussion,PIA,2025,9,1,3,75.583,21.733,22.45,15.1,16.3,79.9,23.7,23.7,16.2,16.3,83.1,25.2,23.4,17.4,17.1,4.2,1.4,1.8,1.3,-0.3
El Ritmo Independent Percussion,PIA,2025,10,1,4,77.462,22.6,22.688,15.675,16.5,83.1,25.2,23.4,17.4,17.1,82.25,25.3,24.15,16.6,16.2,3.2,1.5,-0.3,1.2,0.8
Hanford,PIA,2025,4,0,0,0.0,0.0,0.0,0.0,0.0,0.0,0.0,0.0,0.0,0.0,71.15,19.2,21.75,14.2,16.0,0.0,0.0,0.0,0.0,0.0
Hanford,PIA,2025,6,2,1,71.15,19.2,21.75,14.2,16.0,71.15,19.2,21.75,14.2,16.0,75.7,22.3,21.9,14.9,16.6,0.0,0.0,0.0,0.0,0.0
Hanford,PIA,2025,8,2,2,73.425,20.75,21.825,14.55,16.3,75.7,22.3,21.9,14.9,16.6,79.9,23.7,23.7,16.2,16.3,4.55,3.1,0.15,0.7,0.6
Hanford,PIA,2025,9,1,3,75.583,21.733,22.45,15.1,16.3,79.9,23.7,23.7,16.2,16.3,83.1,25.2,23.4,17.4,17.1,4.2,1.4,1.8,1.3,-0.3
Hanford,PIA,2025,10,1,4,77.462,22.6,22.688,15.675,16.5,83.1,25.2,23.4,17.4,17.1,82.25,25.3,24.15,16.6,16.2,3.2,1.5,-0.3,1.2,0.8
Horizon Percussion,PIA,2025,7,0,0,0.0,0.0,0.0,0.0,0.0,0.0,0.0,0.0,0.0,0.0,78.05,22.05,17.2,21.9,16.9,0.0,0.0,0.0,0.0,0.0
Horizon Percussion,PIA,2025,9,2,1,78.05,22.05,17.2,21.9,16.9,78.05,22.05,17.2,21.9,16.9,82.7,25.2,16.7,24.2,16.6,0.0,0.0,0.0,0.0,0.0
Kannapolis Independent,PIA,2025,6,0,0,0.0,0.0,0.0,0.0,0.0,0.0,0.0,0.0,0.0,0.0,78.9,24.3,15.8,23.6,15.2,0.0,0.0,0.0,0.0,0.0
Kannapolis Independent,PIA,2025,12,6,1,78.9,24.3,15.8,23.6,15.2,78.9,24.3,15.8,23.6,15.2,88.451,27.15,17.1,26.7,17.5,0.0,0.0,0.0,0.0,0.0
Lake Effect Percussion,PIA,2025,6,0,0,0.0,0.0,0.0,0.0,0.0,0.0,0.0,0.0,0.0,0.0,75.35,22.65,15.0,22.1,15.6,0.0,0.0,0.0,0.0,0.0
Lake Effect Percussion,PIA,2025,7,1,1,75.35,22.65,15.0,22.1,15.6,75.35,22.65,15.0,22.1,15.6,78.5,24.3,16.6,22.0,15.6,0.0,0.0,0.0,0.0,0.0
Lake Effect Percussion,PIA,2025,10,3,2,76.925,23.475,15.8,22.05,15.6,78.5,24.3,16.6,22.0,15.6,82.85,25.05,17.2,24.6,16.0,3.15,1.65,1.6,-0.1,0.0
Lake Effect Percussion,PIA,2025,11,1,3,78.9,24.0,16.267,22.9,15.733,82.85,25.05,17.2,24.6,16.0,84.95,25.2,17.3,26.1,16.35,4.35,0.75,0.6,2.6,0.4
Lake Effect Percussion,PIA,2025,12,1,4,80.412,24.3,16.525,23.7,15.888,84.95,25.2,17.3,26.1,16.35,89.5,27.3,18.0,26.525,17.675,2.1,0.15,0.1,1.5,0.35
Lakeville Area Percussion,PIA,2025,7,0,0,0.0,0.0,0.0,0.0,0.0,0.0,0.0,0.0,0.0,0.0,77.3,23.4,15.7,22.7,15.5,0.0,0.0,0.0,0.0,0.0
Lakeville Area Percussion,PIA,2025,12,5,1,77.3,23.4,15.7,22.7,15.5,77.3,23.4,15.7,22.7,15.5,86.026,26.1,17.125,26.0,16.8,0.0,0.0,0.0,0.0,0.0
Legacy Percussion,PIA,2025,5,0,0,0.0,0.0,0.0,0.0,0.0,0.0,0.0,0.0,0.0,0.0,72.4,21.9,14.0,22.0,14.5,0.0,0.0,0.0,0.0,0.0
Legacy Percussion,PIA,2025,12,7,1,72.4,21.9,14.0,22.0,14.5,72.4,21.9,14.0,22.0,14.5,83.201,24.75,16.5,24.925,17.025,0.0,0.0,0.0,0.0,0.0
M3,PIA,2025,7,0,0,0.0,0.0,0.0,0.0,0.0,0.0,0.0,0.0,0.0,0.0,83.75,25.05,17.2,25.2,16.3,0.0,0.0,0.0,0.0,0.0
M3,PIA,2025,12,5,1,83.75,25.05,17.2,25.2,16.3,83.75,25.05,17.2,25.2,16.3,93.9,28.5,18.6,28.25,18.55,0.0,0.0,0.0,0.0,0.0
Nomad Indoor,PIA,2025,6,0,0,0.0,0.0,0.0,0.0,0.0,0.0,0.0,0.0,0.0,0.0,82.4,24.6,16.8,24.2,16.8,0.0,0.0,0.0,0.0,0.0
Nomad Indoor,PIA,2025,12,6,1,82.4,24.6,16.8,24.2,16.8,82.4,24.6,16.8,24.2,16.8,92.65,28.275,18.525,27.7,18.15,0.0,0.0,0.0,0.0,0.0
North Star Independent,PIA,2025,7,0,0,0.0,0.0,0.0,0.0,0.0,0.0,0.0,0.0,0.0,0.0,80.2,24.3,15.9,23.5,16.5,0.0,0.0,0.0,0.0,0.0
North Star Independent,PIA,2025,12,5,1,80.2,24.3,15.9,23.5,16.5,80.2,24.3,15.9,23.5,16.5,88.875,26.325,17.35,27.4,17.8,0.0,0.0,0.0,0.0,0.0
Quad City Percussion,PIA,2025,7,0,0,0.0,0.0,0.0,0.0,0.0,0.0,0.0,0.0,0.0,0.0,72.3,21.9,15.2,20.6,14.6,0.0,0.0,0.0,0.0,0.0
Quad City Percussion,PIA,2025,12,5,1,72.3,21.9,15.2,20.6,14.6,72.3,21.9,15.2,20.6,14.6,76.475,23.25,15.6,23.325,14.3,0.0,0.0,0.0,0.0,0.0
Rochester Institute of Technology (RIT),PIA,2025,2,0,0,0.0,0.0,0.0,0.0,0.0,0.0,0.0,0.0,0.0,0.0,58.55,17.6,17.25,12.2,11.5,0.0,0.0,0.0,0.0,0.0
Rochester Institute of Technology (RIT),PIA,2025,9,7,1,58.55,17.6,17.25,12.2,11.5,58.55,17.6,17.25,12.2,11.5,66.45,20.4,20.55,13.2,12.3,0.0,0.0,0.0,0.0,0.0
Rochester Institute of Technology (RIT),PIA,2025,10,1,2,62.5,19.0,18.9,12.7,11.9,66.45,20.4,20.55,13.2,12.3,62.8,18.9,18.6,12.3,13.0,7.9,2.8,3.3,1.0,0.8
Rochester Lourdes Drumline,PIA,2025,7,0,0,0.0,0.0,0.0,0.0,0.0,0.0,0.0,0.0,0.0,0.0,81.35,24.15,16.9,23.7,16.6,0.0,0.0,0.0,0.0,0.0
Rochester Lourdes Drumline,PIA,2025,12,5,1,81.35,24.15,16.9,23.7,16.6,81.35,24.15,16.9,23.7,16.6,83.926,25.5,16.75,25.35,16.325,0.0,0.0,0.0,0.0,0.0
Valley Independent Percussion,PIA,2025,2,0,0,0.0,0.0,0.0,0.0,0.0,0.0,0.0,0.0,0.0,0.0,72.85,21.7,19.65,16.1,15.4,0.0,0.0,0.0,0.0,0.0
Valley Independent Percussion,PIA,2025,4,2,1,72.85,21.7,19.65,16.1,15.4,72.85,21.7,19.65,16.1,15.4,72.1,19.8,21.6,15.2,15.5,0.0,0.0,0.0,0.0,0.0
Valley Independent Percussion,PIA,2025,6,2,2,72.475,20.75,20.625,15.65,15.45,72.1,19.8,21.6,15.2,15.5,75.8,23.0,21.3,15.0,16.5,-0.75,-1.9,1.95,-0.9,0.1
Valley Independent Percussion,PIA,2025,8,2,3,73.583,21.5,20.85,15.433,15.8,75.8,23.0,21.3,15.0,16.5,76.2,24.1,20.7,15.6,15.8,3.7,3.2,-0.3,-0.2,1.0
Valley Independent Percussion,PIA,2025,9,1,4,74.238,22.15,20.812,15.475,15.8,76.2,24.1,20.7,15.6,15.8,79.55,24.3,22.05,17.1,16.1,0.4,1.1,-0.6,0.6,-0.7
Valley Independent Percussion,PIA,2025,10,1,5,75.3,22.58,21.06,15.8,15.86,79.55,24.3,22.05,17.1,16.1,79.65,24.7,22.95,16.2,15.8,3.35,0.2,1.35,1.5,0.3
Vortex Percussion,PIA,2025,5,0,0,0.0,0.0,0.0,0.0,0.0,0.0,0.0,0.0,0.0,0.0,73.05,23.25,14.3,21.4,14.1,0.0,0.0,0.0,0.0,0.0
Vortex Percussion,PIA,2025,7,2,1,73.05,23.25,14.3,21.4,14.1,73.05,23.25,14.3,21.4,14.1,77.75,23.85,14.9,24.0,15.0,0.0,0.0,0.0,0.0,0.0
Vortex Percussion,PIA,2025,9,2,2,75.4,23.55,14.6,22.7,14.55,77.75,23.85,14.9,24.0,15.0,81.0,25.5,14.5,24.3,16.7,4.7,0.6,0.6,2.6,0.9
Vortex Percussion,PIA,2025,11,2,3,77.267,24.2,14.567,23.233,15.267,81.0,25.5,14.5,24.3,16.7,82.05,25.95,16.7,24.0,15.4,3.25,1.65,-0.4,0.3,1.7
Vortex Percussion,PIA,2025,12,1,4,78.462,24.638,15.1,23.425,15.3,82.05,25.95,16.7,24.0,15.4,84.226,26.025,17.0,24.35,16.85,1.05,0.45,2.2,-0.3,-1.3
Arcadia HS,PSW,2026,1,0,0,0.0,0.0,0.0,0.0,0.0,0.0,0.0,0.0,0.0,0.0,78.55,24.15,15.8,22.6,16.0,0.0,0.0,0.0,0.0,0.0
Arcadia HS,PSW,2026,4,3,1,78.55,24.15,15.8,22.6,16.0,78.55,24.15,15.8,22.6,16.0,85.65,26.25,16.6,26.2,16.6,0.0,0.0,0.0,0.0,0.0
Arcadia HS,PSW,2026,5,1,2,82.1,25.2,16.2,24.4,16.3,85.65,26.25,16.6,26.2,16.6,87.2,26.4,17.6,26.6,16.6,7.1,2.1,0.8,3.6,0.6
Arcadia HS,PSW,2026,7,2,3,83.8,25.6,16.667,25.133,16.4,87.2,26.4,17.6,26.6,16.6,89.45,27.15,18.15,25.95,18.2,1.55,0.15,1.0,0.4,0.0
Ayala HS,PSW,2026,2,0,0,0.0,0.0,0.0,0.0,0.0,0.0,0.0,0.0,0.0,0.0,84.0,26.1,17.1,24.3,16.5,0.0,0.0,0.0,0.0,0.0
Ayala HS,PSW,2026,3,1,1,84.0,26.1,17.1,24.3,16.5,84.0,26.1,17.1,24.3,16.5,83.05,25.35,17.1,23.7,16.9,0.0,0.0,0.0,0.0,0.0
Ayala HS,PSW,2026,5,2,2,83.525,25.725,17.1,24.0,16.7,83.05,25.35,17.1,23.7,16.9,88.6,26.7,18.0,26.4,17.5,-0.95,-0.75,0.0,-0.6,0.4
Ayala HS,PSW,2026,7,2,3,85.217,26.05,17.4,24.8,16.967,88.6,26.7,18.0,26.4,17.5,90.375,27.15,18.65,26.025,18.55,5.55,1.35,0.9,2.7,0.6
Bridgeland HS,PSW,2026,5,0,0,0.0,0.0,0.0,0.0,0.0,0.0,0.0,0.0,0.0,0.0,85.0,25.95,16.85,25.55,16.65,0.0,0.0,0.0,0.0,0.0
Bridgeland HS,PSW,2026,8,3,1,85.0,25.95,16.85,25.55,16.65,85.0,25.95,16.85,25.55,16.65,91.325,27.825,18.35,27.15,18.0,0.0,0.0,0.0,0.0,0.0
Byrnes HS,PSW,2026,5,0,0,0.0,0.0,0.0,0.0,0.0,0.0,0.0,0.0,0.0,0.0,74.2,21.75,14.4,22.85,15.2,0.0,0.0,0.0,0.0,0.0
Byrnes HS,PSW,2026,8,3,1,74.2,21.75,14.4,22.85,15.2,74.2,21.75,14.4,22.85,15.2,80.675,24.675,15.4,24.7,15.9,0.0,0.0,0.0,0.0,0.0
Chino Hills HS,PSW,2026,2,0,0,0.0,0.0,0.0,0.0,0.0,0.0,0.0,0.0,0.0,0.0,83.4,25.2,17.0,25.1,16.1,0.0,0.0,0.0,0.0,0.0
Chino Hills HS,PSW,2026,4,2,1,83.4,25.2,17.0,25.1,16.1,83.4,25.2,17.0,25.1,16.1,89.6,27.3,17.6,27.4,17.3,0.0,0.0,0.0,0.0,0.0
Chino Hills HS,PSW,2026,7,3,2,86.5,26.25,17.3,26.25,16.7,89.6,27.3,17.6,27.4,17.3,93.325,28.05,19.05,27.35,18.875,6.2,2.1,0.6,2.3,1.2
Chino Hills HS,PSW,2026,8,1,3,88.775,26.85,17.883,26.617,17.425,93.325,28.05,19.05,27.35,18.875,94.45,28.65,19.2,27.5,19.1,3.725,0.75,1.45,-0.05,1.575
Dorman HS,PSW,2026,5,0,0,0.0,0.0,0.0,0.0,0.0,0.0,0.0,0.0,0.0,0.0,77.8,22.95,15.8,23.95,15.1,0.0,0.0,0.0,0.0,0.0
Dorman HS,PSW,2026,8,3,1,77.8,22.95,15.8,23.95,15.1,77.8,22.95,15.8,23.95,15.1,86.0,26.25,17.25,25.65,16.85,0.0,0.0,0.0,0.0,0.0
El Dorado HS,PSW,2026,2,0,0,0.0,0.0,0.0,0.0,0.0,0.0,0.0,0.0,0.0,0.0,71.3,21.9,12.8,21.6,15.0,0.0,0.0,0.0,0.0,0.0
El Dorado HS,PSW,2026,4,2,1,71.3,21.9,12.8,21.6,15.0,71.3,21.9,12.8,21.6,15.0,78.45,24.45,15.6,23.0,15.4,0.0,0.0,0.0,0.0,0.0
El Dorado HS,PSW,2026,5,1,2,74.875,23.175,14.2,22.3,15.2,78.45,24.45,15.6,23.0,15.4,81.7,25.5,16.7,24.1,15.4,7.15,2.55,2.8,1.4,0.4
El Dorado HS,PSW,2026,7,2,3,77.15,23.95,15.033,22.9,15.267,81.7,25.5,16.7,24.1,15.4,82.776,24.825,17.1,24.1,16.75,3.25,1.05,1.1,1.1,0.0
El Dorado HS,PSW,2026,8,1,4,78.556,24.169,15.55,23.2,15.638,82.776,24.825,17.1,24.1,16.75,87.2,26.7,17.3,25.6,17.6,1.076,-0.675,0.4,0.0,1.35
Etiwanda HS,PSW,2026,3,0,0,0.0,0.0,0.0,0.0,0.0,0.0,0.0,0.0,0.0,0.0,78.3,24.0,16.1,22.7,15.5,0.0,0.0,0.0,0.0,0.0
Etiwanda HS,PSW,2026,4,1,1,78.3,24.0,16.1,22.7,15.5,78.3,24.0,16.1,22.7,15.5,82.45,25.35,16.3,24.8,16.0,0.0,0.0,0.0,0.0,0.0
Etiwanda HS,PSW,2026,7,3,2,80.375,24.675,16.2,23.75,15.75,82.45,25.35,16.3,24.8,16.0,86.251,26.175,17.45,24.775,17.85,4.15,1.35,0.2,2.1,0.5
Etiwanda HS,PSW,2026,8,1,3,82.334,25.175,16.617,24.092,16.45,86.251,26.175,17.45,24.775,17.85,87.35,26.55,17.7,26.0,17.1,3.801,0.825,1.15,-0.025,1.85
Foothill HS (NV),PSW,2026,6,0,0,0.0,0.0,0.0,0.0,0.0,0.0,0.0,0.0,0.0,0.0,82.65,25.95,17.3,24.2,15.2,0.0,0.0,0.0,0.0,0.0
Foothill HS (NV),PSW,2026,7,1,1,82.65,25.95,17.3,24.2,15.2,82.65,25.95,17.3,24.2,15.2,79.826,23.925,17.2,22.55,16.15,0.0,0.0,0.0,0.0,0.0
Rowland HS,PSW,2026,1,0,0,0.0,0.0,0.0,0.0,0.0,0.0,0.0,0.0,0.0,0.0,69.4,21.0,12.8,21.3,14.3,0.0,0.0,0.0,0.0,0.0
Rowland HS,PSW,2026,3,2,1,69.4,21.0,12.8,21.3,14.3,69.4,21.0,12.8,21.3,14.3,72.3,21.9,14.5,21.8,14.1,0.0,0.0,0.0,0.0,0.0
Rowland HS,PSW,2026,5,2,2,70.85,21.45,13.65,21.55,14.2,72.3,21.9,14.5,21.8,14.1,80.05,25.05,15.6,24.0,15.4,2.9,0.9,1.7,0.5,-0.2
Rowland HS,PSW,2026,6,1,3,73.917,22.65,14.3,22.367,14.6,80.05,25.05,15.6,24.0,15.4,81.3,23.7,15.8,25.7,16.1,7.75,3.15,1.1,2.2,1.3
Vista Murrieta HS,PSW,2026,3,0,0,0.0,0.0,0.0,0.0,0.0,0.0,0.0,0.0,0.0,0.0,83.8,25.2,17.0,24.8,16.8,0.0,0.0,0.0,0.0,0.0
Vista Murrieta HS,PSW,2026,5,2,1,83.8,25.2,17.0,24.8,16.8,83.8,25.2,17.0,24.8,16.8,88.1,26.25,17.4,27.05,17.4,0.0,0.0,0.0,0.0,0.0
Vista Murrieta HS,PSW,2026,7,2,2,85.95,25.725,17.2,25.925,17.1,88.1,26.25,17.4,27.05,17.4,92.15,27.45,19.05,26.8,18.85,4.3,1.05,0.4,2.25,0.6
Walled Lake Consolidated Schools,PSW,2026,4,0,0,0.0,0.0,0.0,0.0,0.0,0.0,0.0,0.0,0.0,0.0,76.1,23.1,14.6,22.8,15.6,0.0,0.0,0.0,0.0,0.0
Walled Lake Consolidated Schools,PSW,2026,6,2,1,76.1,23.1,14.6,22.8,15.6,76.1,23.1,14.6,22.8,15.6,81.75,25.65,17.0,23.5,15.6,0.0,0.0,0.0,0.0,0.0
Walled Lake Consolidated Schools,PSW,2026,9,3,2,78.925,24.375,15.8,23.15,15.6,81.75,25.65,17.0,23.5,15.6,85.55,25.65,17.8,24.5,17.6,5.65,2.55,2.4,0.7,0.0
Arroyo HS,PSO,2026,1,0,0,0.0,0.0,0.0,0.0,0.0,0.0,0.0,0.0,0.0,0.0,69.05,20.25,13.5,21.2,14.1,0.0,0.0,0.0,0.0,0.0
Arroyo HS,PSO,2026,3,2,1,69.05,20.25,13.5,21.2,14.1,69.05,20.25,13.5,21.2,14.1,71.9,22.2,14.3,22.0,13.4,0.0,0.0,0.0,0.0,0.0
Arroyo HS,PSO,2026,6,3,2,70.475,21.225,13.9,21.6,13.75,71.9,22.2,14.3,22.0,13.4,74.126,22.725,14.7,21.9,14.8,2.85,1.95,0.8,0.8,-0.7
Basha HS,PSO,2026,5,0,0,0.0,0.0,0.0,0.0,0.0,0.0,0.0,0.0,0.0,0.0,79.925,24.675,15.75,23.95,15.55,0.0,0.0,0.0,0.0,0.0
Basha HS,PSO,2026,6,1,1,79.925,24.675,15.75,23.95,15.55,79.925,24.675,15.75,23.95,15.55,84.25,25.35,17.0,25.4,16.5,0.0,0.0,0.0,0.0,0.0
Branham HS,PSO,2026,4,0,0,0.0,0.0,0.0,0.0,0.0,0.0,0.0,0.0,0.0,0.0,78.25,23.85,15.1,24.5,14.8,0.0,0.0,0.0,0.0,0.0
Branham HS,PSO,2026,7,3,1,78.25,23.85,15.1,24.5,14.8,78.25,23.85,15.1,24.5,14.8,84.85,25.65,16.8,25.55,16.85,0.0,0.0,0.0,0.0,0.0
Buena HS,PSO,2026,2,0,0,0.0,0.0,0.0,0.0,0.0,0.0,0.0,0.0,0.0,0.0,65.951,19.95,13.1,18.3,14.6,0.0,0.0,0.0,0.0,0.0
Buena HS,PSO,2026,5,3,1,65.951,19.95,13.1,18.3,14.6,65.951,19.95,13.1,18.3,14.6,76.201,22.2,16.6,22.7,14.7,0.0,0.0,0.0,0.0,0.0
Buena HS,PSO,2026,8,3,2,71.076,21.075,14.85,20.5,14.65,76.201,22.2,16.6,22.7,14.7,74.8,22.8,14.4,22.1,15.5,10.25,2.25,3.5,4.4,0.1
Carlsbad HS,PSO,2026,4,0,0,0.0,0.0,0.0,0.0,0.0,0.0,0.0,0.0,0.0,0.0,70.801,23.1,13.0,22.1,12.6,0.0,0.0,0.0,0.0,0.0
Carlsbad HS,PSO,2026,6,2,1,70.801,23.1,13.0,22.1,12.6,70.801,23.1,13.0,22.1,12.6,72.75,20.85,14.3,23.25,14.35,0.0,0.0,0.0,0.0,0.0
Carlsbad HS,PSO,2026,7,1,2,71.776,21.975,13.65,22.675,13.475,72.75,20.85,14.3,23.25,14.35,79.05,25.95,13.6,22.7,16.8,1.949,-2.25,1.3,1.15,1.75
Carlsbad HS,PSO,2026,8,1,3,74.2,23.3,13.633,22.683,14.583,79.05,25.95,13.6,22.7,16.8,80.55,24.75,15.3,24.0,16.5,6.3,5.1,-0.7,-0.55,2.45
Casa Grande HS,PSO,2026,4,0,0,0.0,0.0,0.0,0.0,0.0,0.0,0.0,0.0,0.0,0.0,77.55,23.25,15.4,23.2,15.7,0.0,0.0,0.0,0.0,0.0
Casa Grande HS,PSO,2026,5,1,1,77.55,23.25,15.4,23.2,15.7,77.55,23.25,15.4,23.2,15.7,80.325,24.525,15.25,24.85,15.7,0.0,0.0,0.0,0.0,0.0
Cerritos HS,PSO,2026,2,0,0,0.0,0.0,0.0,0.0,0.0,0.0,0.0,0.0,0.0,0.0,70.8,21.6,13.3,20.9,15.0,0.0,0.0,0.0,0.0,0.0
Cerritos HS,PSO,2026,5,3,1,70.8,21.6,13.3,20.9,15.0,70.8,21.6,13.3,20.9,15.0,78.5,24.0,16.0,22.5,16.0,0.0,0.0,0.0,0.0,0.0
Cerritos HS,PSO,2026,8,3,2,74.65,22.8,14.65,21.7,15.5,78.5,24.0,16.0,22.5,16.0,81.3,23.7,16.4,25.8,15.4,7.7,2.4,2.7,1.6,1.0
Chaparral HS,PSO,2026,3,0,0,0.0,0.0,0.0,0.0,0.0,0.0,0.0,0.0,0.0,0.0,72.25,21.75,14.4,22.4,13.7,0.0,0.0,0.0,0.0,0.0
Chaparral HS,PSO,2026,5,2,1,72.25,21.75,14.4,22.4,13.7,72.25,21.75,14.4,22.4,13.7,76.3,22.5,15.8,23.7,14.3,0.0,0.0,0.0,0.0,0.0
Chaparral HS,PSO,2026,6,1,2,74.275,22.125,15.1,23.05,14.0,76.3,22.5,15.8,23.7,14.3,77.951,23.55,15.5,23.3,15.6,4.05,0.75,1.4,1.3,0.6
Chino HS,PSO,2026,3,0,0,0.0,0.0,0.0,0.0,0.0,0.0,0.0,0.0,0.0,0.0,77.025,23.325,15.5,23.5,14.7,0.0,0.0,0.0,0.0,0.0
Chino HS,PSO,2026,5,2,1,77.025,23.325,15.5,23.5,14.7,77.025,23.325,15.5,23.5,14.7,75.701,22.95,15.2,22.45,15.1,0.0,0.0,0.0,0.0,0.0
Chino HS,PSO,2026,7,2,2,76.363,23.138,15.35,22.975,14.9,75.701,22.95,15.2,22.45,15.1,84.35,26.55,16.3,24.6,16.9,-1.324,-0.375,-0.3,-1.05,0.4
Downingtown HS West,PSO,2026,2,0,0,0.0,0.0,0.0,0.0,0.0,0.0,0.0,0.0,0.0,0.0,68.9,21.6,13.8,20.0,13.5,0.0,0.0,0.0,0.0,0.0
Downingtown HS West,PSO,2026,4,2,1,68.9,21.6,13.8,20.0,13.5,68.9,21.6,13.8,20.0,13.5,77.4,22.2,15.3,23.5,16.4,0.0,0.0,0.0,0.0,0.0
Downingtown HS West,PSO,2026,5,1,2,73.15,21.9,14.55,21.75,14.95,77.4,22.2,15.3,23.5,16.4,79.0,24.0,16.0,24.2,14.8,8.5,0.6,1.5,3.5,2.9
Downingtown West HS,PSO,2026,8,0,0,0.0,0.0,0.0,0.0,0.0,0.0,0.0,0.0,0.0,0.0,81.6,24.3,16.6,24.5,16.2,0.0,0.0,0.0,0.0,0.0
Downingtown West HS,PSO,2026,9,1,1,81.6,24.3,16.6,24.5,16.2,81.6,24.3,16.6,24.5,16.2,80.05,23.85,16.8,23.9,15.5,0.0,0.0,0.0,0.0,0.0
Dublin HS,PSO,2026,7,0,0,0.0,0.0,0.0,0.0,0.0,0.0,0.0,0.0,0.0,0.0,82.35,25.05,16.6,25.1,15.6,0.0,0.0,0.0,0.0,0.0
Dublin HS,PSO,2026,8,1,1,82.35,25.05,16.6,25.1,15.6,82.35,25.05,16.6,25.1,15.6,77.701,24.0,15.0,22.9,15.8,0.0,0.0,0.0,0.0,0.0
El Toro HS,PSO,2026,1,0,0,0.0,0.0,0.0,0.0,0.0,0.0,0.0,0.0,0.0,0.0,73.55,21.75,14.5,22.2,15.1,0.0,0.0,0.0,0.0,0.0
El Toro HS,PSO,2026,6,5,1,73.55,21.75,14.5,22.2,15.1,73.55,21.75,14.5,22.2,15.1,82.65,24.45,16.6,25.5,16.1,0.0,0.0,0.0,0.0,0.0
El Toro HS,PSO,2026,7,1,2,78.1,23.1,15.55,23.85,15.6,82.65,24.45,16.6,25.5,16.1,80.625,26.325,14.2,25.4,14.7,9.1,2.7,2.1,3.3,1.0
Fountain Valley HS,PSO,2026,2,0,0,0.0,0.0,0.0,0.0,0.0,0.0,0.0,0.0,0.0,0.0,69.451,20.85,13.2,21.5,13.9,0.0,0.0,0.0,0.0,0.0
Fountain Valley HS,PSO,2026,5,3,1,69.451,20.85,13.2,21.5,13.9,69.451,20.85,13.2,21.5,13.9,77.2,23.7,14.8,23.3,15.4,0.0,0.0,0.0,0.0,0.0
Fountain Valley HS,PSO,2026,7,2,2,73.326,22.275,14.0,22.4,14.65,77.2,23.7,14.8,23.3,15.4,75.45,25.05,14.4,22.0,14.0,7.749,2.85,1.6,1.8,1.5
Fountain Valley HS,PSO,2026,8,1,3,74.034,23.2,14.133,22.267,14.433,75.45,25.05,14.4,22.0,14.0,79.85,23.85,16.0,24.3,15.7,-1.75,1.35,-0.4,-1.3,-1.4
Gahr HS,PSO,2026,2,0,0,0.0,0.0,0.0,0.0,0.0,0.0,0.0,0.0,0.0,0.0,73.3,22.8,13.9,22.1,14.5,0.0,0.0,0.0,0.0,0.0
Gahr HS,PSO,2026,5,3,1,73.3,22.8,13.9,22.1,14.5,73.3,22.8,13.9,22.1,14.5,81.3,24.15,16.3,24.75,16.1,0.0,0.0,0.0,0.0,0.0
Gahr HS,PSO,2026,7,2,2,77.3,23.475,15.1,23.425,15.3,81.3,24.15,16.3,24.75,16.1,82.801,24.3,16.9,25.6,16.0,8.0,1.35,2.4,2.65,1.6
Great Oak HS,PSO,2026,3,0,0,0.0,0.0,0.0,0.0,0.0,0.0,0.0,0.0,0.0,0.0,79.05,23.25,15.4,24.2,16.2,0.0,0.0,0.0,0.0,0.0
Great Oak HS,PSO,2026,4,1,1,79.05,23.25,15.4,24.2,16.2,79.05,23.25,15.4,24.2,16.2,83.4,25.5,16.5,25.6,15.8,0.0,0.0,0.0,0.0,0.0
Great Oak HS,PSO,2026,6,2,2,81.225,24.375,15.95,24.9,16.0,83.4,25.5,16.5,25.6,15.8,82.975,24.975,17.3,23.8,16.9,4.35,2.25,1.1,1.4,-0.4
Great Oak HS,PSO,2026,7,1,3,81.808,24.575,16.4,24.533,16.3,82.975,24.975,17.3,23.8,16.9,88.675,27.525,18.0,25.5,17.65,-0.425,-0.525,0.8,-1.8,1.1
Halls HS,PSO,2026,5,0,0,0.0,0.0,0.0,0.0,0.0,0.0,0.0,0.0,0.0,0.0,82.55,25.35,16.5,24.4,16.3,0.0,0.0,0.0,0.0,0.0
Halls HS,PSO,2026,7,2,1,82.55,25.35,16.5,24.4,16.3,82.55,25.35,16.5,24.4,16.3,77.3,22.5,15.3,24.0,15.5,0.0,0.0,0.0,0.0,0.0
Halls Indoor Percussion Ensemble,PSO,2026,4,0,0,0.0,0.0,0.0,0.0,0.0,0.0,0.0,0.0,0.0,0.0,73.4,23.0,22.2,14.7,13.5,0.0,0.0,0.0,0.0,0.0
Halls Indoor Percussion Ensemble,PSO,2026,9,5,1,73.4,23.0,22.2,14.7,13.5,73.4,23.0,22.2,14.7,13.5,82.65,24.5,25.35,16.8,16.0,0.0,0.0,0.0,0.0,0.0
Hernando HS,PSO,2026,5,0,0,0.0,0.0,0.0,0.0,0.0,0.0,0.0,0.0,0.0,0.0,79.4,25.2,15.3,22.7,16.2,0.0,0.0,0.0,0.0,0.0
Hernando HS,PSO,2026,7,2,1,79.4,25.2,15.3,22.7,16.2,79.4,25.2,15.3,22.7,16.2,83.975,24.375,17.4,24.9,17.3,0.0,0.0,0.0,0.0,0.0
Hoover HS,PSO,2026,2,0,0,0.0,0.0,0.0,0.0,0.0,0.0,0.0,0.0,0.0,0.0,69.6,23.1,12.8,20.5,13.2,0.0,0.0,0.0,0.0,0.0
Hoover HS,PSO,2026,5,3,1,69.6,23.1,12.8,20.5,13.2,69.6,23.1,12.8,20.5,13.2,78.45,24.3,16.8,23.65,13.7,0.0,0.0,0.0,0.0,0.0
Hoover HS,PSO,2026,8,3,2,74.025,23.7,14.8,22.075,13.45,78.45,24.3,16.8,23.65,13.7,83.1,25.2,16.6,24.7,16.6,8.85,1.2,4.0,3.15,0.5
Hudsonville Winter Percussion,PSO,2026,3,0,0,0.0,0.0,0.0,0.0,0.0,0.0,0.0,0.0,0.0,0.0,67.6,20.7,13.6,19.8,13.5,0.0,0.0,0.0,0.0,0.0
Hudsonville Winter Percussion,PSO,2026,8,5,1,67.6,20.7,13.6,19.8,13.5,67.6,20.7,13.6,19.8,13.5,83.15,25.35,16.1,24.9,16.8,0.0,0.0,0.0,0.0,0.0
Hudsonville Winter Percussion,PSO,2026,9,1,2,75.375,23.025,14.85,22.35,15.15,83.15,25.35,16.1,24.9,16.8,85.4,25.8,16.7,25.2,17.7,15.55,4.65,2.5,5.1,3.3
Kettering Fairmont HS,PSO,2026,5,0,0,0.0,0.0,0.0,0.0,0.0,0.0,0.0,0.0,0.0,0.0,79.475,23.925,16.3,23.45,15.8,0.0,0.0,0.0,0.0,0.0
Kettering Fairmont HS,PSO,2026,7,2,1,79.475,23.925,16.3,23.45,15.8,79.475,23.925,16.3,23.45,15.8,78.275,23.325,16.2,23.3,15.45,0.0,0.0,0.0,0.0,0.0
Kingsway Regional,PSO,2026,2,0,0,0.0,0.0,0.0,0.0,0.0,0.0,0.0,0.0,0.0,0.0,68.45,19.95,14.6,19.8,14.1,0.0,0.0,0.0,0.0,0.0
Kingsway Regional,PSO,2026,3,1,1,68.45,19.95,14.6,19.8,14.1,68.45,19.95,14.6,19.8,14.1,69.95,20.25,14.0,21.7,14.0,0.0,0.0,0.0,0.0,0.0
Kingsway Regional,PSO,2026,4,1,2,69.2,20.1,14.3,20.75,14.05,69.95,20.25,14.0,21.7,14.0,76.15,22.35,15.0,23.0,15.8,1.5,0.3,-0.6,1.9,-0.1
Kingsway Regional,PSO,2026,7,3,3,71.517,20.85,14.533,21.5,14.633,76.15,22.35,15.0,23.0,15.8,77.5,23.7,15.0,23.4,15.4,6.2,2.1,1.0,1.3,1.8
Kingsway Regional,PSO,2026,9,2,4,73.012,21.562,14.65,21.975,14.825,77.5,23.7,15.0,23.4,15.4,78.35,23.55,15.9,23.3,15.6,1.35,1.35,0.0,0.4,-0.4
Los Osos HS,PSO,2026,5,0,0,0.0,0.0,0.0,0.0,0.0,0.0,0.0,0.0,0.0,0.0,77.201,23.25,15.6,23.35,15.0,0.0,0.0,0.0,0.0,0.0
Los Osos HS,PSO,2026,6,1,1,77.201,23.25,15.6,23.35,15.0,77.201,23.25,15.6,23.35,15.0,74.951,21.75,15.7,22.0,15.5,0.0,0.0,0.0,0.0,0.0
Los Osos HS,PSO,2026,8,2,2,76.076,22.5,15.65,22.675,15.25,74.951,21.75,15.7,22.0,15.5,79.076,23.175,15.5,23.3,17.1,-2.25,-1.5,0.1,-1.35,0.5
Mission Hills HS,PSO,2026,4,0,0,0.0,0.0,0.0,0.0,0.0,0.0,0.0,0.0,0.0,0.0,77.35,24.15,15.1,22.6,15.5,0.0,0.0,0.0,0.0,0.0
Mission Hills HS,PSO,2026,5,1,1,77.35,24.15,15.1,22.6,15.5,77.35,24.15,15.1,22.6,15.5,80.775,24.225,16.5,24.6,15.45,0.0,0.0,0.0,0.0,0.0
Mission Hills HS,PSO,2026,8,3,2,79.062,24.188,15.8,23.6,15.475,80.775,24.225,16.5,24.6,15.45,81.0,24.3,16.1,23.8,16.8,3.425,0.075,1.4,2.0,-0.05
Mission Viejo HS,PSO,2026,3,0,0,0.0,0.0,0.0,0.0,0.0,0.0,0.0,0.0,0.0,0.0,77.2,23.1,15.1,23.1,15.9,0.0,0.0,0.0,0.0,0.0
Mission Viejo HS,PSO,2026,6,3,1,77.2,23.1,15.1,23.1,15.9,77.2,23.1,15.1,23.1,15.9,78.05,22.5,16.1,24.1,15.35,0.0,0.0,0.0,0.0,0.0
Mission Viejo HS,PSO,2026,7,1,2,77.625,22.8,15.6,23.6,15.625,78.05,22.5,16.1,24.1,15.35,80.85,25.65,15.5,24.5,15.2,0.85,-0.6,1.0,1.0,-0.55
Ninety Six HS,PSO,2026,5,0,0,0.0,0.0,0.0,0.0,0.0,0.0,0.0,0.0,0.0,0.0,80.125,23.925,16.3,24.25,15.65,0.0,0.0,0.0,0.0,0.0
Ninety Six HS,PSO,2026,8,3,1,80.125,23.925,16.3,24.25,15.65,80.125,23.925,16.3,24.25,15.65,85.875,25.875,16.8,26.3,16.9,0.0,0.0,0.0,0.0,0.0
Noblesville HS,PSO,2026,5,0,0,0.0,0.0,0.0,0.0,0.0,0.0,0.0,0.0,0.0,0.0,83.55,25.8,17.05,24.25,16.45,0.0,0.0,0.0,0.0,0.0
Noblesville HS,PSO,2026,7,2,1,83.55,25.8,17.05,24.25,16.45,83.55,25.8,17.05,24.25,16.45,87.5,24.6,17.7,26.8,18.4,0.0,0.0,0.0,0.0,0.0
North Forsyth HS,PSO,2026,5,0,0,0.0,0.0,0.0,0.0,0.0,0.0,0.0,0.0,0.0,0.0,76.0,23.1,14.6,24.3,14.0,0.0,0.0,0.0,0.0,0.0
North Forsyth HS,PSO,2026,8,3,1,76.0,23.1,14.6,24.3,14.0,76.0,23.1,14.6,24.3,14.0,80.95,25.35,15.7,24.6,15.3,0.0,0.0,0.0,0.0,0.0
North Penn,PSO,2026,8,0,0,0.0,0.0,0.0,0.0,0.0,0.0,0.0,0.0,0.0,0.0,84.6,24.9,17.0,25.5,17.2,0.0,0.0,0.0,0.0,0.0
North Penn,PSO,2026,9,1,1,84.6,24.9,17.0,25.5,17.2,84.6,24.9,17.0,25.5,17.2,85.15,25.35,17.3,25.5,17.0,0.0,0.0,0.0,0.0,0.0
Old Bridge,PSO,2026,5,0,0,0.0,0.0,0.0,0.0,0.0,0.0,0.0,0.0,0.0,0.0,75.3,22.5,15.1,23.4,14.3,0.0,0.0,0.0,0.0,0.0
Old Bridge,PSO,2026,7,2,1,75.3,22.5,15.1,23.4,14.3,75.3,22.5,15.1,23.4,14.3,82.2,24.6,16.3,25.0,16.3,0.0,0.0,0.0,0.0,0.0
Old Bridge,PSO,2026,8,1,2,78.75,23.55,15.7,24.2,15.3,82.2,24.6,16.3,25.0,16.3,82.55,24.45,16.4,25.2,16.5,6.9,2.1,1.2,1.6,2.0
Old Bridge,PSO,2026,9,1,3,80.017,23.85,15.933,24.533,15.7,82.55,24.45,16.4,25.2,16.5,82.875,24.975,16.9,24.5,16.5,0.35,-0.15,0.1,0.2,0.2
Pace Indoor Percussion,PSO,2026,1,0,0,0.0,0.0,0.0,0.0,0.0,0.0,0.0,0.0,0.0,0.0,74.8,24.6,14.2,21.8,14.2,0.0,0.0,0.0,0.0,0.0
Pace Indoor Percussion,PSO,2026,3,2,1,74.8,24.6,14.2,21.8,14.2,74.8,24.6,14.2,21.8,14.2,75.3,23.7,15.9,21.0,14.7,0.0,0.0,0.0,0.0,0.0
Pace Indoor Percussion,PSO,2026,5,2,2,75.05,24.15,15.05,21.4,14.45,75.3,23.7,15.9,21.0,14.7,77.05,23.85,16.0,22.6,14.6,0.5,-0.9,1.7,-0.8,0.5
Pacifica HS,PSO,2026,2,0,0,0.0,0.0,0.0,0.0,0.0,0.0,0.0,0.0,0.0,0.0,73.65,21.75,15.4,21.2,15.3,0.0,0.0,0.0,0.0,0.0
Pacifica HS,PSO,2026,4,2,1,73.65,21.75,15.4,21.2,15.3,73.65,21.75,15.4,21.2,15.3,81.75,25.05,16.3,24.0,16.4,0.0,0.0,0.0,0.0,0.0
Pacifica HS,PSO,2026,7,3,2,77.7,23.4,15.85,22.6,15.85,81.75,25.05,16.3,24.0,16.4,87.05,27.3,17.6,24.95,17.2,8.1,3.3,0.9,2.8,1.1
Pacifica HS,PSO,2026,8,1,3,80.817,24.7,16.433,23.383,16.3,87.05,27.3,17.6,24.95,17.2,85.8,26.1,16.8,25.7,17.2,5.3,2.25,1.3,0.95,0.8
Papillion-La Vista South HS,PSO,2026,5,0,0,0.0,0.0,0.0,0.0,0.0,0.0,0.0,0.0,0.0,0.0,81.05,23.85,16.2,24.4,16.6,0.0,0.0,0.0,0.0,0.0
Papillion-La Vista South HS,PSO,2026,8,3,1,81.05,23.85,16.2,24.4,16.6,81.05,23.85,16.2,24.4,16.6,84.2,26.4,16.8,24.3,16.7,0.0,0.0,0.0,0.0,0.0
Papillion-La Vista South HS,PSO,2026,9,1,2,82.625,25.125,16.5,24.35,16.65,84.2,26.4,16.8,24.3,16.7,83.9,25.5,17.1,25.1,16.2,3.15,2.55,0.6,-0.1,0.1
Pflugerville HS,PSO,2026,5,0,0,0.0,0.0,0.0,0.0,0.0,0.0,0.0,0.0,0.0,0.0,78.95,23.85,15.8,24.0,15.3,0.0,0.0,0.0,0.0,0.0
Pflugerville HS,PSO,2026,8,3,1,78.95,23.85,15.8,24.0,15.3,78.95,23.85,15.8,24.0,15.3,78.201,23.4,14.6,23.8,16.4,0.0,0.0,0.0,0.0,0.0
Plymouth-Canton Educational Park,PSO,2026,4,0,0,0.0,0.0,0.0,0.0,0.0,0.0,0.0,0.0,0.0,0.0,71.3,22.5,13.5,20.7,14.6,0.0,0.0,0.0,0.0,0.0
Plymouth-Canton Educational Park,PSO,2026,6,2,1,71.3,22.5,13.5,20.7,14.6,71.3,22.5,13.5,20.7,14.6,81.25,24.75,16.6,23.8,16.1,0.0,0.0,0.0,0.0,0.0
Plymouth-Canton Educational Park,PSO,2026,7,1,2,76.275,23.625,15.05,22.25,15.35,81.25,24.75,16.6,23.8,16.1,83.1,25.2,17.0,24.4,16.5,9.95,2.25,3.1,3.1,1.5
Rancho Cucamonga HS,PSO,2026,3,0,0,0.0,0.0,0.0,0.0,0.0,0.0,0.0,0.0,0.0,0.0,82.875,24.375,16.5,25.0,17.0,0.0,0.0,0.0,0.0,0.0
Rancho Cucamonga HS,PSO,2026,4,1,1,82.875,24.375,16.5,25.0,17.0,82.875,24.375,16.5,25.0,17.0,84.45,25.95,16.6,25.1,16.8,0.0,0.0,0.0,0.0,0.0
Rancho Cucamonga HS,PSO,2026,7,3,2,83.662,25.162,16.55,25.05,16.9,84.45,25.95,16.6,25.1,16.8,88.3,27.75,17.5,25.35,17.7,1.575,1.575,0.1,0.1,-0.2
Rancho Cucamonga HS,PSO,2026,8,1,3,85.208,26.025,16.867,25.15,17.167,88.3,27.75,17.5,25.35,17.7,89.2,27.0,18.0,26.2,18.0,3.85,1.8,0.9,0.25,0.9
Sonia Sotomayor HS,PSO,2026,5,0,0,0.0,0.0,0.0,0.0,0.0,0.0,0.0,0.0,0.0,0.0,84.575,25.275,16.9,25.2,17.2,0.0,0.0,0.0,0.0,0.0
Sonia Sotomayor HS,PSO,2026,8,3,1,84.575,25.275,16.9,25.2,17.2,84.575,25.275,16.9,25.2,17.2,86.775,26.55,17.625,24.85,17.75,0.0,0.0,0.0,0.0,0.0
South Torrance HS,PSO,2026,3,0,0,0.0,0.0,0.0,0.0,0.0,0.0,0.0,0.0,0.0,0.0,69.451,21.15,14.7,20.9,12.7,0.0,0.0,0.0,0.0,0.0
South Torrance HS,PSO,2026,5,2,1,69.451,21.15,14.7,20.9,12.7,69.451,21.15,14.7,20.9,12.7,68.8,21.3,13.0,21.3,13.2,0.0,0.0,0.0,0.0,0.0
South Torrance HS,PSO,2026,6,1,2,69.125,21.225,13.85,21.1,12.95,68.8,21.3,13.0,21.3,13.2,70.625,20.775,14.1,21.5,14.25,-0.651,0.15,-1.7,0.4,0.5
Spring-Ford,PSO,2026,3,0,0,0.0,0.0,0.0,0.0,0.0,0.0,0.0,0.0,0.0,0.0,77.85,23.85,15.0,23.9,15.1,0.0,0.0,0.0,0.0,0.0
Spring-Ford,PSO,2026,4,1,1,77.85,23.85,15.0,23.9,15.1,77.85,23.85,15.0,23.9,15.1,80.05,23.85,16.4,23.6,16.2,0.0,0.0,0.0,0.0,0.0
Spring-Ford,PSO,2026,8,4,2,78.95,23.85,15.7,23.75,15.65,80.05,23.85,16.4,23.6,16.2,84.3,24.6,16.7,26.4,16.6,2.2,0.0,1.4,-0.3,1.1
Spring-Ford,PSO,2026,9,1,3,80.733,24.1,16.033,24.633,15.967,84.3,24.6,16.7,26.4,16.6,81.95,25.05,17.5,23.0,16.4,4.25,0.75,0.3,2.8,0.4
Stockdale HS,PSO,2026,3,0,0,0.0,0.0,0.0,0.0,0.0,0.0,0.0,0.0,0.0,0.0,73.55,21.75,14.9,22.8,14.1,0.0,0.0,0.0,0.0,0.0
Stockdale HS,PSO,2026,8,5,1,73.55,21.75,14.9,22.8,14.1,73.55,21.75,14.9,22.8,14.1,77.501,22.5,15.7,23.9,15.4,0.0,0.0,0.0,0.0,0.0
Tupelo HS,PSO,2026,5,0,0,0.0,0.0,0.0,0.0,0.0,0.0,0.0,0.0,0.0,0.0,71.901,22.5,14.9,20.2,14.3,0.0,0.0,0.0,0.0,0.0
Tupelo HS,PSO,2026,8,3,1,71.901,22.5,14.9,20.2,14.3,71.901,22.5,14.9,20.2,14.3,77.901,22.65,14.8,25.0,15.45,0.0,0.0,0.0,0.0,0.0
Valencia HS,PSO,2026,2,0,0,0.0,0.0,0.0,0.0,0.0,0.0,0.0,0.0,0.0,0.0,68.701,20.7,13.6,20.8,13.6,0.0,0.0,0.0,0.0,0.0
Valencia HS,PSO,2026,6,4,1,68.701,20.7,13.6,20.8,13.6,68.701,20.7,13.6,20.8,13.6,78.2,23.4,16.3,22.6,15.9,0.0,0.0,0.0,0.0,0.0
Valencia HS,PSO,2026,7,1,2,73.45,22.05,14.95,21.7,14.75,78.2,23.4,16.3,22.6,15.9,82.501,27.15,14.8,23.8,16.75,9.499,2.7,2.7,1.8,2.3
Victor,PSO,2026,1,0,0,0.0,0.0,0.0,0.0,0.0,0.0,0.0,0.0,0.0,0.0,66.0,19.7,19.5,13.2,13.6,0.0,0.0,0.0,0.0,0.0
Victor,PSO,2026,7,6,1,66.0,19.7,19.5,13.2,13.6,66.0,19.7,19.5,13.2,13.6,81.2,23.8,24.9,16.2,16.3,0.0,0.0,0.0,0.0,0.0
Victor,PSO,2026,8,1,2,73.6,21.75,22.2,14.7,14.95,81.2,23.8,24.9,16.2,16.3,84.8,25.2,25.8,16.9,16.9,15.2,4.1,5.4,3.0,2.7
Victor HS,PSO,2026,3,0,0,0.0,0.0,0.0,0.0,0.0,0.0,0.0,0.0,0.0,0.0,69.8,19.8,13.6,21.4,15.0,0.0,0.0,0.0,0.0,0.0
Victor HS,PSO,2026,5,2,1,69.8,19.8,13.6,21.4,15.0,69.8,19.8,13.6,21.4,15.0,76.625,22.875,15.95,22.4,15.4,0.0,0.0,0.0,0.0,0.0
Victor J. Andrew HS,PSO,2026,4,0,0,0.0,0.0,0.0,0.0,0.0,0.0,0.0,0.0,0.0,0.0,80.85,24.15,16.8,22.9,17.0,0.0,0.0,0.0,0.0,0.0
Victor J. Andrew HS,PSO,2026,7,3,1,80.85,24.15,16.8,22.9,17.0,80.85,24.15,16.8,22.9,17.0,89.5,27.0,18.1,26.4,18.0,0.0,0.0,0.0,0.0,0.0
Walnut HS,PSO,2026,5,0,0,0.0,0.0,0.0,0.0,0.0,0.0,0.0,0.0,0.0,0.0,73.801,22.05,14.2,23.55,14.0,0.0,0.0,0.0,0.0,0.0
Walnut HS,PSO,2026,8,3,1,73.801,22.05,14.2,23.55,14.0,73.801,22.05,14.2,23.55,14.0,72.4,21.3,13.4,23.0,14.7,0.0,0.0,0.0,0.0,0.0
West HS,PSO,2026,3,0,0,0.0,0.0,0.0,0.0,0.0,0.0,0.0,0.0,0.0,0.0,69.201,20.1,13.6,22.2,13.3,0.0,0.0,0.0,0.0,0.0
West HS,PSO,2026,5,2,1,69.201,20.1,13.6,22.2,13.3,69.201,20.1,13.6,22.2,13.3,73.551,22.35,14.6,21.8,14.8,0.0,0.0,0.0,0.0,0.0
West HS,PSO,2026,8,3,2,71.376,21.225,14.1,22.0,14.05,73.551,22.35,14.6,21.8,14.8,74.1,21.9,14.6,21.6,16.0,4.35,2.25,1.0,-0.4,1.5
West Ranch HS,PSO,2026,4,0,0,0.0,0.0,0.0,0.0,0.0,0.0,0.0,0.0,0.0,0.0,72.001,22.5,13.1,23.4,13.0,0.0,0.0,0.0,0.0,0.0
West Ranch HS,PSO,2026,5,1,1,72.001,22.5,13.1,23.4,13.0,72.001,22.5,13.1,23.4,13.0,73.3,21.9,13.6,22.9,14.9,0.0,0.0,0.0,0.0,0.0
West Ranch HS,PSO,2026,7,2,2,72.65,22.2,13.35,23.15,13.95,73.3,21.9,13.6,22.9,14.9,75.15,24.45,13.7,22.9,14.1,1.299,-0.6,0.5,-0.5,1.9
West Ranch HS,PSO,2026,8,1,3,73.484,22.95,13.467,23.067,14.0,75.15,24.45,13.7,22.9,14.1,78.65,22.95,14.4,26.3,15.0,1.85,2.55,0.1,0.0,-0.8
West Shore School District,PSO,2026,6,0,0,0.0,0.0,0.0,0.0,0.0,0.0,0.0,0.0,0.0,0.0,81.15,25.05,16.1,24.2,15.8,0.0,0.0,0.0,0.0,0.0
West Shore School District,PSO,2026,7,1,1,81.15,25.05,16.1,24.2,15.8,81.15,25.05,16.1,24.2,15.8,85.55,25.95,17.1,25.6,16.9,0.0,0.0,0.0,0.0,0.0
Woodbridge HS,PSO,2026,6,0,0,0.0,0.0,0.0,0.0,0.0,0.0,0.0,0.0,0.0,0.0,75.551,22.65,15.2,23.4,14.3,0.0,0.0,0.0,0.0,0.0
Woodbridge HS,PSO,2026,7,1,1,75.551,22.65,15.2,23.4,14.3,75.551,22.65,15.2,23.4,14.3,80.0,25.35,14.0,24.55,16.1,0.0,0.0,0.0,0.0,0.0
Woodbridge HS,PSO,2026,8,1,2,77.776,24.0,14.6,23.975,15.2,80.0,25.35,14.0,24.55,16.1,81.45,23.55,17.0,24.5,16.4,4.449,2.7,-1.2,1.15,1.8
Zionsville Community HS,PSO,2026,5,0,0,0.0,0.0,0.0,0.0,0.0,0.0,0.0,0.0,0.0,0.0,82.775,24.675,16.75,24.6,16.75,0.0,0.0,0.0,0.0,0.0
Zionsville Community HS,PSO,2026,7,2,1,82.775,24.675,16.75,24.6,16.75,82.775,24.675,16.75,24.6,16.75,89.375,26.475,17.95,27.275,17.675,0.0,0.0,0.0,0.0,0.0
Alcoa Indoor Percussion,PSA,2026,4,0,0,0.0,0.0,0.0,0.0,0.0,0.0,0.0,0.0,0.0,0.0,67.85,19.2,21.15,13.7,13.8,0.0,0.0,0.0,0.0,0.0
Alcoa Indoor Percussion,PSA,2026,9,5,1,67.85,19.2,21.15,13.7,13.8,67.85,19.2,21.15,13.7,13.8,79.251,22.6,23.25,16.9,16.5,0.0,0.0,0.0,0.0,0.0
Avon Grove,PSA,2026,4,0,0,0.0,0.0,0.0,0.0,0.0,0.0,0.0,0.0,0.0,0.0,72.6,21.0,15.8,20.4,15.4,0.0,0.0,0.0,0.0,0.0
Avon Grove,PSA,2026,8,4,1,72.6,21.0,15.8,20.4,15.4,72.6,21.0,15.8,20.4,15.4,75.3,21.9,16.4,20.6,16.4,0.0,0.0,0.0,0.0,0.0
Avon Grove,PSA,2026,9,1,2,73.95,21.45,16.1,20.5,15.9,75.3,21.9,16.4,20.6,16.4,77.75,22.95,15.65,21.85,17.3,2.7,0.9,0.6,0.2,1.0
Avon Lake Indoor Percussion,PSA,2026,5,0,0,0.0,0.0,0.0,0.0,0.0,0.0,0.0,0.0,0.0,0.0,76.85,23.55,15.3,23.6,14.4,0.0,0.0,0.0,0.0,0.0
Avon Lake Indoor Percussion,PSA,2026,8,3,1,76.85,23.55,15.3,23.6,14.4,76.85,23.55,15.3,23.6,14.4,74.55,21.75,14.3,23.8,14.7,0.0,0.0,0.0,0.0,0.0
Avon Lake Indoor Percussion,PSA,2026,9,1,2,75.7,22.65,14.8,23.7,14.55,74.55,21.75,14.3,23.8,14.7,82.251,25.2,16.15,24.6,16.3,-2.3,-1.8,-1.0,0.2,0.3
Bonita HS,PSA,2026,5,0,0,0.0,0.0,0.0,0.0,0.0,0.0,0.0,0.0,0.0,0.0,82.75,23.85,17.6,25.35,15.95,0.0,0.0,0.0,0.0,0.0
Bonita HS,PSA,2026,8,3,1,82.75,23.85,17.6,25.35,15.95,82.75,23.85,17.6,25.35,15.95,81.75,23.85,16.3,24.9,16.7,0.0,0.0,0.0,0.0,0.0
Brandon HS,PSA,2026,5,0,0,0.0,0.0,0.0,0.0,0.0,0.0,0.0,0.0,0.0,0.0,76.2,23.4,15.6,22.4,14.8,0.0,0.0,0.0,0.0,0.0
Brandon HS,PSA,2026,7,2,1,76.2,23.4,15.6,22.4,14.8,76.2,23.4,15.6,22.4,14.8,79.001,22.2,16.7,23.2,16.9,0.0,0.0,0.0,0.0,0.0
Bridgewater Raritan,PSA,2026,2,0,0,0.0,0.0,0.0,0.0,0.0,0.0,0.0,0.0,0.0,0.0,69.6,21.0,13.5,20.6,14.5,0.0,0.0,0.0,0.0,0.0
Bridgewater Raritan,PSA,2026,4,2,1,69.6,21.0,13.5,20.6,14.5,69.6,21.0,13.5,20.6,14.5,77.351,24.0,16.25,21.9,15.2,0.0,0.0,0.0,0.0,0.0
Bridgewater Raritan,PSA,2026,7,3,2,73.476,22.5,14.875,21.25,14.85,77.351,24.0,16.25,21.9,15.2,84.5,25.5,16.7,25.6,16.7,7.751,3.0,2.75,1.3,0.7
Bridgewater Raritan,PSA,2026,9,2,3,77.15,23.5,15.483,22.7,15.467,84.5,25.5,16.7,25.6,16.7,80.901,25.5,16.2,22.6,16.6,7.149,1.5,0.45,3.7,1.5
Bryant Indoor Percussion,PSA,2026,3,0,0,0.0,0.0,0.0,0.0,0.0,0.0,0.0,0.0,0.0,0.0,67.95,21.75,14.7,18.5,13.0,0.0,0.0,0.0,0.0,0.0
Bryant Indoor Percussion,PSA,2026,5,2,1,67.95,21.75,14.7,18.5,13.0,67.95,21.75,14.7,18.5,13.0,75.7,23.7,13.8,24.3,13.9,0.0,0.0,0.0,0.0,0.0
Bryant Indoor Percussion,PSA,2026,8,3,2,71.825,22.725,14.25,21.4,13.45,75.7,23.7,13.8,24.3,13.9,81.75,24.45,16.8,25.2,15.3,7.75,1.95,-0.9,5.8,0.9
Central Crossing HS,PSA,2026,2,0,0,0.0,0.0,0.0,0.0,0.0,0.0,0.0,0.0,0.0,0.0,74.0,20.7,15.0,22.3,16.0,0.0,0.0,0.0,0.0,0.0
Central Crossing HS,PSA,2026,5,3,1,74.0,20.7,15.0,22.3,16.0,74.0,20.7,15.0,22.3,16.0,75.301,21.9,15.5,22.8,15.1,0.0,0.0,0.0,0.0,0.0
Central Crossing HS,PSA,2026,8,3,2,74.65,21.3,15.25,22.55,15.55,75.301,21.9,15.5,22.8,15.1,79.7,24.0,16.7,23.3,15.7,1.301,1.2,0.5,0.5,-0.9
Central Crossing HS,PSA,2026,9,1,3,76.334,22.2,15.733,22.8,15.6,79.7,24.0,16.7,23.3,15.7,86.85,26.1,17.75,25.3,17.7,4.399,2.1,1.2,0.5,0.6
Central Square High School,PSA,2026,1,0,0,0.0,0.0,0.0,0.0,0.0,0.0,0.0,0.0,0.0,0.0,67.85,19.4,20.55,13.8,14.1,0.0,0.0,0.0,0.0,0.0
Central Square High School,PSA,2026,5,4,1,67.85,19.4,20.55,13.8,14.1,67.85,19.4,20.55,13.8,14.1,79.425,24.8,22.275,15.75,16.6,0.0,0.0,0.0,0.0,0.0
Central Square High School,PSA,2026,6,1,2,73.637,22.1,21.412,14.775,15.35,79.425,24.8,22.275,15.75,16.6,80.45,24.9,22.05,16.6,16.9,11.575,5.4,1.725,1.95,2.5
Central Square High School,PSA,2026,7,1,3,75.908,23.033,21.625,15.383,15.867,80.45,24.9,22.05,16.6,16.9,81.8,23.6,24.3,16.6,17.3,1.025,0.1,-0.225,0.85,0.3
Central Square High School,PSA,2026,8,1,4,77.381,23.175,22.294,15.688,16.225,81.8,23.6,24.3,16.6,17.3,87.35,25.8,25.95,17.7,17.9,1.35,-1.3,2.25,0.0,0.4
Central Valley Winter Percussion,PSA,2026,2,0,0,0.0,0.0,0.0,0.0,0.0,0.0,0.0,0.0,0.0,0.0,66.55,20.6,20.55,12.9,12.5,0.0,0.0,0.0,0.0,0.0
Central Valley Winter Percussion,PSA,2026,9,7,1,66.55,20.6,20.55,12.9,12.5,66.55,20.6,20.55,12.9,12.5,79.7,23.85,23.85,16.3,15.7,0.0,0.0,0.0,0.0,0.0
Chaffey HS,PSA,2026,5,0,0,0.0,0.0,0.0,0.0,0.0,0.0,0.0,0.0,0.0,0.0,75.951,22.5,14.6,23.7,15.15,0.0,0.0,0.0,0.0,0.0
Chaffey HS,PSA,2026,7,2,1,75.951,22.5,14.6,23.7,15.15,75.951,22.5,14.6,23.7,15.15,79.426,24.225,15.7,24.6,14.9,0.0,0.0,0.0,0.0,0.0
Cheltenham,PSA,2026,8,0,0,0.0,0.0,0.0,0.0,0.0,0.0,0.0,0.0,0.0,0.0,71.35,20.55,14.4,21.4,15.0,0.0,0.0,0.0,0.0,0.0
Cheltenham,PSA,2026,9,1,1,71.35,20.55,14.4,21.4,15.0,71.35,20.55,14.4,21.4,15.0,72.4,21.3,15.2,22.0,13.9,0.0,0.0,0.0,0.0,0.0
Cheney High School,PSA,2026,2,0,0,0.0,0.0,0.0,0.0,0.0,0.0,0.0,0.0,0.0,0.0,71.15,22.0,21.75,14.0,13.4,0.0,0.0,0.0,0.0,0.0
Cheney High School,PSA,2026,9,7,1,71.15,22.0,21.75,14.0,13.4,71.15,22.0,21.75,14.0,13.4,86.45,25.3,26.55,17.6,17.0,0.0,0.0,0.0,0.0,0.0
Cheney Indoor Percussion Ensemble,PSA,2026,2,0,0,0.0,0.0,0.0,0.0,0.0,0.0,0.0,0.0,0.0,0.0,71.15,22.0,21.75,14.0,13.4,0.0,0.0,0.0,0.0,0.0
Cheney Indoor Percussion Ensemble,PSA,2026,9,7,1,71.15,22.0,21.75,14.0,13.4,71.15,22.0,21.75,14.0,13.4,86.45,25.3,26.55,17.6,17.0,0.0,0.0,0.0,0.0,0.0
Choctawhatchee Percussion,PSA,2026,1,0,0,0.0,0.0,0.0,0.0,0.0,0.0,0.0,0.0,0.0,0.0,75.5,24.3,14.6,22.1,14.5,0.0,0.0,0.0,0.0,0.0
Choctawhatchee Percussion,PSA,2026,3,2,1,75.5,24.3,14.6,22.1,14.5,75.5,24.3,14.6,22.1,14.5,74.75,23.55,15.5,20.3,15.4,0.0,0.0,0.0,0.0,0.0
Choctawhatchee Percussion,PSA,2026,5,2,2,75.125,23.925,15.05,21.2,14.95,74.75,23.55,15.5,20.3,15.4,80.05,24.75,16.2,23.7,15.4,-0.75,-0.75,0.9,-1.8,0.9
Cicero-North Syracuse,PSA,2026,2,0,0,0.0,0.0,0.0,0.0,0.0,0.0,0.0,0.0,0.0,0.0,63.501,19.4,19.5,12.4,12.2,0.0,0.0,0.0,0.0,0.0
Cicero-North Syracuse,PSA,2026,5,3,1,63.501,19.4,19.5,12.4,12.2,63.501,19.4,19.5,12.4,12.2,69.9,22.7,20.4,13.7,13.1,0.0,0.0,0.0,0.0,0.0
Cicero-North Syracuse,PSA,2026,6,1,2,66.7,21.05,19.95,13.05,12.65,69.9,22.7,20.4,13.7,13.1,73.301,23.6,21.6,14.1,14.0,6.399,3.3,0.9,1.3,0.9
Cicero-North Syracuse,PSA,2026,7,1,3,68.901,21.9,20.5,13.4,13.1,73.301,23.6,21.6,14.1,14.0,74.45,23.0,23.85,13.5,14.1,3.401,0.9,1.2,0.4,0.9
Clinton HS,PSA,2026,5,0,0,0.0,0.0,0.0,0.0,0.0,0.0,0.0,0.0,0.0,0.0,84.85,26.85,17.7,23.2,17.1,0.0,0.0,0.0,0.0,0.0
Clinton HS,PSA,2026,7,2,1,84.85,26.85,17.7,23.2,17.1,84.85,26.85,17.7,23.2,17.1,86.9,26.7,17.7,25.0,17.5,0.0,0.0,0.0,0.0,0.0
Cloverleaf Indoor Percussion,PSA,2026,6,0,0,0.0,0.0,0.0,0.0,0.0,0.0,0.0,0.0,0.0,0.0,73.95,21.15,14.5,23.7,14.6,0.0,0.0,0.0,0.0,0.0
Cloverleaf Indoor Percussion,PSA,2026,8,2,1,73.95,21.15,14.5,23.7,14.6,73.95,21.15,14.5,23.7,14.6,74.051,22.35,14.0,22.8,14.9,0.0,0.0,0.0,0.0,0.0
Cloverleaf Indoor Percussion,PSA,2026,9,1,2,74.0,21.75,14.25,23.25,14.75,74.051,22.35,14.0,22.8,14.9,79.951,23.85,16.7,23.7,15.7,0.101,1.2,-0.5,-0.9,0.3
Coatesville,PSA,2026,2,0,0,0.0,0.0,0.0,0.0,0.0,0.0,0.0,0.0,0.0,0.0,63.151,19.05,12.0,18.6,13.5,0.0,0.0,0.0,0.0,0.0
Coatesville,PSA,2026,3,1,1,63.151,19.05,12.0,18.6,13.5,63.151,19.05,12.0,18.6,13.5,67.9,19.8,13.5,20.6,14.0,0.0,0.0,0.0,0.0,0.0
Coatesville,PSA,2026,4,1,2,65.526,19.425,12.75,19.6,13.75,67.9,19.8,13.5,20.6,14.0,71.0,22.2,13.4,20.9,14.5,4.749,0.75,1.5,2.0,0.5
Coatesville,PSA,2026,5,1,3,67.35,20.35,12.967,20.033,14.0,71.0,22.2,13.4,20.9,14.5,69.751,19.95,13.9,21.2,14.7,3.1,2.4,-0.1,0.3,0.5
Coatesville,PSA,2026,8,3,4,67.95,20.25,13.2,20.325,14.175,69.751,19.95,13.9,21.2,14.7,75.75,22.2,16.25,21.3,16.0,-1.249,-2.25,0.5,0.3,0.2
Coatesville,PSA,2026,9,1,5,69.51,20.64,13.81,20.52,14.54,75.75,22.2,16.25,21.3,16.0,73.5,21.9,15.4,22.4,13.8,5.999,2.25,2.35,0.1,1.3
Columbus HS,PSA,2026,2,0,0,0.0,0.0,0.0,0.0,0.0,0.0,0.0,0.0,0.0,0.0,65.8,19.8,13.1,21.1,11.8,0.0,0.0,0.0,0.0,0.0
Columbus HS,PSA,2026,8,6,1,65.8,19.8,13.1,21.1,11.8,65.8,19.8,13.1,21.1,11.8,83.35,24.45,15.5,26.3,17.1,0.0,0.0,0.0,0.0,0.0
Columbus HS (MS),PSA,2026,5,0,0,0.0,0.0,0.0,0.0,0.0,0.0,0.0,0.0,0.0,0.0,69.801,20.7,14.0,20.8,14.3,0.0,0.0,0.0,0.0,0.0
Columbus HS (MS),PSA,2026,7,2,1,69.801,20.7,14.0,20.8,14.3,69.801,20.7,14.0,20.8,14.3,75.3,22.8,15.2,21.5,15.8,0.0,0.0,0.0,0.0,0.0
Copley HS Indoor Drumline,PSA,2026,8,0,0,0.0,0.0,0.0,0.0,0.0,0.0,0.0,0.0,0.0,0.0,78.826,22.725,16.3,25.4,14.4,0.0,0.0,0.0,0.0,0.0
Copley HS Indoor Drumline,PSA,2026,9,1,1,78.826,22.725,16.3,25.4,14.4,78.826,22.725,16.3,25.4,14.4,85.5,25.5,16.8,26.6,16.6,0.0,0.0,0.0,0.0,0.0
Corning-Painted Post,PSA,2026,1,0,0,0.0,0.0,0.0,0.0,0.0,0.0,0.0,0.0,0.0,0.0,65.35,18.9,21.15,12.7,12.6,0.0,0.0,0.0,0.0,0.0
Corning-Painted Post,PSA,2026,5,4,1,65.35,18.9,21.15,12.7,12.6,65.35,18.9,21.15,12.7,12.6,76.101,23.6,22.2,14.6,15.7,0.0,0.0,0.0,0.0,0.0
Corning-Painted Post,PSA,2026,8,3,2,70.726,21.25,21.675,13.65,14.15,76.101,23.6,22.2,14.6,15.7,84.751,26.0,25.65,16.5,16.6,10.751,4.7,1.05,1.9,3.1
Council Rock South,PSA,2026,3,0,0,0.0,0.0,0.0,0.0,0.0,0.0,0.0,0.0,0.0,0.0,63.5,18.0,13.2,19.5,12.8,0.0,0.0,0.0,0.0,0.0
Council Rock South,PSA,2026,5,2,1,63.5,18.0,13.2,19.5,12.8,63.5,18.0,13.2,19.5,12.8,66.351,20.25,13.3,20.1,12.7,0.0,0.0,0.0,0.0,0.0
Council Rock South,PSA,2026,7,2,2,64.926,19.125,13.25,19.8,12.75,66.351,20.25,13.3,20.1,12.7,70.951,20.85,13.3,22.8,14.0,2.851,2.25,0.1,0.6,-0.1
Council Rock South,PSA,2026,8,1,3,66.934,19.7,13.267,20.8,13.167,70.951,20.85,13.3,22.8,14.0,70.1,20.7,14.7,19.4,15.3,4.6,0.6,0.0,2.7,1.3
Council Rock South,PSA,2026,9,1,4,67.726,19.95,13.625,20.45,13.7,70.1,20.7,14.7,19.4,15.3,71.1,21.3,14.5,20.9,14.4,-0.851,-0.15,1.4,-3.4,1.3
Crescenta Valley HS,PSA,2026,3,0,0,0.0,0.0,0.0,0.0,0.0,0.0,0.0,0.0,0.0,0.0,71.7,20.7,13.6,22.7,14.7,0.0,0.0,0.0,0.0,0.0
Crescenta Valley HS,PSA,2026,8,5,1,71.7,20.7,13.6,22.7,14.7,71.7,20.7,13.6,22.7,14.7,72.4,21.0,14.4,23.5,13.5,0.0,0.0,0.0,0.0,0.0
Dawson Bryant HS Indoor Percussion,PSA,2026,2,0,0,0.0,0.0,0.0,0.0,0.0,0.0,0.0,0.0,0.0,0.0,74.45,21.45,14.6,22.6,15.8,0.0,0.0,0.0,0.0,0.0
Dawson Bryant HS Indoor Percussion,PSA,2026,6,4,1,74.45,21.45,14.6,22.6,15.8,74.45,21.45,14.6,22.6,15.8,74.9,22.2,14.9,22.6,15.2,0.0,0.0,0.0,0.0,0.0
Dawson Bryant HS Indoor Percussion,PSA,2026,8,2,2,74.675,21.825,14.75,22.6,15.5,74.9,22.2,14.9,22.6,15.2,79.6,22.8,15.3,25.1,16.4,0.45,0.75,0.3,0.0,-0.6
Dawson Bryant HS Indoor Percussion,PSA,2026,9,1,3,76.317,22.15,14.933,23.433,15.8,79.6,22.8,15.3,25.1,16.4,82.651,24.45,16.75,24.8,16.65,4.7,0.6,0.4,2.5,1.2
Dixie Heights,PSA,2026,4,0,0,0.0,0.0,0.0,0.0,0.0,0.0,0.0,0.0,0.0,0.0,73.4,22.8,14.0,22.6,14.0,0.0,0.0,0.0,0.0,0.0
Dixie Heights,PSA,2026,6,2,1,73.4,22.8,14.0,22.6,14.0,73.4,22.8,14.0,22.6,14.0,78.95,22.65,16.2,23.6,16.5,0.0,0.0,0.0,0.0,0.0
Dixie Heights,PSA,2026,9,3,2,76.175,22.725,15.1,23.1,15.25,78.95,22.65,16.2,23.6,16.5,82.05,25.05,16.1,24.2,16.7,5.55,-0.15,2.2,1.0,2.5
Don Lugo HS,PSA,2026,1,0,0,0.0,0.0,0.0,0.0,0.0,0.0,0.0,0.0,0.0,0.0,66.701,19.2,13.2,20.5,13.8,0.0,0.0,0.0,0.0,0.0
Don Lugo HS,PSA,2026,8,7,1,66.701,19.2,13.2,20.5,13.8,66.701,19.2,13.2,20.5,13.8,70.65,21.75,13.8,21.1,14.0,0.0,0.0,0.0,0.0,0.0
Downey HS,PSA,2026,3,0,0,0.0,0.0,0.0,0.0,0.0,0.0,0.0,0.0,0.0,0.0,64.225,18.975,12.85,18.4,14.0,0.0,0.0,0.0,0.0,0.0
Downey HS,PSA,2026,6,3,1,64.225,18.975,12.85,18.4,14.0,64.225,18.975,12.85,18.4,14.0,64.6,17.4,14.2,19.4,13.6,0.0,0.0,0.0,0.0,0.0
Downingtown East HS,PSA,2026,6,0,0,0.0,0.0,0.0,0.0,0.0,0.0,0.0,0.0,0.0,0.0,80.85,24.975,15.1,24.725,16.05,0.0,0.0,0.0,0.0,0.0
Downingtown East HS,PSA,2026,7,1,1,80.85,24.975,15.1,24.725,16.05,80.85,24.975,15.1,24.725,16.05,85.55,25.35,17.1,26.2,16.9,0.0,0.0,0.0,0.0,0.0
Downingtown East HS,PSA,2026,9,2,2,83.2,25.162,16.1,25.462,16.475,85.55,25.35,17.1,26.2,16.9,85.55,25.35,17.1,26.2,16.9,4.7,0.375,2.0,1.475,0.85
East Syracuse Minoa,PSA,2026,1,0,0,0.0,0.0,0.0,0.0,0.0,0.0,0.0,0.0,0.0,0.0,65.45,18.8,18.75,14.3,13.6,0.0,0.0,0.0,0.0,0.0
East Syracuse Minoa,PSA,2026,4,3,1,65.45,18.8,18.75,14.3,13.6,65.45,18.8,18.75,14.3,13.6,81.65,24.9,25.05,15.8,15.9,0.0,0.0,0.0,0.0,0.0
East Syracuse Minoa,PSA,2026,5,1,2,73.55,21.85,21.9,15.05,14.75,81.65,24.9,25.05,15.8,15.9,79.4,24.1,23.1,15.9,16.3,16.2,6.1,6.3,1.5,2.3
East Syracuse Minoa,PSA,2026,6,1,3,75.5,22.6,22.3,15.333,15.267,79.4,24.1,23.1,15.9,16.3,85.35,25.4,25.95,16.9,17.1,-2.25,-0.8,-1.95,0.1,0.4
East Syracuse Minoa,PSA,2026,7,1,4,77.962,23.3,23.213,15.725,15.725,85.35,25.4,25.95,16.9,17.1,85.7,25.2,26.1,17.0,17.4,5.95,1.3,2.85,1.0,0.8
Eastridge,PSA,2026,1,0,0,0.0,0.0,0.0,0.0,0.0,0.0,0.0,0.0,0.0,0.0,65.151,19.9,19.65,12.9,12.7,0.0,0.0,0.0,0.0,0.0
Eastridge,PSA,2026,2,1,1,65.151,19.9,19.65,12.9,12.7,65.151,19.9,19.65,12.9,12.7,68.55,21.4,20.85,13.3,13.0,0.0,0.0,0.0,0.0,0.0
Eastridge,PSA,2026,6,4,2,66.85,20.65,20.25,13.1,12.85,68.55,21.4,20.85,13.3,13.0,76.451,24.2,22.95,14.6,14.7,3.399,1.5,1.2,0.4,0.3
Egg Harbor Township,PSA,2026,2,0,0,0.0,0.0,0.0,0.0,0.0,0.0,0.0,0.0,0.0,0.0,66.65,19.65,14.1,19.8,13.1,0.0,0.0,0.0,0.0,0.0
Egg Harbor Township,PSA,2026,3,1,1,66.65,19.65,14.1,19.8,13.1,66.65,19.65,14.1,19.8,13.1,70.551,21.45,14.4,21.8,12.9,0.0,0.0,0.0,0.0,0.0
Egg Harbor Township,PSA,2026,5,2,2,68.601,20.55,14.25,20.8,13.0,70.551,21.45,14.4,21.8,12.9,77.1,23.1,14.9,23.7,15.4,3.901,1.8,0.3,2.0,-0.2
Egg Harbor Township,PSA,2026,8,3,3,71.434,21.4,14.467,21.767,13.8,77.1,23.1,14.9,23.7,15.4,85.05,24.6,16.55,27.4,16.5,6.549,1.65,0.5,1.9,2.5
Egg Harbor Township,PSA,2026,9,1,4,74.838,22.2,14.988,23.175,14.475,85.05,24.6,16.55,27.4,16.5,83.25,26.25,15.9,25.3,15.8,7.95,1.5,1.65,3.7,1.1
Elkhorn HS,PSA,2026,2,0,0,0.0,0.0,0.0,0.0,0.0,0.0,0.0,0.0,0.0,0.0,65.85,18.75,14.3,19.4,13.4,0.0,0.0,0.0,0.0,0.0
Elkhorn HS,PSA,2026,9,7,1,65.85,18.75,14.3,19.4,13.4,65.85,18.75,14.3,19.4,13.4,65.35,19.65,12.6,20.4,12.7,0.0,0.0,0.0,0.0,0.0
Escambia HS Indoor Percussion,PSA,2026,1,0,0,0.0,0.0,0.0,0.0,0.0,0.0,0.0,0.0,0.0,0.0,72.75,23.85,14.2,21.2,13.5,0.0,0.0,0.0,0.0,0.0
Escambia HS Indoor Percussion,PSA,2026,3,2,1,72.75,23.85,14.2,21.2,13.5,72.75,23.85,14.2,21.2,13.5,69.725,22.425,13.5,19.4,14.4,0.0,0.0,0.0,0.0,0.0
Escambia HS Indoor Percussion,PSA,2026,5,2,2,71.238,23.138,13.85,20.3,13.95,69.725,22.425,13.5,19.4,14.4,75.35,22.35,15.3,21.6,16.1,-3.025,-1.425,-0.7,-1.8,0.9
Findlay Indoor Drumline,PSA,2026,6,0,0,0.0,0.0,0.0,0.0,0.0,0.0,0.0,0.0,0.0,0.0,73.3,20.55,14.35,24.0,14.4,0.0,0.0,0.0,0.0,0.0
Findlay Indoor Drumline,PSA,2026,8,2,1,73.3,20.55,14.35,24.0,14.4,73.3,20.55,14.35,24.0,14.4,74.201,20.85,15.8,23.1,14.45,0.0,0.0,0.0,0.0,0.0
Foley High School Percussion Ensemble,PSA,2026,1,0,0,0.0,0.0,0.0,0.0,0.0,0.0,0.0,0.0,0.0,0.0,65.251,22.05,12.2,18.8,12.2,0.0,0.0,0.0,0.0,0.0
Foley High School Percussion Ensemble,PSA,2026,5,4,1,65.251,22.05,12.2,18.8,12.2,65.251,22.05,12.2,18.8,12.2,67.751,20.55,13.3,20.2,13.7,0.0,0.0,0.0,0.0,0.0
Glen A. Wilson HS,PSA,2026,5,0,0,0.0,0.0,0.0,0.0,0.0,0.0,0.0,0.0,0.0,0.0,75.701,22.8,15.0,23.1,14.8,0.0,0.0,0.0,0.0,0.0
Glen A. Wilson HS,PSA,2026,8,3,1,75.701,22.8,15.0,23.1,14.8,75.701,22.8,15.0,23.1,14.8,77.201,22.8,16.5,23.0,14.9,0.0,0.0,0.0,0.0,0.0
Glendora HS,PSA,2026,3,0,0,0.0,0.0,0.0,0.0,0.0,0.0,0.0,0.0,0.0,0.0,65.3,18.6,12.2,20.3,14.2,0.0,0.0,0.0,0.0,0.0
Glendora HS,PSA,2026,6,3,1,65.3,18.6,12.2,20.3,14.2,65.3,18.6,12.2,20.3,14.2,65.15,19.05,13.5,19.5,13.1,0.0,0.0,0.0,0.0,0.0
Godley HS,PSA,2026,5,0,0,0.0,0.0,0.0,0.0,0.0,0.0,0.0,0.0,0.0,0.0,76.701,23.4,16.05,22.15,15.1,0.0,0.0,0.0,0.0,0.0
Godley HS,PSA,2026,8,3,1,76.701,23.4,16.05,22.15,15.1,76.701,23.4,16.05,22.15,15.1,76.1,23.1,14.6,22.8,15.6,0.0,0.0,0.0,0.0,0.0
Golden Apple Indoor Percussion,PSA,2026,2,0,0,0.0,0.0,0.0,0.0,0.0,0.0,0.0,0.0,0.0,0.0,71.25,22.3,22.35,13.6,13.0,0.0,0.0,0.0,0.0,0.0
Golden Apple Indoor Percussion,PSA,2026,7,5,1,71.25,22.3,22.35,13.6,13.0,71.25,22.3,22.35,13.6,13.0,75.65,22.2,22.05,15.8,15.6,0.0,0.0,0.0,0.0,0.0
Golden Apple Indoor Percussion,PSA,2026,9,2,2,73.45,22.25,22.2,14.7,14.3,75.65,22.2,22.05,15.8,15.6,81.3,24.5,25.5,15.9,15.4,4.4,-0.1,-0.3,2.2,2.6
Golden Valley HS,PSA,2026,1,0,0,0.0,0.0,0.0,0.0,0.0,0.0,0.0,0.0,0.0,0.0,69.125,20.625,12.5,23.0,13.0,0.0,0.0,0.0,0.0,0.0
Golden Valley HS,PSA,2026,8,7,1,69.125,20.625,12.5,23.0,13.0,69.125,20.625,12.5,23.0,13.0,80.7,24.6,15.9,24.6,15.6,0.0,0.0,0.0,0.0,0.0
Greece,PSA,2026,2,0,0,0.0,0.0,0.0,0.0,0.0,0.0,0.0,0.0,0.0,0.0,63.85,19.3,20.55,12.1,11.9,0.0,0.0,0.0,0.0,0.0
Greece,PSA,2026,4,2,1,63.85,19.3,20.55,12.1,11.9,63.85,19.3,20.55,12.1,11.9,71.85,23.0,21.45,13.9,13.5,0.0,0.0,0.0,0.0,0.0
Greece,PSA,2026,5,1,2,67.85,21.15,21.0,13.0,12.7,71.85,23.0,21.45,13.9,13.5,72.151,22.4,21.45,14.3,14.0,8.0,3.7,0.9,1.8,1.6
Greece,PSA,2026,7,2,3,69.284,21.567,21.15,13.433,13.133,72.151,22.4,21.45,14.3,14.0,74.85,22.6,22.65,15.2,14.4,0.301,-0.6,0.0,0.4,0.5
Greece,PSA,2026,8,1,4,70.675,21.825,21.525,13.875,13.45,74.85,22.6,22.65,15.2,14.4,80.951,24.6,25.05,15.9,15.4,2.699,0.2,1.2,0.9,0.4
Greeneville High School Percussion,PSA,2026,4,0,0,0.0,0.0,0.0,0.0,0.0,0.0,0.0,0.0,0.0,0.0,64.951,18.7,20.55,13.1,12.6,0.0,0.0,0.0,0.0,0.0
Greeneville High School Percussion,PSA,2026,9,5,1,64.951,18.7,20.55,13.1,12.6,64.951,18.7,20.55,13.1,12.6,74.001,21.4,22.2,15.2,15.2,0.0,0.0,0.0,0.0,0.0
Grossmont HS,PSA,2026,3,0,0,0.0,0.0,0.0,0.0,0.0,0.0,0.0,0.0,0.0,0.0,67.651,19.5,12.35,20.0,15.8,0.0,0.0,0.0,0.0,0.0
Grossmont HS,PSA,2026,6,3,1,67.651,19.5,12.35,20.0,15.8,67.651,19.5,12.35,20.0,15.8,65.375,19.275,14.25,18.3,13.55,0.0,0.0,0.0,0.0,0.0
Hardin Valley Academy,PSA,2026,4,0,0,0.0,0.0,0.0,0.0,0.0,0.0,0.0,0.0,0.0,0.0,71.85,21.8,21.75,13.9,14.4,0.0,0.0,0.0,0.0,0.0
Hardin Valley Academy,PSA,2026,5,1,1,71.85,21.8,21.75,13.9,14.4,71.85,21.8,21.75,13.9,14.4,83.55,25.95,16.5,24.8,16.3,0.0,0.0,0.0,0.0,0.0
Hardin Valley Academy,PSA,2026,9,4,2,77.7,23.875,19.125,19.35,15.35,83.55,25.95,16.5,24.8,16.3,86.4,25.3,25.8,17.4,17.9,11.7,4.15,-5.25,10.9,1.9
Hardin Valley Percussion,PSA,2026,4,0,0,0.0,0.0,0.0,0.0,0.0,0.0,0.0,0.0,0.0,0.0,71.85,21.8,21.75,13.9,14.4,0.0,0.0,0.0,0.0,0.0
Hardin Valley Percussion,PSA,2026,9,5,1,71.85,21.8,21.75,13.9,14.4,71.85,21.8,21.75,13.9,14.4,86.4,25.3,25.8,17.4,17.9,0.0,0.0,0.0,0.0,0.0
Henryville HS,PSA,2026,2,0,0,0.0,0.0,0.0,0.0,0.0,0.0,0.0,0.0,0.0,0.0,60.6,17.1,13.2,18.2,12.1,0.0,0.0,0.0,0.0,0.0
Henryville HS,PSA,2026,3,1,1,60.6,17.1,13.2,18.2,12.1,60.6,17.1,13.2,18.2,12.1,63.7,18.9,12.5,19.9,12.4,0.0,0.0,0.0,0.0,0.0
Henryville HS,PSA,2026,4,1,2,62.15,18.0,12.85,19.05,12.25,63.7,18.9,12.5,19.9,12.4,61.9,18.3,12.9,18.1,12.6,3.1,1.8,-0.7,1.7,0.3
Henryville HS,PSA,2026,9,5,3,62.067,18.1,12.867,18.733,12.367,61.9,18.3,12.9,18.1,12.6,63.3,18.6,13.3,18.6,12.8,-1.8,-0.6,0.4,-1.8,0.2
Heritage Indoor Percussion Ensemble,PSA,2026,4,0,0,0.0,0.0,0.0,0.0,0.0,0.0,0.0,0.0,0.0,0.0,67.001,19.9,20.1,13.4,13.6,0.0,0.0,0.0,0.0,0.0
Heritage Indoor Percussion Ensemble,PSA,2026,7,3,1,67.001,19.9,20.1,13.4,13.6,67.001,19.9,20.1,13.4,13.6,73.0,23.8,20.7,13.7,14.8,0.0,0.0,0.0,0.0,0.0
Heritage Indoor Percussion Ensemble,PSA,2026,9,2,2,70.0,21.85,20.4,13.55,14.2,73.0,23.8,20.7,13.7,14.8,79.001,21.7,24.0,16.4,16.9,5.999,3.9,0.6,0.3,1.2
Highland Regional,PSA,2026,2,0,0,0.0,0.0,0.0,0.0,0.0,0.0,0.0,0.0,0.0,0.0,68.85,20.85,14.7,19.3,14.0,0.0,0.0,0.0,0.0,0.0
Highland Regional,PSA,2026,4,2,1,68.85,20.85,14.7,19.3,14.0,68.85,20.85,14.7,19.3,14.0,79.1,24.3,15.0,23.4,16.4,0.0,0.0,0.0,0.0,0.0
Highland Regional,PSA,2026,8,4,2,73.975,22.575,14.85,21.35,15.2,79.1,24.3,15.0,23.4,16.4,87.15,26.1,17.5,26.7,16.85,10.25,3.45,0.3,4.1,2.4
Highland Regional,PSA,2026,9,1,3,78.367,23.75,15.733,23.133,15.75,87.15,26.1,17.5,26.7,16.85,79.25,23.25,17.5,22.1,16.4,8.05,1.8,2.5,3.3,0.45
Hopewell Valley Central,PSA,2026,2,0,0,0.0,0.0,0.0,0.0,0.0,0.0,0.0,0.0,0.0,0.0,64.701,19.8,12.6,18.7,13.6,0.0,0.0,0.0,0.0,0.0
Hopewell Valley Central,PSA,2026,4,2,1,64.701,19.8,12.6,18.7,13.6,64.701,19.8,12.6,18.7,13.6,67.45,21.15,12.4,19.6,14.3,0.0,0.0,0.0,0.0,0.0
Hopewell Valley Central,PSA,2026,7,3,2,66.076,20.475,12.5,19.15,13.95,67.45,21.15,12.4,19.6,14.3,74.351,22.05,15.6,22.2,14.5,2.749,1.35,-0.2,0.9,0.7
Hopewell Valley Central,PSA,2026,8,1,3,68.834,21.0,13.533,20.167,14.133,74.351,22.05,15.6,22.2,14.5,74.5,21.3,15.2,22.2,15.8,6.901,0.9,3.2,2.6,0.2
Hopewell Valley Central,PSA,2026,9,1,4,70.25,21.075,13.95,20.675,14.55,74.5,21.3,15.2,22.2,15.8,77.55,22.95,15.3,24.6,14.7,0.149,-0.75,-0.4,0.0,1.3
Impulse,PSA,2026,6,0,0,0.0,0.0,0.0,0.0,0.0,0.0,0.0,0.0,0.0,0.0,74.55,20.55,15.2,23.1,15.7,0.0,0.0,0.0,0.0,0.0
Impulse,PSA,2026,8,2,1,74.55,20.55,15.2,23.1,15.7,74.55,20.55,15.2,23.1,15.7,75.025,21.825,15.2,23.0,15.0,0.0,0.0,0.0,0.0,0.0
Impulse,PSA,2026,9,1,2,74.788,21.188,15.2,23.05,15.35,75.025,21.825,15.2,23.0,15.0,82.751,24.9,17.2,23.8,16.85,0.475,1.275,0.0,-0.1,-0.7
John Burroughs HS,PSA,2026,3,0,0,0.0,0.0,0.0,0.0,0.0,0.0,0.0,0.0,0.0,0.0,69.9,19.8,14.1,22.3,13.7,0.0,0.0,0.0,0.0,0.0
John Burroughs HS,PSA,2026,6,3,1,69.9,19.8,14.1,22.3,13.7,69.9,19.8,14.1,22.3,13.7,69.801,20.7,14.4,20.9,13.8,0.0,0.0,0.0,0.0,0.0
Jordan Elbridge,PSA,2026,1,0,0,0.0,0.0,0.0,0.0,0.0,0.0,0.0,0.0,0.0,0.0,71.6,20.6,22.2,14.6,14.2,0.0,0.0,0.0,0.0,0.0
Jordan Elbridge,PSA,2026,4,3,1,71.6,20.6,22.2,14.6,14.2,71.6,20.6,22.2,14.6,14.2,83.55,25.0,25.65,16.3,16.6,0.0,0.0,0.0,0.0,0.0
Jordan Elbridge,PSA,2026,5,1,2,77.575,22.8,23.925,15.45,15.4,83.55,25.0,25.65,16.3,16.6,86.45,25.4,26.55,17.2,17.3,11.95,4.4,3.45,1.7,2.4
Jordan Elbridge,PSA,2026,6,1,3,80.533,23.667,24.8,16.033,16.033,86.45,25.4,26.55,17.2,17.3,88.7,25.9,26.7,18.1,18.0,2.9,0.4,0.9,0.9,0.7
Karns Indoor Percussion,PSA,2026,4,0,0,0.0,0.0,0.0,0.0,0.0,0.0,0.0,0.0,0.0,0.0,70.4,21.2,20.7,14.3,14.2,0.0,0.0,0.0,0.0,0.0
Karns Indoor Percussion,PSA,2026,8,4,1,70.4,21.2,20.7,14.3,14.2,70.4,21.2,20.7,14.3,14.2,81.2,23.9,24.6,16.5,16.2,0.0,0.0,0.0,0.0,0.0
Karns Indoor Percussion,PSA,2026,9,1,2,75.8,22.55,22.65,15.4,15.2,81.2,23.9,24.6,16.5,16.2,83.7,23.5,24.6,18.1,17.5,10.8,2.7,3.9,2.2,2.0
Kings,PSA,2026,8,0,0,0.0,0.0,0.0,0.0,0.0,0.0,0.0,0.0,0.0,0.0,86.0,25.8,17.2,27.1,15.9,0.0,0.0,0.0,0.0,0.0
Kings,PSA,2026,9,1,1,86.0,25.8,17.2,27.1,15.9,86.0,25.8,17.2,27.1,15.9,91.6,27.3,18.7,28.0,17.6,0.0,0.0,0.0,0.0,0.0
La Quinta HS,PSA,2026,5,0,0,0.0,0.0,0.0,0.0,0.0,0.0,0.0,0.0,0.0,0.0,76.301,22.65,14.2,24.1,15.35,0.0,0.0,0.0,0.0,0.0
La Quinta HS,PSA,2026,8,3,1,76.301,22.65,14.2,24.1,15.35,76.301,22.65,14.2,24.1,15.35,80.35,25.5,15.2,23.15,16.5,0.0,0.0,0.0,0.0,0.0
Lake Hamilton Indoor Percussion,PSA,2026,7,0,0,0.0,0.0,0.0,0.0,0.0,0.0,0.0,0.0,0.0,0.0,84.65,24.15,17.2,26.5,16.8,0.0,0.0,0.0,0.0,0.0
Lake Hamilton Indoor Percussion,PSA,2026,8,1,1,84.65,24.15,17.2,26.5,16.8,84.65,24.15,17.2,26.5,16.8,84.95,25.35,17.3,25.7,16.6,0.0,0.0,0.0,0.0,0.0
Lake Orion Percussion,PSA,2026,4,0,0,0.0,0.0,0.0,0.0,0.0,0.0,0.0,0.0,0.0,0.0,71.8,21.6,14.5,21.6,14.1,0.0,0.0,0.0,0.0,0.0
Lake Orion Percussion,PSA,2026,7,3,1,71.8,21.6,14.5,21.6,14.1,71.8,21.6,14.5,21.6,14.1,80.1,23.7,16.1,23.5,16.8,0.0,0.0,0.0,0.0,0.0
Lakeway Christian Academy,PSA,2026,5,0,0,0.0,0.0,0.0,0.0,0.0,0.0,0.0,0.0,0.0,0.0,77.85,24.75,15.6,23.8,13.7,0.0,0.0,0.0,0.0,0.0
Lakeway Christian Academy,PSA,2026,8,3,1,77.85,24.75,15.6,23.8,13.7,77.85,24.75,15.6,23.8,13.7,76.701,22.8,15.4,23.9,14.6,0.0,0.0,0.0,0.0,0.0
Lakewood HS,PSA,2026,5,0,0,0.0,0.0,0.0,0.0,0.0,0.0,0.0,0.0,0.0,0.0,70.75,21.75,13.0,22.0,14.0,0.0,0.0,0.0,0.0,0.0
Lakewood HS,PSA,2026,8,3,1,70.75,21.75,13.0,22.0,14.0,70.75,21.75,13.0,22.0,14.0,70.15,20.85,14.0,22.1,13.2,0.0,0.0,0.0,0.0,0.0
Lebanon HS,PSA,2026,2,0,0,0.0,0.0,0.0,0.0,0.0,0.0,0.0,0.0,0.0,0.0,67.25,19.65,14.0,19.9,13.7,0.0,0.0,0.0,0.0,0.0
Lebanon HS,PSA,2026,3,1,1,67.25,19.65,14.0,19.9,13.7,67.25,19.65,14.0,19.9,13.7,70.0,20.7,13.5,21.7,14.1,0.0,0.0,0.0,0.0,0.0
Lebanon HS,PSA,2026,4,1,2,68.625,20.175,13.75,20.8,13.9,70.0,20.7,13.5,21.7,14.1,70.5,21.6,13.8,20.4,14.7,2.75,1.05,-0.5,1.8,0.4
Lebanon HS,PSA,2026,6,2,3,69.25,20.65,13.767,20.667,14.167,70.5,21.6,13.8,20.4,14.7,74.8,21.9,14.7,23.0,15.2,0.5,0.9,0.3,-1.3,0.6
Lebanon HS,PSA,2026,9,3,4,70.638,20.962,14.0,21.25,14.425,74.8,21.9,14.7,23.0,15.2,76.1,22.5,15.9,22.3,15.4,4.3,0.3,0.9,2.6,0.5
Lewis Central HS,PSA,2026,5,0,0,0.0,0.0,0.0,0.0,0.0,0.0,0.0,0.0,0.0,0.0,66.9,21.0,13.3,20.0,12.6,0.0,0.0,0.0,0.0,0.0
Lewis Central HS,PSA,2026,9,4,1,66.9,21.0,13.3,20.0,12.6,66.9,21.0,13.3,20.0,12.6,69.3,21.3,14.4,21.3,12.3,0.0,0.0,0.0,0.0,0.0
Lincoln-Way Community Schools,PSA,2026,4,0,0,0.0,0.0,0.0,0.0,0.0,0.0,0.0,0.0,0.0,0.0,80.6,24.3,16.5,23.5,16.3,0.0,0.0,0.0,0.0,0.0
Lincoln-Way Community Schools,PSA,2026,7,3,1,80.6,24.3,16.5,23.5,16.3,80.6,24.3,16.5,23.5,16.3,73.901,22.5,13.9,22.8,14.7,0.0,0.0,0.0,0.0,0.0
Liverpool,PSA,2026,2,0,0,0.0,0.0,0.0,0.0,0.0,0.0,0.0,0.0,0.0,0.0,69.05,21.3,20.25,13.9,13.6,0.0,0.0,0.0,0.0,0.0
Liverpool,PSA,2026,5,3,1,69.05,21.3,20.25,13.9,13.6,69.05,21.3,20.25,13.9,13.6,77.101,24.5,22.65,15.15,14.8,0.0,0.0,0.0,0.0,0.0
Liverpool,PSA,2026,6,1,2,73.076,22.9,21.45,14.525,14.2,77.101,24.5,22.65,15.15,14.8,77.6,24.7,21.3,15.7,15.9,8.051,3.2,2.4,1.25,1.2
Liverpool,PSA,2026,8,2,3,74.584,23.5,21.4,14.917,14.767,77.6,24.7,21.3,15.7,15.9,87.95,26.6,27.15,17.5,16.7,0.499,0.2,-1.35,0.55,1.1
Marietta Indoor,PSA,2026,2,0,0,0.0,0.0,0.0,0.0,0.0,0.0,0.0,0.0,0.0,0.0,69.3,19.8,13.9,21.6,14.0,0.0,0.0,0.0,0.0,0.0
Marietta Indoor,PSA,2026,5,3,1,69.3,19.8,13.9,21.6,14.0,69.3,19.8,13.9,21.6,14.0,67.1,22.2,14.0,18.2,12.7,0.0,0.0,0.0,0.0,0.0
Marietta Indoor,PSA,2026,6,1,2,68.2,21.0,13.95,19.9,13.35,67.1,22.2,14.0,18.2,12.7,69.925,19.425,14.1,22.3,14.1,-2.2,2.4,0.1,-3.4,-1.3
Marietta Indoor,PSA,2026,9,3,3,68.775,20.475,14.0,20.7,13.6,69.925,19.425,14.1,22.3,14.1,75.7,23.4,15.3,21.9,15.1,2.825,-2.775,0.1,4.1,1.4
Marion Harding Indoor Percussion,PSA,2026,2,0,0,0.0,0.0,0.0,0.0,0.0,0.0,0.0,0.0,0.0,0.0,67.9,19.5,14.2,21.0,13.2,0.0,0.0,0.0,0.0,0.0
Marion Harding Indoor Percussion,PSA,2026,6,4,1,67.9,19.5,14.2,21.0,13.2,67.9,19.5,14.2,21.0,13.2,73.525,20.625,14.6,23.3,15.0,0.0,0.0,0.0,0.0,0.0
Marion Harding Indoor Percussion,PSA,2026,8,2,2,70.712,20.062,14.4,22.15,14.1,73.525,20.625,14.6,23.3,15.0,72.101,21.6,15.0,21.4,14.1,5.625,1.125,0.4,2.3,1.8
Marion Harding Indoor Percussion,PSA,2026,9,1,3,71.175,20.575,14.6,21.9,14.1,72.101,21.6,15.0,21.4,14.1,78.55,24.15,16.0,22.3,16.1,-1.424,0.975,0.4,-1.9,-0.9
Marple Newtown,PSA,2026,2,0,0,0.0,0.0,0.0,0.0,0.0,0.0,0.0,0.0,0.0,0.0,61.901,18.3,11.7,19.4,12.5,0.0,0.0,0.0,0.0,0.0
Marple Newtown,PSA,2026,4,2,1,61.901,18.3,11.7,19.4,12.5,61.901,18.3,11.7,19.4,12.5,69.0,20.1,13.9,21.0,14.0,0.0,0.0,0.0,0.0,0.0
Marple Newtown,PSA,2026,8,4,2,65.451,19.2,12.8,20.2,13.25,69.0,20.1,13.9,21.0,14.0,68.5,19.8,14.3,20.4,14.0,7.099,1.8,2.2,1.6,1.5
Marple Newtown,PSA,2026,9,1,3,66.467,19.4,13.3,20.267,13.5,68.5,19.8,14.3,20.4,14.0,71.25,20.25,14.6,21.8,14.6,-0.5,-0.3,0.4,-0.6,0.0
Maumee Indoor Percussion,PSA,2026,5,0,0,0.0,0.0,0.0,0.0,0.0,0.0,0.0,0.0,0.0,0.0,69.65,23.25,13.9,19.1,13.4,0.0,0.0,0.0,0.0,0.0
Maumee Indoor Percussion,PSA,2026,6,1,1,69.65,23.25,13.9,19.1,13.4,69.65,23.25,13.9,19.1,13.4,70.501,20.1,13.8,22.5,14.1,0.0,0.0,0.0,0.0,0.0
Maumee Indoor Percussion,PSA,2026,8,2,2,70.076,21.675,13.85,20.8,13.75,70.501,20.1,13.8,22.5,14.1,72.651,21.15,14.9,22.3,14.3,0.851,-3.15,-0.1,3.4,0.7
Maumee Indoor Percussion,PSA,2026,9,1,3,70.934,21.5,14.2,21.3,13.933,72.651,21.15,14.9,22.3,14.3,77.65,23.7,15.95,22.6,15.4,2.15,1.05,1.1,-0.2,0.2
Methacton,PSA,2026,3,0,0,0.0,0.0,0.0,0.0,0.0,0.0,0.0,0.0,0.0,0.0,62.95,17.55,12.9,19.3,13.2,0.0,0.0,0.0,0.0,0.0
Methacton,PSA,2026,4,1,1,62.95,17.55,12.9,19.3,13.2,62.95,17.55,12.9,19.3,13.2,65.15,19.35,13.1,19.0,13.7,0.0,0.0,0.0,0.0,0.0
Methacton,PSA,2026,7,3,2,64.05,18.45,13.0,19.15,13.45,65.15,19.35,13.1,19.0,13.7,70.25,21.15,13.5,21.2,14.4,2.2,1.8,0.2,-0.3,0.5
Methacton,PSA,2026,9,2,3,66.117,19.35,13.167,19.833,13.767,70.25,21.15,13.5,21.2,14.4,67.9,19.2,14.7,20.5,13.5,5.1,1.8,0.4,2.2,0.7
Milton HS Black Gold Percussion,PSA,2026,1,0,0,0.0,0.0,0.0,0.0,0.0,0.0,0.0,0.0,0.0,0.0,68.451,22.65,13.0,19.6,13.2,0.0,0.0,0.0,0.0,0.0
Milton HS Black Gold Percussion,PSA,2026,3,2,1,68.451,22.65,13.0,19.6,13.2,68.451,22.65,13.0,19.6,13.2,68.901,22.5,13.9,19.2,13.3,0.0,0.0,0.0,0.0,0.0
Milton HS Black Gold Percussion,PSA,2026,5,2,2,68.676,22.575,13.45,19.4,13.25,68.901,22.5,13.9,19.2,13.3,72.6,22.8,14.0,21.3,14.5,0.45,-0.15,0.9,-0.4,0.1
Minooka Community HS,PSA,2026,4,0,0,0.0,0.0,0.0,0.0,0.0,0.0,0.0,0.0,0.0,0.0,78.9,23.1,15.7,24.0,16.1,0.0,0.0,0.0,0.0,0.0
Minooka Community HS,PSA,2026,7,3,1,78.9,23.1,15.7,24.0,16.1,78.9,23.1,15.7,24.0,16.1,75.651,21.45,15.1,23.9,15.2,0.0,0.0,0.0,0.0,0.0
Mohonasen,PSA,2026,4,0,0,0.0,0.0,0.0,0.0,0.0,0.0,0.0,0.0,0.0,0.0,69.6,21.8,20.7,13.7,13.4,0.0,0.0,0.0,0.0,0.0
Mohonasen,PSA,2026,5,1,1,69.6,21.8,20.7,13.7,13.4,69.6,21.8,20.7,13.7,13.4,71.276,21.6,21.675,13.9,14.1,0.0,0.0,0.0,0.0,0.0
Mohonasen,PSA,2026,6,1,2,70.438,21.7,21.188,13.8,13.75,71.276,21.6,21.675,13.9,14.1,72.001,22.5,20.7,14.3,14.5,1.676,-0.2,0.975,0.2,0.7
Mount Vernon Sr. HS,PSA,2026,2,0,0,0.0,0.0,0.0,0.0,0.0,0.0,0.0,0.0,0.0,0.0,57.35,16.65,12.2,17.3,11.2,0.0,0.0,0.0,0.0,0.0
Mount Vernon Sr. HS,PSA,2026,4,2,1,57.35,16.65,12.2,17.3,11.2,57.35,16.65,12.2,17.3,11.2,61.201,18.6,12.6,17.8,12.2,0.0,0.0,0.0,0.0,0.0
Mount Vernon Sr. HS,PSA,2026,5,1,2,59.276,17.625,12.4,17.55,11.7,61.201,18.6,12.6,17.8,12.2,63.05,18.75,12.8,18.8,12.7,3.851,1.95,0.4,0.5,1.0
Mount Vernon Sr. HS,PSA,2026,6,1,3,60.534,18.0,12.533,17.967,12.033,63.05,18.75,12.8,18.8,12.7,65.0,18.9,13.0,20.0,13.1,1.849,0.15,0.2,1.0,0.5
Navarre HS Indoor Percussion,PSA,2026,1,0,0,0.0,0.0,0.0,0.0,0.0,0.0,0.0,0.0,0.0,0.0,69.15,22.95,13.3,20.2,12.7,0.0,0.0,0.0,0.0,0.0
Navarre HS Indoor Percussion,PSA,2026,3,2,1,69.15,22.95,13.3,20.2,12.7,69.15,22.95,13.3,20.2,12.7,69.675,23.175,13.8,19.5,13.2,0.0,0.0,0.0,0.0,0.0
Navarre HS Indoor Percussion,PSA,2026,5,2,2,69.412,23.062,13.55,19.85,12.95,69.675,23.175,13.8,19.5,13.2,72.6,21.0,14.2,21.8,15.6,0.525,0.225,0.5,-0.7,0.5
New Hartford,PSA,2026,1,0,0,0.0,0.0,0.0,0.0,0.0,0.0,0.0,0.0,0.0,0.0,64.601,19.8,18.6,13.1,13.1,0.0,0.0,0.0,0.0,0.0
New Hartford,PSA,2026,2,1,1,64.601,19.8,18.6,13.1,13.1,64.601,19.8,18.6,13.1,13.1,64.6,20.0,19.2,12.9,12.5,0.0,0.0,0.0,0.0,0.0
New Hartford,PSA,2026,4,2,2,64.6,19.9,18.9,13.0,12.8,64.6,20.0,19.2,12.9,12.5,74.25,23.6,21.75,14.7,14.2,-0.001,0.2,0.6,-0.2,-0.6
New Hartford,PSA,2026,5,1,3,67.817,21.133,19.85,13.567,13.267,74.25,23.6,21.75,14.7,14.2,78.6,25.1,23.4,15.1,15.0,9.65,3.6,2.55,1.8,1.7
New Hartford,PSA,2026,8,3,4,70.513,22.125,20.737,13.95,13.7,78.6,25.1,23.4,15.1,15.0,85.85,25.7,26.25,16.9,17.0,4.35,1.5,1.65,0.4,0.8
Nordonia Winter Percussion,PSA,2026,5,0,0,0.0,0.0,0.0,0.0,0.0,0.0,0.0,0.0,0.0,0.0,76.6,24.0,14.7,23.4,14.5,0.0,0.0,0.0,0.0,0.0
Nordonia Winter Percussion,PSA,2026,9,4,1,76.6,24.0,14.7,23.4,14.5,76.6,24.0,14.7,23.4,14.5,79.676,24.375,16.3,23.1,15.9,0.0,0.0,0.0,0.0,0.0
North Penn,PSA,2026,3,0,0,0.0,0.0,0.0,0.0,0.0,0.0,0.0,0.0,0.0,0.0,78.6,23.1,15.7,24.1,15.7,0.0,0.0,0.0,0.0,0.0
North Penn,PSA,2026,4,1,1,78.6,23.1,15.7,24.1,15.7,78.6,23.1,15.7,24.1,15.7,85.25,25.95,17.2,25.0,17.1,0.0,0.0,0.0,0.0,0.0
Oak Park HS,PSA,2026,3,0,0,0.0,0.0,0.0,0.0,0.0,0.0,0.0,0.0,0.0,0.0,68.301,19.35,12.3,22.25,14.4,0.0,0.0,0.0,0.0,0.0
Oak Park HS,PSA,2026,6,3,1,68.301,19.35,12.3,22.25,14.4,68.301,19.35,12.3,22.25,14.4,67.601,19.5,14.1,20.6,13.4,0.0,0.0,0.0,0.0,0.0
Oak Ridge Indoor Percussion,PSA,2026,4,0,0,0.0,0.0,0.0,0.0,0.0,0.0,0.0,0.0,0.0,0.0,74.55,22.9,22.35,14.5,14.8,0.0,0.0,0.0,0.0,0.0
Oak Ridge Indoor Percussion,PSA,2026,7,3,1,74.55,22.9,22.35,14.5,14.8,74.55,22.9,22.35,14.5,14.8,80.0,26.0,23.1,15.0,15.9,0.0,0.0,0.0,0.0,0.0
Oak Ridge Indoor Percussion,PSA,2026,9,2,2,77.275,24.45,22.725,14.75,15.35,80.0,26.0,23.1,15.0,15.9,89.15,25.9,26.25,18.9,18.1,5.45,3.1,0.75,0.5,1.1
Odessa High School,PSA,2026,5,0,0,0.0,0.0,0.0,0.0,0.0,0.0,0.0,0.0,0.0,0.0,71.051,20.85,14.4,21.7,14.1,0.0,0.0,0.0,0.0,0.0
Odessa High School,PSA,2026,7,2,1,71.051,20.85,14.4,21.7,14.1,71.051,20.85,14.4,21.7,14.1,60.1,17.4,12.4,18.5,11.8,0.0,0.0,0.0,0.0,0.0
Odessa High School,PSA,2026,8,1,2,65.576,19.125,13.4,20.1,12.95,60.1,17.4,12.4,18.5,11.8,70.35,20.4,14.25,21.1,14.6,-10.951,-3.45,-2.0,-3.2,-2.3
Odessa High School,PSA,2026,9,1,3,67.167,19.55,13.683,20.433,13.5,70.35,20.4,14.25,21.1,14.6,72.5,21.6,14.9,21.0,15.0,10.25,3.0,1.85,2.6,2.8
Olentangy Liberty High School Winterline,PSA,2026,2,0,0,0.0,0.0,0.0,0.0,0.0,0.0,0.0,0.0,0.0,0.0,75.4,21.9,15.6,22.9,15.0,0.0,0.0,0.0,0.0,0.0
Olentangy Liberty High School Winterline,PSA,2026,5,3,1,75.4,21.9,15.6,22.9,15.0,75.4,21.9,15.6,22.9,15.0,80.1,25.5,14.8,24.1,15.7,0.0,0.0,0.0,0.0,0.0
Olentangy Liberty High School Winterline,PSA,2026,8,3,2,77.75,23.7,15.2,23.5,15.35,80.1,25.5,14.8,24.1,15.7,83.45,24.15,16.4,26.2,16.7,4.7,3.6,-0.8,1.2,0.7
Olentangy Liberty High School Winterline,PSA,2026,9,1,3,79.65,23.85,15.6,24.4,15.8,83.45,24.15,16.4,26.2,16.7,86.2,26.55,18.2,24.3,17.15,3.35,-1.35,1.6,2.1,1.0
Oswego,PSA,2026,5,0,0,0.0,0.0,0.0,0.0,0.0,0.0,0.0,0.0,0.0,0.0,68.35,20.7,20.55,13.6,13.5,0.0,0.0,0.0,0.0,0.0
Oswego,PSA,2026,6,1,1,68.35,20.7,20.55,13.6,13.5,68.35,20.7,20.55,13.6,13.5,70.251,22.1,20.55,13.9,13.7,0.0,0.0,0.0,0.0,0.0
Owen J Roberts,PSA,2026,2,0,0,0.0,0.0,0.0,0.0,0.0,0.0,0.0,0.0,0.0,0.0,53.701,16.5,10.6,15.0,11.6,0.0,0.0,0.0,0.0,0.0
Owen J Roberts,PSA,2026,3,1,1,53.701,16.5,10.6,15.0,11.6,53.701,16.5,10.6,15.0,11.6,77.7,22.8,15.5,24.0,15.4,0.0,0.0,0.0,0.0,0.0
Owen J Roberts,PSA,2026,4,1,2,65.7,19.65,13.05,19.5,13.5,77.7,22.8,15.5,24.0,15.4,83.75,25.5,16.5,25.05,16.7,23.999,6.3,4.9,9.0,3.8
Owen J Roberts,PSA,2026,5,1,3,71.717,21.6,14.2,21.35,14.567,83.75,25.5,16.5,25.05,16.7,82.85,24.75,16.1,25.7,16.3,6.05,2.7,1.0,1.05,1.3
Owen J Roberts,PSA,2026,8,3,4,74.5,22.388,14.675,22.438,15.0,82.85,24.75,16.1,25.7,16.3,90.55,26.85,17.9,27.8,18.0,-0.9,-0.75,-0.4,0.65,-0.4
Pennridge,PSA,2026,3,0,0,0.0,0.0,0.0,0.0,0.0,0.0,0.0,0.0,0.0,0.0,72.001,21.0,14.9,21.6,14.5,0.0,0.0,0.0,0.0,0.0
Pennridge,PSA,2026,4,1,1,72.001,21.0,14.9,21.6,14.5,72.001,21.0,14.9,21.6,14.5,74.751,20.85,16.8,21.5,15.6,0.0,0.0,0.0,0.0,0.0
Pennridge,PSA,2026,7,3,2,73.376,20.925,15.85,21.55,15.05,74.751,20.85,16.8,21.5,15.6,82.6,24.9,16.5,24.8,16.4,2.75,-0.15,1.9,-0.1,1.1
Pennridge,PSA,2026,8,1,3,76.451,22.25,16.067,22.633,15.5,82.6,24.9,16.5,24.8,16.4,85.0,25.05,17.25,26.8,15.9,7.849,4.05,-0.3,3.3,0.8
Pennridge,PSA,2026,9,1,4,78.588,22.95,16.362,23.675,15.6,85.0,25.05,17.25,26.8,15.9,83.15,24.45,18.0,24.6,16.1,2.4,0.15,0.75,2.0,-0.5
Perkiomen Valley,PSA,2026,4,0,0,0.0,0.0,0.0,0.0,0.0,0.0,0.0,0.0,0.0,0.0,72.75,22.5,13.8,22.05,14.4,0.0,0.0,0.0,0.0,0.0
Perkiomen Valley,PSA,2026,8,4,1,72.75,22.5,13.8,22.05,14.4,72.75,22.5,13.8,22.05,14.4,74.05,22.05,14.9,21.9,15.2,0.0,0.0,0.0,0.0,0.0
Perkiomen Valley,PSA,2026,9,1,2,73.4,22.275,14.35,21.975,14.8,74.05,22.05,14.9,21.9,15.2,79.6,22.2,15.6,24.8,17.0,1.3,-0.45,1.1,-0.15,0.8
Phoenix,PSA,2026,1,0,0,0.0,0.0,0.0,0.0,0.0,0.0,0.0,0.0,0.0,0.0,65.35,18.4,19.95,13.5,13.5,0.0,0.0,0.0,0.0,0.0
Phoenix,PSA,2026,5,4,1,65.35,18.4,19.95,13.5,13.5,65.35,18.4,19.95,13.5,13.5,77.6,24.0,21.9,16.6,15.1,0.0,0.0,0.0,0.0,0.0
Phoenix,PSA,2026,8,3,2,71.475,21.2,20.925,15.05,14.3,77.6,24.0,21.9,16.6,15.1,87.4,25.3,26.7,17.9,17.5,12.25,5.6,1.95,3.1,1.6
Phoenixville,PSA,2026,4,0,0,0.0,0.0,0.0,0.0,0.0,0.0,0.0,0.0,0.0,0.0,74.05,22.35,14.4,22.5,14.8,0.0,0.0,0.0,0.0,0.0
Phoenixville,PSA,2026,5,1,1,74.05,22.35,14.4,22.5,14.8,74.05,22.35,14.4,22.5,14.8,74.9,23.4,14.3,22.6,14.6,0.0,0.0,0.0,0.0,0.0
Phoenixville,PSA,2026,8,3,2,74.475,22.875,14.35,22.55,14.7,74.9,23.4,14.3,22.6,14.6,78.976,22.425,16.95,23.4,16.2,0.85,1.05,-0.1,0.1,-0.2
Phoenixville,PSA,2026,9,1,3,75.975,22.725,15.217,22.833,15.2,78.976,22.425,16.95,23.4,16.2,79.676,24.075,15.5,25.7,14.4,4.076,-0.975,2.65,0.8,1.6
Piedmont HS,PSA,2026,3,0,0,0.0,0.0,0.0,0.0,0.0,0.0,0.0,0.0,0.0,0.0,73.65,22.35,13.9,22.9,14.5,0.0,0.0,0.0,0.0,0.0
Piedmont HS,PSA,2026,8,5,1,73.65,22.35,13.9,22.9,14.5,73.65,22.35,13.9,22.9,14.5,82.7,24.6,15.6,24.9,17.6,0.0,0.0,0.0,0.0,0.0
Quakertown,PSA,2026,3,0,0,0.0,0.0,0.0,0.0,0.0,0.0,0.0,0.0,0.0,0.0,68.951,20.25,14.1,21.1,13.5,0.0,0.0,0.0,0.0,0.0
Quakertown,PSA,2026,5,2,1,68.951,20.25,14.1,21.1,13.5,68.951,20.25,14.1,21.1,13.5,76.85,21.9,14.7,24.05,16.2,0.0,0.0,0.0,0.0,0.0
Quakertown,PSA,2026,8,3,2,72.9,21.075,14.4,22.575,14.85,76.85,21.9,14.7,24.05,16.2,84.451,25.05,17.3,24.9,17.2,7.899,1.65,0.6,2.95,2.7
Quakertown,PSA,2026,9,1,3,76.751,22.4,15.367,23.35,15.633,84.451,25.05,17.3,24.9,17.2,80.851,24.75,16.5,24.0,15.6,7.601,3.15,2.6,0.85,1.0
Rancho Alamitos HS,PSA,2026,4,0,0,0.0,0.0,0.0,0.0,0.0,0.0,0.0,0.0,0.0,0.0,73.65,21.0,14.6,23.95,14.1,0.0,0.0,0.0,0.0,0.0
Rancho Alamitos HS,PSA,2026,7,3,1,73.65,21.0,14.6,23.95,14.1,73.65,21.0,14.6,23.95,14.1,81.176,24.075,16.0,24.9,16.2,0.0,0.0,0.0,0.0,0.0
Rivercrest Indoor Percussion Ensemble,PSA,2026,5,0,0,0.0,0.0,0.0,0.0,0.0,0.0,0.0,0.0,0.0,0.0,72.6,22.5,13.6,23.6,12.9,0.0,0.0,0.0,0.0,0.0
Rivercrest Indoor Percussion Ensemble,PSA,2026,7,2,1,72.6,22.5,13.6,23.6,12.9,72.6,22.5,13.6,23.6,12.9,80.15,24.45,15.8,23.8,16.1,0.0,0.0,0.0,0.0,0.0
Rivercrest Indoor Percussion Ensemble,PSA,2026,8,1,2,76.375,23.475,14.7,23.7,14.5,80.15,24.45,15.8,23.8,16.1,80.9,24.0,15.9,24.8,16.2,7.55,1.95,2.2,0.2,3.2
Scripps Ranch HS,PSA,2026,3,0,0,0.0,0.0,0.0,0.0,0.0,0.0,0.0,0.0,0.0,0.0,73.75,20.85,14.7,22.0,16.2,0.0,0.0,0.0,0.0,0.0
Scripps Ranch HS,PSA,2026,6,3,1,73.75,20.85,14.7,22.0,16.2,73.75,20.85,14.7,22.0,16.2,77.4,23.1,15.8,22.4,16.1,0.0,0.0,0.0,0.0,0.0
Serrano HS,PSA,2026,3,0,0,0.0,0.0,0.0,0.0,0.0,0.0,0.0,0.0,0.0,0.0,72.525,20.925,14.6,21.4,15.6,0.0,0.0,0.0,0.0,0.0
Serrano HS,PSA,2026,6,3,1,72.525,20.925,14.6,21.4,15.6,72.525,20.925,14.6,21.4,15.6,73.825,20.925,15.9,21.6,15.4,0.0,0.0,0.0,0.0,0.0
Seymour Percussion,PSA,2026,4,0,0,0.0,0.0,0.0,0.0,0.0,0.0,0.0,0.0,0.0,0.0,71.85,22.3,22.05,14.1,13.4,0.0,0.0,0.0,0.0,0.0
Seymour Percussion,PSA,2026,7,3,1,71.85,22.3,22.05,14.1,13.4,71.85,22.3,22.05,14.1,13.4,76.55,24.7,22.65,14.5,14.7,0.0,0.0,0.0,0.0,0.0
Seymour Percussion,PSA,2026,9,2,2,74.2,23.5,22.35,14.3,14.05,76.55,24.7,22.65,14.5,14.7,82.65,24.4,23.85,17.1,17.3,4.7,2.4,0.6,0.4,1.3
Souderton High School,PSA,2026,3,0,0,0.0,0.0,0.0,0.0,0.0,0.0,0.0,0.0,0.0,0.0,72.05,21.75,13.4,22.7,14.2,0.0,0.0,0.0,0.0,0.0
Souderton High School,PSA,2026,7,4,1,72.05,21.75,13.4,22.7,14.2,72.05,21.75,13.4,22.7,14.2,76.051,23.25,14.8,23.2,14.8,0.0,0.0,0.0,0.0,0.0
Souderton High School,PSA,2026,8,1,2,74.05,22.5,14.1,22.95,14.5,76.051,23.25,14.8,23.2,14.8,77.601,22.05,16.35,23.1,16.1,4.001,1.5,1.4,0.5,0.6
Souderton High School,PSA,2026,9,1,3,75.234,22.35,14.85,23.0,15.033,77.601,22.05,16.35,23.1,16.1,78.45,23.25,16.9,21.4,16.9,1.55,-1.2,1.55,-0.1,1.3
Southern Regional,PSA,2026,2,0,0,0.0,0.0,0.0,0.0,0.0,0.0,0.0,0.0,0.0,0.0,69.6,21.3,13.0,20.5,14.8,0.0,0.0,0.0,0.0,0.0
Southern Regional,PSA,2026,7,5,1,69.6,21.3,13.0,20.5,14.8,69.6,21.3,13.0,20.5,14.8,78.951,23.55,16.0,23.5,15.9,0.0,0.0,0.0,0.0,0.0
Southern Regional,PSA,2026,8,1,2,74.276,22.425,14.5,22.0,15.35,78.951,23.55,16.0,23.5,15.9,84.051,25.5,17.15,24.6,16.8,9.351,2.25,3.0,3.0,1.1
Southern Regional,PSA,2026,9,1,3,77.534,23.45,15.383,22.867,15.833,84.051,25.5,17.15,24.6,16.8,78.4,22.5,17.2,22.3,16.4,5.1,1.95,1.15,1.1,0.9
Spokane Valley,PSA,2026,2,0,0,0.0,0.0,0.0,0.0,0.0,0.0,0.0,0.0,0.0,0.0,66.55,20.6,20.55,12.9,12.5,0.0,0.0,0.0,0.0,0.0
Spokane Valley,PSA,2026,9,7,1,66.55,20.6,20.55,12.9,12.5,66.55,20.6,20.55,12.9,12.5,79.7,23.85,23.85,16.3,15.7,0.0,0.0,0.0,0.0,0.0
Springfield Indoor Drumline,PSA,2026,2,0,0,0.0,0.0,0.0,0.0,0.0,0.0,0.0,0.0,0.0,0.0,75.05,22.05,15.1,22.0,15.9,0.0,0.0,0.0,0.0,0.0
Springfield Indoor Drumline,PSA,2026,5,3,1,75.05,22.05,15.1,22.0,15.9,75.05,22.05,15.1,22.0,15.9,77.45,25.05,14.7,22.8,14.9,0.0,0.0,0.0,0.0,0.0
Springfield Indoor Drumline,PSA,2026,6,1,2,76.25,23.55,14.9,22.4,15.4,77.45,25.05,14.7,22.8,14.9,77.9,21.9,15.6,24.8,15.6,2.4,3.0,-0.4,0.8,-1.0
Springfield Indoor Drumline,PSA,2026,9,3,3,76.8,23.0,15.133,23.2,15.467,77.9,21.9,15.6,24.8,15.6,84.85,25.8,17.6,24.4,17.05,0.45,-3.15,0.9,2.0,0.7
St. Genevieve HS,PSA,2026,1,0,0,0.0,0.0,0.0,0.0,0.0,0.0,0.0,0.0,0.0,0.0,66.276,19.875,12.9,20.6,12.9,0.0,0.0,0.0,0.0,0.0
St. Genevieve HS,PSA,2026,5,4,1,66.276,19.875,12.9,20.6,12.9,66.276,19.875,12.9,20.6,12.9,73.65,22.35,13.7,23.4,14.2,0.0,0.0,0.0,0.0,0.0
St. Genevieve HS,PSA,2026,8,3,2,69.963,21.112,13.3,22.0,13.55,73.65,22.35,13.7,23.4,14.2,77.551,24.45,15.0,23.4,14.7,7.374,2.475,0.8,2.8,1.3
Tate Indoor Percussion,PSA,2026,1,0,0,0.0,0.0,0.0,0.0,0.0,0.0,0.0,0.0,0.0,0.0,70.55,23.55,12.5,20.4,14.1,0.0,0.0,0.0,0.0,0.0
Tate Indoor Percussion,PSA,2026,3,2,1,70.55,23.55,12.5,20.4,14.1,70.55,23.55,12.5,20.4,14.1,72.9,23.1,14.2,21.1,14.5,0.0,0.0,0.0,0.0,0.0
Tate Indoor Percussion,PSA,2026,5,2,2,71.725,23.325,13.35,20.75,14.3,72.9,23.1,14.2,21.1,14.5,78.3,23.7,15.7,22.9,16.0,2.35,-0.45,1.7,0.7,0.4
Temple City HS,PSA,2026,3,0,0,0.0,0.0,0.0,0.0,0.0,0.0,0.0,0.0,0.0,0.0,76.0,22.2,14.2,23.2,16.4,0.0,0.0,0.0,0.0,0.0
Temple City HS,PSA,2026,7,4,1,76.0,22.2,14.2,23.2,16.4,76.0,22.2,14.2,23.2,16.4,85.825,25.875,17.85,24.55,17.55,0.0,0.0,0.0,0.0,0.0
Unionville,PSA,2026,3,0,0,0.0,0.0,0.0,0.0,0.0,0.0,0.0,0.0,0.0,0.0,75.1,21.3,15.2,23.7,14.9,0.0,0.0,0.0,0.0,0.0
Unionville,PSA,2026,4,1,1,75.1,21.3,15.2,23.7,14.9,75.1,21.3,15.2,23.7,14.9,82.6,24.15,16.45,25.1,16.9,0.0,0.0,0.0,0.0,0.0
Unionville,PSA,2026,9,5,2,78.85,22.725,15.825,24.4,15.9,82.6,24.15,16.45,25.1,16.9,89.05,26.55,18.0,26.9,17.6,7.5,2.85,1.25,1.4,2.0
Upper Darby,PSA,2026,3,0,0,0.0,0.0,0.0,0.0,0.0,0.0,0.0,0.0,0.0,0.0,70.501,21.9,14.5,20.3,13.8,0.0,0.0,0.0,0.0,0.0
Upper Darby,PSA,2026,4,1,1,70.501,21.9,14.5,20.3,13.8,70.501,21.9,14.5,20.3,13.8,78.201,24.9,14.5,22.9,15.9,0.0,0.0,0.0,0.0,0.0
Upper Darby,PSA,2026,7,3,2,74.351,23.4,14.5,21.6,14.85,78.201,24.9,14.5,22.9,15.9,81.4,25.2,14.9,25.5,15.8,7.7,3.0,0.0,2.6,2.1
Upper Darby,PSA,2026,8,1,3,76.701,24.0,14.633,22.9,15.167,81.4,25.2,14.9,25.5,15.8,79.801,23.1,15.6,25.6,15.5,3.199,0.3,0.4,2.6,-0.1
Upper Darby,PSA,2026,9,1,4,77.476,23.775,14.875,23.575,15.25,79.801,23.1,15.6,25.6,15.5,81.526,22.875,16.7,26.85,15.1,-1.599,-2.1,0.7,0.1,-0.3
Upper Moreland,PSA,2026,4,0,0,0.0,0.0,0.0,0.0,0.0,0.0,0.0,0.0,0.0,0.0,76.401,22.65,15.5,22.15,16.1,0.0,0.0,0.0,0.0,0.0
Upper Moreland,PSA,2026,5,1,1,76.401,22.65,15.5,22.15,16.1,76.401,22.65,15.5,22.15,16.1,79.15,22.65,15.6,24.3,16.6,0.0,0.0,0.0,0.0,0.0
Upper Moreland,PSA,2026,7,2,2,77.776,22.65,15.55,23.225,16.35,79.15,22.65,15.6,24.3,16.6,84.65,25.05,17.5,25.1,17.0,2.749,0.0,0.1,2.15,0.5
Upper Moreland,PSA,2026,9,2,3,80.067,23.45,16.2,23.85,16.567,84.65,25.05,17.5,25.1,17.0,86.05,24.9,17.9,26.6,16.65,5.5,2.4,1.9,0.8,0.4
Van Buren HS Indoor Percussion,PSA,2026,3,0,0,0.0,0.0,0.0,0.0,0.0,0.0,0.0,0.0,0.0,0.0,69.35,21.15,14.3,19.5,14.4,0.0,0.0,0.0,0.0,0.0
Van Buren HS Indoor Percussion,PSA,2026,7,4,1,69.35,21.15,14.3,19.5,14.4,69.35,21.15,14.3,19.5,14.4,82.9,24.6,16.6,25.3,16.4,0.0,0.0,0.0,0.0,0.0
Van Buren HS Indoor Percussion,PSA,2026,8,1,2,76.125,22.875,15.45,22.4,15.4,82.9,24.6,16.6,25.3,16.4,83.55,25.65,16.3,24.9,16.7,13.55,3.45,2.3,5.8,2.0
West Florida Indoor Percussion,PSA,2026,1,0,0,0.0,0.0,0.0,0.0,0.0,0.0,0.0,0.0,0.0,0.0,68.751,22.35,12.7,20.1,13.6,0.0,0.0,0.0,0.0,0.0
West Florida Indoor Percussion,PSA,2026,3,2,1,68.751,22.35,12.7,20.1,13.6,68.751,22.35,12.7,20.1,13.6,71.225,23.025,14.4,19.6,14.2,0.0,0.0,0.0,0.0,0.0
West Florida Indoor Percussion,PSA,2026,5,2,2,69.988,22.688,13.55,19.85,13.9,71.225,23.025,14.4,19.6,14.2,75.65,23.55,15.0,22.4,14.7,2.474,0.675,1.7,-0.5,0.6
Westhill HS,PSA,2026,3,0,0,0.0,0.0,0.0,0.0,0.0,0.0,0.0,0.0,0.0,0.0,82.8,25.2,16.8,25.7,15.1,0.0,0.0,0.0,0.0,0.0
Westhill HS,PSA,2026,6,3,1,82.8,25.2,16.8,25.7,15.1,82.8,25.2,16.8,25.7,15.1,84.575,25.875,16.8,25.5,16.4,0.0,0.0,0.0,0.0,0.0
Broken City,PIW,2026,2,0,0,0.0,0.0,0.0,0.0,0.0,0.0,0.0,0.0,0.0,0.0,84.65,25.95,17.4,25.0,16.3,0.0,0.0,0.0,0.0,0.0
Broken City,PIW,2026,5,3,1,84.65,25.95,17.4,25.0,16.3,84.65,25.95,17.4,25.0,16.3,89.9,27.0,17.9,26.9,18.1,0.0,0.0,0.0,0.0,0.0
Broken City,PIW,2026,7,2,2,87.275,26.475,17.65,25.95,17.2,89.9,27.0,17.9,26.9,18.1,92.225,27.825,18.95,26.6,18.85,5.25,1.05,0.5,1.9,1.8
Cap City,PIW,2026,2,0,0,0.0,0.0,0.0,0.0,0.0,0.0,0.0,0.0,0.0,0.0,81.75,24.45,16.1,24.7,16.5,0.0,0.0,0.0,0.0,0.0
Cap City,PIW,2026,5,3,1,81.75,24.45,16.1,24.7,16.5,81.75,24.45,16.1,24.7,16.5,84.025,25.575,17.35,24.55,16.55,0.0,0.0,0.0,0.0,0.0
Cap City,PIW,2026,8,3,2,82.888,25.012,16.725,24.625,16.525,84.025,25.575,17.35,24.55,16.55,87.25,26.55,17.65,25.85,17.2,2.275,1.125,1.25,-0.15,0.05
Cap City,PIW,2026,9,1,3,84.342,25.525,17.033,25.033,16.75,87.25,26.55,17.65,25.85,17.2,91.85,27.6,18.9,27.2,18.15,3.225,0.975,0.3,1.3,0.65
Civitas Independent,PIW,2026,5,0,0,0.0,0.0,0.0,0.0,0.0,0.0,0.0,0.0,0.0,0.0,81.775,24.675,16.2,24.45,16.45,0.0,0.0,0.0,0.0,0.0
Civitas Independent,PIW,2026,8,3,1,81.775,24.675,16.2,24.45,16.45,81.775,24.675,16.2,24.45,16.45,84.8,26.1,16.8,25.5,16.4,0.0,0.0,0.0,0.0,0.0
ConneXus,PIW,2026,5,0,0,0.0,0.0,0.0,0.0,0.0,0.0,0.0,0.0,0.0,0.0,82.05,25.05,16.6,24.25,16.15,0.0,0.0,0.0,0.0,0.0
ConneXus,PIW,2026,7,2,1,82.05,25.05,16.6,24.25,16.15,82.05,25.05,16.6,24.25,16.15,85.45,25.35,17.2,26.1,16.8,0.0,0.0,0.0,0.0,0.0
ConneXus,PIW,2026,9,2,2,83.75,25.2,16.9,25.175,16.475,85.45,25.35,17.2,26.1,16.8,88.15,25.65,17.5,28.0,17.0,3.4,0.3,0.6,1.85,0.65
Dark Sky,PIW,2026,1,0,0,0.0,0.0,0.0,0.0,0.0,0.0,0.0,0.0,0.0,0.0,78.5,24.3,16.2,22.3,15.7,0.0,0.0,0.0,0.0,0.0
Dark Sky,PIW,2026,8,7,1,78.5,24.3,16.2,22.3,15.7,78.5,24.3,16.2,22.3,15.7,86.9,26.4,18.0,24.5,18.0,0.0,0.0,0.0,0.0,0.0
Dark Sky Percussion,PIW,2026,4,0,0,0.0,0.0,0.0,0.0,0.0,0.0,0.0,0.0,0.0,0.0,83.45,25.95,16.4,25.1,16.0,0.0,0.0,0.0,0.0,0.0
Dark Sky Percussion,PIW,2026,7,3,1,83.45,25.95,16.4,25.1,16.0,83.45,25.95,16.4,25.1,16.0,85.8,25.95,17.3,25.1,17.45,0.0,0.0,0.0,0.0,0.0
Flux Indoor Percussion,PIW,2026,4,0,0,0.0,0.0,0.0,0.0,0.0,0.0,0.0,0.0,0.0,0.0,80.251,25.05,15.9,23.9,15.4,0.0,0.0,0.0,0.0,0.0
Flux Indoor Percussion,PIW,2026,5,1,1,80.251,25.05,15.9,23.9,15.4,80.251,25.05,15.9,23.9,15.4,79.225,23.475,15.25,24.65,15.85,0.0,0.0,0.0,0.0,0.0
Infinity,PIW,2026,4,0,0,0.0,0.0,0.0,0.0,0.0,0.0,0.0,0.0,0.0,0.0,84.825,25.725,17.2,24.85,17.05,0.0,0.0,0.0,0.0,0.0
Infinity,PIW,2026,8,4,1,84.825,25.725,17.2,24.85,17.05,84.825,25.725,17.2,24.85,17.05,92.075,27.825,18.55,27.4,18.3,0.0,0.0,0.0,0.0,0.0
Infinity 2,PIW,2026,4,0,0,0.0,0.0,0.0,0.0,0.0,0.0,0.0,0.0,0.0,0.0,78.825,23.775,16.4,22.4,16.25,0.0,0.0,0.0,0.0,0.0
Infinity 2,PIW,2026,8,4,1,78.825,23.775,16.4,22.4,16.25,78.825,23.775,16.4,22.4,16.25,83.326,25.2,16.75,25.525,15.85,0.0,0.0,0.0,0.0,0.0
Instinct,PIW,2026,2,0,0,0.0,0.0,0.0,0.0,0.0,0.0,0.0,0.0,0.0,0.0,73.8,22.2,15.0,21.8,14.8,0.0,0.0,0.0,0.0,0.0
Instinct,PIW,2026,4,2,1,73.8,22.2,15.0,21.8,14.8,73.8,22.2,15.0,21.8,14.8,76.501,24.6,15.2,22.2,14.5,0.0,0.0,0.0,0.0,0.0
Instinct,PIW,2026,5,1,2,75.15,23.4,15.1,22.0,14.65,76.501,24.6,15.2,22.2,14.5,77.35,23.55,15.5,23.4,14.9,2.701,2.4,0.2,0.4,-0.3
Instinct,PIW,2026,7,2,3,75.884,23.45,15.233,22.467,14.733,77.35,23.55,15.5,23.4,14.9,78.726,23.625,16.45,22.65,16.0,0.849,-1.05,0.3,1.2,0.4
Matrix,PIW,2026,2,0,0,0.0,0.0,0.0,0.0,0.0,0.0,0.0,0.0,0.0,0.0,83.0,24.9,16.6,24.4,17.1,0.0,0.0,0.0,0.0,0.0
Matrix,PIW,2026,7,5,1,83.0,24.9,16.6,24.4,17.1,83.0,24.9,16.6,24.4,17.1,87.85,26.55,18.0,24.9,18.4,0.0,0.0,0.0,0.0,0.0
Matrix,PIW,2026,8,1,2,85.425,25.725,17.3,24.65,17.75,87.85,26.55,18.0,24.9,18.4,90.7,27.0,18.4,26.7,18.6,4.85,1.65,1.4,0.5,1.3
Matrix,PIW,2026,9,1,3,87.183,26.15,17.667,25.333,18.033,90.7,27.0,18.4,26.7,18.6,92.2,28.2,19.4,26.3,18.3,2.85,0.45,0.4,1.8,0.2
Meraki,PIW,2026,1,0,0,0.0,0.0,0.0,0.0,0.0,0.0,0.0,0.0,0.0,0.0,75.251,22.65,15.3,22.6,14.7,0.0,0.0,0.0,0.0,0.0
Meraki,PIW,2026,2,1,1,75.251,22.65,15.3,22.6,14.7,75.251,22.65,15.3,22.6,14.7,76.9,23.1,15.6,23.0,15.2,0.0,0.0,0.0,0.0,0.0
Meraki,PIW,2026,4,2,2,76.076,22.875,15.45,22.8,14.95,76.9,23.1,15.6,23.0,15.2,82.8,25.2,16.5,25.5,15.6,1.649,0.45,0.3,0.4,0.5
Meraki,PIW,2026,7,3,3,78.317,23.65,15.8,23.7,15.167,82.8,25.2,16.5,25.5,15.6,84.451,25.65,16.75,25.15,16.9,5.9,2.1,0.9,2.5,0.4
Music City Mystique,PIW,2026,5,0,0,0.0,0.0,0.0,0.0,0.0,0.0,0.0,0.0,0.0,0.0,88.35,26.7,17.9,26.25,17.5,0.0,0.0,0.0,0.0,0.0
Music City Mystique,PIW,2026,8,3,1,88.35,26.7,17.9,26.25,17.5,88.35,26.7,17.9,26.25,17.5,93.675,28.275,19.05,27.65,18.7,0.0,0.0,0.0,0.0,0.0
POW Percussion,PIW,2026,1,0,0,0.0,0.0,0.0,0.0,0.0,0.0,0.0,0.0,0.0,0.0,77.65,23.55,15.6,23.0,15.5,0.0,0.0,0.0,0.0,0.0
POW Percussion,PIW,2026,4,3,1,77.65,23.55,15.6,23.0,15.5,77.65,23.55,15.6,23.0,15.5,85.15,26.25,16.6,26.1,16.2,0.0,0.0,0.0,0.0,0.0
POW Percussion,PIW,2026,7,3,2,81.4,24.9,16.1,24.55,15.85,85.15,26.25,16.6,26.1,16.2,86.5,26.4,17.0,25.95,17.15,7.5,2.7,1.0,3.1,0.7
POW Percussion,PIW,2026,8,1,3,83.1,25.4,16.4,25.017,16.283,86.5,26.4,17.0,25.95,17.15,87.05,26.55,17.5,26.1,16.9,1.35,0.15,0.4,-0.15,0.95
Pulse Percussion,PIW,2026,1,0,0,0.0,0.0,0.0,0.0,0.0,0.0,0.0,0.0,0.0,0.0,84.45,25.65,17.0,25.1,16.7,0.0,0.0,0.0,0.0,0.0
Pulse Percussion,PIW,2026,4,3,1,84.45,25.65,17.0,25.1,16.7,84.45,25.65,17.0,25.1,16.7,90.35,27.75,17.8,27.4,17.4,0.0,0.0,0.0,0.0,0.0
Pulse Percussion,PIW,2026,7,3,2,87.4,26.7,17.4,26.25,17.05,90.35,27.75,17.8,27.4,17.4,92.863,27.862,18.85,27.45,18.7,5.9,2.1,0.8,2.3,0.7
Pulse Percussion,PIW,2026,8,1,3,89.221,27.087,17.883,26.65,17.6,92.863,27.862,18.85,27.45,18.7,94.35,28.65,19.1,27.7,18.9,2.513,0.112,1.05,0.05,1.3
RCC,PIW,2026,1,0,0,0.0,0.0,0.0,0.0,0.0,0.0,0.0,0.0,0.0,0.0,85.9,26.4,17.5,24.5,17.5,0.0,0.0,0.0,0.0,0.0
RCC,PIW,2026,4,3,1,85.9,26.4,17.5,24.5,17.5,85.9,26.4,17.5,24.5,17.5,90.0,27.3,18.3,26.9,17.5,0.0,0.0,0.0,0.0,0.0
RCC,PIW,2026,7,3,2,87.95,26.85,17.9,25.7,17.5,90.0,27.3,18.3,26.9,17.5,93.675,28.275,19.35,27.0,19.05,4.1,0.9,0.8,2.4,0.0
RCC,PIW,2026,8,1,3,89.858,27.325,18.383,26.133,18.017,93.675,28.275,19.35,27.0,19.05,95.4,28.8,19.4,27.8,19.4,3.675,0.975,1.05,0.1,1.55
Red Wave Indoor from Fresno State,PIW,2026,4,0,0,0.0,0.0,0.0,0.0,0.0,0.0,0.0,0.0,0.0,0.0,78.401,23.7,15.2,23.6,15.9,0.0,0.0,0.0,0.0,0.0
Red Wave Indoor from Fresno State,PIW,2026,7,3,1,78.401,23.7,15.2,23.6,15.9,78.401,23.7,15.2,23.6,15.9,81.151,24.0,16.5,24.4,16.25,0.0,0.0,0.0,0.0,0.0
Redline,PIW,2026,4,0,0,0.0,0.0,0.0,0.0,0.0,0.0,0.0,0.0,0.0,0.0,79.15,23.85,16.2,22.8,16.3,0.0,0.0,0.0,0.0,0.0
Redline,PIW,2026,6,2,1,79.15,23.85,16.2,22.8,16.3,79.15,23.85,16.2,22.8,16.3,84.5,25.8,17.4,24.7,16.6,0.0,0.0,0.0,0.0,0.0
Redline,PIW,2026,7,1,2,81.825,24.825,16.8,23.75,16.45,84.5,25.8,17.4,24.7,16.6,88.175,25.875,17.55,27.1,17.65,5.35,1.95,1.2,1.9,0.3
Redline,PIW,2026,9,2,3,83.942,25.175,17.05,24.867,16.85,88.175,25.875,17.55,27.1,17.65,89.85,26.85,17.8,27.2,18.0,3.675,0.075,0.15,2.4,1.05
Resistance Indoor Percussion,PIW,2026,3,0,0,0.0,0.0,0.0,0.0,0.0,0.0,0.0,0.0,0.0,0.0,76.3,23.1,15.3,23.2,14.7,0.0,0.0,0.0,0.0,0.0
Resistance Indoor Percussion,PIW,2026,7,4,1,76.3,23.1,15.3,23.2,14.7,76.3,23.1,15.3,23.2,14.7,81.45,24.75,15.6,24.5,16.6,0.0,0.0,0.0,0.0,0.0
Resistance Indoor Percussion,PIW,2026,8,1,2,78.875,23.925,15.45,23.85,15.65,81.45,24.75,15.6,24.5,16.6,82.35,24.45,15.9,25.2,16.8,5.15,1.65,0.3,1.3,1.9
Rhythm X,PIW,2026,5,0,0,0.0,0.0,0.0,0.0,0.0,0.0,0.0,0.0,0.0,0.0,90.0,27.45,18.7,25.85,18.0,0.0,0.0,0.0,0.0,0.0
Rhythm X,PIW,2026,7,2,1,90.0,27.45,18.7,25.85,18.0,90.0,27.45,18.7,25.85,18.0,94.825,28.575,19.05,28.05,19.15,0.0,0.0,0.0,0.0,0.0
Rhythmic Force Percussion,PIW,2026,5,0,0,0.0,0.0,0.0,0.0,0.0,0.0,0.0,0.0,0.0,0.0,87.0,26.7,17.15,26.15,17.0,0.0,0.0,0.0,0.0,0.0
Rhythmic Force Percussion,PIW,2026,8,3,1,87.0,26.7,17.15,26.15,17.0,87.0,26.7,17.15,26.15,17.0,90.225,27.075,18.0,27.15,18.0,0.0,0.0,0.0,0.0,0.0
United Percussion,PIW,2026,6,0,0,0.0,0.0,0.0,0.0,0.0,0.0,0.0,0.0,0.0,0.0,86.2,25.8,17.1,26.3,17.0,0.0,0.0,0.0,0.0,0.0
United Percussion,PIW,2026,9,3,1,86.2,25.8,17.1,26.3,17.0,86.2,25.8,17.1,26.3,17.0,87.75,26.55,18.2,25.7,17.3,0.0,0.0,0.0,0.0,0.0
Bakersfield College,PIO,2026,4,0,0,0.0,0.0,0.0,0.0,0.0,0.0,0.0,0.0,0.0,0.0,83.3,25.2,16.3,25.1,16.7,0.0,0.0,0.0,0.0,0.0
Bakersfield College,PIO,2026,7,3,1,83.3,25.2,16.3,25.1,16.7,83.3,25.2,16.3,25.1,16.7,86.65,25.65,18.05,25.2,17.75,0.0,0.0,0.0,0.0,0.0
Breakthrough Indoor Percussion,PIO,2026,5,0,0,0.0,0.0,0.0,0.0,0.0,0.0,0.0,0.0,0.0,0.0,80.8,24.0,15.8,25.1,15.9,0.0,0.0,0.0,0.0,0.0
Breakthrough Indoor Percussion,PIO,2026,7,2,1,80.8,24.0,15.8,25.1,15.9,80.8,24.0,15.8,25.1,15.9,81.55,24.0,17.1,23.25,17.2,0.0,0.0,0.0,0.0,0.0
Cap City 2,PIO,2026,2,0,0,0.0,0.0,0.0,0.0,0.0,0.0,0.0,0.0,0.0,0.0,80.15,23.25,15.4,24.7,16.8,0.0,0.0,0.0,0.0,0.0
Cap City 2,PIO,2026,5,3,1,80.15,23.25,15.4,24.7,16.8,80.15,23.25,15.4,24.7,16.8,83.2,25.2,17.1,23.8,17.1,0.0,0.0,0.0,0.0,0.0
Cap City 2,PIO,2026,7,2,2,81.675,24.225,16.25,24.25,16.95,83.2,25.2,17.1,23.8,17.1,89.45,26.55,17.9,26.9,18.1,3.05,1.95,1.7,-0.9,0.3
Cap City 2,PIO,2026,8,1,3,84.267,25.0,16.8,25.133,17.333,89.45,26.55,17.9,26.9,18.1,89.05,27.15,18.3,27.3,16.3,6.25,1.35,0.8,3.1,1.0
Cap City 2,PIO,2026,9,1,4,85.462,25.538,17.175,25.675,17.075,89.05,27.15,18.3,27.3,16.3,93.05,27.75,19.1,27.5,18.7,-0.4,0.6,0.4,0.4,-1.8
Dakota High School,PIO,2026,7,0,0,0.0,0.0,0.0,0.0,0.0,0.0,0.0,0.0,0.0,0.0,82.45,24.75,16.9,23.5,17.3,0.0,0.0,0.0,0.0,0.0
Dakota High School,PIO,2026,9,2,1,82.45,24.75,16.9,23.5,17.3,82.45,24.75,16.9,23.5,17.3,84.45,25.35,17.3,24.4,17.4,0.0,0.0,0.0,0.0,0.0
EPIC Indoor Percussion,PIO,2026,3,0,0,0.0,0.0,0.0,0.0,0.0,0.0,0.0,0.0,0.0,0.0,69.9,21.3,13.4,21.2,14.0,0.0,0.0,0.0,0.0,0.0
EPIC Indoor Percussion,PIO,2026,6,3,1,69.9,21.3,13.4,21.2,14.0,69.9,21.3,13.4,21.2,14.0,75.3,22.8,15.3,21.8,15.4,0.0,0.0,0.0,0.0,0.0
Freedom Percussion,PIO,2026,5,0,0,0.0,0.0,0.0,0.0,0.0,0.0,0.0,0.0,0.0,0.0,80.65,25.05,15.0,25.1,15.5,0.0,0.0,0.0,0.0,0.0
Freedom Percussion,PIO,2026,7,2,1,80.65,25.05,15.0,25.1,15.5,80.65,25.05,15.0,25.1,15.5,83.975,24.975,16.55,25.75,16.7,0.0,0.0,0.0,0.0,0.0
Frontier Percussion,PIO,2026,4,0,0,0.0,0.0,0.0,0.0,0.0,0.0,0.0,0.0,0.0,0.0,73.7,21.6,15.5,21.3,15.3,0.0,0.0,0.0,0.0,0.0
Frontier Percussion,PIO,2026,8,4,1,73.7,21.6,15.5,21.3,15.3,73.7,21.6,15.5,21.3,15.3,80.55,23.85,16.1,24.1,16.5,0.0,0.0,0.0,0.0,0.0
Grandville Independent,PIO,2026,6,0,0,0.0,0.0,0.0,0.0,0.0,0.0,0.0,0.0,0.0,0.0,76.85,22.95,15.8,23.3,14.8,0.0,0.0,0.0,0.0,0.0
Grandville Independent,PIO,2026,9,3,1,76.85,22.95,15.8,23.3,14.8,76.85,22.95,15.8,23.3,14.8,81.85,24.75,16.5,24.1,16.5,0.0,0.0,0.0,0.0,0.0
Heartland Indoor Percussion,PIO,2026,5,0,0,0.0,0.0,0.0,0.0,0.0,0.0,0.0,0.0,0.0,0.0,68.65,18.15,12.8,23.6,14.1,0.0,0.0,0.0,0.0,0.0
Heartland Indoor Percussion,PIO,2026,7,2,1,68.65,18.15,12.8,23.6,14.1,68.65,18.15,12.8,23.6,14.1,72.7,21.9,14.5,21.8,14.5,0.0,0.0,0.0,0.0,0.0
Huron Valley Percussion,PIO,2026,4,0,0,0.0,0.0,0.0,0.0,0.0,0.0,0.0,0.0,0.0,0.0,75.1,23.7,14.4,21.7,15.3,0.0,0.0,0.0,0.0,0.0
Huron Valley Percussion,PIO,2026,6,2,1,75.1,23.7,14.4,21.7,15.3,75.1,23.7,14.4,21.7,15.3,79.05,24.15,16.7,23.0,15.2,0.0,0.0,0.0,0.0,0.0
Huron Valley Percussion,PIO,2026,7,1,2,77.075,23.925,15.55,22.35,15.25,79.05,24.15,16.7,23.0,15.2,81.9,24.3,16.8,23.8,17.0,3.95,0.45,2.3,1.3,-0.1
Imperial Dynasty,PIO,2026,5,0,0,0.0,0.0,0.0,0.0,0.0,0.0,0.0,0.0,0.0,0.0,77.7,22.8,14.9,25.0,15.0,0.0,0.0,0.0,0.0,0.0
Imperial Dynasty,PIO,2026,6,1,1,77.7,22.8,14.9,25.0,15.0,77.7,22.8,14.9,25.0,15.0,83.9,25.5,16.9,24.6,16.9,0.0,0.0,0.0,0.0,0.0
Imperial Dynasty,PIO,2026,8,2,2,80.8,24.15,15.9,24.8,15.95,83.9,25.5,16.9,24.6,16.9,87.5,25.8,17.5,26.9,17.3,6.2,2.7,2.0,-0.4,1.9
Infinity 3,PIO,2026,4,0,0,0.0,0.0,0.0,0.0,0.0,0.0,0.0,0.0,0.0,0.0,78.4,23.25,15.8,23.15,16.2,0.0,0.0,0.0,0.0,0.0
Infinity 3,PIO,2026,8,4,1,78.4,23.25,15.8,23.15,16.2,78.4,23.25,15.8,23.15,16.2,85.925,25.65,17.0,26.0,17.275,0.0,0.0,0.0,0.0,0.0
Kaizen,PIO,2026,1,0,0,0.0,0.0,0.0,0.0,0.0,0.0,0.0,0.0,0.0,0.0,75.3,23.7,15.4,21.7,14.5,0.0,0.0,0.0,0.0,0.0
Kaizen,PIO,2026,5,4,1,75.3,23.7,15.4,21.7,14.5,75.3,23.7,15.4,21.7,14.5,84.7,25.5,17.3,25.2,16.7,0.0,0.0,0.0,0.0,0.0
Lotus,PIO,2026,3,0,0,0.0,0.0,0.0,0.0,0.0,0.0,0.0,0.0,0.0,0.0,72.1,21.6,14.8,21.6,14.1,0.0,0.0,0.0,0.0,0.0
Lotus,PIO,2026,6,3,1,72.1,21.6,14.8,21.6,14.1,72.1,21.6,14.8,21.6,14.1,79.15,23.55,15.7,24.8,15.1,0.0,0.0,0.0,0.0,0.0
Lotus,PIO,2026,8,2,2,75.625,22.575,15.25,23.2,14.6,79.15,23.55,15.7,24.8,15.1,79.4,23.85,15.6,24.85,15.1,7.05,1.95,0.9,3.2,1.0
Matrix Open,PIO,2026,2,0,0,0.0,0.0,0.0,0.0,0.0,0.0,0.0,0.0,0.0,0.0,76.7,22.5,15.0,23.3,15.9,0.0,0.0,0.0,0.0,0.0
Matrix Open,PIO,2026,7,5,1,76.7,22.5,15.0,23.3,15.9,76.7,22.5,15.0,23.3,15.9,85.675,25.125,17.15,26.1,17.3,0.0,0.0,0.0,0.0,0.0
Matrix Open,PIO,2026,8,1,2,81.188,23.812,16.075,24.7,16.6,85.675,25.125,17.15,26.1,17.3,86.05,25.95,17.6,25.9,16.6,8.975,2.625,2.15,2.8,1.4
Matrix Open,PIO,2026,9,1,3,82.808,24.525,16.583,25.1,16.6,86.05,25.95,17.6,25.9,16.6,88.7,26.4,18.4,26.3,17.6,0.375,0.825,0.45,-0.2,-0.7
Motor City Percussion,PIO,2026,4,0,0,0.0,0.0,0.0,0.0,0.0,0.0,0.0,0.0,0.0,0.0,77.25,23.55,15.3,22.6,15.8,0.0,0.0,0.0,0.0,0.0
Motor City Percussion,PIO,2026,6,2,1,77.25,23.55,15.3,22.6,15.8,77.25,23.55,15.3,22.6,15.8,83.55,25.65,16.6,24.3,17.0,0.0,0.0,0.0,0.0,0.0
Motor City Percussion,PIO,2026,9,3,2,80.4,24.6,15.95,23.45,16.4,83.55,25.65,16.6,24.3,17.0,88.05,26.25,17.9,26.0,17.9,6.3,2.1,1.3,1.7,1.2
Old Line Independent Percussion,PIO,2026,6,0,0,0.0,0.0,0.0,0.0,0.0,0.0,0.0,0.0,0.0,0.0,80.15,24.15,16.2,23.3,16.5,0.0,0.0,0.0,0.0,0.0
Old Line Independent Percussion,PIO,2026,8,2,1,80.15,24.15,16.2,23.3,16.5,80.15,24.15,16.2,23.3,16.5,87.0,25.5,17.0,27.4,17.1,0.0,0.0,0.0,0.0,0.0
Orange County Independent,PIO,2026,2,0,0,0.0,0.0,0.0,0.0,0.0,0.0,0.0,0.0,0.0,0.0,72.9,22.8,14.2,22.2,13.7,0.0,0.0,0.0,0.0,0.0
Orange County Independent,PIO,2026,5,3,1,72.9,22.8,14.2,22.2,13.7,72.9,22.8,14.2,22.2,13.7,80.2,24.9,16.9,23.0,15.4,0.0,0.0,0.0,0.0,0.0
United Percussion 2,PIO,2026,6,0,0,0.0,0.0,0.0,0.0,0.0,0.0,0.0,0.0,0.0,0.0,81.7,24.3,16.6,24.2,16.6,0.0,0.0,0.0,0.0,0.0
United Percussion 2,PIO,2026,8,2,1,81.7,24.3,16.6,24.2,16.6,81.7,24.3,16.6,24.2,16.6,84.4,25.5,17.0,25.3,16.6,0.0,0.0,0.0,0.0,0.0
United Percussion 2,PIO,2026,9,1,2,83.05,24.9,16.8,24.75,16.6,84.4,25.5,17.0,25.3,16.6,82.4,23.7,17.4,25.4,15.9,2.7,1.2,0.4,1.1,0.0
Vision Percussion,PIO,2026,5,0,0,0.0,0.0,0.0,0.0,0.0,0.0,0.0,0.0,0.0,0.0,76.825,22.125,15.1,24.3,15.3,0.0,0.0,0.0,0.0,0.0
Vision Percussion,PIO,2026,7,2,1,76.825,22.125,15.1,24.3,15.3,76.825,22.125,15.1,24.3,15.3,79.275,23.925,16.3,22.75,16.3,0.0,0.0,0.0,0.0,0.0
202 Indoor Percussion,PIA,2026,4,0,0,0.0,0.0,0.0,0.0,0.0,0.0,0.0,0.0,0.0,0.0,74.6,21.3,16.1,21.8,15.4,0.0,0.0,0.0,0.0,0.0
202 Indoor Percussion,PIA,2026,7,3,1,74.6,21.3,16.1,21.8,15.4,74.6,21.3,16.1,21.8,15.4,85.95,24.15,16.8,27.5,17.5,0.0,0.0,0.0,0.0,0.0
Belleville Indoor Percussion,PIA,2026,5,0,0,0.0,0.0,0.0,0.0,0.0,0.0,0.0,0.0,0.0,0.0,70.65,20.25,14.3,22.3,13.8,0.0,0.0,0.0,0.0,0.0
Belleville Indoor Percussion,PIA,2026,7,2,1,70.65,20.25,14.3,22.3,13.8,70.65,20.25,14.3,22.3,13.8,76.7,22.8,15.0,23.3,15.6,0.0,0.0,0.0,0.0,0.0
Bellevue Combined Schools,PIA,2026,5,0,0,0.0,0.0,0.0,0.0,0.0,0.0,0.0,0.0,0.0,0.0,74.5,22.8,14.7,22.6,14.4,0.0,0.0,0.0,0.0,0.0
Bellevue Combined Schools,PIA,2026,8,3,1,74.5,22.8,14.7,22.6,14.4,74.5,22.8,14.7,22.6,14.4,80.0,23.4,15.7,25.0,15.9,0.0,0.0,0.0,0.0,0.0
Bellevue Combined Schools,PIA,2026,9,1,2,77.25,23.1,15.2,23.8,15.15,80.0,23.4,15.7,25.0,15.9,75.2,24.0,15.6,22.8,12.8,5.5,0.6,1.0,2.4,1.5
Breakwater Performing Arts,PIA,2026,3,0,0,0.0,0.0,0.0,0.0,0.0,0.0,0.0,0.0,0.0,0.0,66.35,19.65,13.1,19.7,13.9,0.0,0.0,0.0,0.0,0.0
Breakwater Performing Arts,PIA,2026,6,3,1,66.35,19.65,13.1,19.7,13.9,66.35,19.65,13.1,19.7,13.9,75.2,23.1,16.1,21.4,14.6,0.0,0.0,0.0,0.0,0.0
Breakwater Performing Arts,PIA,2026,8,2,2,70.775,21.375,14.6,20.55,14.25,75.2,23.1,16.1,21.4,14.6,78.75,24.15,15.7,23.3,15.6,8.85,3.45,3.0,1.7,0.7
Breakwater Performing Arts,PIA,2026,9,1,3,73.433,22.3,14.967,21.467,14.7,78.75,24.15,15.7,23.3,15.6,80.25,24.15,15.8,23.9,16.4,3.55,1.05,-0.4,1.9,1.0
Carolina Storm Indoor Percussion,PIA,2026,5,0,0,0.0,0.0,0.0,0.0,0.0,0.0,0.0,0.0,0.0,0.0,72.65,21.75,14.0,22.7,14.2,0.0,0.0,0.0,0.0,0.0
Carolina Storm Indoor Percussion,PIA,2026,8,3,1,72.65,21.75,14.0,22.7,14.2,72.65,21.75,14.0,22.7,14.2,73.05,21.75,14.5,21.8,15.0,0.0,0.0,0.0,0.0,0.0
Category 5 Percussion,PIA,2026,1,0,0,0.0,0.0,0.0,0.0,0.0,0.0,0.0,0.0,0.0,0.0,75.35,25.05,15.1,21.0,14.2,0.0,0.0,0.0,0.0,0.0
Category 5 Percussion,PIA,2026,3,2,1,75.35,25.05,15.1,21.0,14.2,75.35,25.05,15.1,21.0,14.2,75.0,24.3,15.3,20.2,15.2,0.0,0.0,0.0,0.0,0.0
Category 5 Percussion,PIA,2026,5,2,2,75.175,24.675,15.2,20.6,14.7,75.0,24.3,15.3,20.2,15.2,77.05,23.55,15.5,22.4,15.6,-0.35,-0.75,0.2,-0.8,1.0
Central Bucks School District,PIA,2026,7,0,0,0.0,0.0,0.0,0.0,0.0,0.0,0.0,0.0,0.0,0.0,70.25,21.15,13.1,22.4,13.6,0.0,0.0,0.0,0.0,0.0
Central Bucks School District,PIA,2026,8,1,1,70.25,21.15,13.1,22.4,13.6,70.25,21.15,13.1,22.4,13.6,70.9,20.7,14.5,20.8,14.9,0.0,0.0,0.0,0.0,0.0
Central Bucks School District,PIA,2026,9,1,2,70.575,20.925,13.8,21.6,14.25,70.9,20.7,14.5,20.8,14.9,70.85,21.45,14.4,20.3,14.7,0.65,-0.45,1.4,-1.6,1.3
Cornerstone Percussion,PIA,2026,6,0,0,0.0,0.0,0.0,0.0,0.0,0.0,0.0,0.0,0.0,0.0,72.05,19.65,15.3,23.0,14.1,0.0,0.0,0.0,0.0,0.0
Cornerstone Percussion,PIA,2026,7,1,1,72.05,19.65,15.3,23.0,14.1,72.05,19.65,15.3,23.0,14.1,73.275,21.975,14.8,21.45,15.05,0.0,0.0,0.0,0.0,0.0
Crystal Lake Thunder,PIA,2026,4,0,0,0.0,0.0,0.0,0.0,0.0,0.0,0.0,0.0,0.0,0.0,74.001,21.6,15.1,22.9,14.4,0.0,0.0,0.0,0.0,0.0
Crystal Lake Thunder,PIA,2026,7,3,1,74.001,21.6,15.1,22.9,14.4,74.001,21.6,15.1,22.9,14.4,78.575,23.325,15.85,23.5,15.9,0.0,0.0,0.0,0.0,0.0
ECR,PIA,2026,1,0,0,0.0,0.0,0.0,0.0,0.0,0.0,0.0,0.0,0.0,0.0,70.3,21.3,13.7,21.2,14.1,0.0,0.0,0.0,0.0,0.0
ECR,PIA,2026,6,5,1,70.3,21.3,13.7,21.2,14.1,70.3,21.3,13.7,21.2,14.1,77.2,22.2,15.5,24.1,15.4,0.0,0.0,0.0,0.0,0.0
Escondido Union HSD,PIA,2026,6,0,0,0.0,0.0,0.0,0.0,0.0,0.0,0.0,0.0,0.0,0.0,70.25,20.85,13.3,22.8,13.3,0.0,0.0,0.0,0.0,0.0
Escondido Union HSD,PIA,2026,8,2,1,70.25,20.85,13.3,22.8,13.3,70.25,20.85,13.3,22.8,13.3,74.55,21.45,13.6,24.7,14.8,0.0,0.0,0.0,0.0,0.0
Farmington United Percussion Ensemble,PIA,2026,4,0,0,0.0,0.0,0.0,0.0,0.0,0.0,0.0,0.0,0.0,0.0,69.75,20.55,14.7,20.5,14.0,0.0,0.0,0.0,0.0,0.0
Farmington United Percussion Ensemble,PIA,2026,8,4,1,69.75,20.55,14.7,20.5,14.0,69.75,20.55,14.7,20.5,14.0,72.65,22.65,15.4,20.2,14.4,0.0,0.0,0.0,0.0,0.0
Fleur Winter Percussion,PIA,2026,5,0,0,0.0,0.0,0.0,0.0,0.0,0.0,0.0,0.0,0.0,0.0,73.9,20.7,16.5,21.7,15.0,0.0,0.0,0.0,0.0,0.0
Fleur Winter Percussion,PIA,2026,7,2,1,73.9,20.7,16.5,21.7,15.0,73.9,20.7,16.5,21.7,15.0,74.4,21.0,14.7,23.2,15.5,0.0,0.0,0.0,0.0,0.0
Flower City Percussion,PIA,2026,2,0,0,0.0,0.0,0.0,0.0,0.0,0.0,0.0,0.0,0.0,0.0,63.95,19.4,19.95,12.7,11.9,0.0,0.0,0.0,0.0,0.0
Flower City Percussion,PIA,2026,3,1,1,63.95,19.4,19.95,12.7,11.9,63.95,19.4,19.95,12.7,11.9,65.85,19.35,12.8,21.2,12.5,0.0,0.0,0.0,0.0,0.0
Francis Howell Independent,PIA,2026,5,0,0,0.0,0.0,0.0,0.0,0.0,0.0,0.0,0.0,0.0,0.0,80.35,23.85,16.3,24.2,16.0,0.0,0.0,0.0,0.0,0.0
Francis Howell Independent,PIA,2026,7,2,1,80.35,23.85,16.3,24.2,16.0,80.35,23.85,16.3,24.2,16.0,85.1,25.8,17.5,25.1,16.7,0.0,0.0,0.0,0.0,0.0
Lake Effect Percussion,PIA,2026,4,0,0,0.0,0.0,0.0,0.0,0.0,0.0,0.0,0.0,0.0,0.0,73.25,21.45,14.6,22.1,15.1,0.0,0.0,0.0,0.0,0.0
Lake Effect Percussion,PIA,2026,6,2,1,73.25,21.45,14.6,22.1,15.1,73.25,21.45,14.6,22.1,15.1,81.85,24.75,17.0,23.7,16.4,0.0,0.0,0.0,0.0,0.0
Lake Effect Percussion,PIA,2026,9,3,2,77.55,23.1,15.8,22.9,15.75,81.85,24.75,17.0,23.7,16.4,83.5,24.9,16.4,25.0,17.2,8.6,3.3,2.4,1.6,1.3
MidMichigan Impact,PIA,2026,7,0,0,0.0,0.0,0.0,0.0,0.0,0.0,0.0,0.0,0.0,0.0,75.75,23.25,14.6,22.6,15.3,0.0,0.0,0.0,0.0,0.0
MidMichigan Impact,PIA,2026,8,1,1,75.75,23.25,14.6,22.6,15.3,75.75,23.25,14.6,22.6,15.3,77.25,24.45,14.9,21.8,16.1,0.0,0.0,0.0,0.0,0.0
Modulation Z,PIA,2026,4,0,0,0.0,0.0,0.0,0.0,0.0,0.0,0.0,0.0,0.0,0.0,82.85,24.15,16.8,25.3,16.6,0.0,0.0,0.0,0.0,0.0
Modulation Z,PIA,2026,5,1,1,82.85,24.15,16.8,25.3,16.6,82.85,24.15,16.8,25.3,16.6,83.55,25.35,17.0,24.5,16.7,0.0,0.0,0.0,0.0,0.0
Modulation Z,PIA,2026,7,2,2,83.2,24.75,16.9,24.9,16.65,83.55,25.35,17.0,24.5,16.7,88.35,26.55,17.8,26.2,17.8,0.7,1.2,0.2,-0.8,0.1
NorthCoast Academy,PIA,2026,4,0,0,0.0,0.0,0.0,0.0,0.0,0.0,0.0,0.0,0.0,0.0,68.5,20.1,14.0,20.6,13.8,0.0,0.0,0.0,0.0,0.0
NorthCoast Academy,PIA,2026,6,2,1,68.5,20.1,14.0,20.6,13.8,68.5,20.1,14.0,20.6,13.8,74.75,23.25,14.4,22.2,14.9,0.0,0.0,0.0,0.0,0.0
NorthCoast Academy,PIA,2026,7,1,2,71.625,21.675,14.2,21.4,14.35,74.75,23.25,14.4,22.2,14.9,76.3,23.4,14.9,23.0,15.0,6.25,3.15,0.4,1.6,1.1
NorthCoast Academy,PIA,2026,9,2,3,73.183,22.25,14.433,21.933,14.567,76.3,23.4,14.9,23.0,15.0,76.6,22.8,15.2,23.3,15.3,1.55,0.15,0.5,0.8,0.1
Saints Indoor Percussion,PIA,2026,5,0,0,0.0,0.0,0.0,0.0,0.0,0.0,0.0,0.0,0.0,0.0,72.8,22.5,15.1,21.6,13.6,0.0,0.0,0.0,0.0,0.0
Saints Indoor Percussion,PIA,2026,9,4,1,72.8,22.5,15.1,21.6,13.6,72.8,22.5,15.1,21.6,13.6,69.35,19.05,13.4,22.1,14.8,0.0,0.0,0.0,0.0,0.0
Spark Percussion,PIA,2026,2,0,0,0.0,0.0,0.0,0.0,0.0,0.0,0.0,0.0,0.0,0.0,72.1,22.8,15.0,21.5,12.8,0.0,0.0,0.0,0.0,0.0
Spark Percussion,PIA,2026,5,3,1,72.1,22.8,15.0,21.5,12.8,72.1,22.8,15.0,21.5,12.8,75.3,23.1,15.1,22.3,14.8,0.0,0.0,0.0,0.0,0.0
Spark Percussion,PIA,2026,8,3,2,73.7,22.95,15.05,21.9,13.8,75.3,23.1,15.1,22.3,14.8,82.65,25.05,16.4,24.3,16.9,3.2,0.3,0.1,0.8,2.0
Valley Independent Percussion,PIA,2026,4,0,0,0.0,0.0,0.0,0.0,0.0,0.0,0.0,0.0,0.0,0.0,75.8,21.0,24.6,14.9,15.3,0.0,0.0,0.0,0.0,0.0
Valley Independent Percussion,PIA,2026,6,2,1,75.8,21.0,24.6,14.9,15.3,75.8,21.0,24.6,14.9,15.3,80.0,22.3,24.6,16.8,16.3,0.0,0.0,0.0,0.0,0.0
Valley Independent Percussion,PIA,2026,8,2,2,77.9,21.65,24.6,15.85,15.8,80.0,22.3,24.6,16.8,16.3,82.1,24.2,24.6,16.2,17.1,4.2,1.3,0.0,1.9,1.0
Vortex Percussion,PIA,2026,3,0,0,0.0,0.0,0.0,0.0,0.0,0.0,0.0,0.0,0.0,0.0,70.2,21.9,13.8,20.1,14.4,0.0,0.0,0.0,0.0,0.0
Vortex Percussion,PIA,2026,6,3,1,70.2,21.9,13.8,20.1,14.4,70.2,21.9,13.8,20.1,14.4,78.4,23.7,16.0,23.0,15.7,0.0,0.0,0.0,0.0,0.0
Vortex Percussion,PIA,2026,8,2,2,74.3,22.8,14.9,21.55,15.05,78.4,23.7,16.0,23.0,15.7,82.85,25.35,16.6,24.4,16.5,8.2,1.8,2.2,2.9,1.3
Wentzville Independent,PIA,2026,4,0,0,0.0,0.0,0.0,0.0,0.0,0.0,0.0,0.0,0.0,0.0,79.65,23.55,16.0,24.0,16.1,0.0,0.0,0.0,0.0,0.0
Wentzville Independent,PIA,2026,5,1,1,79.65,23.55,16.0,24.0,16.1,79.65,23.55,16.0,24.0,16.1,77.2,22.8,15.7,23.0,15.7,0.0,0.0,0.0,0.0,0.0
Wentzville Independent,PIA,2026,7,2,2,78.425,23.175,15.85,23.5,15.9,77.2,22.8,15.7,23.0,15.7,83.7,24.9,16.8,24.8,17.2,-2.45,-0.75,-0.3,-1.0,-0.4
