year,week,class,name,overall score,music effect,visual effect,music,visual
2025,5,PIA,357 N. 6th Ave,71.0,21.6,13.8,21.0,14.6
2025,9,PIA,357 N. 6th Ave,78.45,24.75,15.4,23.2,15.1
2025,10,PIA,357 N. 6th Ave,78.4,23.7,15.4,23.9,15.4
2025,2,PJHSA,Abraham Lincoln MS Percussion,62.55,20.8,18.45,11.7,11.6
2025,4,PJHSA,Abraham Lincoln MS Percussion,65.05,20.6,20.25,12.0,12.2
2025,6,PJHSO,Abraham Lincoln MS Percussion,68.05,20.1,20.85,14.6,12.5
2025,8,PJHSO,Abraham Lincoln MS Percussion,75.8,23.7,21.6,15.0,15.5
2025,2,GJHSA,Abraham Lincoln MS Winterguard,52.24,101.5,100.9,11.2,12.0
2025,4,R2,Abraham Lincoln MS Winterguard,58.91,123.4,112.7,11.8,11.1
2025,6,GJHSO,Abraham Lincoln MS Winterguard,69.13,134.8,133.5,14.8,14.1
2025,9,GJHSO,Abraham Lincoln MS Winterguard,74.95,147.4,148.1,15.7,14.7
2025,10,GJHSO,Abraham Lincoln MS Winterguard,79.82,151.4,150.8,17.0,16.3
2025,8,PSO,Academy District 20 Combined Schools,78.05,23.25,16.6,22.8,15.4
2025,2,SRA,Adair Co,58.94,12.33,11.61,11.2,12.6
2025,4,SRA,Adair Co,61.65,11.21,12.14,13.6,12.6
2025,8,SRA,Adair Co,72.281,14.74,14.74,14.0,14.4
2025,9,PR,Adair Co,73.271,14.62,14.75,14.2,15.3
2025,4,SJ,Adair Co JV,52.55,9.34,10.21,11.8,10.2
2025,8,SJ,Adair Co JV,59.79,11.35,12.34,12.9,11.6
2025,9,SJ,Adair Co JV,65.3,12.79,12.21,13.2,13.2
2025,10,SJ,Adair Co JV,72.95,14.67,14.9,15.4,15.3
2025,6,PSA,Agua Fria HS,69.801,20.7,14.4,20.8,13.9
2025,3,PIA,Albany,60.4,18.0,18.6,11.9,11.9
2025,5,PIA,Albany,65.45,19.3,19.95,13.8,12.4
2025,6,PIA,Albany,57.9,17.6,16.2,13.5,10.6
2025,9,PIA,Albany,71.95,21.7,21.45,15.4,13.4
2025,10,PIA,Albany,72.5,22.7,20.4,14.6,14.8
2025,7,PSA,Albemarle County Combined Schools,80.75,24.45,15.4,25.6,15.3
2025,12,R2,Albemarle County Combined Schools,80.9,24.15,16.75,23.55,16.45
2025,6,PSA,Alcoa HS,64.65,18.45,14.0,19.6,12.6
2025,1,SRA,Alcoa High School Winter Guard,54.705,11.41,11.27,11.3,10.825
2025,3,SRA,Alcoa High School Winter Guard,59.645,11.735,11.81,12.4,11.7
2025,5,SRA,Alcoa High School Winter Guard,65.27,14.0,13.67,12.9,12.1
2025,9,"EAE&P
BKSKRFCWGCTFHSWFTHSWGTCHSWHSWTJCHSVK",Alcoa High School Winter Guard,72.18,15.74,14.14,13.9,14.1
2025,10,R1,Alcoa High School Winter Guard,76.58,15.41,15.67,15.2,14.7
2025,2,PSRA,Alcoa Indoor Percussion,66.6,20.1,20.1,13.2,13.2
2025,10,PSA,Alcoa Indoor Percussion,73.701,21.7,21.75,15.75,14.5
2025,6,B1,Aliso Niguel HS,75.65,22.65,15.5,23.5,14.0
2025,8,B1,Aliso Niguel HS,78.7,24.9,15.3,24.1,14.4
2025,9,R4,Aliso Niguel HS,82.001,26.25,17.0,24.1,14.65
2025,10,R1,Aliso Niguel HS,86.351,25.8,17.6,25.85,17.1
2025,6,BR,Allen Co Scottsville HS,71.48,13.61,13.87,14.2,13.5
2025,4,GSRB,Alma High School Winterguard,60.84,14.32,11.62,10.7,11.6
2025,8,GSRB,Alma High School Winterguard,66.18,13.72,13.06,13.3,13.1
2025,9,GSRB,Alma High School Winterguard,73.46,13.24,15.12,15.4,14.8
2025,9,PSO,Amador Valley HS,79.775,23.775,15.4,24.7,15.9
2025,6,PSA,American Leadership Academy Gilbert North,64.401,18.9,13.1,18.8,13.6
2025,6,PSO,Angleton HS,74.301,23.1,14.8,21.5,14.9
2025,9,PSA,Appoquinimink HS,89.825,27.3,17.575,27.9,17.05
2025,6,PSA,Arbor View HS,84.25,25.65,16.7,24.9,17.0
2025,2,PSW,Arcadia HS,82.55,25.05,16.4,24.5,16.6
2025,4,PSW,Arcadia HS,84.05,24.75,16.8,25.0,17.5
2025,6,PSW,Arcadia HS,85.05,25.35,16.7,25.7,17.3
2025,9,PSW,Arcadia HS,89.775,26.625,17.75,27.75,17.65
2025,10,PSW,Arcadia HS,92.2,28.2,17.9,28.3,17.8
2025,11,PSW,Arcadia HS,92.275,27.375,18.45,28.2,18.25
2025,12,PSW,Arcadia HS,93.076,27.975,18.125,28.225,18.75
2025,4,GSRB,Arkadelphia High School Varsity Guard,63.7,15.18,12.32,11.5,11.8
2025,9,GSRB,Arkadelphia High School Varsity Guard,79.84,15.72,14.92,16.4,16.3
2025,7,SA,Arlington County Winter Guard,70.361,15.15,13.21,14.3,13.8
2025,7,P-SA,Arlington Indoor Percussion,80.7,25.8,24.0,16.1,14.8
2025,2,PSO,Arroyo HS,67.25,21.75,12.8,19.4,13.3
2025,4,PSO,Arroyo HS,74.4,22.8,15.0,21.7,14.9
2025,7,PSO,Arroyo HS,79.3,23.7,16.1,23.2,16.3
2025,10,R2,Arroyo HS,87.3,26.4,17.9,25.6,17.4
2025,11,PSO,Arroyo HS,85.564,26.438,17.475,24.65,17.0
2025,6,B1,Artesia HS,64.601,19.8,12.9,19.4,12.5
2025,8,B1,Artesia HS,67.751,20.25,13.5,20.8,13.2
2025,9,R4,Artesia HS,74.051,22.65,15.3,22.0,14.1
2025,4,PSA,Arvin HS,72.126,21.675,14.1,21.65,14.7
2025,6,PIW,Atlanta Quest,84.55,25.35,16.6,25.9,16.7
2025,12,PIW,Atlanta Quest,90.425,27.525,17.6,27.6,17.7
2025,3,PSA,Auburn,66.251,20.6,21.45,12.0,12.2
2025,4,PSA,Auburn,69.2,21.4,21.3,13.0,13.5
2025,7,PSA,Auburn,74.1,24.0,22.8,13.5,13.8
2025,8,PSA,Auburn,74.7,22.1,23.1,14.2,15.3
2025,10,PSA,Auburn,84.05,25.9,24.45,17.3,16.4
2025,10,PIO,Auburn Purple Lancers,76.35,24.2,21.75,16.1,14.3
2025,6,PIW,Audio Theater,79.85,23.25,15.9,25.0,15.7
2025,9,P,Avery Trace Cavalier Winterguard,75.15,16.34,14.61,14.5,14.4
2025,10,P,Avery Trace Cavalier Winterguard,79.18,16.01,16.47,16.3,14.9
2025,6,ME,Avon Grove,84.3,25.5,24.3,16.6,17.9
2025,7,PSA,Avon Grove,70.8,22.4,21.6,12.9,13.9
2025,8,PSA,Avon Grove,73.65,23.0,22.65,14.2,13.8
2025,10,PSA,Avon Grove,73.525,22.4,22.425,14.9,13.8
2025,11,PSA,Avon Grove,78.6,23.0,24.9,15.3,15.4
2025,12,PSW,Avon HS,94.988,28.012,19.25,28.95,18.775
2025,6,PSW,Ayala HS,89.75,26.85,17.9,26.8,18.2
2025,7,PSW,Ayala HS,91.6,27.6,18.6,27.1,18.3
2025,9,PSW,Ayala HS,93.975,28.725,19.15,27.4,18.7
2025,10,PSW,Ayala HS,95.65,28.35,19.2,28.9,19.2
2025,12,PSW,Ayala HS,99.5,30.0,20.0,29.55,19.95
2025,8,PIO,BKO,72.55,21.15,14.4,22.1,14.9
2025,2,GHSSA,Bakersfield,62.71,127.4,128.7,12.8,12.3
2025,9,GHSSA,Bakersfield,82.61,164.7,167.4,16.7,17.0
2025,10,GHSSA,Bakersfield,87.55,169.4,168.1,18.1,17.8
2025,8,PJHSA,Bakersfield California,64.7,18.4,19.5,13.0,13.8
2025,10,PIO,Bakersfield College,88.75,26.25,17.5,27.1,17.9
2025,11,PIO,Bakersfield College,89.175,26.325,17.6,27.6,17.65
2025,12,R1,Bakersfield College,90.614,27.413,17.825,27.1,18.275
2025,2,SA,Ballard HS,53.781,10.8,10.28,10.2,11.4
2025,5,SA,Ballard HS,62.35,13.08,13.47,12.4,12.0
2025,7,SA,Ballard HS,65.511,14.74,13.87,10.7,12.6
2025,8,SA,Ballard HS,69.69,14.81,13.88,12.3,14.3
2025,10,PR,Ballard HS,74.78,15.54,15.34,15.3,14.6
2025,5,PSO,Basha HS,81.25,25.65,16.4,23.6,15.6
2025,6,PSO,Basha HS,82.9,25.2,16.3,25.4,16.0
2025,12,R1,Basha HS,90.464,27.712,17.75,27.6,17.4
2025,4,PSN,Batesville Indoor Percussion,68.0,19.2,13.7,22.6,12.5
2025,7,PSN,Batesville Indoor Percussion,68.0,19.8,13.7,23.2,11.3
2025,4,GSRB,Batesville Winter Guard,55.8,12.12,11.88,9.7,10.3
2025,7,GSRB,Batesville Winter Guard,72.74,13.72,14.72,15.9,14.2
2025,8,GSRB,Batesville Winter Guard,70.94,14.66,13.78,14.1,14.6
2025,4,PSA,Bay Port HS,67.7,20.4,13.6,20.0,13.7
2025,2,PSA,Bearden High School Indoor Percussion,62.401,17.8,19.8,12.8,12.0
2025,7,PSA,Bearden High School Indoor Percussion,72.4,21.5,21.6,14.9,14.4
2025,10,PSA,Bearden High School Indoor Percussion,76.751,22.6,23.25,15.3,15.6
2025,1,SRA,Bearden JV,53.881,11.46,10.27,10.9,11.05
2025,9,"EAE&P
BKSKRFCWGCTFHSWFTHSWGTCHSWHSWTJCHSVK",Bearden JV,70.91,13.94,13.27,14.2,15.0
2025,10,R1,Bearden JV,73.65,13.94,14.41,14.5,15.4
2025,9,SO,Bearden Open,73.5,15.5,14.3,13.5,15.1
2025,10,SO,Bearden Open,74.6,15.5,15.5,13.3,14.7
2025,1,SA,Bearden Varsity,52.8,8.73,10.07,11.7,10.7
2025,9,SA,Bearden Varsity,71.85,15.41,13.74,14.1,14.2
2025,10,SA,Bearden Varsity,76.15,15.21,16.34,14.5,14.9
2025,1,IA,Beau Monde Independent,61.59,10.41,12.48,13.4,11.5
2025,3,IA,Beau Monde Independent,70.65,13.34,13.41,14.4,14.9
2025,5,IA,Beau Monde Independent,72.52,14.01,14.61,14.3,14.8
2025,10,IA,Beau Monde Independent,84.05,17.01,17.34,16.7,16.1
2025,12,R2,Beavercreek HS,89.501,26.25,18.2,26.95,18.1
2025,8,PSA,Beaverton HS,72.451,21.75,14.5,22.0,14.2
2025,2,SA,Beechwood HS,65.69,13.01,12.28,13.9,13.4
2025,4,SA,Beechwood HS,68.7,14.08,13.22,14.0,13.7
2025,5,SA,Beechwood HS,72.95,14.41,14.34,14.8,14.8
2025,6,SA,Beechwood HS,73.43,14.93,15.0,14.6,14.6
2025,7,SA,Beechwood HS,76.02,15.08,14.74,14.1,15.8
2025,10,BR,Beechwood HS,85.4,17.07,16.93,17.0,17.2
2025,12,R2,Bellbrook HS,84.876,25.575,18.05,24.65,16.6
2025,9,PSA,Bellevue Combined Schools,80.05,22.95,16.3,23.5,17.3
2025,12,R2,Bellevue Combined Schools,86.925,25.725,17.825,25.8,17.575
2025,4,PSA,Bellflower HS,73.75,21.45,14.8,23.3,14.2
2025,6,B1,Bellflower HS,75.001,21.6,14.6,23.0,15.8
2025,8,B2,Bellflower HS,82.0,24.0,16.6,24.4,17.0
2025,9,R3,Bellflower HS,86.85,25.05,18.3,26.5,17.0
2025,10,R2,Bellflower HS,84.8,25.5,16.3,26.0,17.0
2025,6,PSA,Ben Davis HS,83.7,25.8,16.5,24.6,16.8
2025,8,PSA,Benicia HS,68.75,19.95,13.0,21.7,14.1
2025,8,PSA,Benicia MS,62.651,18.75,12.6,19.8,11.5
2025,7,PIA,Biddeford BlackOut Percussion,73.4,21.6,14.6,22.6,14.6
2025,2,SRA,Big Spring HS Guard,70.62,13.81,13.81,14.8,13.4
2025,7,SRA,Big Spring HS Guard,78.01,15.54,16.47,15.9,14.8
2025,10,SRA,Big Spring HS Guard,81.71,16.08,16.53,16.8,17.0
2025,0,SA,Biglerville HS Guard,64.78,11.94,11.74,14.0,13.9
2025,7,SA,Biglerville HS Guard,77.28,14.94,15.14,15.3,16.1
2025,9,SA,Biglerville HS Guard,79.12,14.81,16.01,16.0,16.3
2025,10,SP-SA,Biglerville HS Percussion,79.9,37.7,38.4,39.7,44.0
2025,7,PSA,Bingham HS,72.95,21.45,15.3,21.8,14.4
2025,6,PR,Blanchester HS,63.25,13.01,13.54,11.4,12.4
2025,8,SRA,Blanchester HS,65.316,13.475,12.94,12.8,13.2
2025,4,PSO,Bloomington HS,71.25,22.35,13.6,22.0,13.3
2025,7,PSO,Bloomington HS,73.75,22.35,14.2,21.7,15.5
2025,10,R2,Bloomington HS,77.3,21.6,16.0,24.3,15.4
2025,9,PSO,Bloomington HS (CA),76.0,22.2,14.9,24.4,14.5
2025,6,PSA,Bloomington HS (IL),74.3,22.5,13.9,23.4,14.5
2025,8,PIW,Blue Knights,82.2,25.5,17.6,22.9,16.2
2025,6,PSO,Bob Jones HS,71.3,21.3,14.4,21.4,14.2
2025,12,R4,Bob Jones HS,84.075,24.975,17.0,25.3,16.8
2025,3,B2,Bolsa Grande HS,68.151,20.25,14.4,18.8,14.7
2025,7,B1,Bolsa Grande HS,78.05,24.15,16.3,21.6,16.0
2025,9,R2,Bolsa Grande HS,80.801,25.8,16.6,22.9,15.5
2025,10,R1,Bolsa Grande HS,82.7,24.6,16.5,25.3,16.3
2025,4,B1,Bonita HS,76.15,23.85,14.6,24.0,13.7
2025,6,B2,Bonita HS,75.65,22.35,15.1,22.9,15.3
2025,8,B1,Bonita HS,80.9,24.0,15.9,25.7,15.3
2025,10,R1,Bonita HS,88.201,27.0,17.7,26.5,17.0
2025,11,PSA,Bonita HS,83.825,25.875,16.0,25.65,16.3
2025,4,PIA,Borderline Percussion,75.4,22.5,14.6,22.6,15.7
2025,7,PIA,Borderline Percussion,75.2,21.3,16.1,21.4,16.4
2025,10,PIA,Borderline Percussion,82.1,24.3,16.8,24.2,16.8
2025,11,PIA,Borderline Percussion,83.625,25.275,16.65,24.85,16.85
2025,9,PSW,Boswell HS,84.9,26.1,17.2,24.7,16.9
2025,12,R1,Boswell HS,89.651,27.45,17.65,27.025,17.525
2025,6,SDS,Bowie HS Dance,73.375,18.75,17.25,17.625,19.75
2025,8,SDS,Bowie HS Dance,84.125,21.0,21.5,21.0,20.625
2025,9,SDS,Bowie HS Dance,82.75,19.875,21.375,21.25,20.25
2025,10,SDS,Bowie HS Dance,83.625,21.0,21.25,20.75,20.625
2025,2,SRA,Boyle Co HS,56.17,11.76,12.61,10.3,10.7
2025,4,SRA,Boyle Co HS,58.95,10.61,11.94,12.1,12.7
2025,7,BR,Boyle Co HS,66.151,12.94,13.21,11.8,14.9
2025,9,BR,Boyle Co HS,72.251,14.01,14.54,12.7,15.7
2025,7,PSO,Brandon Valley HS,80.75,24.75,16.2,23.7,16.1
2025,9,PSO,Brandon Valley HS,84.0,24.6,16.9,25.7,16.8
2025,12,R2,Brandon Valley HS,84.951,25.35,17.05,24.95,17.6
2025,8,PSO,Branham HS,86.85,25.05,17.2,27.9,16.7
2025,6,PIO,Breakthrough Indoor Percussion,83.15,24.75,16.0,25.8,16.6
2025,12,R2,Breakthrough Indoor Percussion,87.464,25.763,18.2,26.05,17.45
2025,5,PIA,Breakwater Performing Arts,71.0,21.6,13.8,21.0,14.6
2025,7,PIA,Breakwater Performing Arts,75.15,23.55,14.5,22.1,15.0
2025,9,PIA,Breakwater Performing Arts,78.45,24.75,15.4,23.2,15.1
2025,10,PIA,Breakwater Performing Arts,78.4,23.7,15.4,23.9,15.4
2025,11,PIA,Breakwater Performing Arts,77.925,23.325,15.5,23.8,15.3
2025,12,PIA,Breakwater Performing Arts,80.525,24.825,15.95,23.7,16.05
2025,6,PSW,Bridgeland HS,87.05,27.15,17.8,25.8,16.3
2025,9,PSW,Bridgeland HS,89.75,27.45,17.6,26.5,18.2
2025,12,PSW,Bridgeland HS,97.163,29.062,19.55,28.85,19.7
2025,4,PSA,Bridgewater Raritan,71.701,21.5,20.7,13.7,15.8
2025,8,PSA,Bridgewater Raritan,77.901,23.8,24.15,15.25,14.7
2025,10,PSA,Bridgewater Raritan,79.2,23.7,23.25,15.7,16.55
2025,11,PSA,Bridgewater Raritan,81.325,25.35,22.425,16.6,16.95
2025,9,PSA,Bridgewater Raritan HS,74.8,22.2,14.2,23.4,15.0
2025,6,PSW,Broken Arrow HS,81.45,24.75,16.2,24.8,15.7
2025,12,R1,Broken Arrow HS,88.901,26.625,17.625,26.95,17.7
2025,3,PIW,Broken City,88.0,26.4,17.7,26.2,17.7
2025,6,PIW,Broken City,90.0,27.0,18.1,27.1,17.8
2025,8,PIW,Broken City,91.05,27.45,18.2,26.9,18.5
2025,9,PIW,Broken City,93.35,28.2,18.5,28.25,18.4
2025,10,PIW,Broken City,94.8,28.8,19.1,27.9,19.0
2025,11,PIW,Broken City,95.175,28.425,18.8,28.9,19.05
2025,12,PIW,Broken City,97.95,29.475,19.6,29.3,19.575
2025,7,PSA,Brookings HS,71.901,22.2,13.6,20.9,15.2
2025,4,PSB,Brookland Indoor Percussion,63.0,18.0,12.4,20.4,12.2
2025,6,PSW,Brownsburg HS,77.55,24.15,14.8,24.4,14.2
2025,12,R2,Brownsburg HS,87.689,26.363,17.7,25.775,17.85
2025,6,PSA,Bryant HS,77.35,24.15,15.7,22.5,15.0
2025,7,PSA,Bryant HS,84.05,25.95,17.5,24.2,16.4
2025,4,PSA,Bryant Indoor Percussion,77.75,25.05,15.7,22.9,14.1
2025,9,PSA,Bryant Indoor Percussion,83.65,25.35,16.7,24.7,16.9
2025,4,GSN,Bryant Winter Guard,66.781,13.46,13.32,13.8,12.9
2025,7,GSN,Bryant Winter Guard,77.66,14.72,14.64,16.4,16.1
2025,9,GSRB,Bryant Winter Guard,66.981,12.86,11.92,14.2,14.0
2025,6,PSO,Buckeye Union HS,74.7,22.2,14.9,22.2,15.4
2025,6,PSO,Buckhorn HS,78.45,23.85,15.7,23.8,15.1
2025,12,R4,Buckhorn HS,85.325,25.725,17.15,25.2,17.25
2025,3,B1,Buena HS,72.6,22.5,14.8,20.1,15.2
2025,6,PSO,Buena HS,74.151,22.95,14.2,21.9,15.1
2025,8,PSO,Buena HS,80.225,24.225,16.3,23.4,16.3
2025,10,R1,Buena HS,80.751,22.65,15.8,26.5,15.8
2025,3,B2,Buena Park HS,66.851,20.85,13.0,19.3,13.7
2025,6,B1,Buena Park HS,72.251,22.95,15.2,19.7,14.4
2025,9,R1,Buena Park HS,78.001,24.3,17.0,22.3,14.4
2025,3,PSJ,Buena Park MS,76.7,23.7,15.6,21.7,15.7
2025,6,PSJ,Buena Park MS,82.15,24.45,16.3,24.6,16.8
2025,8,PSJ,Buena Park MS,84.8,25.2,16.4,26.7,16.5
2025,10,PSJ,Buena Park MS,91.751,27.75,18.7,27.2,18.1
2025,7,PSA,Buffalo HS,74.55,22.65,15.9,20.4,15.6
2025,4,R2,Bullard HS Winterguard,52.281,10.24,9.44,10.5,10.8
2025,9,GHSSRA,Bullard HS Winterguard,51.06,12.32,11.44,8.6,8.9
2025,10,GHSSRA,Bullard HS Winterguard,60.52,11.64,11.6,12.9,11.0
2025,4,SRA,Bullitt East HS,55.03,10.15,11.48,11.1,11.3
2025,5,SRA,Bullitt East HS,55.8,10.68,10.82,11.0,11.6
2025,8,SRA,Bullitt East HS,69.13,12.82,12.81,14.7,13.8
2025,9,PR,Bullitt East HS,69.99,14.87,13.82,12.1,14.0
2025,10,SRA,Bullitt East HS,73.041,14.34,15.6,13.9,14.5
2025,9,PSW,Burleson Centennial HS,90.55,27.15,18.0,26.8,18.6
2025,12,PSW,Burleson Centennial HS,94.725,28.425,19.05,27.8,19.45
2025,9,PSO,Burleson HS,82.4,24.3,16.4,24.4,17.3
2025,7,SRA,C. G. Woodson HS Guard,76.51,16.07,17.14,16.4,13.1
2025,6,PSO,C.E. King HS,75.001,24.0,14.7,22.8,13.5
2025,4,R1,CHS Blue Thunder Drumline,52.05,17.0,15.15,9.9,10.0
2025,6,PHSSRA,CHS Blue Thunder Drumline,52.651,16.35,9.4,16.8,10.1
2025,9,PHSSRA,CHS Blue Thunder Drumline,62.2,18.0,11.6,20.4,12.2
2025,4,GSA,Cabot High School Winter Guard,68.89,14.08,13.01,13.3,14.0
2025,9,GSA,Cabot High School Winter Guard,78.24,15.6,15.74,15.5,15.6
2025,4,PSO,Camarillo HS,71.001,21.9,13.1,22.6,13.4
2025,6,PSO,Camarillo HS,71.951,21.75,14.4,21.2,14.6
2025,8,PSO,Camarillo HS,81.951,26.85,15.9,23.2,16.0
2025,10,R1,Camarillo HS,80.5,23.7,16.7,24.5,15.6
2025,0,SA,Camp Hill HS Guard,60.831,10.62,11.21,13.6,13.5
2025,2,SA,Camp Hill HS Guard,59.89,11.95,12.34,9.9,11.7
2025,8,SA,Camp Hill HS Guard,76.21,15.47,15.74,15.0,15.0
2025,9,SA,Camp Hill HS Guard,78.98,15.54,16.14,15.5,15.3
2025,1,SRA,Campbell Co HS - JV,57.691,12.74,10.55,10.7,11.8
2025,5,SRA,Campbell Co HS - JV,71.65,14.41,14.54,14.1,14.6
2025,7,BR,Campbell Co HS - JV,76.53,14.49,15.34,14.8,16.6
2025,9,BR,Campbell Co HS - JV,78.18,15.27,15.61,15.5,14.7
2025,10,SRA,Campbell Co HS - JV,82.701,15.47,16.53,16.0,17.3
2025,1,SA,Campbell Co HS Varsity,66.59,14.55,14.14,12.1,13.0
2025,5,SA,Campbell Co HS Varsity,74.95,14.94,14.21,15.7,15.1
2025,7,SA,Campbell Co HS Varsity,78.76,15.88,15.08,16.4,15.6
2025,10,BR,Campbell Co HS Varsity,88.24,17.67,17.87,17.6,17.7
2025,3,SRA,Campbell County High School,57.08,11.27,11.81,12.1,9.9
2025,5,SRA,Campbell County High School,64.1,12.67,12.73,13.4,12.6
2025,10,R1,Campbell County High School,71.511,13.74,13.27,15.5,14.5
2025,6,IA,Campbellsville University,70.88,14.14,14.94,13.1,14.2
2025,6,PSA,Campo Verde HS,77.85,23.85,16.0,23.0,15.0
2025,9,PSA,Campo Verde HS,87.075,25.425,17.35,26.55,17.75
2025,3,PSO,Canyon HS,63.701,18.6,13.0,19.1,13.0
2025,6,PSO,Canyon HS,69.851,20.85,13.7,21.1,14.2
2025,8,B2,Canyon HS,72.051,23.25,13.9,21.8,13.1
2025,9,R4,Canyon HS,68.65,21.15,14.1,20.5,12.9
2025,2,PSJ,Canyon Hills JHS,74.4,23.1,15.0,22.7,13.6
2025,4,PSJ,Canyon Hills JHS,79.2,23.4,16.3,23.0,16.5
2025,6,PSJ,Canyon Hills JHS,85.2,25.2,17.5,25.3,17.2
2025,8,PSJ,Canyon Hills JHS,84.25,25.35,16.8,25.7,16.4
2025,10,PSJ,Canyon Hills JHS,94.175,29.325,19.0,27.65,18.2
2025,7,PSA,Canyons School District Combined Schools,82.8,25.8,17.3,23.4,16.3
2025,6,PIW,Cap City,85.85,25.65,17.8,25.4,17.0
2025,12,PIW,Cap City,92.114,28.237,18.25,27.1,18.525
2025,6,PIO,Cap City 2,86.95,26.55,17.1,25.9,17.4
2025,12,PIO,Cap City 2,94.826,28.65,18.675,28.8,18.7
2025,7,PSA,Carlisle HS,72.101,22.8,14.0,21.1,14.2
2025,0,P-SA,Carlisle HS Percussion,62.001,18.9,18.0,13.7,11.4
2025,9,P-SA,Carlisle HS Percussion,78.876,23.625,25.05,15.6,14.6
2025,10,P-SA,Carlisle HS Percussion,75.163,24.112,20.775,14.55,15.725
2025,0,SRA,Carlisle High School,63.461,9.88,11.68,14.1,14.5
2025,7,SRA,Carlisle High School,76.82,14.81,14.41,15.3,16.4
2025,9,SRA,Carlisle High School,77.3,13.96,15.34,16.2,16.2
2025,4,PSO,Carlsbad HS,70.251,21.45,13.9,22.3,12.6
2025,5,PSO,Carlsbad HS,74.351,23.55,14.8,21.5,14.5
2025,7,PSO,Carlsbad HS,78.001,24.6,15.0,22.2,16.2
2025,8,PSO,Carlsbad HS,85.6,27.15,17.8,23.7,16.95
2025,10,R1,Carlsbad HS,81.201,25.5,15.5,24.3,15.9
2025,6,PIA,Carolina Storm Indoor Percussion,72.8,21.9,14.4,22.0,14.5
2025,12,PIA,Carolina Storm Indoor Percussion,77.5,23.7,15.35,22.8,15.65
2025,6,PSO,Carroll HS (IN),77.851,25.05,15.3,23.3,14.2
2025,2,PSRA,Carter Indoor Percussion,58.551,18.0,17.25,12.0,11.3
2025,5,PSRA,Carter Indoor Percussion,62.95,18.6,18.75,13.5,12.1
2025,10,PSRA,Carter Indoor Percussion,71.801,21.5,21.0,14.1,15.2
2025,1,SA,Carter Varsity Guard,50.2,9.14,9.61,9.4,11.25
2025,9,SA,Carter Varsity Guard,65.42,12.28,13.14,13.5,13.9
2025,10,SA,Carter Varsity Guard,74.15,15.01,15.74,13.9,14.8
2025,9,GHSSRA,Caruthers HS Winterguard,53.6,12.86,11.04,9.1,9.9
2025,10,GHSSRA,Caruthers HS Winterguard,60.88,11.3,11.1,13.5,11.2
2025,4,R1,Caruthers High School,52.05,17.0,15.15,9.9,10.0
2025,6,PHSSRA,Caruthers High School,52.651,16.35,9.4,16.8,10.1
2025,9,PHSSRA,Caruthers High School,62.2,18.0,11.6,20.4,12.2
2025,9,PSO,Casa Grande HS,88.675,25.5,17.875,27.55,17.75
2025,6,PSA,Catawba Ridge HS,83.45,24.75,16.9,25.0,16.8
2025,12,PSA,Catawba Ridge HS,89.888,27.038,18.175,26.9,17.775
2025,0,SRA,Cedar Crest HS Guard,62.821,10.08,11.74,14.2,14.1
2025,4,SRA,Cedar Crest HS Guard,67.48,14.14,13.74,13.8,11.8
2025,7,SRA,Cedar Crest HS Guard,75.35,15.01,14.9,15.6,14.9
2025,9,SRA,Cedar Crest HS Guard,76.59,15.28,15.21,15.8,15.5
2025,8,PSA,Centaurus HS,80.7,24.6,16.2,24.1,15.8
2025,12,R1,Center Grove HS,90.725,27.6,19.05,26.1,17.975
2025,7,PSA,Center Hill HS,73.05,22.35,13.6,21.8,15.3
2025,12,R3,Centerville HS,82.05,24.525,17.4,23.6,16.525
2025,4,SRA,Central Anne Arundel County Color Guard,71.46,14.35,14.21,14.6,14.2
2025,6,SRA,Central Anne Arundel County Color Guard,77.11,15.74,15.67,15.5,15.5
2025,7,SRA,Central Anne Arundel County Color Guard,78.35,16.01,16.74,15.9,15.0
2025,9,SRA,Central Anne Arundel County Color Guard,82.37,16.94,16.93,16.0,16.4
2025,7,P-SRA,Central Anne Arundel County Percussion,72.2,23.55,19.35,14.9,14.4
2025,8,P-SRA,Central Anne Arundel County Percussion,77.025,24.9,21.225,15.3,15.6
2025,9,P-SRA,Central Anne Arundel County Percussion,79.1,24.9,23.4,15.1,15.7
2025,10,P-SRA,Central Anne Arundel County Percussion,81.75,24.45,25.05,15.75,16.5
2025,7,PIA,Central Bucks School District,70.0,21.0,22.2,13.2,13.6
2025,8,PIA,Central Bucks School District,75.45,23.3,23.55,14.4,14.2
2025,10,PIA,Central Bucks School District,77.1,25.1,21.3,15.2,15.5
2025,11,PIA,Central Bucks School District,76.35,24.4,21.75,15.0,15.2
2025,12,R1,Central Crossing HS,84.276,24.15,17.35,25.825,16.95
2025,0,SRA,Central Dauphin East HS Guard,71.18,12.14,12.94,15.7,15.7
2025,2,SRA,Central Dauphin East HS Guard,68.12,13.28,13.74,12.5,12.7
2025,5,SRA,Central Dauphin East HS Guard,73.58,14.34,14.74,14.6,15.3
2025,7,SRA,Central Dauphin East HS Guard,81.04,15.54,16.3,16.8,16.8
2025,9,SRA,Central Dauphin East HS Guard,82.14,15.01,16.33,16.9,17.3
2025,7,PSA,Central Dauphin HS,79.175,24.675,14.6,25.0,14.9
2025,12,R3,Central Dauphin HS,82.55,26.325,15.95,24.725,15.55
2025,0,SRA,Central Dauphin HS Guard,65.02,10.88,12.34,14.4,14.3
2025,2,SRA,Central Dauphin HS Guard,60.72,12.08,13.34,11.1,14.2
2025,4,SRA,Central Dauphin HS Guard,65.18,13.74,13.34,13.4,11.5
2025,5,SRA,Central Dauphin HS Guard,67.43,12.69,13.74,14.1,13.2
2025,8,SRA,Central Dauphin HS Guard,74.48,15.14,14.54,14.6,15.6
2025,9,SRA,Central Dauphin HS Guard,73.421,15.34,14.88,14.6,14.3
2025,0,P-SA,Central Dauphin HS Percussion,63.55,18.3,19.65,13.3,12.3
2025,4,P-SA,Central Dauphin HS Percussion,66.6,19.8,18.0,14.5,14.3
2025,6,P-SA,Central Dauphin HS Percussion,76.575,24.75,22.425,13.4,16.0
2025,9,P-SA,Central Dauphin HS Percussion,85.7,25.2,27.6,16.9,16.0
2025,10,P-SA,Central Dauphin HS Percussion,85.701,26.85,24.9,16.75,17.2
2025,4,R1,Central East High School Winterguard,60.16,12.92,10.94,10.8,12.5
2025,9,PSA,Central HS (TX),77.8,22.8,16.4,22.7,15.9
2025,4,SA,Central Hardin HS,67.42,13.48,13.94,12.8,13.0
2025,6,SA,Central Hardin HS,72.79,14.68,14.81,13.9,15.3
2025,8,SA,Central Hardin HS,76.79,15.55,16.14,15.0,15.2
2025,10,PR,Central Hardin HS,82.871,17.0,16.67,16.3,16.1
2025,2,PSA,Central Square High School,68.875,20.9,20.775,12.9,14.3
2025,6,PSA,Central Square High School,75.05,22.5,22.05,16.0,14.5
2025,7,PSA,Central Square High School,79.95,23.7,24.15,17.0,15.1
2025,8,PSA,Central Square High School,82.7,24.4,25.2,17.1,16.0
2025,10,PSA,Central Square High School,87.775,28.0,25.575,17.2,17.0
2025,8,PSA,Central Valley Combined Schools,72.85,22.05,14.0,23.4,13.4
2025,8,PSA,Central Valley HS,72.9,21.3,13.8,22.3,15.5
2025,7,PSA,Centreville Combined Schools,65.7,19.2,12.6,20.5,13.4
2025,8,PSO,Century HS,75.1,22.5,14.8,23.4,14.4
2025,0,SRA,Century HS Guard,63.16,11.22,10.14,14.5,13.7
2025,4,SRA-E,Century HS Guard,67.88,13.94,12.54,14.5,14.0
2025,6,SRA,Century HS Guard,68.31,14.01,12.2,14.8,14.1
2025,7,SRA,Century HS Guard,72.79,14.95,15.14,15.5,13.5
2025,8,SRA,Century HS Guard,75.09,15.61,15.28,15.7,14.1
2025,9,SRA,Century HS Guard,79.08,16.01,15.27,15.8,15.8
2025,10,SRA,Century HS Guard,82.205,17.07,15.935,16.1,16.5
2025,4,P-SA(,Century HS Percussion,67.35,20.4,20.25,13.0,13.7
2025,6,P-SA,Century HS Percussion,70.901,21.3,21.6,13.8,14.2
2025,7,P-SA,Century HS Percussion,71.5,22.35,20.55,14.8,13.8
2025,8,P-SA,Century HS Percussion,70.851,22.5,19.35,14.4,14.6
2025,9,P-SA,Century HS Percussion,77.851,22.8,24.15,16.2,14.7
2025,10,P-SA,Century HS Percussion,74.925,23.325,21.45,14.9,15.25
2025,3,PSO,Cerritos HS,72.15,21.75,14.7,21.4,14.3
2025,6,PSO,Cerritos HS,78.65,24.45,16.6,22.2,15.4
2025,8,PSO,Cerritos HS,85.3,25.5,16.7,26.2,16.9
2025,10,R1,Cerritos HS,83.9,24.9,16.3,25.7,17.0
2025,11,PSO,Cerritos HS,83.625,25.575,16.65,25.15,16.25
2025,4,R2,Cesar E Chavez Winter Guard,62.16,12.64,13.12,13.9,9.6
2025,9,GHSSA,Cesar E Chavez Winter Guard,76.61,15.47,14.54,16.8,15.0
2025,10,GHSSA,Cesar E Chavez Winter Guard,81.52,15.87,16.7,16.7,16.1
2025,10,SP-SRA,Chambersburg HS Percussion,84.05,38.2,44.4,41.8,43.7
2025,2,SRA,Chambersburg Trojan Guard,66.82,12.94,12.88,14.2,12.9
2025,7,SRA,Chambersburg Trojan Guard,74.42,14.14,14.68,14.9,15.4
2025,8,SRA,Chambersburg Trojan Guard,75.68,15.01,15.47,15.6,14.2
2025,10,SRA,Chambersburg Trojan Guard,78.601,16.4,15.4,15.5,16.1
2025,7,PSO,Chantilly HS,78.001,23.4,14.6,24.5,15.5
2025,12,R1,Chantilly HS,80.25,23.4,16.75,24.2,15.9
2025,7,PSO,Chaparral HS,75.101,23.1,15.5,21.1,15.4
2025,8,PSO,Chaparral HS,81.751,25.65,15.7,24.9,15.5
2025,10,R2,Chaparral HS,82.701,24.9,17.0,24.0,16.8
2025,5,PSO,Chaparral HS (CA),74.95,23.55,15.0,21.8,14.6
2025,6,PIA,Charles Towne Percussion,85.7,25.2,16.8,26.9,16.8
2025,12,R2,Charles Towne Percussion,82.613,25.012,16.55,24.9,16.15
2025,5,SRA,Charlestown HS,58.16,12.08,11.48,11.6,11.2
2025,7,BR,Charlestown HS,63.39,12.68,13.21,11.2,14.0
2025,9,PR,Charlestown HS,67.021,13.34,14.28,12.4,12.7
2025,10,SRA,Charlestown HS,68.67,13.34,13.93,13.0,14.0
2025,4,PSO,Chino HS,71.95,22.05,14.6,21.4,13.9
2025,6,PSO,Chino HS,75.3,22.5,15.0,23.1,14.7
2025,8,PSO,Chino HS,79.151,25.05,15.0,24.0,15.1
2025,9,PSO,Chino HS,83.701,24.225,16.425,26.3,16.75
2025,10,R2,Chino HS,84.8,26.1,15.4,26.9,16.4
2025,11,PSO,Chino HS,88.213,26.962,17.15,26.9,17.2
2025,5,PSW,Chino Hills HS,87.275,25.875,17.8,25.8,17.8
2025,6,PSW,Chino Hills HS,89.0,26.7,17.6,26.9,17.8
2025,9,PSW,Chino Hills HS,93.3,28.05,18.85,27.85,18.55
2025,10,PSW,Chino Hills HS,94.2,27.9,18.9,28.8,18.6
2025,11,PSW,Chino Hills HS,94.45,28.575,19.0,28.025,18.85
2025,12,PSW,Chino Hills HS,95.8,29.025,19.1,28.5,19.175
2025,9,PSO,Chisholm Trail HS,87.1,26.25,17.4,25.8,17.65
2025,12,PSO,Chisholm Trail HS,90.788,27.938,17.7,27.5,17.65
2025,7,PSA,Choctawhatchee HS,86.7,25.8,17.7,25.3,17.9
2025,12,PSA,Choctawhatchee HS,95.975,28.875,19.325,28.525,19.25
2025,2,PSA,Cicero North Syracuse,64.001,19.5,19.2,13.5,11.8
2025,3,PSA,Cicero North Syracuse,66.001,19.8,19.8,13.3,13.1
2025,6,PSA,Cicero North Syracuse,68.451,19.5,20.55,14.7,13.7
2025,7,PSA,Cicero North Syracuse,72.101,21.2,21.9,15.0,14.0
2025,8,PSA,Cicero North Syracuse,73.925,21.9,22.425,14.9,14.7
2025,10,PSA,Cicero North Syracuse,81.101,24.0,24.15,16.35,16.6
2025,6,PIO,Civitas Independent,86.35,25.95,16.8,26.8,16.8
2025,12,PIO,Civitas Independent,96.775,29.325,19.35,29.05,19.05
2025,2,PSRA,Claiborne High School Indoor Percussion,55.201,17.1,16.5,10.8,10.8
2025,5,PSRA,Claiborne High School Indoor Percussion,59.901,18.2,17.55,12.35,11.8
2025,7,PSRA,Claiborne High School Indoor Percussion,66.001,19.7,20.1,13.0,13.2
2025,8,PSRA,Claiborne High School Indoor Percussion,71.5,21.5,21.3,14.3,14.4
2025,5,SRA,Claiborne High School Winterguard,55.25,11.41,11.14,10.7,11.4
2025,8,R1,Claiborne High School Winterguard,63.62,12.48,13.34,13.0,12.8
2025,10,R1,Claiborne High School Winterguard,67.821,13.41,13.61,13.8,13.3
2025,4,SRA,Clarke County HS Guard,68.11,14.54,14.27,13.4,12.4
2025,6,SRA,Clarke County HS Guard,70.75,15.21,15.14,13.9,12.7
2025,7,SRA,Clarke County HS Guard,72.91,15.54,15.87,14.6,13.2
2025,9,SRA,Clarke County HS Guard,75.311,15.74,15.87,14.3,14.5
2025,4,P-SA,Clarke Indoor Drumline,65.05,20.55,19.5,12.3,12.7
2025,6,P-SA,Clarke Indoor Drumline,72.301,22.8,20.1,14.6,14.8
2025,7,P-SA,Clarke Indoor Drumline,72.7,23.1,20.1,15.0,14.5
2025,9,P-SA,Clarke Indoor Drumline,74.85,23.4,21.45,15.1,14.9
2025,10,P-SA,Clarke Indoor Drumline,76.625,23.025,22.8,15.55,15.25
2025,4,P-SA,Clarksburg HS Indoor Percussion,67.25,20.7,20.85,12.8,12.9
2025,6,P-SA,Clarksburg HS Indoor Percussion,75.8,25.05,22.95,13.1,14.7
2025,8,P-SA,Clarksburg HS Indoor Percussion,75.15,24.3,22.95,12.8,15.1
2025,9,P-SA,Clarksburg HS Indoor Percussion,78.85,25.5,24.75,14.4,14.2
2025,4,SRA,Clarksburg HS Winter Guard,61.27,11.49,11.48,12.8,13.1
2025,6,SRA,Clarksburg HS Winter Guard,61.301,12.29,13.01,12.0,11.2
2025,8,SRA,Clarksburg HS Winter Guard,65.701,13.02,14.08,12.9,12.4
2025,9,SRA,Clarksburg HS Winter Guard,68.23,13.95,14.08,13.3,13.5
2025,10,SRA,Clarksburg HS Winter Guard,70.23,14.42,14.01,14.3,13.7
2025,6,PSW,Clear Brook HS,85.0,27.0,17.2,24.7,16.1
2025,12,R2,Clear Brook HS,91.4,27.6,18.55,27.05,18.2
2025,1,P,Clinton City Blaze,51.72,10.68,9.14,9.7,10.9
2025,8,P,Clinton City Blaze,75.23,14.26,15.07,15.1,15.3
2025,9,P,Clinton City Blaze,82.38,17.21,16.47,15.6,16.7
2025,10,P,Clinton City Blaze,86.3,17.74,17.66,17.3,16.4
2025,7,PSA,Clinton HS,91.8,27.9,18.8,26.9,18.2
2025,12,PSA,Clinton HS,97.038,29.288,19.575,29.25,18.925
2025,1,SRA,Clinton High School Winterguard,53.6,11.82,10.48,9.6,11.3
2025,3,SRA,Clinton High School Winterguard,55.77,10.58,10.69,11.7,11.4
2025,8,R2,Clinton High School Winterguard,63.64,13.27,12.67,12.8,12.7
2025,9,"EAE&P
BKSKRFCWGCTFHSWFTHSWGTCHSWHSWTJCHSVK",Clinton High School Winterguard,69.881,15.34,14.34,13.4,13.6
2025,10,R2,Clinton High School Winterguard,76.41,15.27,15.14,15.0,15.9
2025,5,P,Clinton Prep,59.54,12.27,11.67,12.2,11.6
2025,8,P,Clinton Prep,72.88,14.67,14.41,14.4,14.2
2025,10,P,Clinton Prep,78.811,16.94,16.07,15.9,15.0
2025,1,P,Clinton TN,51.72,10.68,9.14,9.7,10.9
2025,8,P,Clinton TN,75.23,14.26,15.07,15.1,15.3
2025,9,P,Clinton TN,82.38,17.21,16.47,15.6,16.7
2025,10,P,Clinton TN,86.3,17.74,17.66,17.3,16.4
2025,6,PSW,Clover HS,78.9,25.2,14.8,24.3,14.6
2025,9,PSW,Clover HS,91.1,27.9,18.45,27.25,17.5
2025,8,PSO,Clovis East HS,87.35,25.65,16.8,27.3,17.6
2025,9,PSW,Clovis HS,77.525,23.475,15.65,23.9,14.5
2025,12,R2,Clovis HS,81.813,24.562,16.15,25.25,15.85
2025,4,PSA,Coatesville,68.4,21.9,20.1,13.0,13.4
2025,5,PSA,Coatesville,69.025,21.5,22.425,12.2,12.9
2025,6,PSA,Coatesville,72.301,21.2,22.5,15.2,13.4
2025,8,PSA,Coatesville,71.8,21.3,22.35,14.15,14.0
2025,10,PSA,Coatesville,72.825,22.2,20.925,14.3,15.4
2025,11,PSA,Coatesville,75.65,22.3,23.55,14.8,15.0
2025,7,SJ,Collins HS JV,54.14,12.2,9.74,9.9,11.0
2025,9,SJ,Collins HS JV,59.961,11.08,11.08,12.1,13.0
2025,10,SJ,Collins HS JV,65.811,13.07,13.1,13.5,13.0
2025,7,PR,Collins HS Varsity,56.241,12.29,11.75,9.8,11.1
2025,9,BR,Collins HS Varsity,61.96,12.34,12.62,12.8,12.6
2025,7,PSA,Columbus HS,79.3,23.7,16.2,23.0,16.4
2025,7,PSA,Columbus HS (MS),72.05,18.75,16.5,22.1,14.7
2025,12,R2,Columbus HS (MS),80.925,23.175,16.0,25.425,16.325
2025,10,CP-SA,Conestoga Valley HS Indoor Percussion,81.85,36.6,42.8,41.4,42.9
2025,6,PIW,ConneXus,81.45,23.25,17.1,25.5,15.6
2025,12,PIW,ConneXus,84.913,26.288,17.05,24.75,16.825
2025,6,PIO,Convergence Indoor Percussion,76.5,23.7,14.8,23.3,14.7
2025,12,R1,Convergence Indoor Percussion,79.425,24.3,14.85,23.65,16.625
2025,9,SA,Cookeville High School Winterguard,63.291,12.75,12.74,12.6,12.9
2025,10,SA,Cookeville High School Winterguard,68.381,14.61,14.67,12.6,13.0
2025,7,PSA,Copper Hills HS,67.601,19.8,14.5,19.7,13.6
2025,6,PIA,Cornell University,59.4,19.5,16.8,11.7,11.4
2025,8,PIA,Cornell University,65.15,20.4,19.95,12.6,12.2
2025,10,PIA,Cornell University,70.35,21.8,21.15,13.3,14.1
2025,5,PIA,Cornerstone Percussion,74.65,23.25,15.2,21.5,14.7
2025,7,PIA,Cornerstone Percussion,77.05,22.35,15.9,22.5,16.3
2025,8,PIA,Cornerstone Percussion,82.65,25.05,16.6,24.9,16.1
2025,9,PIA,Cornerstone Percussion,79.85,24.45,15.65,23.7,16.05
2025,10,PIA,Cornerstone Percussion,81.55,24.15,15.8,24.3,17.3
2025,11,PIA,Cornerstone Percussion,81.9,24.45,15.9,25.15,16.4
2025,2,PSA,Corning-Painted Post,63.001,19.6,18.0,11.8,13.6
2025,3,PSA,Corning-Painted Post,67.25,19.95,20.1,13.6,13.6
2025,5,PSA,Corning-Painted Post,71.65,21.8,22.35,13.2,14.3
2025,9,PSA,Corning-Painted Post,83.4,24.7,24.6,16.6,17.5
2025,10,PSA,Corning-Painted Post,82.051,24.9,24.6,16.3,16.25
2025,5,SRA,Corydon Central HS,57.06,11.01,10.15,13.1,11.5
2025,9,PR,Corydon Central HS,70.57,12.54,14.73,13.4,15.0
2025,5,PRA(,Council Rock South,80.975,23.625,25.05,16.2,16.1
2025,7,PSA,Council Rock South,71.35,21.0,22.95,14.0,13.4
2025,8,PSA,Council Rock South,76.85,22.45,23.55,14.45,16.4
2025,10,PSA,Council Rock South,73.9,23.4,21.9,14.2,14.4
2025,11,PSA,Council Rock South,76.35,22.2,23.1,15.4,15.65
2025,7,PSA,Cranston Combined Schools,83.775,25.575,16.8,24.8,16.6
2025,12,R1,Cranston Combined Schools,84.901,25.5,17.05,25.65,16.7
2025,8,PSA,Crater HS,70.251,20.85,13.7,22.2,13.5
2025,4,GSN,Cross County Guard,50.981,9.66,10.42,10.6,10.1
2025,7,GSN,Cross County Guard,52.44,10.12,11.0,11.2,10.1
2025,9,GSN,Cross County Guard,58.461,10.5,10.26,12.6,12.7
2025,4,PIO,Crystal Lake Thunder,70.85,21.15,14.9,21.0,13.8
2025,6,PIO,Crystal Lake Thunder,73.951,22.95,15.0,21.6,14.4
2025,12,R1,Crystal Lake Thunder,77.275,24.15,15.575,22.15,15.4
2025,5,P-SA,Cumberland Valley HS Percussion,71.9,22.35,19.05,15.3,15.2
2025,7,P-SA,Cumberland Valley HS Percussion,76.0,23.55,21.75,15.4,15.3
2025,9,P-SA,Cumberland Valley HS Percussion,83.001,24.6,25.5,16.5,16.4
2025,10,P-SA,Cumberland Valley HS Percussion,79.15,25.05,21.0,16.85,16.25
2025,0,SA,Cumberland Valley HS Varsity Guard,71.0,11.82,12.48,16.0,16.1
2025,2,SA,Cumberland Valley HS Varsity Guard,68.19,12.81,13.08,12.8,14.9
2025,8,SA,Cumberland Valley HS Varsity Guard,80.68,15.74,16.54,16.9,14.8
2025,0,SN,Cumberland Valley JV Guard,59.05,9.7,11.35,12.8,12.8
2025,2,SN,Cumberland Valley JV Guard,58.27,10.15,11.62,13.3,11.5
2025,4,SN,Cumberland Valley JV Guard,62.95,12.01,12.54,14.0,12.0
2025,8,SN,Cumberland Valley JV Guard,73.55,14.74,14.81,14.4,14.2
2025,10,SN,Cumberland Valley JV Guard,75.811,15.48,15.48,14.0,15.0
2025,8,PSW,Cupertino HS,85.2,24.9,17.1,26.0,17.2
2025,12,R1,Cupertino HS,84.789,26.062,16.75,25.375,16.6
2025,6,PSW,Cy-Fair HS,83.35,25.35,17.4,23.8,16.8
2025,12,PSW,Cy-Fair HS,92.164,27.337,18.025,28.0,18.8
2025,6,PSA,Cypress Falls HS,75.6,23.4,15.4,21.9,14.9
2025,2,PSA,Cypress HS,71.55,20.85,15.2,21.2,14.3
2025,4,B2,Cypress HS,82.9,24.6,16.8,24.6,16.9
2025,7,B2,Cypress HS,81.75,25.05,17.6,22.3,16.8
2025,9,R2,Cypress HS,84.65,24.15,17.2,25.5,17.8
2025,10,R1,Cypress HS,90.625,26.625,18.4,27.8,17.8
2025,11,PSA,Cypress HS,90.738,27.337,17.3,28.35,17.75
2025,6,PSW,Cypress Park HS,81.2,25.8,16.2,24.0,15.2
2025,6,PSO,Cypress Ranch HS,76.85,21.45,14.5,25.7,15.2
2025,7,PSA,Dakota Combined Schools,84.75,25.05,17.0,25.5,17.2
2025,12,PSA,Dakota Combined Schools,91.939,28.312,18.825,26.85,17.95
2025,6,PSA,Dakota High School,78.6,23.4,15.2,24.0,16.0
2025,10,PSA,Dakota High School,89.45,26.55,18.8,26.4,17.7
2025,11,PSA,Dakota High School,88.5,26.25,17.7,26.95,17.6
2025,5,PRA(,Daniel Boone,72.975,22.275,22.8,13.8,14.1
2025,7,PRA(,Daniel Boone,73.825,23.925,21.6,13.4,14.9
2025,8,PRA(,Daniel Boone,71.025,18.375,22.2,14.95,15.5
2025,10,PRA(,Daniel Boone,81.025,25.425,22.8,15.6,17.2
2025,11,PRA(,Daniel Boone,79.325,23.775,21.9,16.55,17.1
2025,2,PIW,Dark Sky,78.85,24.15,16.4,23.2,15.1
2025,6,PIW,Dark Sky,84.0,25.5,17.1,24.8,16.6
2025,10,PIW,Dark Sky,86.251,25.35,17.4,26.8,16.7
2025,11,PIW,Dark Sky,87.276,26.925,16.65,26.5,17.2
2025,5,PIW,Dark Sky Percussion,80.451,24.45,16.9,22.5,16.6
2025,9,PIW,Dark Sky Percussion,85.351,25.8,17.25,25.75,16.55
2025,12,PIW,Dark Sky Percussion,85.925,25.8,17.45,25.225,17.45
2025,7,PSW,Dartmouth HS,87.7,26.4,17.5,26.3,17.5
2025,12,R1,Dartmouth HS,92.45,27.825,18.95,27.3,18.375
2025,7,PSA,Dassel-Cokato HS,81.15,23.85,17.1,23.4,16.8
2025,12,R4,Dassel-Cokato HS,86.126,24.225,18.15,25.3,18.45
2025,3,SA,Daviess Co HS Varsity,58.33,12.15,11.48,10.4,11.8
2025,5,SA,Daviess Co HS Varsity,64.52,12.88,13.74,11.8,12.7
2025,6,SA,Daviess Co HS Varsity,63.21,12.87,13.14,12.4,12.8
2025,10,PR,Daviess Co HS Varsity,74.43,13.62,15.21,16.0,14.9
2025,5,SRA,Daviess Co HS-JV,52.98,10.35,11.93,9.8,10.5
2025,6,PR,Daviess Co HS-JV,56.711,12.23,11.88,10.4,10.4
2025,9,PR,Daviess Co HS-JV,69.081,13.54,13.74,13.2,13.2
2025,10,SRA,Daviess Co HS-JV,71.141,13.81,14.93,13.8,14.4
2025,7,PSO,Davis HS,77.85,23.55,15.5,23.3,15.5
2025,4,GSN,De Queen Leopard Colorguard,59.341,12.72,10.82,11.4,12.6
2025,8,GSN,De Queen Leopard Colorguard,70.48,15.46,13.32,13.7,13.5
2025,9,GSN,De Queen Leopard Colorguard,63.641,11.58,11.86,13.9,13.2
2025,6,PSA,Decatur Central HS,77.575,24.225,14.9,24.55,13.9
2025,12,R3,Decatur Central HS,84.176,24.15,16.6,26.575,16.85
2025,1,SA,Deer Park HS,56.72,10.94,12.68,10.5,11.6
2025,5,SA,Deer Park HS,64.871,13.54,14.33,12.5,12.1
2025,6,PSA,Deer Park HS,79.6,24.9,15.6,23.8,15.3
2025,7,SA,Deer Park HS,65.821,14.75,14.67,12.0,11.0
2025,8,SA,Deer Park HS,68.741,14.61,13.93,13.1,12.8
2025,10,BR,Deer Park HS,71.851,14.21,15.14,13.2,14.5
2025,7,SJ,Deer Park Junior HS,53.48,11.14,10.54,11.0,11.4
2025,8,SJ,Deer Park Junior HS,56.721,11.48,12.54,11.4,10.3
2025,7,B1,Del Norte HS,77.45,22.95,15.4,22.5,16.6
2025,8,B1,Del Norte HS,73.7,23.1,13.9,21.8,14.9
2025,9,R4,Del Norte HS,78.201,23.7,15.0,23.6,15.9
2025,9,GHSSA,Delano CA,76.61,15.47,14.54,16.8,15.0
2025,10,GHSSA,Delano CA,81.52,15.87,16.7,16.7,16.1
2025,4,R2,Delano HS Percussion,74.65,22.8,22.95,14.7,14.2
2025,8,PHSSA,Delano HS Percussion,83.7,25.1,26.1,16.0,16.5
2025,7,PSA,Dennis-Yarmouth HS,74.551,22.65,15.1,21.8,15.0
2025,12,R1,Desert Vox,82.3,25.5,16.75,23.9,16.15
2025,2,PJHSA,Desmond MS Percussion,65.55,20.5,19.35,13.9,11.8
2025,4,PJHSA,Desmond MS Percussion,71.15,21.5,21.45,14.4,13.8
2025,6,PJHSO,Desmond MS Percussion,71.75,21.7,22.05,14.5,13.5
2025,8,PJHSO,Desmond MS Percussion,74.2,21.1,22.5,15.4,15.2
2025,7,PSA,Destrehan HS,76.751,24.75,14.6,21.5,15.9
2025,2,PHSSRA,Dinuba High School Percussion,59.95,19.2,18.3,10.5,11.95
2025,4,R1,Dinuba High School Percussion,64.65,19.4,20.25,12.0,13.0
2025,8,PHSSRA,Dinuba High School Percussion,74.3,23.5,23.1,15.4,12.3
2025,9,PHSSRA,Dinuba High School Percussion,75.6,21.2,24.3,14.9,15.2
2025,9,GJHSA,Divisadero MS Winterguard,51.52,97.4,102.8,10.7,11.0
2025,10,GJHSA,Divisadero MS Winterguard,55.201,113.5,113.5,10.6,10.4
2025,2,SA,Dixie Heights HS,56.401,11.86,12.54,10.8,10.6
2025,4,SA,Dixie Heights HS,59.79,11.75,12.14,12.8,11.1
2025,7,SA,Dixie Heights HS,66.21,13.14,14.07,12.1,12.9
2025,8,SA,Dixie Heights HS,71.68,13.94,14.34,14.6,14.3
2025,10,BR,Dixie Heights HS,77.4,14.67,15.13,15.5,16.2
2025,2,PSA,Don Lugo HS,64.751,18.75,12.3,20.3,13.4
2025,4,B1,Don Lugo HS,67.851,20.85,13.7,21.1,12.2
2025,7,B2,Don Lugo HS,72.501,23.1,14.6,19.3,15.5
2025,6,PSW,Dorman HS,82.7,25.8,16.2,25.2,15.5
2025,12,R1,Dorman HS,88.351,26.25,17.8,26.55,17.75
2025,3,B2,Dorothy McElhinney MS,76.25,23.25,16.2,21.1,15.7
2025,5,PSA,Dorothy McElhinney MS,72.65,23.55,14.2,20.2,14.7
2025,7,B1,Dorothy McElhinney MS,81.85,24.45,17.4,23.9,16.1
2025,8,B2,Dorothy McElhinney MS,82.45,24.45,16.5,25.0,16.5
2025,9,R2,Dorothy McElhinney MS,83.75,24.3,17.4,25.9,16.15
2025,10,R1,Dorothy McElhinney MS,88.35,27.45,18.2,26.2,16.5
2025,11,PSA,Dorothy McElhinney MS,86.201,26.625,16.8,26.325,16.45
2025,5,P-SRA,Dover Area HS Indoor Percussion,64.35,19.65,19.5,12.6,12.6
2025,7,P-SRA,Dover Area HS Indoor Percussion,74.3,21.3,22.5,15.6,14.9
2025,9,P-SRA,Dover Area HS Indoor Percussion,77.5,23.55,23.55,15.2,15.2
2025,10,P-SRA,Dover Area HS Indoor Percussion,79.638,24.3,23.438,15.6,16.3
2025,7,PSA,Dover HS,77.201,23.1,15.6,22.9,15.6
2025,9,PSA,Downingtown East HS,74.6,22.5,15.1,21.1,15.9
2025,4,PSA,Downingtown HS East,70.201,21.6,21.0,13.1,14.5
2025,5,ME,Downingtown HS East,70.8,21.95,21.75,13.8,13.3
2025,7,PSA,Downingtown HS East,75.551,22.9,23.1,15.4,14.15
2025,10,PSA,Downingtown HS East,78.375,25.45,23.325,15.1,14.5
2025,11,PSA,Downingtown HS East,79.75,23.75,22.95,16.1,16.95
2025,5,PSO,Downingtown HS West,72.65,23.0,22.35,14.1,13.2
2025,6,PSO,Downingtown HS West,76.1,23.6,23.4,14.6,14.5
2025,10,PSO,Downingtown HS West,84.75,26.7,25.05,15.9,17.1
2025,11,PSO,Downingtown HS West,82.75,23.6,25.95,16.4,16.8
2025,9,PSO,Downingtown West HS,82.8,24.6,17.3,25.6,15.3
2025,12,R2,Downingtown West HS,83.05,25.275,16.525,24.95,16.3
2025,6,PRA,Downriver Indoor Percussion,64.9,18.9,13.3,19.6,13.1
2025,11,PRA,Downriver Indoor Percussion,81.65,24.0,16.05,25.1,16.5
2025,8,PSO,Dublin HS,82.15,24.15,16.1,25.7,16.2
2025,9,PSO,Dublin HS,85.988,25.462,16.8,26.8,16.925
2025,7,PSO,Dutchtown HS (LA),77.451,22.35,16.3,22.6,16.2
2025,12,R2,Dutchtown HS (LA),81.9,24.225,16.7,24.175,16.8
2025,7,PSA,E.D. White Catholic HS,87.1,26.4,17.9,25.2,17.6
2025,12,PSA,E.D. White Catholic HS,94.275,28.725,19.4,27.275,18.875
2025,8,SRA,ECCA Winter Guard,59.71,11.74,12.07,12.4,12.0
2025,9,SRA,ECCA Winter Guard,62.251,12.41,12.34,12.6,12.6
2025,2,PIA,ECR Independent,69.45,22.35,13.4,20.9,12.8
2025,6,PIA,ECR Independent,74.25,22.05,14.9,22.3,15.0
2025,8,PIA,ECR Independent,81.4,25.2,16.3,24.5,15.4
2025,9,PIA,ECR Independent,81.15,25.2,15.75,24.5,15.7
2025,10,PIA,ECR Independent,83.6,24.9,16.9,25.4,16.4
2025,11,PIA,ECR Independent,85.4,25.65,17.3,25.8,16.65
2025,2,P-IA,EPIC Indoor Percussion,73.6,20.7,23.7,15.9,13.3
2025,7,PIA,EPIC Indoor Percussion,80.25,23.25,15.6,25.5,15.9
2025,9,PIO,EPIC Indoor Percussion,84.6,25.6,25.2,15.9,17.9
2025,10,PIO,EPIC Indoor Percussion,79.4,25.2,23.7,15.8,14.7
2025,4,PJHSA,Earlimart MS,58.85,17.7,18.75,11.4,11.0
2025,8,PJHSA,Earlimart MS,61.35,18.0,18.15,12.6,12.6
2025,9,PJHSA,Earlimart MS,69.1,23.5,19.5,13.2,12.9
2025,4,PJHSA,Earlimart MS Percussion,58.85,17.7,18.75,11.4,11.0
2025,8,PJHSA,Earlimart MS Percussion,61.35,18.0,18.15,12.6,12.6
2025,9,PJHSA,Earlimart MS Percussion,69.1,23.5,19.5,13.2,12.9
2025,1,SRA,East Central HS,55.161,10.61,11.55,12.0,10.5
2025,5,SRA,East Central HS,65.681,12.21,13.87,13.5,13.4
2025,7,PR,East Central HS,71.191,14.15,14.14,13.4,15.1
2025,9,BR,East Central HS,73.281,14.41,15.07,14.5,14.1
2025,2,PSRA,East Hamilton High School,64.8,20.0,19.5,12.8,12.5
2025,5,PSRA,East Hamilton High School,68.85,20.6,21.15,13.8,13.3
2025,7,PSRA,East Hamilton High School,71.95,21.6,22.05,14.1,14.2
2025,10,PSRA,East Hamilton High School,77.75,23.5,23.55,15.1,15.6
2025,2,PSRA,East Hamilton Indoor Percussion,64.8,20.0,19.5,12.8,12.5
2025,5,PSRA,East Hamilton Indoor Percussion,68.85,20.6,21.15,13.8,13.3
2025,7,PSRA,East Hamilton Indoor Percussion,71.95,21.6,22.05,14.1,14.2
2025,10,PSRA,East Hamilton Indoor Percussion,77.75,23.5,23.55,15.1,15.6
2025,1,SRA,East Hamilton JV Winter Guard,54.131,11.34,10.54,11.1,10.65
2025,5,SRA,East Hamilton JV Winter Guard,57.91,12.34,11.67,11.5,11.3
2025,10,R2,East Hamilton JV Winter Guard,71.29,14.01,14.28,14.7,14.8
2025,1,SA,East Hamilton Varsity Winter Guard,51.14,9.08,9.41,10.1,11.55
2025,5,SA,East Hamilton Varsity Winter Guard,56.8,10.67,10.93,11.9,11.5
2025,10,SA,East Hamilton Varsity Winter Guard,73.14,15.74,15.4,13.5,14.1
2025,2,SRA,East Jessamine,53.641,11.21,11.13,10.8,11.1
2025,6,SRA,East Jessamine,67.861,14.0,12.66,13.8,13.4
2025,8,SRA,East Jessamine,76.58,14.94,15.74,14.8,15.4
2025,9,BR,East Jessamine,77.611,15.47,15.94,14.9,15.8
2025,10,SRA,East Jessamine,81.801,15.87,16.93,16.6,16.1
2025,0,SRA,East Pennsboro HS Guard,61.991,10.28,11.41,13.5,13.6
2025,2,SRA-E,East Pennsboro HS Guard,59.65,11.81,12.54,9.1,11.7
2025,4,SRA,East Pennsboro HS Guard,65.38,13.14,13.14,12.5,12.2
2025,5,SRA,East Pennsboro HS Guard,67.31,12.47,13.34,13.1,14.5
2025,9,SRA,East Pennsboro HS Guard,71.591,13.95,14.94,15.0,14.1
2025,2,PSA,East Syracuse Minoa,71.35,22.1,21.15,14.3,13.8
2025,3,PSA,East Syracuse Minoa,72.55,21.7,22.65,14.2,14.0
2025,6,PSA,East Syracuse Minoa,78.3,23.0,24.0,16.3,15.0
2025,7,PSA,East Syracuse Minoa,79.5,24.7,23.1,16.3,15.4
2025,8,PSA,East Syracuse Minoa,81.25,24.15,24.0,16.8,16.3
2025,10,PSA,East Syracuse Minoa,89.125,27.5,25.125,18.4,18.1
2025,3,SRA,Eastern HS (IN),52.76,9.15,8.61,10.8,11.0
2025,5,SRA,Eastern HS (IN),59.8,10.82,11.88,13.2,11.3
2025,6,SRA,Eastern HS (IN),66.811,12.67,13.34,13.4,12.3
2025,7,PR,Eastern HS (IN),73.98,14.14,13.94,13.5,16.0
2025,9,BR,Eastern HS (IN),72.051,14.21,14.34,14.0,15.0
2025,3,SA,Eastern HS (KY),57.96,12.55,12.41,11.3,10.8
2025,7,SA,Eastern HS (KY),65.711,13.94,14.87,12.8,12.2
2025,8,SA,Eastern HS (KY),73.75,14.14,14.61,15.0,14.7
2025,10,PR,Eastern HS (KY),78.04,14.67,16.07,15.8,15.9
2025,0,SRA,Eastern York HS Guard,67.32,10.68,12.54,14.8,14.7
2025,5,SRA-E,Eastern York HS Guard,67.16,13.42,14.14,12.4,13.7
2025,9,SRA,Eastern York HS Guard,76.35,15.87,16.28,15.2,14.4
2025,0,P-SA,Eastern York HS Indoor Percussion,64.35,19.05,19.2,13.4,12.7
2025,5,P-SA(,Eastern York HS Indoor Percussion,69.75,21.3,20.55,14.3,13.6
2025,9,P-SA,Eastern York HS Indoor Percussion,81.701,24.6,25.35,16.55,15.2
2025,10,P-SA,Eastern York HS Indoor Percussion,80.901,26.175,22.275,16.15,16.3
2025,2,PSA,Eastridge,70.05,20.6,21.75,13.6,14.1
2025,4,PSA,Eastridge,72.6,21.0,22.5,14.5,14.6
2025,6,PSA,Eastridge,74.95,21.4,23.85,16.4,13.3
2025,7,PSA,Eastridge,80.5,24.6,24.3,16.8,14.8
2025,10,PSA,Eastridge,82.876,25.1,24.525,16.55,16.7
2025,12,R1,Eden Prairie HS,88.651,26.925,17.275,27.175,17.275
2025,6,PSA,Edison HS,75.351,22.9,23.25,16.1,13.1
2025,7,PSA,Edison HS,74.1,21.6,22.8,14.6,15.1
2025,10,PSA,Edison HS,75.35,22.55,23.1,14.7,15.0
2025,11,PSA,Edison HS,78.7,23.8,25.05,14.75,15.1
2025,9,PSA,Edison HS (NJ),75.85,22.95,14.8,21.6,16.5
2025,4,R1,Edison HS Winterguard,51.081,10.04,9.64,9.7,10.6
2025,6,GHSSRA,Edison HS Winterguard,51.88,8.88,9.7,11.2,11.1
2025,9,GHSSRA,Edison HS Winterguard,55.2,13.06,10.84,8.8,10.8
2025,10,GHSSRA,Edison HS Winterguard,63.74,10.76,13.2,14.2,11.6
2025,4,PSA,Egg Harbor Township HS,73.7,23.0,21.6,13.9,15.2
2025,6,PSA,Egg Harbor Township HS,81.7,25.0,24.3,16.7,15.7
2025,7,PSO,Egg Harbor Township HS,80.0,25.3,24.3,15.5,14.9
2025,10,PSO,Egg Harbor Township HS,84.0,26.8,24.6,15.3,17.3
2025,11,PSO,Egg Harbor Township HS,84.2,24.3,25.5,17.2,17.2
2025,2,PHSSA,El Diamante HS Percussion,60.3,20.0,19.2,9.6,11.5
2025,4,R1,El Diamante HS Percussion,66.95,20.8,20.55,12.4,13.2
2025,6,PHSSRA,El Diamante HS Percussion,65.85,19.7,20.25,13.7,12.2
2025,8,PHSSRA,El Diamante HS Percussion,75.9,25.0,21.9,16.0,13.0
2025,4,R1,El Diamante HS Winterguard,55.16,11.04,12.52,10.8,10.1
2025,6,GHSSRA,El Diamante HS Winterguard,61.24,12.18,13.1,11.7,11.4
2025,8,GHSSRA,El Diamante HS Winterguard,68.34,13.36,13.98,14.1,13.8
2025,10,GHSSRA,El Diamante HS Winterguard,76.78,15.32,16.06,15.2,15.4
2025,3,PSO,El Dorado HS,78.4,23.1,16.0,23.0,16.3
2025,6,PSO,El Dorado HS,81.65,25.05,16.9,24.9,14.8
2025,9,PSO,El Dorado HS,89.95,25.95,17.95,27.7,18.35
2025,10,R1,El Dorado HS,90.85,26.85,17.7,28.0,18.3
2025,11,PSO,El Dorado HS,93.25,28.125,18.1,28.55,18.475
2025,4,PIA,El Ritmo Independent Percussion,71.15,19.2,21.75,14.2,16.0
2025,6,PIA,El Ritmo Independent Percussion,75.7,22.3,21.9,14.9,16.6
2025,8,PIA,El Ritmo Independent Percussion,79.9,23.7,23.7,16.2,16.3
2025,9,PIA,El Ritmo Independent Percussion,83.1,25.2,23.4,17.4,17.1
2025,10,PIA,El Ritmo Independent Percussion,82.25,25.3,24.15,16.6,16.2
2025,4,GIA,El Ritmo Winter Guard,58.06,110.8,112.8,10.7,13.4
2025,6,GIA,El Ritmo Winter Guard,65.6,130.9,134.1,12.6,12.9
2025,9,GIA,El Ritmo Winter Guard,74.52,149.4,146.8,15.2,14.7
2025,10,GIA,El Ritmo Winter Guard,77.22,148.7,149.5,16.0,15.8
2025,2,PSA,El Segundo HS,68.876,21.375,14.1,19.7,13.7
2025,4,B2,El Segundo HS,79.3,23.7,15.7,24.5,15.4
2025,7,B2,El Segundo HS,78.95,24.45,16.2,21.4,16.9
2025,9,R3,El Segundo HS,89.5,26.4,18.5,27.2,17.4
2025,10,R2,El Segundo HS,87.026,26.025,17.4,26.7,16.9
2025,2,PSO,El Toro HS,68.375,21.675,13.5,20.0,13.2
2025,5,PSO,El Toro HS,70.751,22.65,14.1,20.0,14.0
2025,7,PSO,El Toro HS,77.551,23.55,14.9,22.7,16.4
2025,10,R1,El Toro HS,80.751,25.05,14.9,25.1,15.7
2025,5,PIO,Elan Percussion,79.15,24.75,16.2,23.4,14.8
2025,9,PIO,Elan Percussion,83.626,25.725,16.85,24.95,16.1
2025,4,IW,Elevate,71.2,14.3,14.3,13.7,14.5
2025,10,IW,Elevate,88.1,18.3,18.1,18.0,16.8
2025,3,IA,Elevate A,60.03,11.75,11.68,12.3,11.9
2025,4,IA,Elevate A,66.72,13.28,13.34,13.1,14.3
2025,10,IA,Elevate A,78.96,15.62,16.34,14.8,16.0
2025,9,PSA,Elizabeth HS,87.1,24.9,18.0,25.8,18.4
2025,3,SA,Elizabethtown HS,66.73,14.27,14.06,13.0,12.7
2025,7,SA,Elizabethtown HS,76.02,15.35,15.07,14.5,15.5
2025,8,SA,Elizabethtown HS,77.85,15.88,15.87,14.6,15.8
2025,10,BR,Elizabethtown HS,85.341,17.47,17.67,16.9,16.5
2025,3,SRA,Elizabethtown HS JV,56.46,10.53,10.73,11.4,12.4
2025,7,PR,Elizabethtown HS JV,73.88,14.67,14.21,14.8,14.8
2025,8,SRA,Elizabethtown HS JV,76.04,14.74,14.8,14.3,16.0
2025,9,BR,Elizabethtown HS JV,77.98,14.94,15.34,15.7,16.6
2025,10,SRA,Elizabethtown HS JV,82.57,16.0,16.47,16.4,16.8
2025,7,PSA,Elk River Combined Schools,82.65,25.2,16.4,24.2,16.85
2025,12,R4,Elk River Combined Schools,83.764,25.163,16.8,25.2,16.6
2025,7,PSA,Enloe Magnet HS,78.051,23.55,14.1,25.3,15.1
2025,12,R2,Enloe Magnet HS,85.451,25.125,16.2,27.175,16.95
2025,2,PSA,Escondido Union HSD,64.901,19.5,12.7,20.0,12.7
2025,4,PSA,Escondido Union HSD,67.751,20.25,13.0,21.6,12.9
2025,7,B1,Escondido Union HSD,72.201,22.2,15.0,20.2,14.8
2025,8,B2,Escondido Union HSD,71.3,22.5,14.0,21.1,13.7
2025,9,R3,Escondido Union HSD,73.7,23.4,14.9,21.7,13.7
2025,6,PIA,Estrella Foothills HS,65.15,19.65,13.4,19.4,12.7
2025,4,PSW,Etiwanda HS,82.35,24.45,16.9,24.5,16.5
2025,6,PSW,Etiwanda HS,80.75,24.45,15.8,23.9,16.6
2025,8,PSW,Etiwanda HS,88.05,26.55,17.6,26.0,17.9
2025,9,PSW,Etiwanda HS,87.413,26.513,17.05,26.5,17.35
2025,10,PSW,Etiwanda HS,88.55,26.55,17.5,26.6,17.9
2025,11,PSW,Etiwanda HS,90.025,27.225,18.1,27.15,17.55
2025,2,PHSSRA,Exeter Union HS Percussion,55.951,18.7,17.1,9.6,10.55
2025,4,R1,Exeter Union HS Percussion,58.0,18.8,17.7,10.5,11.0
2025,8,PHSSRA,Exeter Union HS Percussion,66.9,20.4,12.0,20.7,13.8
2025,9,PHSSRA,Exeter Union HS Percussion,68.1,19.5,13.2,22.1,13.3
2025,4,R1,Exeter Union HS Winterguard,59.12,11.98,12.04,10.6,12.9
2025,8,GHSSRA,Exeter Union HS Winterguard,74.96,15.0,14.66,16.1,14.8
2025,9,GHSSRA,Exeter Union HS Winterguard,74.5,15.32,15.38,14.8,13.9
2025,10,GHSSRA,Exeter Union HS Winterguard,78.44,15.72,15.72,15.4,15.9
2025,9,PSW,Fair Lawn HS,83.625,25.575,16.85,24.95,16.25
2025,12,R2,Fair Lawn HS,83.9,25.8,16.75,24.925,16.425
2025,7,PSO,Farmington HS,78.85,22.95,16.9,22.5,16.5
2025,1,SA,Farragut High School Varsity,54.25,9.41,10.14,11.4,11.8
2025,3,SA,Farragut High School Varsity,64.31,12.67,12.74,13.8,12.2
2025,5,SA,Farragut High School Varsity,63.91,13.01,13.0,12.1,13.0
2025,10,SA,Farragut High School Varsity,77.78,16.01,16.07,15.1,15.2
2025,3,SRA,Farragut JV,52.62,10.01,10.01,11.8,9.3
2025,5,SRA,Farragut JV,57.68,11.34,11.34,12.1,11.4
2025,10,SRA,Farragut JV,68.581,13.61,13.87,13.9,14.0
2025,4,PHSSRA,Firebaugh HS Percussion,56.75,19.95,16.5,10.3,10.0
2025,6,PHSSRA,Firebaugh HS Percussion,60.55,19.35,11.2,19.1,10.9
2025,3,IRA,First Baptist Academy,63.55,12.34,12.21,13.1,12.5
2025,5,IRA,First Baptist Academy,67.9,13.14,14.06,13.3,13.2
2025,9,IA,First Baptist Academy,67.95,13.74,13.21,14.0,14.1
2025,10,IA,First Baptist Academy,74.25,15.01,16.34,13.2,14.6
2025,6,PSO,Fishers HS,86.2,25.95,17.2,25.75,17.3
2025,12,PSO,Fishers HS,96.75,29.625,19.3,28.825,19.0
2025,5,PSA,Fleming Island HS,79.75,25.05,16.0,22.3,16.4
2025,4,PIO,Flower City Percussion,65.25,19.8,21.15,12.7,11.6
2025,6,PIO,Flower City Percussion,66.0,19.8,18.6,12.7,14.9
2025,10,PIO,Flower City Percussion,77.0,23.8,22.8,15.0,15.4
2025,3,SA,Floyd Central HS,68.76,14.28,14.08,13.6,13.4
2025,5,SA,Floyd Central HS,72.66,14.68,14.28,14.7,14.4
2025,6,SA,Floyd Central HS,78.32,15.74,15.48,15.3,16.0
2025,10,PR,Floyd Central HS,88.14,17.34,18.0,17.4,17.7
2025,3,SRA,Floyd Central HS JV,59.2,11.55,10.75,11.2,12.6
2025,5,SRA,Floyd Central HS JV,67.02,12.88,13.34,13.9,13.5
2025,6,SRA,Floyd Central HS JV,73.34,14.47,14.47,14.3,14.2
2025,9,PR,Floyd Central HS JV,82.98,16.27,15.61,16.7,17.3
2025,10,SRA,Floyd Central HS JV,87.8,17.27,17.93,17.3,17.6
2025,6,PIW,Flux Indoor Percussion,81.85,24.15,15.5,25.2,17.0
2025,9,PIW,Flux Indoor Percussion,83.451,24.75,16.5,25.3,16.9
2025,8,PSO,Foothill HS (CA),77.851,22.95,14.9,24.4,15.6
2025,6,PSO,Foothill HS (NV),75.7,23.4,15.9,20.9,15.5
2025,9,PSW,Foothill HS (NV),82.051,25.35,16.8,24.3,15.6
2025,12,R1,Foothill HS (NV),83.175,24.6,16.8,25.2,16.575
2025,5,SA,Forest Hills,66.35,13.74,11.61,14.2,13.2
2025,7,SA,Forest Hills,69.32,12.95,13.67,14.0,14.2
2025,10,PR,Forest Hills,77.54,15.27,15.67,15.7,15.5
2025,1,IA,Forest Hills IA,63.69,13.41,13.08,12.1,12.6
2025,5,IA,Forest Hills IA,72.55,14.15,15.0,14.7,14.7
2025,10,IA,Forest Hills IA,79.78,15.61,16.07,15.3,16.4
2025,5,SJ,Forest Hills Jr,59.76,12.21,11.35,12.7,11.6
2025,7,SJ,Forest Hills Jr,61.39,11.61,11.88,12.9,12.5
2025,10,SJ,Forest Hills Jr,71.52,13.81,14.5,14.5,14.9
2025,1,SRA,Forest Hills SRA,67.48,13.14,14.14,13.6,12.7
2025,7,PSA,Forest Park High School Combined,72.351,21.75,14.4,22.3,13.9
2025,6,PSO,Forney HS,85.25,25.65,16.2,26.6,16.8
2025,6,PSA,Fort Mill HS,75.15,22.35,14.7,22.7,15.4
2025,12,R2,Fort Zumwalt Combined Schools,93.225,28.65,18.075,27.75,18.75
2025,8,PSO,Fossil Ridge HS (CO),81.85,24.45,17.2,23.9,16.3
2025,3,PSO,Fountain Valley HS,64.051,19.35,12.5,19.5,12.7
2025,6,PSO,Fountain Valley HS,74.25,21.75,14.4,22.9,15.2
2025,8,PSO,Fountain Valley HS,79.576,24.375,16.7,21.8,16.7
2025,10,R1,Fountain Valley HS,80.425,24.825,15.9,23.6,16.1
2025,12,R1,Francis Howell Combined Schools,84.289,26.137,16.25,24.2,17.7
2025,6,PSW,Franklin Central HS,79.45,23.85,16.0,24.7,14.9
2025,12,R1,Franklin Central HS,83.1,24.975,16.95,24.575,16.6
2025,6,PSO,Franklin Community HS,76.701,22.8,16.2,22.5,15.2
2025,12,R1,Franklin Community HS,86.888,26.363,17.2,25.675,17.65
2025,8,PIA,Frederick HS,74.0,21.6,15.1,22.5,14.8
2025,6,SN,Frederick HS Guard,73.31,14.74,14.47,15.3,15.8
2025,7,SN,Frederick HS Guard,77.22,15.48,16.14,15.7,14.5
2025,8,SN,Frederick HS Guard,80.28,16.21,16.67,15.9,15.7
2025,9,SN,Frederick HS Guard,81.3,16.54,16.66,16.1,16.3
2025,10,SN,Frederick HS Guard,82.81,16.74,17.47,15.3,16.6
2025,7,PSO,Freedom HS (VA),68.951,21.45,13.0,21.3,13.2
2025,6,PIO,Freedom Percussion,82.85,24.45,16.0,26.6,15.8
2025,12,PIO,Freedom Percussion,95.113,28.612,18.9,29.2,18.4
2025,8,PSA,Fremont HS (CA),74.95,22.35,14.6,22.8,15.2
2025,2,PHSSRA,Fresno,53.201,18.0,16.8,8.8,9.6
2025,4,GIO,Fresno,59.6,11.0,10.8,11.2,13.3
2025,6,PHSSRA,Fresno,61.4,20.1,10.2,20.0,11.1
2025,8,PHSSRA,Fresno,70.3,24.3,12.6,20.0,13.4
2025,10,GIO,Fresno,74.1,14.8,14.3,15.0,15.6
2025,4,R2,Fresno Christian HS Winterguard,60.281,11.44,10.54,12.1,12.4
2025,6,GHSSRA,Fresno Christian HS Winterguard,68.92,13.78,13.64,15.0,13.0
2025,8,GHSSRA,Fresno Christian HS Winterguard,71.94,15.1,13.84,15.2,14.3
2025,10,GHSSRA,Fresno Christian HS Winterguard,76.0,14.72,13.98,15.9,16.0
2025,6,PHSSRA,Fresno HS Percussion,63.1,18.9,11.8,20.5,11.9
2025,2,R3,Fresno HS Winter Guard,57.21,12.78,12.18,10.8,11.9
2025,4,R1,Fresno HS Winter Guard,65.36,12.54,12.92,14.1,12.2
2025,6,GHSSA,Fresno HS Winter Guard,62.8,12.16,12.54,11.8,13.3
2025,9,GHSSA,Fresno HS Winter Guard,67.65,14.74,12.81,14.5,13.7
2025,10,GHSSA,Fresno HS Winter Guard,75.981,15.13,15.6,16.1,14.6
2025,4,PHSSRA,Fresno HS Winter Percussion,61.7,20.2,17.1,11.4,13.0
2025,9,PHSSRA,Fresno HS Winter Percussion,69.951,19.1,21.75,14.5,14.6
2025,4,GIO,Fresno State Independent,59.6,11.0,10.8,11.2,13.3
2025,10,GIO,Fresno State Independent,74.1,14.8,14.3,15.0,15.6
2025,2,GHSSA,Frontier HS Guard,62.71,127.4,128.7,12.8,12.3
2025,9,GHSSA,Frontier HS Guard,82.61,164.7,167.4,16.7,17.0
2025,10,GHSSA,Frontier HS Guard,87.55,169.4,168.1,18.1,17.8
2025,5,PIA,Frontier Percussion,73.5,22.2,14.0,21.5,15.8
2025,9,PSW,Gahr HS,83.926,25.875,16.5,26.1,15.45
2025,10,PSW,Gahr HS,85.851,26.1,16.7,26.55,16.5
2025,11,PSW,Gahr HS,86.526,26.1,17.05,27.225,16.15
2025,7,PR,Gallatin Co,57.491,12.61,11.08,11.4,12.8
2025,8,SRA,Gallatin Co,60.25,12.74,12.61,11.1,11.7
2025,9,PR,Gallatin Co,63.01,12.47,12.74,12.5,12.4
2025,6,SN,Generals Winterguard (Stonewall Jackson HS),67.86,12.55,13.21,14.8,14.4
2025,9,SN,Generals Winterguard (Stonewall Jackson HS),73.92,14.21,14.41,14.7,15.1
2025,10,SN,Generals Winterguard (Stonewall Jackson HS),77.481,16.94,16.34,14.3,14.7
2025,7,PIW,George Mason University,88.0,27.0,17.4,26.6,17.0
2025,12,PIW,George Mason University,94.864,28.762,19.375,27.8,18.925
2025,7,IO,George Mason University Guard,82.1,16.1,16.7,16.6,16.4
2025,4,P-IW,George Mason University Indoor Drumline,82.75,25.65,24.3,16.4,16.4
2025,6,SJ,George Rogers Clark Cadet,53.24,11.34,11.2,9.0,11.5
2025,8,SJ,George Rogers Clark Cadet,62.25,12.28,13.27,12.1,12.2
2025,6,PR,George Rogers Clark HS - JV,58.99,12.61,12.28,11.0,10.3
2025,8,SRA,George Rogers Clark HS - JV,72.51,14.47,14.34,14.6,14.7
2025,9,PR,George Rogers Clark HS - JV,73.31,14.33,14.48,13.5,15.7
2025,10,SRA,George Rogers Clark HS - JV,79.6,15.07,16.53,15.1,16.4
2025,2,SA,George Rogers Clark HS - Varsity,64.38,12.81,12.47,13.5,13.3
2025,6,SA,George Rogers Clark HS - Varsity,71.621,14.74,13.88,14.4,14.2
2025,8,SA,George Rogers Clark HS - Varsity,77.51,16.14,15.87,14.9,15.5
2025,10,BR,George Rogers Clark HS - Varsity,83.871,16.74,17.13,16.0,17.0
2025,6,SJ,Georgetown IN,65.49,11.55,12.14,13.2,14.8
2025,9,SJ,Georgetown IN,71.32,14.54,13.28,14.4,14.3
2025,10,SJ,Georgetown IN,77.74,15.0,15.9,16.2,15.9
2025,7,PSO,Germantown HS,85.65,25.8,18.2,24.55,17.1
2025,12,R2,Germantown HS,90.364,27.263,17.975,27.225,17.9
2025,2,PSRA,Gibbs High School,59.151,18.7,16.95,11.6,11.9
2025,5,PSRA,Gibbs High School,63.8,19.1,19.05,13.25,12.4
2025,7,PSRA,Gibbs High School,67.55,20.3,19.65,13.8,13.8
2025,10,PSRA,Gibbs High School,74.15,22.9,22.2,14.25,14.8
2025,2,PSRA,Gibbs Winter Drumline,59.151,18.7,16.95,11.6,11.9
2025,5,PSRA,Gibbs Winter Drumline,63.8,19.1,19.05,13.25,12.4
2025,7,PSRA,Gibbs Winter Drumline,67.55,20.3,19.65,13.8,13.8
2025,10,PSRA,Gibbs Winter Drumline,74.15,22.9,22.2,14.25,14.8
2025,5,SRA,Gibbs Winterguard,56.821,11.68,11.94,11.8,10.7
2025,8,SRA,Gibbs Winterguard,64.55,12.61,12.94,13.4,12.8
2025,10,SRA,Gibbs Winterguard,71.34,14.54,14.4,14.5,13.5
2025,6,PSA,Gilbert HS,80.15,24.15,15.7,24.5,15.8
2025,9,PSA,Gilbert HS,82.925,24.825,16.3,24.8,17.0
2025,4,PJHSA,Glacier Point Indoor Percussion,57.0,19.9,17.1,10.0,10.0
2025,6,PJHSA,Glacier Point Indoor Percussion,63.95,19.5,19.35,14.0,11.1
2025,9,PJHSA,Glacier Point Indoor Percussion,73.55,23.8,21.15,13.9,14.7
2025,4,GJHSA,Glacier Point MS Winter Guard,50.48,119.3,93.5,9.3,8.6
2025,6,GJHSA,Glacier Point MS Winter Guard,50.03,88.2,102.1,9.6,10.1
2025,9,GJHSA,Glacier Point MS Winter Guard,62.95,108.7,108.8,13.9,14.1
2025,10,GJHSA,Glacier Point MS Winter Guard,68.39,141.4,125.5,14.1,14.1
2025,4,B1,Glen A. Wilson HS,70.051,21.75,12.5,21.9,13.9
2025,6,B2,Glen A. Wilson HS,72.101,22.2,14.8,20.2,14.9
2025,8,B1,Glen A. Wilson HS,71.201,22.2,13.4,21.8,13.8
2025,9,R4,Glen A. Wilson HS,78.101,25.35,16.1,21.7,14.95
2025,8,PSA,Glencoe Combined Schools,82.5,25.2,16.2,25.1,16.0
2025,4,PSA,Glendora HS,62.175,20.175,11.8,19.4,10.8
2025,7,B2,Glendora HS,68.401,20.4,13.5,18.7,15.8
2025,9,R2,Glendora HS,66.75,20.85,13.1,19.7,13.1
2025,6,PSO,Glenn HS,84.7,26.4,16.0,26.5,15.8
2025,9,PSO,Glenn HS,88.1,25.95,18.0,27.1,17.05
2025,9,PSA,Godley HS,79.8,24.3,15.6,23.9,16.0
2025,7,PIO,Gold Spike Percussion,80.75,24.45,16.6,23.2,16.5
2025,12,R1,Gold Spike Percussion,84.25,25.8,17.0,24.375,17.075
2025,2,GHSSA,Golden Valley HS (Varsity),55.92,110.1,102.1,11.5,11.8
2025,4,GHSSA,Golden Valley HS (Varsity),61.35,122.1,131.4,11.0,12.5
2025,2,R2,Golden Valley HS JV,54.56,10.48,11.98,10.6,12.6
2025,4,R2,Golden Valley HS JV,60.7,11.98,10.32,12.2,12.1
2025,2,PHSSA,Golden Valley HS Percussion,66.25,19.3,21.15,13.0,12.8
2025,4,PHSSA,Golden Valley HS Percussion,67.8,19.15,20.55,13.5,14.6
2025,8,PHSSA,Golden Valley HS Percussion,76.051,24.9,22.35,15.4,13.4
2025,4,PHSSA,Golden West HS Percussion,67.251,19.7,19.05,13.9,14.6
2025,6,PHSSA,Golden West HS Percussion,69.6,20.1,20.7,14.4,14.4
2025,8,PHSSA,Golden West HS Percussion,79.001,24.8,23.4,14.8,16.0
2025,9,PHSSA,Golden West HS Percussion,81.3,21.6,24.6,17.1,18.0
2025,4,GHSSA,Golden West HS Winterguard,54.611,110.0,110.1,9.8,12.2
2025,8,GHSSA,Golden West HS Winterguard,66.77,13.52,12.35,14.9,14.2
2025,10,GHSSA,Golden West HS Winterguard,72.021,13.87,15.0,15.3,13.7
2025,6,PSO,Goshen HS,78.1,22.5,15.2,25.3,15.1
2025,12,R1,Goshen HS,90.563,27.262,18.2,27.15,17.95
2025,4,SRA,Gov. Thomas Johnson HS Guard,58.82,10.91,12.21,11.9,12.1
2025,6,SRA,Gov. Thomas Johnson HS Guard,64.201,12.56,13.74,13.0,12.5
2025,7,SRA,Gov. Thomas Johnson HS Guard,69.91,14.14,14.87,14.3,13.3
2025,10,SRA,Gov. Thomas Johnson HS Guard,71.24,14.8,14.54,14.0,13.6
2025,4,P-SRA,Gov. Thomas Johnson HS Percussion,69.125,22.5,21.825,12.4,12.4
2025,7,P-SRA,Gov. Thomas Johnson HS Percussion,80.575,25.2,24.975,15.5,14.9
2025,10,P-SRA,Gov. Thomas Johnson HS Percussion,86.925,26.25,25.875,16.5,18.3
2025,3,IRA,Grace Baptist Church,57.22,10.34,10.48,12.4,11.6
2025,5,IRA,Grace Baptist Church,59.18,12.14,10.94,12.2,12.0
2025,10,C,Grace Baptist Church,78.31,15.74,16.27,15.5,15.8
2025,10,C,Grace Christian Fierce Minis,78.31,15.74,16.27,15.5,15.8
2025,3,IA,Grace Christian Independent Fierce IA,53.96,9.68,9.68,11.7,11.4
2025,5,IA,Grace Christian Independent Fierce IA,56.18,11.14,10.54,11.2,11.5
2025,10,IA,Grace Christian Independent Fierce IA,69.68,14.61,16.07,12.6,13.4
2025,3,IRA,Grace Christian Independent Fierce IRA,57.22,10.34,10.48,12.4,11.6
2025,5,IRA,Grace Christian Independent Fierce IRA,59.18,12.14,10.94,12.2,12.0
2025,10,IRA,Grace Christian Independent Fierce IRA,69.32,13.48,14.94,13.3,13.9
2025,3,SRA,Grainger High School Winterguard,53.616,10.575,10.14,10.7,11.2
2025,5,SRA,Grainger High School Winterguard,55.08,11.14,10.74,11.4,11.0
2025,8,R1,Grainger High School Winterguard,63.251,12.47,12.48,12.8,12.7
2025,10,R1,Grainger High School Winterguard,69.511,13.47,14.14,14.2,13.8
2025,3,B1,Granada Hills Charter,64.801,18.6,12.8,19.5,13.9
2025,6,B2,Granada Hills Charter,72.251,21.75,14.6,21.4,14.5
2025,8,B2,Granada Hills Charter,73.7,23.1,14.2,22.6,13.8
2025,9,R2,Granada Hills Charter,77.701,25.2,15.7,23.0,13.8
2025,6,PSA,Grand Blanc HS,73.15,21.75,14.5,21.8,15.1
2025,7,PSA,Grand Blanc HS,79.8,23.4,15.3,25.1,16.0
2025,10,PSA,Grand Blanc HS,83.85,24.75,16.3,26.0,16.8
2025,11,PSA,Grand Blanc HS,85.0,25.05,16.65,26.3,17.0
2025,12,R4,Grand Blanc HS,85.226,25.875,16.95,25.7,16.7
2025,8,PSO,Granite Bay HS,77.251,21.75,15.2,24.2,16.1
2025,6,PIA,Granite Mountain Indoor Percussion,60.7,18.3,12.8,17.2,12.4
2025,2,SA,Grant Co,56.53,11.75,10.88,10.4,11.0
2025,5,SA,Grant Co,68.12,14.28,13.34,13.9,13.7
2025,6,SA,Grant Co,62.79,11.81,12.28,13.5,11.7
2025,10,BR,Grant Co,76.441,15.67,15.67,15.1,14.9
2025,2,BR,Grant Co HS JV,53.41,11.07,10.94,11.2,9.4
2025,5,SRA,Grant Co HS JV,67.26,12.75,13.61,14.2,13.8
2025,6,SRA,Grant Co HS JV,63.891,13.41,12.68,12.0,11.9
2025,9,BR,Grant Co HS JV,71.18,13.74,14.14,13.0,14.4
2025,5,PSO,Great Oak HS,79.25,24.75,16.3,22.7,15.5
2025,7,PSO,Great Oak HS,85.55,24.45,16.8,26.8,17.5
2025,8,PSO,Great Oak HS,90.45,28.05,18.0,26.6,17.8
2025,9,PSO,Great Oak HS,88.538,26.212,18.25,25.625,18.45
2025,10,R1,Great Oak HS,89.8,27.3,17.4,27.6,17.5
2025,11,PSO,Great Oak HS,91.863,27.112,18.6,27.85,18.3
2025,12,R2,Great Oak HS,92.7,27.975,18.5,27.975,18.25
2025,4,PRA(,Great Valley High School,67.825,20.775,19.8,14.15,13.1
2025,5,PRA(,Great Valley High School,72.8,21.6,23.85,12.85,14.5
2025,7,PRA(,Great Valley High School,78.5,25.05,24.15,14.1,15.2
2025,10,PRA(,Great Valley High School,83.3,26.1,23.85,16.55,16.8
2025,11,PRA(,Great Valley High School,80.5,25.35,21.45,17.3,16.4
2025,2,PSA,Greece,62.101,18.9,18.6,11.5,13.1
2025,3,PSA,Greece,61.651,19.5,19.35,11.6,11.2
2025,4,PSA,Greece,64.85,19.6,20.85,12.2,12.2
2025,6,PSA,Greece,64.551,18.7,20.25,13.3,12.3
2025,7,PSA,Greece,67.801,20.6,21.3,13.3,12.6
2025,8,PSA,Greece,71.951,22.0,22.35,14.0,13.6
2025,10,PSA,Greece,74.05,24.4,21.75,13.5,14.4
2025,4,R1,Green Acres MS Winterguard,50.35,108.0,93.5,10.1,10.3
2025,8,GJHSA,Green Acres MS Winterguard,56.81,106.6,101.5,11.5,12.3
2025,10,GJHSA,Green Acres MS Winterguard,61.23,126.8,117.5,11.1,13.2
2025,6,PSA,Green Hope HS,73.751,20.55,15.2,22.8,15.2
2025,6,PSA,Green Level HS,77.5,22.5,15.6,23.8,15.6
2025,12,R4,Green Level HS,79.8,23.55,15.75,24.55,15.95
2025,0,SA,Greencastle-Antrim HS Indoor Guard,66.84,12.4,12.94,14.1,14.1
2025,2,SA(,Greencastle-Antrim HS Indoor Guard,67.21,13.14,13.27,13.3,14.1
2025,6,SA,Greencastle-Antrim HS Indoor Guard,80.35,16.14,15.41,15.9,16.7
2025,7,SA,Greencastle-Antrim HS Indoor Guard,81.78,16.34,16.34,16.1,16.3
2025,9,SA,Greencastle-Antrim HS Indoor Guard,82.0,15.6,16.6,16.3,16.8
2025,2,P-SA(,Greencastle-Antrim HS Winter Percussion,68.55,21.45,18.9,13.7,14.5
2025,5,P-SA,Greencastle-Antrim HS Winter Percussion,68.65,20.7,20.25,13.8,13.9
2025,7,P-SA,Greencastle-Antrim HS Winter Percussion,74.1,21.9,22.5,14.9,14.8
2025,8,P-SA,Greencastle-Antrim HS Winter Percussion,75.001,23.7,21.3,14.7,15.3
2025,9,P-SA,Greencastle-Antrim HS Winter Percussion,76.7,24.45,22.05,15.4,14.8
2025,0,SJ,Greencastle-Antrim MS Guard,70.21,12.86,12.55,15.3,15.5
2025,2,SJ(,Greencastle-Antrim MS Guard,73.57,13.53,13.14,15.8,15.4
2025,6,SJ,Greencastle-Antrim MS Guard,73.0,13.73,15.07,16.3,15.4
2025,7,SJ,Greencastle-Antrim MS Guard,78.77,15.0,15.67,16.3,15.9
2025,9,SJ,Greencastle-Antrim MS Guard,81.74,15.27,16.07,16.4,16.6
2025,10,SJ,Greencastle-Antrim MS Guard,85.71,17.34,17.27,17.1,16.9
2025,4,PSB,Greene County Tech Indoor Percussion,69.2,21.0,13.4,22.0,12.8
2025,9,PSB,Greene County Tech Indoor Percussion,71.55,20.85,14.4,21.7,14.6
2025,4,GSRA,Greene County Tech Winter Guard,62.24,13.86,12.58,12.1,10.5
2025,7,GSRA,Greene County Tech Winter Guard,74.3,15.04,15.56,14.3,14.4
2025,9,GSRA,Greene County Tech Winter Guard,77.56,15.74,13.12,16.4,16.3
2025,2,PSA,Greeneville High School Percussion,63.101,19.2,19.5,12.6,11.8
2025,5,PSA,Greeneville High School Percussion,66.051,19.6,18.75,14.5,13.2
2025,7,PSA,Greeneville High School Percussion,71.35,20.9,21.75,14.5,14.2
2025,10,PSA,Greeneville High School Percussion,74.676,22.0,21.975,15.9,14.8
2025,10,SA,Greeneville High School Winter Guard,69.291,14.81,15.28,12.7,13.2
2025,6,PSA,Greenfield-Central HS,87.7,27.3,17.0,26.1,17.3
2025,12,PSO,Greenfield-Central HS,95.45,29.175,18.825,28.325,19.125
2025,6,PSA,Greenwood HS,87.95,27.15,17.7,25.5,17.6
2025,4,PSA,Greenwood High School Indoor Percussion,66.8,18.9,13.5,20.8,13.6
2025,8,PSA,Greenwood High School Indoor Percussion,73.15,20.55,15.0,22.6,15.0
2025,9,PSA,Greenwood High School Indoor Percussion,70.675,20.775,14.7,21.8,13.4
2025,4,GSN,Greenwood Varsity Guard,70.08,14.72,13.86,14.2,13.8
2025,8,GSN,Greenwood Varsity Guard,78.08,15.72,15.46,14.9,15.8
2025,9,GSN,Greenwood Varsity Guard,81.24,15.46,17.68,16.1,16.1
2025,7,PSO,Gulfport HS,82.75,24.75,16.3,25.1,16.6
2025,12,R2,Gulfport HS,85.551,26.25,17.85,25.05,16.4
2025,0,SN,Halifax HS Color Guard,59.19,10.88,12.61,11.9,12.0
2025,2,SN,Halifax HS Color Guard,62.09,11.48,13.01,12.8,13.1
2025,5,SN,Halifax HS Color Guard,63.86,12.95,13.41,12.1,13.0
2025,7,SN,Halifax HS Color Guard,69.62,13.81,14.01,13.6,14.4
2025,8,SN,Halifax HS Color Guard,72.45,15.34,14.61,14.0,14.0
2025,9,SN,Halifax HS Color Guard,72.29,14.01,14.68,14.5,14.4
2025,10,SN,Halifax HS Color Guard,72.81,15.6,15.21,13.4,14.0
2025,5,P-SRA,Halifax HS Percussion,58.075,18.0,17.475,11.0,11.6
2025,7,P-SRA,Halifax HS Percussion,63.2,19.65,19.05,12.4,12.1
2025,9,P-SRA,Halifax HS Percussion,71.0,22.2,21.0,13.9,13.9
2025,10,P-SRA,Halifax HS Percussion,74.0,22.725,21.825,14.4,15.05
2025,6,PSA,Halls HS,84.35,24.45,17.5,25.4,17.0
2025,3,SRA,Halls High School Varsity Winterguard,58.29,11.88,12.01,11.4,10.4
2025,5,SRA,Halls High School Varsity Winterguard,65.98,14.01,14.47,12.3,12.5
2025,8,R1,Halls High School Varsity Winterguard,71.05,14.54,14.61,14.1,14.3
2025,10,R2,Halls High School Varsity Winterguard,76.48,14.41,16.07,15.5,15.5
2025,2,PSA,Halls Indoor Percussion Ensemble,69.6,20.0,21.0,14.7,13.9
2025,5,PSA,Halls Indoor Percussion Ensemble,74.8,21.8,22.2,15.9,14.9
2025,7,PSO,Halls Indoor Percussion Ensemble,75.9,23.6,21.9,15.3,15.1
2025,10,PSO,Halls Indoor Percussion Ensemble,82.6,25.4,24.3,16.5,16.4
2025,6,PSA,Hamilton Southeastern HS,84.7,27.0,17.75,24.45,15.5
2025,12,R1,Hamilton Southeastern HS,90.325,26.925,17.85,26.9,18.65
2025,6,PSA,Hampton Township HS,79.051,24.9,15.75,23.85,14.55
2025,4,PIA,Hanford,71.15,19.2,21.75,14.2,16.0
2025,6,PIA,Hanford,75.7,22.3,21.9,14.9,16.6
2025,8,PIA,Hanford,79.9,23.7,23.7,16.2,16.3
2025,9,PIA,Hanford,83.1,25.2,23.4,17.4,17.1
2025,10,PIA,Hanford,82.25,25.3,24.15,16.6,16.2
2025,4,R1,Hanford HS Percussion,57.5,18.1,16.5,10.9,12.0
2025,8,PHSSRA,Hanford HS Percussion,59.05,17.85,11.4,17.2,12.6
2025,9,PHSSRA,Hanford HS Percussion,68.2,18.9,11.9,23.5,13.9
2025,4,R2,Hanford HS Winterguard,53.2,9.68,12.12,9.7,10.9
2025,8,GHSSRA,Hanford HS Winterguard,57.521,11.84,10.48,10.9,11.8
2025,9,GHSSRA,Hanford HS Winterguard,68.0,12.72,12.58,14.6,12.8
2025,10,GHSSRA,Hanford HS Winterguard,72.24,14.58,14.36,14.7,14.1
2025,4,R2,Hanford West HS Indoor Percussion,70.85,20.6,21.75,14.4,14.1
2025,6,PHSSRA,Hanford West HS Indoor Percussion,67.3,18.9,21.3,14.3,12.8
2025,8,PHSSRA,Hanford West HS Indoor Percussion,72.501,22.1,22.5,14.6,13.3
2025,4,GHSSO,Hanford West HS Winterguard,56.0,11.0,10.1,10.6,13.1
2025,6,GHSSO,Hanford West HS Winterguard,62.4,12.0,11.6,12.8,12.6
2025,10,GHSSO,Hanford West HS Winterguard,74.2,14.7,14.8,14.4,15.7
2025,0,SRA,Hanover HS Guard,58.93,10.02,10.61,13.1,13.4
2025,2,SRA,Hanover HS Guard,53.99,10.75,11.54,9.2,14.0
2025,4,SRA,Hanover HS Guard,55.58,11.74,12.14,10.9,9.3
2025,5,SRA,Hanover HS Guard,61.95,10.34,12.21,13.7,12.6
2025,7,SRA,Hanover HS Guard,66.99,12.61,12.68,13.2,14.7
2025,9,SRA,Hanover HS Guard,69.92,13.21,13.81,14.1,14.6
2025,10,SRA,Hanover HS Guard,72.121,14.61,14.21,14.6,14.3
2025,2,PSA,Hardin Valley Academy,63.651,18.7,20.25,12.0,12.7
2025,5,PSA,Hardin Valley Academy,71.05,21.2,20.85,15.1,13.9
2025,6,PSA,Hardin Valley Academy,77.6,24.3,15.5,22.1,15.7
2025,10,PSA,Hardin Valley Academy,83.75,25.0,25.2,16.55,17.0
2025,1,SO,Hardin Valley Academy Varsity Winter Guard,53.2,9.0,9.8,11.8,11.1
2025,3,SO,Hardin Valley Academy Varsity Winter Guard,57.0,10.6,12.4,10.9,12.3
2025,5,SO,Hardin Valley Academy Varsity Winter Guard,63.8,12.3,12.3,13.6,12.7
2025,10,SO,Hardin Valley Academy Varsity Winter Guard,83.2,17.2,17.1,15.7,16.3
2025,1,P,Hardin Valley Middle School Winter Guard,50.33,10.15,8.28,9.8,11.2
2025,5,P,Hardin Valley Middle School Winter Guard,61.78,12.22,11.96,12.6,12.2
2025,8,P,Hardin Valley Middle School Winter Guard,78.62,15.07,15.15,15.9,15.8
2025,10,P,Hardin Valley Middle School Winter Guard,84.98,18.01,16.67,17.1,16.6
2025,2,PSA,Hardin Valley Percussion,63.651,18.7,20.25,12.0,12.7
2025,5,PSA,Hardin Valley Percussion,71.05,21.2,20.85,15.1,13.9
2025,10,PSA,Hardin Valley Percussion,83.75,25.0,25.2,16.55,17.0
2025,6,PSA,Harrison HS,76.65,23.25,15.1,22.4,15.9
2025,3,B1,Helix CHS,73.9,22.2,15.5,21.3,14.9
2025,7,B2,Helix CHS,81.65,24.75,17.1,22.6,17.2
2025,9,R3,Helix CHS,90.4,26.1,19.4,26.8,18.1
2025,10,R2,Helix CHS,89.4,26.85,18.6,26.15,17.8
2025,11,PSA,Helix CHS,86.664,26.663,16.6,26.4,17.0
2025,9,PSO,Hempfield HS,85.85,25.8,17.45,26.15,16.45
2025,12,R3,Hempfield HS,87.689,26.137,17.65,26.0,17.9
2025,0,SA,Hempfield HS Guard,68.09,12.02,12.47,14.8,14.8
2025,2,SA,Hempfield HS Guard,64.52,13.08,13.14,11.0,12.0
2025,5,SA,Hempfield HS Guard,74.49,15.35,14.54,15.0,14.8
2025,7,SA,Hempfield HS Guard,78.99,15.94,15.35,15.3,15.9
2025,0,SN,Hempfield HS JV Guard,64.27,10.79,12.88,13.5,13.4
2025,2,SN,Hempfield HS JV Guard,64.81,11.47,13.74,14.0,12.7
2025,5,SN,Hempfield HS JV Guard,70.69,14.48,14.61,13.8,14.0
2025,7,SN,Hempfield HS JV Guard,74.35,14.74,14.81,14.9,15.2
2025,10,SN,Hempfield HS JV Guard,78.686,16.54,15.845,14.8,16.1
2025,0,P-SO,Hempfield Indoor Percussion Ensemble,63.75,19.2,19.65,12.8,12.1
2025,4,P-SO,Hempfield Indoor Percussion Ensemble,73.85,23.25,20.1,14.9,15.6
2025,7,P-SO,Hempfield Indoor Percussion Ensemble,82.25,24.45,24.9,16.4,16.5
2025,10,P-SO,Hempfield Indoor Percussion Ensemble,88.3,27.75,25.65,17.55,17.35
2025,2,SA,Henry Clay HS,62.891,12.41,12.48,12.8,12.6
2025,6,SA,Henry Clay HS,71.621,15.01,15.01,13.7,14.1
2025,7,SA,Henry Clay HS,72.121,14.88,14.34,13.7,14.3
2025,10,PR,Henry Clay HS,83.171,15.94,17.53,16.5,16.6
2025,4,PSA,Henryville HS,56.35,16.95,10.8,17.7,10.9
2025,8,SRA,Henryville HS,62.671,12.35,11.82,11.9,12.4
2025,9,BR,Henryville HS,64.001,12.68,11.82,13.7,13.8
2025,10,PSA,Henryville HS,65.45,19.65,12.9,20.0,12.9
2025,6,PSA,Heritage HS,69.201,20.7,14.6,20.5,13.4
2025,5,SRA,Heritage Hills HS,56.67,10.02,11.9,12.0,12.2
2025,6,BR,Heritage Hills HS,61.88,12.07,12.21,13.0,12.2
2025,8,SRA,Heritage Hills HS,70.16,13.48,12.68,13.6,15.0
2025,2,PSA,Heritage Indoor Percussion Ensemble,61.101,17.6,18.6,12.4,12.5
2025,5,PSA,Heritage Indoor Percussion Ensemble,67.8,20.5,19.35,14.35,13.6
2025,10,PSA,Heritage Indoor Percussion Ensemble,77.076,22.9,22.575,16.4,15.2
2025,1,SA,Heritage Indoor Performance Ensemble  - HIPE BLUE,55.62,9.61,11.01,12.0,11.0
2025,3,SA,Heritage Indoor Performance Ensemble  - HIPE BLUE,66.58,12.74,12.94,14.1,12.8
2025,9,SA,Heritage Indoor Performance Ensemble  - HIPE BLUE,76.28,16.14,14.54,15.8,15.2
2025,10,SA,Heritage Indoor Performance Ensemble  - HIPE BLUE,80.58,16.41,16.87,16.0,15.5
2025,5,SRA,Heritage Indoor Performance Ensemble - HIPE RED,54.201,11.0,10.8,11.2,10.2
2025,9,SRA,Heritage Indoor Performance Ensemble - HIPE RED,65.98,13.14,13.34,13.5,13.1
2025,10,SRA,Heritage Indoor Performance Ensemble - HIPE RED,67.571,13.6,13.47,13.3,13.3
2025,7,PSO,Hernando HS,79.75,23.55,16.0,24.2,16.0
2025,12,R4,Hernando HS,87.001,27.15,16.5,25.95,17.4
2025,7,PSA,Herriman HS,68.9,21.3,13.7,20.8,13.1
2025,6,PSA,Hewitt-Trussville HS,80.95,25.35,16.3,23.0,16.3
2025,12,R2,Hewitt-Trussville HS,85.314,25.163,17.1,25.65,17.4
2025,5,PSO,Hialeah Gardens HS,74.7,21.3,14.1,24.1,15.2
2025,7,PSO,Hickory HS,78.65,23.85,14.8,25.1,14.9
2025,12,R4,Hickory HS,83.2,24.525,16.55,25.75,16.375
2025,4,PHSSA,Highland High School Drumline,69.55,19.2,21.45,14.2,14.7
2025,8,PHSSA,Highland High School Drumline,85.8,26.4,27.0,16.8,15.6
2025,6,SJ,Highland Hills MS,65.49,11.55,12.14,13.2,14.8
2025,9,SJ,Highland Hills MS,71.32,14.54,13.28,14.4,14.3
2025,10,SJ,Highland Hills MS,77.74,15.0,15.9,16.2,15.9
2025,9,PSO,Highland Park HS,80.401,25.5,15.5,23.4,16.0
2025,4,PSA,Highland Regional,73.0,22.5,21.3,14.6,14.6
2025,7,PSA,Highland Regional,79.751,24.5,25.05,15.3,14.9
2025,10,PSA,Highland Regional,77.7,24.8,24.9,14.0,14.0
2025,11,PSA,Highland Regional,77.6,24.1,23.7,14.5,15.3
2025,9,PSA,Highland Regional HS,74.125,21.075,13.9,24.55,14.6
2025,12,R4,Highland Regional HS,79.6,23.25,16.25,24.75,15.35
2025,4,GSN,Highland Winterguard,66.86,13.24,13.12,13.6,14.0
2025,7,GSN,Highland Winterguard,73.98,14.46,16.12,13.8,14.6
2025,9,GSN,Highland Winterguard,73.26,13.32,14.94,14.8,15.2
2025,1,SA,Highlands HS,57.52,10.54,12.28,11.3,11.4
2025,5,SA,Highlands HS,65.36,12.82,13.74,12.7,13.0
2025,6,SA,Highlands HS,59.261,13.14,11.62,11.6,11.3
2025,7,SA,Highlands HS,67.98,13.41,13.47,13.1,13.9
2025,10,PR,Highlands HS,73.041,14.07,14.67,14.0,15.1
2025,6,PSA,Higley HS,73.501,22.5,15.1,21.3,14.6
2025,9,PSA,Higley HS,77.913,23.512,15.65,23.05,15.7
2025,1,IA,Homage Independent,72.21,14.21,14.6,14.5,14.7
2025,7,IA,Homage Independent,83.84,16.67,16.47,16.9,16.9
2025,10,IA,Homage Independent,91.47,18.4,18.67,18.1,18.1
2025,9,PSW,Homestead HS (CA),85.176,25.875,17.5,25.3,16.5
2025,12,R2,Homestead HS (CA),86.889,25.913,17.7,25.825,17.45
2025,2,PSO,Hoover HS,65.3,21.3,12.1,19.3,12.6
2025,6,PSO,Hoover HS,69.9,20.7,13.1,22.2,13.9
2025,8,PSO,Hoover HS,80.101,25.8,14.8,25.2,14.3
2025,10,R2,Hoover HS,75.95,21.45,15.0,23.6,15.9
2025,2,PHSSRA,Hoover HS Winter Percussion,53.201,18.0,16.8,8.8,9.6
2025,6,PHSSRA,Hoover HS Winter Percussion,61.4,20.1,10.2,20.0,11.1
2025,8,PHSSRA,Hoover HS Winter Percussion,70.3,24.3,12.6,20.0,13.4
2025,2,R1,Hoover HS Winterguard,51.2,12.04,9.16,10.2,11.0
2025,6,GHSSRA,Hoover HS Winterguard,61.82,12.9,13.12,11.9,12.7
2025,8,GHSSRA,Hoover HS Winterguard,68.18,13.58,13.3,13.6,13.6
2025,10,GHSSRA,Hoover HS Winterguard,72.76,15.4,14.16,14.1,14.7
2025,4,PSN,Hope Indoor Percussion,56.05,16.65,11.1,17.1,11.2
2025,7,PSN,Hope Indoor Percussion,57.1,16.8,12.7,17.0,10.6
2025,9,PSN,Hope Indoor Percussion,63.0,19.8,11.0,20.8,11.4
2025,4,GSN,Hope JV Winterguard,70.64,14.32,14.52,14.7,13.3
2025,7,GSN,Hope JV Winterguard,70.6,14.26,14.24,13.5,14.1
2025,9,GSN,Hope JV Winterguard,69.7,13.58,12.72,14.3,14.8
2025,4,GSRB,Hope Varsity Winter Guard,59.84,14.12,12.52,9.9,11.2
2025,9,GSRB,Hope Varsity Winter Guard,72.8,12.64,12.26,16.0,16.1
2025,4,PSA,Hopewell Valley Central,72.751,22.0,20.55,14.7,15.5
2025,5,PSA,Hopewell Valley Central,76.001,22.8,23.7,14.8,14.7
2025,7,PSA,Hopewell Valley Central,77.051,23.3,23.85,14.1,15.8
2025,8,PSA,Hopewell Valley Central,78.701,23.5,24.0,15.6,15.6
2025,10,PSA,Hopewell Valley Central,83.701,24.5,25.2,16.6,17.4
2025,11,PSA,Hopewell Valley Central,87.101,25.75,26.55,16.9,17.9
2025,9,PSA,Hopewell Valley Central HS,80.225,24.375,16.15,23.55,16.15
2025,6,PSA,Horizon Combined Schools,77.3,23.4,15.3,22.7,15.9
2025,7,PIA,Horizon Percussion,78.05,22.05,17.2,21.9,16.9
2025,9,PIA,Horizon Percussion,82.7,25.2,16.7,24.2,16.6
2025,7,PSO,Hudsonville HS,81.3,24.9,14.8,25.3,16.3
2025,12,R4,Hudsonville HS,85.601,25.8,16.55,25.95,17.3
2025,5,PSA,Hudsonville Winter Percussion,74.7,22.2,14.8,23.0,14.7
2025,9,PSO,Hudsonville Winter Percussion,84.95,25.95,17.3,26.2,15.5
2025,10,PSO,Hudsonville Winter Percussion,84.7,25.8,16.9,25.8,16.2
2025,11,PSO,Hudsonville Winter Percussion,88.525,26.775,17.85,26.75,17.15
2025,6,PIO,Huron Valley Percussion,78.4,24.3,15.2,23.5,15.4
2025,7,PIO,Huron Valley Percussion,78.9,23.7,16.4,23.2,15.6
2025,10,PIO,Huron Valley Percussion,83.75,25.65,18.1,23.7,16.3
2025,11,PIO,Huron Valley Percussion,87.0,27.0,17.65,25.2,17.15
2025,12,R2,Huron Valley Percussion,86.239,25.913,17.55,25.9,16.875
2025,6,PIA,IGNITE Winter Percussion,70.4,22.2,14.0,20.6,13.6
2025,8,PIW,IMPACT Percussion,78.15,23.55,16.0,23.2,15.4
2025,6,PIO,Imperial Dynasty,77.05,22.2,24.75,15.1,15.0
2025,7,PIO,Imperial Dynasty,82.7,25.6,25.8,15.3,16.0
2025,9,PIO,Imperial Dynasty,90.05,27.3,18.15,26.95,17.65
2025,11,PIO,Imperial Dynasty,89.95,28.3,25.65,17.5,18.5
2025,12,R2,Imperial Dynasty,90.139,27.038,17.175,27.75,18.175
2025,9,GHSSRA,Independence HS Varsity,79.6,15.58,16.12,15.8,16.0
2025,5,PIW,Infinity,86.05,26.25,17.4,24.6,17.8
2025,12,PIW,Infinity,95.826,29.025,19.175,28.475,19.15
2025,5,PIW,Infinity 2,79.85,24.15,16.3,23.3,16.1
2025,5,PIO,Infinity 3,77.4,22.8,15.2,24.3,15.1
2025,12,R1,Infinity 3,88.089,26.137,17.75,26.9,17.3
2025,4,PIW,Instinct,78.05,23.55,15.0,24.8,14.7
2025,5,PIW,Instinct,75.151,23.55,15.2,21.5,14.9
2025,7,PIW,Instinct,81.55,26.25,16.3,23.2,15.8
2025,9,PIW,Instinct,79.55,24.15,15.9,23.75,15.75
2025,10,PIW,Instinct,79.751,24.15,16.4,23.2,16.0
2025,11,PIW,Instinct,80.476,24.825,15.3,24.85,15.5
2025,7,PSO,Irondale Combined Schools,83.9,25.5,17.1,24.4,16.9
2025,12,R2,Irondale Combined Schools,86.989,25.462,17.65,26.0,17.875
2025,6,SRA,James Buchanan HS Guard,71.48,14.74,12.74,15.2,15.3
2025,9,SRA,James Buchanan HS Guard,74.81,15.74,14.67,15.1,14.2
2025,10,SRA,James Buchanan HS Guard,78.176,15.81,15.065,15.8,15.8
2025,10,SP-SRA,James Buchanan HS Percussion,79.95,35.4,42.1,40.5,41.9
2025,8,PSW,James Logan HS,88.325,25.125,17.4,27.7,18.1
2025,7,SA,James Madison HS Guard,80.75,16.41,15.34,16.2,16.2
2025,2,PSRA,Jefferson County High School Indoor Percussion,63.4,19.2,18.6,12.5,13.1
2025,7,PSRA,Jefferson County High School Indoor Percussion,73.2,22.2,21.9,14.2,14.9
2025,10,PSRA,Jefferson County High School Indoor Percussion,78.2,22.8,24.3,14.9,16.2
2025,1,SRA,Jefferson County Winter Guard,55.81,11.88,11.53,9.7,11.2
2025,9,"EAE&P
BKSKRFCWGCTFHSWFTHSWGTCHSWHSWTJCHSVK",Jefferson County Winter Guard,71.58,15.54,13.74,15.0,13.5
2025,10,R2,Jefferson County Winter Guard,78.49,16.08,16.61,14.9,15.1
2025,4,SRA,Jeffersonville HS,53.78,9.48,11.4,10.0,11.6
2025,7,BR,Jeffersonville HS,59.62,13.01,12.01,10.2,12.7
2025,8,SRA,Jeffersonville HS,61.121,12.75,12.27,11.5,12.3
2025,9,BR,Jeffersonville HS,63.261,12.75,12.81,12.9,13.3
2025,7,PSA,Jenks HS,78.901,22.2,18.0,22.95,15.75
2025,9,PSA,John C. Birdlebough HS,78.95,24.75,16.1,23.9,14.2
2025,12,R1,John C. Birdlebough HS,79.975,24.075,16.05,23.55,16.3
2025,2,SA,John Hardin HS,57.261,11.28,11.48,11.8,11.2
2025,6,SA,John Hardin HS,65.701,12.28,12.42,13.1,14.0
2025,7,SA,John Hardin HS,67.961,13.41,13.35,13.0,13.3
2025,8,SA,John Hardin HS,72.63,13.75,14.08,14.2,15.4
2025,10,BR,John Hardin HS,80.311,16.14,16.47,16.3,16.0
2025,5,PSA,John I. Leonard HS,65.2,21.0,14.1,18.2,11.9
2025,6,PSA,John Jay HS,80.9,24.6,16.5,23.5,16.3
2025,6,PSO,John Marshall HS,69.85,20.85,13.6,22.1,13.3
2025,9,PSO,John Marshall HS,78.451,25.05,15.7,22.3,15.4
2025,12,R1,John Marshall HS,78.4,23.1,15.65,24.6,15.05
2025,9,PSA,John P. Stevens HS,72.3,21.6,13.8,22.5,14.4
2025,2,PSA,Jordan Elbridge,72.65,21.9,21.45,14.8,14.5
2025,3,PSA,Jordan Elbridge,74.85,22.1,22.95,14.8,15.0
2025,6,PSA,Jordan Elbridge,80.65,24.1,24.45,16.8,15.3
2025,10,PSA,Jordan Elbridge,88.95,26.5,26.25,18.0,18.2
2025,6,PSO,Jordan HS,81.6,24.6,15.6,25.1,16.3
2025,7,PSA,Jordan-Elbridge HS,83.75,25.5,16.9,24.95,16.4
2025,4,PHSSA,Justin Garza HS Indoor Percussion,70.3,19.3,22.2,14.3,14.5
2025,6,PHSSA,Justin Garza HS Indoor Percussion,70.45,20.0,21.15,14.6,14.7
2025,8,PHSSA,Justin Garza HS Indoor Percussion,73.401,22.9,21.6,15.6,13.3
2025,4,R1,Justin Garza Winter Guard,60.34,12.32,12.72,12.9,10.9
2025,6,GHSSRA,Justin Garza Winter Guard,65.52,14.0,14.12,14.4,11.6
2025,10,GHSSRA,Justin Garza Winter Guard,75.12,15.4,14.32,15.2,15.7
2025,8,PSO,Kamiak HS,83.2,24.6,17.3,24.9,16.4
2025,12,R2,Kamiak HS,91.663,27.788,17.75,28.05,18.075
2025,6,PIA,Kannapolis Independent,78.9,24.3,15.8,23.6,15.2
2025,12,PIA,Kannapolis Independent,88.451,27.15,17.1,26.7,17.5
2025,6,PSA,Karns HS,66.551,19.65,13.1,20.8,13.0
2025,1,SRA,Karns High School JV Guard,54.071,12.41,10.21,9.5,11.25
2025,3,SRA,Karns High School JV Guard,55.845,11.175,10.87,10.8,11.3
2025,8,R2,Karns High School JV Guard,63.251,13.87,12.88,12.0,12.4
2025,10,R2,Karns High School JV Guard,71.881,15.54,14.94,13.7,13.8
2025,1,SA,Karns High School Varsity Winter Guard,53.29,8.81,10.48,11.2,10.6
2025,3,SA,Karns High School Varsity Winter Guard,60.32,11.74,11.28,12.8,12.0
2025,8,SA,Karns High School Varsity Winter Guard,67.58,14.54,14.34,12.2,13.4
2025,10,SA,Karns High School Varsity Winter Guard,76.12,15.61,15.41,15.6,14.7
2025,2,PSA,Karns Indoor Percussion,64.001,18.8,19.2,13.8,12.2
2025,5,PSA,Karns Indoor Percussion,66.651,20.0,18.45,14.5,13.7
2025,8,PSA,Karns Indoor Percussion,77.85,22.6,24.15,15.8,15.3
2025,10,PSA,Karns Indoor Percussion,78.1,23.3,22.95,15.95,15.9
2025,5,P,Karns Middle School Winterguard,60.18,11.74,12.34,12.0,12.0
2025,8,P,Karns Middle School Winterguard,74.74,14.2,14.74,14.8,14.7
2025,9,P,Karns Middle School Winterguard,80.31,16.94,15.47,16.2,15.5
2025,10,P,Karns Middle School Winterguard,83.14,17.34,16.8,16.6,15.9
2025,6,PSO,Keller Central HS,75.5,24.0,14.4,23.7,13.4
2025,9,PSO,Keller Central HS,82.1,25.2,16.8,23.6,16.5
2025,6,PSW,Kettering Fairmont HS,74.851,23.55,14.7,22.2,14.4
2025,12,R2,Kettering Fairmont HS,84.038,25.462,16.9,25.4,16.275
2025,6,PSA,Kickapoo HS,80.301,24.6,15.5,24.8,15.4
2025,12,R1,Kickapoo HS,81.55,24.375,16.65,24.0,16.525
2025,12,R2,Kings HS,90.039,27.712,18.6,25.325,18.4
2025,1,SRA,Kingston,54.321,11.08,8.74,11.9,11.6
2025,5,SRA,Kingston,65.0,12.74,12.66,13.1,13.2
2025,9,"EAE&P
BKSKRFCWGCTFHSWFTHSWGTCHSWHSWTJCHSVK",Kingston,70.481,14.74,13.54,13.8,14.5
2025,10,R1,Kingston,74.15,15.01,14.94,15.0,14.1
2025,4,PSA,Kingsway Regional HS,71.451,22.65,21.75,14.05,13.0
2025,8,PSA,Kingsway Regional HS,76.901,22.8,24.3,15.0,14.8
2025,1,SRA,Knoxville,53.881,11.46,10.27,10.9,11.05
2025,9,"EAE&P
BKSKRFCWGCTFHSWFTHSWGTCHSWHSWTJCHSVK",Knoxville,70.91,13.94,13.27,14.2,15.0
2025,10,R1,Knoxville,73.65,13.94,14.41,14.5,15.4
2025,1,SRA,Knoxville Central High School Varisty Winterguard,52.94,12.08,9.81,9.3,11.15
2025,5,SRA,Knoxville Central High School Varisty Winterguard,65.17,13.41,12.46,13.5,13.0
2025,8,R2,Knoxville Central High School Varisty Winterguard,65.99,13.6,13.99,12.6,13.1
2025,10,R2,Knoxville Central High School Varisty Winterguard,71.37,14.21,14.46,13.6,14.5
2025,6,PIO,LINEA,74.25,22.35,14.4,22.1,15.4
2025,6,B2,La Canada HS,72.601,21.0,14.0,23.3,14.3
2025,8,B2,La Cañada HS,73.251,22.5,15.2,22.8,12.75
2025,9,R3,La Cañada HS,76.9,24.3,14.2,23.9,14.5
2025,4,B1,La Habra HS,75.85,23.25,14.8,23.5,14.3
2025,6,B1,La Habra HS,78.75,23.55,16.5,24.8,13.9
2025,8,B2,La Habra HS,81.0,24.9,16.3,23.5,16.3
2025,9,R1,La Habra HS,90.175,26.775,18.9,26.9,17.6
2025,10,R2,La Habra HS,88.776,26.775,18.0,26.4,17.6
2025,11,PSA,La Habra HS,85.713,26.363,16.45,25.95,16.95
2025,6,B2,La Mirada HS,73.001,21.9,14.5,22.2,14.4
2025,9,R4,La Mirada HS,73.2,23.55,15.05,21.2,13.4
2025,6,P-SA,La Plata HS Percussion,66.3,19.65,20.85,12.5,13.3
2025,7,P-SA,La Plata HS Percussion,71.05,21.45,21.6,14.4,13.6
2025,9,P-SA,La Plata HS Percussion,76.3,24.6,23.7,13.9,14.1
2025,10,P-SA,La Plata HS Percussion,75.375,23.25,22.65,14.5,14.975
2025,6,SN,La Plata HS Winterguard,67.16,13.08,12.88,14.0,14.9
2025,7,SN,La Plata HS Winterguard,72.48,14.34,14.94,15.0,13.9
2025,8,SN,La Plata HS Winterguard,74.72,15.21,15.21,14.9,14.7
2025,9,SN,La Plata HS Winterguard,76.11,15.74,15.47,15.1,15.1
2025,10,SN,La Plata HS Winterguard,79.98,17.14,16.14,14.7,15.7
2025,6,PSO,La Porte HS,84.95,25.35,16.5,26.9,16.2
2025,3,B2,La Quinta HS,70.501,21.6,14.6,20.2,14.1
2025,6,B2,La Quinta HS,74.9,22.8,15.3,22.1,14.7
2025,8,B2,La Quinta HS,76.1,22.8,15.8,22.5,15.0
2025,9,R2,La Quinta HS,82.251,25.05,17.0,23.6,16.6
2025,10,R1,La Quinta HS,85.701,25.5,17.2,25.5,17.5
2025,6,PR,LaRue Co HS,62.72,12.34,13.08,12.2,11.1
2025,8,SRA,LaRue Co HS,75.32,13.75,15.07,13.9,15.5
2025,9,BR,LaRue Co HS,73.58,14.41,15.07,14.0,16.0
2025,10,SRA,LaRue Co HS,77.3,15.27,16.13,14.4,15.8
2025,2,SA,Lafayette HS,72.04,15.06,13.88,14.5,14.0
2025,4,SA,Lafayette HS,75.56,15.55,14.81,15.4,14.4
2025,6,SA,Lafayette HS,79.45,16.14,16.01,16.1,15.7
2025,10,BR,Lafayette HS,89.07,17.87,18.2,17.5,17.9
2025,7,PSA,Lafayette HS (MS),71.95,19.65,14.9,23.2,14.2
2025,2,SA,Lafayette HS - JV,56.62,11.14,11.08,11.2,11.8
2025,4,SA,Lafayette HS - JV,62.42,12.28,12.54,12.0,12.8
2025,6,SA,Lafayette HS - JV,65.01,12.67,13.34,12.9,13.5
2025,10,BR,Lafayette HS - JV,77.25,14.68,15.47,15.0,16.1
2025,9,PSO,Laguna Creek HS,77.288,23.288,15.05,24.05,14.9
2025,3,B1,Laguna Hills HS,68.9,19.5,14.1,20.8,14.5
2025,8,B2,Laguna Hills HS,78.35,24.15,14.9,26.3,13.0
2025,9,R3,Laguna Hills HS,78.251,23.1,16.25,25.5,13.4
2025,4,PSA,Lake Central HS,69.45,22.05,13.4,21.2,12.8
2025,6,PIA,Lake Effect Percussion,75.35,22.65,15.0,22.1,15.6
2025,7,PIA,Lake Effect Percussion,78.5,24.3,16.6,22.0,15.6
2025,10,PIA,Lake Effect Percussion,82.85,25.05,17.2,24.6,16.0
2025,11,PIA,Lake Effect Percussion,84.95,25.2,17.3,26.1,16.35
2025,12,PIA,Lake Effect Percussion,89.5,27.3,18.0,26.525,17.675
2025,6,PSA,Lake Hamilton HS,73.2,22.8,14.8,21.6,14.0
2025,9,PSA,Lake Hamilton Indoor Percussion,80.55,24.45,16.5,23.2,16.4
2025,4,GSA,Lake Hamilton Varsity Winter Guard,71.79,14.14,14.35,14.2,14.4
2025,9,GSA,Lake Hamilton Varsity Winter Guard,83.7,17.47,17.13,16.1,16.5
2025,7,PSO,Lake Orion HS,77.6,23.7,15.8,23.1,15.0
2025,12,R1,Lake Orion HS,79.9,24.0,15.8,24.25,15.85
2025,6,PSO,Lake Orion Percussion,75.65,23.55,15.0,22.5,14.6
2025,11,PSO,Lake Orion Percussion,84.05,25.65,16.65,25.8,15.95
2025,7,PIA,Lakeville Area Percussion,77.3,23.4,15.7,22.7,15.5
2025,12,PIA,Lakeville Area Percussion,86.026,26.1,17.125,26.0,16.8
2025,6,PSA,Lakeway Christian Academy,74.451,21.45,15.5,21.5,16.0
2025,12,R1,Lakeway Christian Academy,89.014,26.738,18.05,26.075,18.15
2025,2,PSA,Lakeway Christian Academy Percussion,70.65,20.3,21.45,14.6,14.3
2025,7,PSA,Lakeway Christian Academy Percussion,78.05,23.1,22.95,15.7,16.3
2025,8,PSA,Lakeway Christian Academy Percussion,79.75,24.1,24.45,16.0,15.2
2025,10,PSA,Lakeway Christian Academy Percussion,83.863,25.1,24.713,17.35,16.7
2025,1,SRA,Lakeway Christian Academy Winterguard,56.32,10.48,10.74,11.6,11.5
2025,3,SRA,Lakeway Christian Academy Winterguard,60.25,11.61,11.14,12.7,12.6
2025,8,R2,Lakeway Christian Academy Winterguard,71.54,14.74,14.8,13.2,14.1
2025,10,R1,Lakeway Christian Academy Winterguard,79.21,15.74,15.87,16.1,15.7
2025,4,B2,Lakewood HS,69.45,21.45,14.5,21.2,12.3
2025,7,B2,Lakewood HS,74.5,23.4,15.4,19.4,16.3
2025,9,R1,Lakewood HS,68.0,19.5,14.7,20.5,13.3
2025,5,PSA,Lakewood Ranch HS,72.901,22.5,15.2,20.3,14.9
2025,1,SA,Lakota West HS Varsity,65.85,14.41,14.54,12.3,12.5
2025,5,SA,Lakota West HS Varsity,74.0,15.6,14.8,14.9,14.5
2025,7,SA,Lakota West HS Varsity,76.32,15.55,15.27,14.6,15.4
2025,10,PR,Lakota West HS Varsity,84.11,16.81,17.8,16.6,16.5
2025,5,SRA,Lakota West JV,57.791,11.74,12.75,10.5,12.0
2025,7,BR,Lakota West JV,66.42,11.68,13.94,13.8,14.6
2025,9,BR,Lakota West JV,64.581,12.01,14.47,12.4,12.9
2025,6,PSA,Langham Creek HS,75.151,22.35,16.1,21.2,15.5
2025,1,SA,Larry A Ryle HS,72.11,15.14,14.87,13.6,14.1
2025,2,SA,Larry A Ryle HS,74.4,15.73,14.67,14.7,14.6
2025,4,SA,Larry A Ryle HS,77.91,15.74,15.47,15.6,15.2
2025,7,SA,Larry A Ryle HS,82.05,16.41,16.14,16.3,16.3
2025,10,BR,Larry A Ryle HS,91.47,18.54,18.53,18.0,18.1
2025,1,SRA,Larry A Ryle HS JV,61.65,12.41,12.94,11.7,11.4
2025,2,SRA,Larry A Ryle HS JV,65.74,13.47,13.47,13.6,13.4
2025,7,BR,Larry A Ryle HS JV,75.85,14.08,14.87,14.7,16.2
2025,9,BR,Larry A Ryle HS JV,80.71,15.07,15.34,15.7,17.0
2025,10,SRA,Larry A Ryle HS JV,87.135,16.405,17.53,16.8,18.0
2025,6,PSA,Lawrence Township School District,77.925,23.775,14.4,24.4,15.35
2025,12,R3,Lawrence Township School District,85.739,25.462,17.25,25.225,17.8
2025,7,PSA,Lebanon HS,76.6,22.8,15.0,22.7,16.1
2025,10,PSA,Lebanon HS,81.25,23.85,16.5,24.1,16.8
2025,9,PSO,Lees Summit HS,76.85,22.65,15.5,23.4,15.3
2025,12,R2,Lees Summit HS,81.85,25.2,16.65,24.1,15.9
2025,5,PIA,Legacy Percussion,72.4,21.9,14.0,22.0,14.5
2025,12,PIA,Legacy Percussion,83.201,24.75,16.5,24.925,17.025
2025,4,GSRA,Legacy Winter Guard,66.3,15.52,12.98,12.8,12.2
2025,7,GSRA,Legacy Winter Guard,71.72,15.78,14.64,14.9,12.7
2025,9,GSRA,Legacy Winter Guard,73.58,13.32,12.86,15.9,15.7
2025,9,PSA,Lemoore HS,79.701,23.775,15.15,25.625,15.15
2025,2,GHSSA,Lemoore HS A Winterguard,53.86,104.7,99.4,12.4,11.2
2025,4,GHSSA,Lemoore HS A Winterguard,63.92,126.8,135.4,12.2,13.2
2025,6,GHSSA,Lemoore HS A Winterguard,73.45,150.1,149.4,14.7,15.0
2025,10,GHSSA,Lemoore HS A Winterguard,85.85,166.7,172.8,17.2,17.5
2025,2,PHSSO,Lemoore HS Percussion,68.85,21.0,20.55,13.6,13.7
2025,4,PHSSO,Lemoore HS Percussion,68.55,19.0,20.85,13.7,15.0
2025,6,PHSSO,Lemoore HS Percussion,71.6,20.9,21.6,13.6,15.5
2025,10,PHSSO,Lemoore HS Percussion,82.35,25.3,24.15,16.5,16.4
2025,9,SRA,Lenoir City High School,61.961,11.62,12.94,12.7,12.1
2025,10,SRA,Lenoir City High School,65.111,12.81,13.2,13.1,13.2
2025,9,SRA,Lenoir City High School Junior Varsity,61.961,11.62,12.94,12.7,12.1
2025,10,SRA,Lenoir City High School Junior Varsity,65.111,12.81,13.2,13.1,13.2
2025,9,SA,Lenoir City Winter Guard,64.02,12.08,13.54,12.8,13.2
2025,10,SA,Lenoir City Winter Guard,70.051,14.41,14.94,12.9,13.5
2025,9,PSO,Lewisville HS,78.201,22.8,15.4,24.3,15.7
2025,9,PSO,Liberty HS (CA),84.614,24.712,17.0,26.45,16.45
2025,8,PSA,Liberty HS (OR),69.651,21.3,13.2,21.65,13.5
2025,4,R1,Liberty HS Winterguard,56.7,11.64,10.16,12.1,11.5
2025,8,GHSSRA,Liberty HS Winterguard,66.42,13.9,13.52,13.4,13.6
2025,10,GHSSRA,Liberty HS Winterguard,73.141,15.06,13.78,14.2,15.1
2025,4,PJHSA,Liberty MS Percussion,64.0,21.0,18.9,12.1,12.0
2025,8,PJHSO,Liberty MS Percussion,66.95,18.9,20.25,14.2,13.6
2025,4,R2,Liberty MS Winterguard,55.17,112.1,109.6,10.3,10.8
2025,8,GJHSO,Liberty MS Winterguard,70.36,148.1,143.5,14.2,14.7
2025,9,GJHSO,Liberty MS Winterguard,72.72,149.4,152.8,14.9,14.5
2025,10,GJHSO,Liberty MS Winterguard,78.29,148.1,154.8,15.7,16.7
2025,8,PSO,Liberty Union High Combined Schools,81.001,23.55,15.9,24.95,16.6
2025,7,PSA,Lightridge HS,76.451,22.95,15.2,23.7,14.6
2025,4,PSA,Lincoln-Way Community Schools,67.25,20.85,13.0,20.3,13.1
2025,6,PSA,Lincoln-Way Community Schools,70.05,20.1,14.15,22.4,13.4
2025,10,PIO,Linea,82.7,24.6,16.3,25.1,16.7
2025,2,SA,Linganore HS Guard,62.07,11.74,12.13,12.5,12.8
2025,4,SA,Linganore HS Guard,66.72,13.21,13.61,13.5,13.2
2025,6,SA,Linganore HS Guard,70.02,14.08,12.54,14.2,14.4
2025,7,SA,Linganore HS Guard,71.73,14.42,13.41,14.5,14.5
2025,9,SA,Linganore HS Guard,74.0,15.02,13.48,15.1,15.2
2025,10,CP-SA,Linganore HS Percussion,83.8,37.0,43.3,41.3,46.0
2025,0,P-SA,Littlestown HS Percussion,59.851,17.7,17.55,13.0,11.6
2025,5,P-SA,Littlestown HS Percussion,69.15,20.55,21.3,14.0,13.3
2025,6,P-SA,Littlestown HS Percussion,73.576,24.375,19.8,14.2,15.2
2025,9,P-SA,Littlestown HS Percussion,83.2,24.0,26.7,17.0,15.5
2025,10,P-SA,Littlestown HS Percussion,79.526,24.675,21.825,16.4,16.625
2025,2,PSA,Liverpool,63.926,19.9,19.425,12.1,12.5
2025,3,PSA,Liverpool,66.501,20.1,20.85,12.7,12.85
2025,6,PSA,Liverpool,73.751,22.3,22.35,15.0,14.1
2025,7,PSA,Liverpool,74.05,22.2,22.35,15.2,14.3
2025,10,PSA,Liverpool,82.901,25.6,24.9,16.6,15.8
2025,9,PSA,Liverpool HS,76.35,21.75,15.4,24.1,15.1
2025,5,SRA,Lloyd Memorial HS JV,58.901,11.29,13.21,11.3,11.4
2025,7,BR,Lloyd Memorial HS JV,59.62,10.94,13.48,10.4,12.9
2025,9,PR,Lloyd Memorial HS JV,63.081,12.94,12.94,11.4,11.8
2025,1,SRA,Lloyd Memorial HS Varsity,59.55,11.34,13.61,12.9,11.0
2025,5,SRA,Lloyd Memorial HS Varsity,68.41,12.48,14.73,13.7,14.2
2025,7,PR,Lloyd Memorial HS Varsity,76.87,15.93,14.74,15.5,16.1
2025,9,PR,Lloyd Memorial HS Varsity,76.841,15.28,15.86,15.6,15.1
2025,10,SRA,Lloyd Memorial HS Varsity,80.56,16.33,16.33,15.3,16.2
2025,3,PSO,Los Alamitos HS,72.101,22.5,13.3,22.4,13.9
2025,5,PSO,Los Alamitos HS,75.25,24.15,14.2,21.9,15.0
2025,7,PSO,Los Alamitos HS,81.65,24.15,16.1,24.0,17.4
2025,9,PSO,Los Alamitos HS,83.1,24.6,16.35,25.8,16.35
2025,10,R2,Los Alamitos HS,83.826,26.175,15.45,25.5,16.7
2025,11,PSO,Los Alamitos HS,85.314,25.462,16.75,26.3,16.8
2025,8,PSA,Los Gatos HS,70.55,21.15,13.4,20.8,15.2
2025,4,PSA,Los Osos HS,74.2,22.5,14.4,22.7,14.6
2025,6,B2,Los Osos HS,73.9,22.8,15.5,21.3,14.3
2025,7,PSO,Los Osos HS,79.75,25.35,15.2,22.3,16.9
2025,8,PSO,Los Osos HS,78.751,24.45,16.1,22.7,15.5
2025,10,R2,Los Osos HS,81.65,25.05,15.9,24.1,16.6
2025,4,PIO,Lotus,76.8,22.2,16.5,23.2,14.9
2025,8,PIO,Lotus,82.4,25.5,16.1,24.9,15.9
2025,9,PIO,Lotus,82.8,24.9,16.8,24.5,16.6
2025,6,PIO,Lotus Indoor Percussion,76.6,24.9,14.7,22.6,14.4
2025,12,R1,Lotus Indoor Percussion,85.175,25.725,16.05,26.25,17.15
2025,2,SJ,Loudoun County Blue,62.89,11.08,9.81,14.5,13.0
2025,6,SJ,Loudoun County Blue,66.28,14.14,13.54,13.4,13.3
2025,7,SJ,Loudoun County Blue,72.98,14.74,14.74,14.7,13.8
2025,8,SJ,Loudoun County Blue,77.24,15.61,15.33,15.0,15.9
2025,10,SJ,Loudoun County Blue,82.35,16.81,16.94,16.2,16.1
2025,6,SRA,Loudoun County Gold,72.91,15.07,14.14,14.9,14.8
2025,7,SRA,Loudoun County Gold,74.98,15.94,15.34,15.4,14.2
2025,8,SRA,Loudoun County Gold,77.68,16.14,15.74,15.4,15.2
2025,10,SRA,Loudoun County Gold,79.111,15.54,15.67,15.2,16.7
2025,2,SRA,Loudoun County Gold Guard,66.85,12.14,12.41,14.5,13.5
2025,8,PSO,Loveland HS,80.0,23.4,17.1,23.6,15.9
2025,7,PSA,Lower Dauphin HS,84.0,24.9,17.1,26.2,15.8
2025,12,R4,Lower Dauphin HS,88.751,27.525,16.95,26.375,17.9
2025,0,P-SA,Lower Dauphin HS Percussion,68.9,21.3,19.5,14.9,13.2
2025,4,P-SA(,Lower Dauphin HS Percussion,69.45,20.4,18.75,15.3,15.0
2025,9,P-SA,Lower Dauphin HS Percussion,91.25,27.75,27.3,18.1,18.1
2025,10,P-SA,Lower Dauphin HS Percussion,91.375,28.275,26.85,18.0,18.25
2025,5,SRA,Lynchburg Clay HS,52.431,10.48,11.75,10.3,9.6
2025,7,BR,Lynchburg Clay HS,53.001,10.95,10.15,10.1,11.4
2025,1,IA,Lyra Winterguard,60.82,13.01,13.01,11.3,11.7
2025,2,IA,Lyra Winterguard,66.44,12.76,13.28,13.8,13.0
2025,6,IA,Lyra Winterguard,69.99,13.61,14.08,14.6,14.4
2025,8,IA,Lyra Winterguard,74.32,14.28,14.74,15.3,14.9
2025,10,IA,Lyra Winterguard,77.68,14.94,15.14,14.3,16.7
2025,7,PIA,M3,83.75,25.05,17.2,25.2,16.3
2025,12,PIA,M3,93.9,28.5,18.6,28.25,18.55
2025,7,PIW,MBI Indoor Percussion,82.1,24.9,16.5,24.2,16.5
2025,2,SA,Madeira HS,54.891,11.13,11.46,10.6,11.2
2025,4,SA,Madeira HS,62.68,12.81,13.07,12.3,12.2
2025,5,SA,Madeira HS,66.62,14.27,12.75,13.6,12.7
2025,8,SA,Madeira HS,74.26,13.95,13.61,15.4,15.0
2025,10,BR,Madeira HS,75.631,14.22,14.81,15.6,15.6
2025,2,PHSSA,Madera HS Winter Percussion,66.85,18.0,20.25,13.9,14.7
2025,4,PHSSA,Madera HS Winter Percussion,70.35,18.95,20.4,15.3,15.7
2025,6,PHSSA,Madera HS Winter Percussion,74.45,21.5,22.05,14.8,16.1
2025,8,PHSSA,Madera HS Winter Percussion,76.801,23.6,21.0,17.2,15.0
2025,2,R3,Madera HS Winterguard,53.45,10.64,9.56,11.4,12.1
2025,4,R2,Madera HS Winterguard,67.18,14.44,10.94,14.6,12.9
2025,6,GHSSA,Madera HS Winterguard,65.58,12.35,12.13,12.5,14.6
2025,8,GHSSA,Madera HS Winterguard,67.56,13.81,12.55,14.7,13.6
2025,10,GHSSA,Madera HS Winterguard,77.52,15.47,16.5,16.3,14.5
2025,2,PHSSRA,Madera South HS Winter Percussion,66.8,20.8,18.9,13.9,13.2
2025,4,PHSSRA,Madera South HS Winter Percussion,71.45,21.9,20.55,13.6,15.4
2025,6,PHSSRA,Madera South HS Winter Percussion,66.8,19.5,20.4,13.4,13.5
2025,9,PHSSRA,Madera South HS Winter Percussion,75.95,19.9,23.85,16.1,16.1
2025,2,R2,Madera South HS Winterguard,56.51,11.22,12.44,11.8,12.3
2025,4,R1,Madera South HS Winterguard,66.4,13.78,13.52,14.0,12.9
2025,6,GHSSA,Madera South HS Winterguard,63.25,11.21,12.14,13.2,13.2
2025,9,GHSSA,Madera South HS Winterguard,70.75,14.41,13.94,15.2,13.9
2025,10,GHSSA,Madera South HS Winterguard,78.44,16.2,15.8,16.0,14.7
2025,2,SA,Madison Central HS,66.81,13.67,12.94,13.7,13.0
2025,6,SA,Madison Central HS,76.02,15.34,15.68,14.8,15.0
2025,8,SA,Madison Central HS,84.01,16.54,16.67,16.9,17.0
2025,10,PR,Madison Central HS,91.11,17.54,18.27,18.4,18.5
2025,2,SA,Madison Central HS JV,59.08,11.94,12.14,11.5,12.2
2025,6,SA,Madison Central HS JV,64.81,12.34,12.87,13.2,13.6
2025,8,SA,Madison Central HS JV,74.38,14.41,15.07,14.9,14.2
2025,10,PR,Madison Central HS JV,74.54,14.87,15.07,14.7,15.0
2025,6,BR,Madison Consolidated HS,55.58,11.6,10.68,10.7,10.5
2025,7,BR,Madison Consolidated HS,65.6,12.15,10.95,14.3,14.3
2025,8,SRA,Madison Consolidated HS,66.061,13.08,12.48,12.6,14.1
2025,9,BR,Madison Consolidated HS,67.09,13.21,13.08,13.1,14.1
2025,10,SRA,Madison Consolidated HS,70.26,14.53,14.73,14.2,13.4
2025,2,SRA,Madison Southern HS,59.99,11.93,12.66,12.3,11.4
2025,6,SRA,Madison Southern HS,68.48,13.01,14.27,12.9,13.7
2025,7,PR,Madison Southern HS,77.02,15.68,14.94,14.9,16.2
2025,9,BR,Madison Southern HS,79.22,15.88,15.54,15.3,15.2
2025,10,SRA,Madison Southern HS,84.076,16.545,16.73,17.1,16.8
2025,2,GIA,Maharlika,62.75,122.1,125.4,13.0,13.2
2025,9,GIA,Maharlika,83.82,155.4,166.8,17.2,17.2
2025,10,GIA,Maharlika,86.68,170.0,166.8,17.4,17.3
2025,7,PSA,Mansfield HS,82.001,25.35,16.1,24.75,15.8
2025,5,SRA,Marion Co HS,50.761,11.35,9.61,9.6,9.9
2025,6,BR,Marion Co HS,53.02,10.74,10.28,9.8,10.9
2025,8,SRA,Marion Co HS,64.291,12.88,12.01,12.3,13.9
2025,9,BR,Marion Co HS,63.176,12.935,12.54,12.3,13.6
2025,9,PSA,Mars Area HS,85.651,23.85,18.4,24.9,18.5
2025,12,R2,Mars Area HS,85.026,24.975,17.4,25.5,17.15
2025,3,SA,Maryville High School,53.58,10.14,10.14,10.6,11.2
2025,9,SA,Maryville High School,67.98,12.94,13.74,14.0,13.6
2025,10,SA,Maryville High School,78.38,15.94,16.14,15.5,15.4
2025,3,SA,Maryville Winter Guard,53.58,10.14,10.14,10.6,11.2
2025,9,SA,Maryville Winter Guard,67.98,12.94,13.74,14.0,13.6
2025,10,SA,Maryville Winter Guard,78.38,15.94,16.14,15.5,15.4
2025,2,BR,Mason Co HS,52.25,10.61,9.74,11.7,10.2
2025,5,SRA,Mason Co HS,62.5,11.49,13.81,12.6,13.2
2025,7,PR,Mason Co HS,66.85,13.54,14.01,12.5,12.9
2025,8,SRA,Mason Co HS,68.49,13.35,13.34,14.1,14.2
2025,9,BR,Mason Co HS,70.56,13.68,14.28,13.5,14.9
2025,10,SRA,Mason Co HS,74.701,14.0,15.4,14.7,15.3
2025,7,PIW,Matrix,88.35,26.85,18.1,25.3,18.1
2025,12,PIW,Matrix,92.076,28.425,19.3,26.25,18.1
2025,7,PIO,Matrix Open,84.4,24.9,17.1,25.3,17.1
2025,12,R2,Matrix Open,89.164,26.962,17.55,27.4,17.25
2025,4,PJHSA,McFarland Ca,64.35,18.6,19.35,13.9,12.5
2025,9,PJHSO,McFarland Ca,76.55,24.1,20.85,14.9,16.7
2025,4,PJHSA,McFarland Jr. High Drumline,64.35,18.6,19.35,13.9,12.5
2025,9,PJHSO,McFarland Jr. High Drumline,76.55,24.1,20.85,14.9,16.7
2025,8,SRA,McMinn County Winter Guard,62.74,12.07,12.47,13.2,12.5
2025,7,PSO,Mechanicsburg HS,74.501,22.5,14.2,22.8,15.0
2025,0,SA,Mechanicsburg HS Guard,69.1,12.02,12.28,15.7,15.4
2025,2,SA,Mechanicsburg HS Guard,69.15,13.61,13.34,11.7,14.6
2025,8,SA,Mechanicsburg HS Guard,79.18,15.94,16.14,16.6,14.2
2025,9,SA,Mechanicsburg HS Guard,82.69,15.48,16.41,17.0,17.0
2025,2,P-SO,Mechanicsburg HS Percussion,72.2,20.4,23.1,14.4,14.3
2025,10,P-SO,Mechanicsburg HS Percussion,85.025,26.625,25.5,16.65,16.25
2025,2,SN,Mechanicsburg MS Guard,68.58,14.14,13.94,13.4,14.0
2025,8,SN,Mechanicsburg MS Guard,76.68,15.14,15.74,14.7,15.3
2025,9,SN,Mechanicsburg MS Guard,77.12,14.94,15.68,15.1,16.1
2025,10,SN,Mechanicsburg MS Guard,79.15,16.34,16.11,14.9,15.3
2025,3,PIW,Meraki,82.55,25.05,16.3,24.7,16.5
2025,5,PIW,Meraki,81.55,25.05,16.3,24.2,16.0
2025,7,PIW,Meraki,86.0,26.7,17.0,24.9,17.4
2025,9,PIW,Meraki,86.425,26.325,17.45,25.4,17.25
2025,10,PIW,Meraki,87.55,25.95,18.0,26.0,17.6
2025,11,PIW,Meraki,87.701,26.7,17.4,26.55,17.05
2025,12,PIW,Meraki,87.025,26.175,17.5,26.1,17.25
2025,9,PSA,Merced HS,79.164,23.737,15.425,23.3,16.7
2025,4,R2,Merced HS Winter Guard,72.7,16.54,14.26,13.4,13.7
2025,6,GHSSA,Merced HS Winter Guard,70.78,13.61,12.87,14.2,15.1
2025,4,PHSSA,Merced HS Winter Percussion,68.9,18.2,19.8,15.7,15.2
2025,6,PHSSA,Merced HS Winter Percussion,67.675,18.3,20.175,14.3,14.9
2025,2,PR,Mercer Co HS,57.98,12.35,12.53,11.2,10.8
2025,5,SRA,Mercer Co HS,61.09,11.28,12.61,12.1,12.2
2025,6,SRA,Mercer Co HS,66.081,12.14,13.14,13.2,12.9
2025,8,SRA,Mercer Co HS,75.45,14.01,14.34,16.1,16.0
2025,9,PR,Mercer Co HS,78.92,14.28,14.74,16.9,15.8
2025,10,SRA,Mercer Co HS,82.271,15.14,17.13,15.8,17.1
2025,2,IRA,Meridian,62.14,12.74,12.8,12.4,12.7
2025,4,IRA,Meridian,66.69,12.01,12.68,14.3,13.8
2025,6,IRA,Meridian,67.51,14.14,12.9,13.7,12.5
2025,9,IRA,Meridian,76.89,15.61,15.08,14.9,15.6
2025,10,IRA,Meridian,83.67,16.34,17.73,15.1,17.5
2025,2,IA,Meridian A,63.23,12.75,12.68,12.8,12.4
2025,4,IA,Meridian A,67.72,13.61,13.81,13.4,14.0
2025,6,IA,Meridian A,70.88,14.34,14.74,12.8,14.6
2025,7,IA,Meridian A,72.15,15.61,14.74,13.2,13.8
2025,10,IA,Meridian A,76.751,15.28,15.87,14.9,15.1
2025,5,PSA,Methacton,70.451,23.6,21.45,13.2,12.2
2025,7,PSA,Methacton,69.9,21.9,21.3,13.0,13.7
2025,8,PSA,Methacton,69.25,21.0,22.05,13.1,13.1
2025,10,PSA,Methacton,70.85,22.6,21.0,13.1,14.15
2025,11,PSA,Methacton,71.65,22.0,20.85,14.1,14.7
2025,9,PSA,Methacton HS,70.85,21.45,14.0,21.8,13.6
2025,5,PRA,MidMichigan Impact,68.45,19.95,14.5,20.4,13.6
2025,9,PRA,MidMichigan Impact,76.75,22.95,14.9,22.2,16.7
2025,6,PSA,Midland Valley HS,67.801,19.5,14.0,20.9,13.4
2025,7,SJ,Milford Jr. HS,55.62,10.81,8.61,12.3,11.8
2025,3,PSO,Millikan HS,68.851,21.45,13.6,20.5,13.3
2025,6,PSO,Millikan HS,76.95,23.55,15.2,23.9,14.3
2025,8,PSO,Millikan HS,83.075,26.775,15.8,25.3,15.2
2025,10,R2,Millikan HS,81.951,24.75,15.6,25.8,15.8
2025,12,R2,Milton HS,84.775,25.425,17.275,24.95,17.125
2025,0,SRA,Milton Hershey HS Guard,66.6,11.66,11.14,15.0,14.8
2025,2,SRA,Milton Hershey HS Guard,61.85,13.21,11.94,11.6,14.8
2025,5,SRA,Milton Hershey HS Guard,66.71,11.27,12.94,14.4,14.1
2025,8,SRA,Milton Hershey HS Guard,75.98,15.34,14.14,15.6,15.2
2025,9,SRA,Milton Hershey HS Guard,81.33,16.2,16.13,16.6,16.6
2025,10,SRA,Milton Hershey HS Guard,84.77,16.74,16.73,16.9,17.4
2025,10,SP-SRA,Milton Hershey School Percussion,85.8,40.2,45.1,43.1,43.2
2025,4,PSO,Minooka Community HS,69.4,22.2,12.1,21.3,13.8
2025,12,R1,Minooka Community HS,76.975,22.575,15.4,22.65,16.35
2025,3,B2,Mira Costa HS,77.75,23.85,15.4,22.5,16.0
2025,6,B1,Mira Costa HS,81.95,24.75,16.7,24.1,16.4
2025,7,B1,Mira Costa HS,82.4,24.9,17.0,24.0,16.5
2025,9,R1,Mira Costa HS,89.25,27.45,19.2,26.8,15.8
2025,11,PSA,Mira Costa HS,90.475,27.825,16.8,28.1,17.75
2025,5,PSA,Mission Hills HS,76.95,24.45,15.9,21.3,15.3
2025,6,B1,Mission Hills HS,79.5,24.0,16.3,23.8,15.4
2025,8,PSO,Mission Hills HS,88.25,27.45,16.9,26.5,17.4
2025,10,R2,Mission Hills HS,84.8,25.5,16.4,24.9,18.0
2025,11,PSO,Mission Hills HS,84.1,25.95,16.7,25.2,16.25
2025,2,PHSSO,Mission Oak HS Percussion,66.35,20.7,20.4,11.9,13.35
2025,6,PHSSO,Mission Oak HS Percussion,68.25,20.5,19.95,13.1,14.7
2025,8,PHSSO,Mission Oak HS Percussion,71.7,17.6,23.1,15.0,16.0
2025,9,PHSSO,Mission Oak HS Percussion,77.0,22.2,23.1,15.5,16.2
2025,10,PHSSO,Mission Oak HS Percussion,79.45,24.1,23.55,16.0,15.8
2025,2,R3,Mission Oak HS Winterguard,50.06,10.66,10.3,10.0,9.1
2025,6,GHSSRA,Mission Oak HS Winterguard,58.96,12.22,13.04,11.5,10.4
2025,8,GHSSRA,Mission Oak HS Winterguard,65.42,12.9,13.52,13.3,13.3
2025,9,GHSSRA,Mission Oak HS Winterguard,66.2,13.46,13.44,13.0,13.0
2025,10,GHSSRA,Mission Oak HS Winterguard,69.721,13.7,13.82,13.4,14.5
2025,6,B2,Mission Viejo HS,77.6,23.25,15.7,23.8,14.85
2025,8,PSO,Mission Viejo HS,88.95,27.15,17.3,26.9,17.6
2025,10,R1,Mission Viejo HS,86.65,26.25,17.2,26.4,16.8
2025,11,PSO,Mission Viejo HS,87.789,26.288,17.325,26.65,17.525
2025,4,PSA,Mohonasen,68.35,18.9,21.45,13.3,14.7
2025,5,PSA,Mohonasen,70.45,20.5,21.45,14.0,14.5
2025,8,PSA,Mohonasen,73.601,21.4,22.2,14.6,15.4
2025,10,PSA,Mohonasen,75.5,23.6,22.2,14.5,15.2
2025,7,PSA,Mohonasen HS,73.401,21.9,15.3,22.0,14.2
2025,2,PHSSRA,Monache HS Percussion,71.2,21.5,22.35,12.7,14.65
2025,4,PHSSA,Monache HS Percussion,68.65,18.6,20.55,15.0,14.5
2025,8,PHSSA,Monache HS Percussion,86.1,27.2,26.7,17.0,15.2
2025,9,PHSSA,Monache HS Percussion,84.2,22.7,27.0,17.3,17.2
2025,4,R1,Monache HS Winterguard,54.62,10.7,11.22,9.5,11.9
2025,8,GHSSRA,Monache HS Winterguard,62.581,12.44,12.84,12.5,12.7
2025,9,GHSSRA,Monache HS Winterguard,64.86,13.12,13.04,12.6,12.6
2025,10,GHSSRA,Monache HS Winterguard,69.241,13.44,14.7,13.1,14.2
2025,8,PSA,Monarch HS,77.15,22.95,15.9,23.2,15.1
2025,6,PIW,Monarch Independent,82.9,25.2,16.7,24.8,16.2
2025,12,PIW,Monarch Independent,89.075,26.775,17.45,27.4,17.45
2025,2,IA,Morehead State University,59.06,11.41,11.35,12.3,11.8
2025,5,IA,Morehead State University,64.09,12.08,11.41,13.9,13.5
2025,6,IA,Morehead State University,60.04,11.42,11.22,13.6,12.1
2025,7,IA,Morehead State University,62.39,12.48,12.01,12.3,13.6
2025,10,IA,Morehead State University,66.221,12.88,12.74,13.3,13.5
2025,6,PSA,Morton Ranch HS,79.05,23.85,15.0,23.2,17.0
2025,6,PIO,Motor City Percussion,81.0,24.9,15.7,24.3,16.1
2025,7,PIO,Motor City Percussion,82.0,24.3,16.9,24.0,16.8
2025,10,PIO,Motor City Percussion,86.6,25.5,18.5,25.7,16.9
2025,11,PIO,Motor City Percussion,90.025,27.375,18.35,27.1,17.2
2025,12,R1,Motor City Percussion,88.076,26.025,18.05,26.575,17.425
2025,6,SA,Mount Vernon High School Color Guard,74.92,14.81,13.01,15.3,16.2
2025,4,PSA,Mount Vernon Sr. HS,59.9,18.3,12.9,17.1,11.6
2025,5,SRA,Mount Vernon Sr. HS,55.131,10.48,10.35,11.2,11.6
2025,6,SRA,Mount Vernon Sr. HS,60.651,12.47,12.28,11.6,11.4
2025,9,BR,Mount Vernon Sr. HS,66.75,13.08,13.87,12.2,13.9
2025,7,PSA,Mountain Ridge HS (UT),82.55,25.35,16.6,23.9,16.7
2025,12,R3,Mountain Ridge HS (UT),86.851,25.125,18.1,26.325,17.3
2025,2,PHSSRA,Mt Whitney HS Percussion,62.15,20.4,17.55,11.6,12.6
2025,4,R2,Mt Whitney HS Percussion,68.15,20.3,20.85,13.2,13.8
2025,8,PHSSRA,Mt Whitney HS Percussion,76.95,24.3,22.65,15.8,14.2
2025,9,PHSSRA,Mt Whitney HS Percussion,76.5,21.0,23.4,15.7,16.4
2025,4,R1,Mt Whitney HS Winterguard,60.18,12.86,12.72,11.9,12.2
2025,8,GHSSRA,Mt Whitney HS Winterguard,69.74,13.42,13.32,15.4,14.5
2025,9,GHSSRA,Mt Whitney HS Winterguard,71.74,14.92,14.92,15.6,13.2
2025,10,GHSSRA,Mt Whitney HS Winterguard,77.34,15.32,15.12,15.8,16.4
2025,6,PSW,Mt. Juliet Combined Schools,74.3,22.2,15.1,22.4,14.6
2025,12,R2,Mt. Juliet Combined Schools,84.088,25.237,17.05,25.25,16.55
2025,7,B1,Murrieta Mesa HS,70.85,21.15,15.6,20.7,13.4
2025,8,B1,Murrieta Mesa HS,68.201,22.2,13.2,20.2,12.6
2025,9,R1,Murrieta Mesa HS,78.551,23.7,17.05,21.7,16.1
2025,6,PIW,Music City Mystique,86.5,25.2,17.5,26.7,17.1
2025,12,PIW,Music City Mystique,94.339,28.837,18.625,28.05,18.825
2025,6,PIA,Myrtle Beatz Independent Percussion,70.001,21.3,13.9,21.2,13.6
2025,2,PSA,New Hartford,65.475,19.0,21.675,11.9,12.9
2025,3,PSA,New Hartford,66.6,19.5,22.2,12.4,12.5
2025,5,PSA,New Hartford,69.4,21.3,21.6,13.1,13.4
2025,6,PSA,New Hartford,71.101,21.5,22.8,14.2,12.6
2025,7,PSA,New Hartford,72.351,22.3,21.75,15.1,13.2
2025,10,PSA,New Hartford,79.85,25.2,23.55,14.8,16.3
2025,7,PSA,New Milford HS,82.2,25.8,16.3,25.3,14.8
2025,12,R4,New Milford HS,80.575,24.525,15.55,24.35,16.15
2025,0,P-SA,New Oxford Indoor Percussion Ensemble,62.55,19.2,18.45,12.9,12.0
2025,5,P-SA,New Oxford Indoor Percussion Ensemble,68.05,19.8,22.35,13.2,12.7
2025,7,P-SA(,New Oxford Indoor Percussion Ensemble,78.1,22.8,24.3,15.5,15.5
2025,9,P-SA,New Oxford Indoor Percussion Ensemble,78.851,23.1,23.85,16.0,15.9
2025,10,P-SA,New Oxford Indoor Percussion Ensemble,79.1,25.2,22.725,15.1,16.075
2025,6,PSA,New Palestine HS,71.3,21.75,13.8,22.25,13.5
2025,5,PSA,Newsome HS,72.051,22.05,14.3,21.8,13.9
2025,2,PR,Nicholas Co,55.32,12.08,10.94,10.3,10.4
2025,6,BR,Nicholas Co,66.53,13.0,14.13,12.8,13.1
2025,8,SRA,Nicholas Co,77.84,14.67,14.87,16.1,16.4
2025,9,PR,Nicholas Co,77.44,14.6,15.54,15.6,15.0
2025,10,SRA,Nicholas Co,83.39,15.8,16.59,16.6,17.3
2025,6,PSO,Ninety Six HS,79.2,25.5,14.8,24.2,14.7
2025,12,R1,Ninety Six HS,87.064,25.312,17.6,26.8,17.35
2025,6,PSO,Noblesville HS,84.95,25.35,17.6,26.1,15.9
2025,12,R3,Noblesville HS,87.851,26.4,18.0,25.8,17.65
2025,6,PIA,Nomad Indoor,82.4,24.6,16.8,24.2,16.8
2025,12,PIA,Nomad Indoor,92.65,28.275,18.525,27.7,18.15
2025,2,PR,North Bullitt HS,50.36,10.02,11.34,9.0,9.8
2025,4,SRA,North Bullitt HS,56.45,10.61,11.94,11.0,12.6
2025,7,PR,North Bullitt HS,66.66,13.55,13.21,12.7,13.8
2025,9,PR,North Bullitt HS,64.981,13.07,13.21,13.0,12.2
2025,12,R1,North Gwinnett HS,82.925,25.125,16.4,24.45,16.95
2025,3,B2,North HS,65.201,18.9,12.8,19.9,13.6
2025,6,B2,North HS,71.501,21.3,14.0,20.9,15.3
2025,8,B1,North HS,70.551,22.65,13.6,20.8,13.5
2025,9,R2,North HS,70.725,22.125,13.9,20.3,14.4
2025,7,BR,North Hardin,78.6,14.93,14.67,15.8,16.7
2025,8,SRA,North Hardin,79.74,15.48,15.86,14.9,16.9
2025,9,BR,North Hardin,85.83,16.07,16.66,17.3,17.5
2025,10,SRA,North Hardin,89.4,17.07,18.13,18.3,17.9
2025,3,SA,North Harrison,54.23,10.28,10.95,10.9,11.9
2025,5,SA,North Harrison,61.23,12.28,11.35,11.4,13.0
2025,7,SA,North Harrison,63.781,12.61,15.07,10.8,12.0
2025,8,SA,North Harrison,65.221,13.01,13.21,12.9,12.6
2025,10,BR,North Harrison,71.191,13.55,14.34,13.5,15.1
2025,5,SA,North Oldham HS,57.861,12.08,11.08,11.2,11.6
2025,7,SA,North Oldham HS,61.25,12.08,13.27,11.7,11.5
2025,8,SA,North Oldham HS,68.931,12.82,14.01,14.3,13.8
2025,10,PR,North Oldham HS,69.781,13.81,14.87,13.5,14.2
2025,4,PSA,North Penn,77.15,24.2,22.65,15.4,14.9
2025,5,PSA,North Penn,80.5,24.8,24.6,15.6,15.5
2025,7,PSA,North Penn,84.8,24.6,27.3,16.2,16.7
2025,8,ME,North Penn,86.15,27.15,26.25,16.35,16.4
2025,10,PSA,North Penn,91.775,27.9,27.225,17.6,19.05
2025,11,PSA,North Penn,90.9,26.9,27.6,17.9,18.5
2025,9,PSA,North Penn HS,90.438,26.663,18.4,27.025,18.35
2025,12,PSA,North Penn HS,91.114,27.638,18.375,27.15,17.95
2025,5,PSO,North Port HS,70.4,19.5,13.1,22.2,15.6
2025,12,R3,North Port HS,80.85,23.55,16.3,23.25,17.75
2025,7,PIA,North Star Independent,80.2,24.3,15.9,23.5,16.5
2025,12,PIA,North Star Independent,88.875,26.325,17.35,27.4,17.8
2025,0,SA,Northeastern HS Guard,61.501,11.22,11.68,13.2,13.4
2025,2,SA,Northeastern HS Guard,61.62,12.68,12.74,9.3,14.6
2025,4,SA,Northeastern HS Guard,69.08,13.74,13.54,14.7,13.1
2025,5,SA,Northeastern HS Guard,69.61,12.54,14.07,14.9,14.0
2025,7,SA,Northeastern HS Guard,75.58,14.54,14.74,15.4,15.4
2025,8,SA,Northeastern HS Guard,76.98,14.94,15.54,15.7,14.9
2025,9,SA,Northeastern HS Guard,78.72,15.01,15.81,16.1,16.0
2025,0,SN,Northeastern MS Guard,62.09,11.15,12.94,12.4,12.9
2025,2,SN,Northeastern MS Guard,64.23,11.49,13.54,12.4,13.0
2025,4,SN,Northeastern MS Guard,68.28,14.14,13.94,14.5,13.6
2025,5,SN,Northeastern MS Guard,69.61,14.67,14.14,13.0,14.2
2025,7,SN,Northeastern MS Guard,74.65,14.94,15.21,14.7,14.9
2025,8,SN,Northeastern MS Guard,75.98,15.74,15.54,14.8,14.8
2025,9,SN,Northeastern MS Guard,77.27,14.2,15.87,15.2,15.7
2025,10,SN,Northeastern MS Guard,81.71,16.14,17.87,16.2,15.5
2025,5,IRA,Northern Kentucky University,61.46,11.61,12.35,13.3,12.2
2025,9,IRA,Northern Kentucky University,69.57,13.35,13.62,13.9,14.6
2025,10,IRA,Northern Kentucky University,75.37,13.68,15.09,14.3,16.1
2025,8,R2,Northview Academy,63.431,12.28,12.35,12.2,13.0
2025,10,R1,Northview Academy,71.811,14.14,14.47,14.3,14.8
2025,6,PSA,Northview HS,87.275,27.225,17.35,25.75,16.95
2025,12,R1,Northview HS,85.764,25.913,17.0,25.7,17.15
2025,7,PSO,Norwalk HS,88.0,27.3,17.2,26.6,16.9
2025,12,R1,Norwalk HS,83.8,24.9,16.6,25.6,16.7
2025,4,SRA,Norwood  HS,50.06,8.35,11.21,10.3,11.7
2025,5,SRA,Norwood  HS,55.961,10.01,12.55,11.9,10.4
2025,7,PR,Norwood  HS,58.38,12.06,12.42,10.0,12.5
2025,9,PR,Norwood  HS,59.28,11.21,12.27,11.7,11.7
2025,9,PSA,Nutley HS,81.825,23.475,17.15,25.05,16.15
2025,12,R1,Nutley HS,83.3,24.9,16.3,25.425,16.675
2025,2,PIO,OCI,79.9,24.9,16.7,22.4,15.9
2025,4,PIO,OCI,83.45,25.35,16.8,25.0,16.3
2025,9,PIO,OCI,89.575,27.375,18.0,26.5,17.7
2025,10,PIO,OCI,90.9,27.6,18.5,26.6,18.2
2025,11,PIO,OCI,90.9,27.45,17.85,27.6,18.0
2025,12,PIO,OCI,94.701,28.65,19.225,28.25,18.575
2025,4,B1,Oak Hills HS,73.75,22.35,15.2,22.7,13.5
2025,6,B2,Oak Hills HS,74.3,21.6,14.9,22.8,15.0
2025,8,B1,Oak Hills HS,72.751,23.55,14.1,21.1,14.0
2025,9,R3,Oak Hills HS,85.4,25.35,18.9,25.1,16.05
2025,10,R2,Oak Hills HS,82.85,25.35,16.2,25.7,15.6
2025,4,PSA,Oak Park HS,62.5,19.8,10.8,21.5,10.4
2025,7,B2,Oak Park HS,72.101,22.8,13.3,22.2,13.8
2025,9,R4,Oak Park HS,67.9,22.95,12.95,19.2,12.8
2025,6,PSA,Oak Ridge HS (TN),75.5,22.5,14.9,22.8,15.3
2025,12,R1,Oak Ridge HS (TN),83.163,24.788,15.85,25.3,17.225
2025,3,SA,Oak Ridge High School Winter Guard,54.25,10.74,10.61,10.8,10.7
2025,5,SA,Oak Ridge High School Winter Guard,61.21,12.14,12.27,12.4,12.0
2025,8,SA,Oak Ridge High School Winter Guard,68.09,14.28,14.21,13.3,13.0
2025,9,SA,Oak Ridge High School Winter Guard,70.58,13.74,14.94,13.3,14.3
2025,10,SA,Oak Ridge High School Winter Guard,80.48,16.14,16.34,15.7,16.1
2025,2,PSA,Oak Ridge Indoor Percussion,72.9,20.6,22.2,15.4,14.7
2025,5,PSA,Oak Ridge Indoor Percussion,74.05,22.4,21.15,15.8,14.7
2025,7,PSA,Oak Ridge Indoor Percussion,78.6,23.9,23.1,16.1,15.5
2025,10,PSA,Oak Ridge Indoor Percussion,83.175,25.4,24.375,16.9,16.5
2025,5,PSA,Oakleaf HS,80.9,23.1,17.0,23.8,17.0
2025,7,PSA,Ocean Lakes HS,82.4,24.3,16.9,24.7,16.5
2025,5,PSA,Odessa High School,66.6,20.7,20.4,13.0,12.5
2025,7,PSA,Odessa High School,72.65,22.1,21.15,15.8,13.6
2025,8,PSA,Odessa High School,72.8,21.9,21.9,15.8,13.2
2025,10,PSA,Odessa High School,78.975,25.2,24.825,14.35,14.6
2025,11,PSA,Odessa High School,77.4,24.7,21.45,15.45,15.8
2025,7,PIA,Ogden HS,77.4,22.8,16.5,22.1,16.0
2025,5,PSO,Old Bridge,76.95,24.3,22.95,15.3,14.4
2025,8,PSO,Old Bridge,85.65,26.6,25.95,16.9,16.2
2025,10,PSO,Old Bridge,89.5,27.9,25.5,17.7,18.4
2025,11,PSO,Old Bridge,91.8,27.5,27.3,18.4,18.6
2025,9,PSO,Old Bridge HS,89.725,27.075,18.3,26.45,17.9
2025,12,R1,Old Bridge HS,89.489,26.887,17.525,27.6,17.475
2025,4,IA,Old Line Independent Color Guard,71.21,14.07,14.54,14.7,15.0
2025,7,IA,Old Line Independent Color Guard,82.64,17.87,16.67,16.3,15.9
2025,9,IA,Old Line Independent Color Guard,83.34,16.67,16.87,17.1,16.1
2025,4,P-IO,Old Line Independent Percussion,72.75,20.85,21.0,15.5,15.4
2025,7,P-IO,Old Line Independent Percussion,82.3,24.0,25.5,16.0,16.8
2025,9,PIO,Old Line Independent Percussion,85.2,26.4,17.3,25.6,15.9
2025,12,R2,Old Line Independent Percussion,85.075,26.025,17.2,24.55,17.3
2025,7,PSA,Olentangy Liberty HS,77.85,23.55,14.5,24.2,15.6
2025,12,R2,Olentangy Liberty HS,85.614,24.562,17.5,27.0,16.55
2025,7,PSA,Olive Branch HS,72.525,22.425,15.4,22.4,12.3
2025,8,PJHSA,Ollivier Middle School,64.7,18.4,19.5,13.0,13.8
2025,7,PSA,Onalaska High School,70.901,21.6,14.3,20.5,14.5
2025,5,SRA,Ooltewah High School Winter Guard,61.111,11.74,13.27,11.8,12.3
2025,10,R2,Ooltewah High School Winter Guard,72.181,14.61,15.47,13.9,14.4
2025,4,B2,Orange HS,71.601,22.2,15.0,21.0,13.4
2025,5,PSA,Orange HS,74.8,22.8,15.3,20.8,15.9
2025,7,B1,Orange HS,76.55,23.25,16.8,21.3,15.2
2025,9,PSA,Orange HS,83.1,24.45,16.55,25.35,16.75
2025,4,B1,Orange Vista HS,65.351,20.55,12.6,20.8,11.4
2025,7,B2,Orange Vista HS,70.8,22.5,13.6,19.1,15.6
2025,9,R1,Orange Vista HS,73.4,21.0,15.5,21.6,15.3
2025,2,R3,Orosi HS Winterguard,55.22,10.98,10.64,11.9,12.6
2025,4,R2,Orosi HS Winterguard,61.04,12.66,12.58,12.8,10.7
2025,8,GHSSA,Orosi HS Winterguard,67.58,13.27,12.01,15.4,14.6
2025,9,GHSSA,Orosi HS Winterguard,72.18,15.27,13.41,14.7,14.9
2025,10,GHSSA,Orosi HS Winterguard,79.17,15.53,16.4,16.2,15.5
2025,2,PHSSRA,Orosi Indoor Percussion,65.6,21.2,19.5,10.7,14.2
2025,4,R2,Orosi Indoor Percussion,70.775,21.6,21.075,14.1,14.0
2025,8,PHSSRA,Orosi Indoor Percussion,79.0,23.2,24.6,16.2,15.0
2025,9,PHSSRA,Orosi Indoor Percussion,78.05,20.1,25.05,16.3,16.6
2025,2,SRA,Owen Co HS,54.531,10.22,11.81,10.0,11.8
2025,5,SRA,Owen Co HS,65.041,11.29,13.55,13.8,13.2
2025,6,SRA,Owen Co HS,73.21,14.07,14.54,13.6,15.2
2025,7,BR,Owen Co HS,71.15,13.88,14.47,13.1,15.8
2025,9,BR,Owen Co HS,74.291,14.61,14.88,14.2,15.5
2025,4,PSA,Owen J Roberts,77.25,24.1,23.25,14.5,15.4
2025,5,PSA,Owen J Roberts,78.8,24.5,25.5,14.4,14.4
2025,7,PSA,Owen J Roberts,84.95,25.5,26.85,17.2,15.4
2025,8,PSA,Owen J Roberts,85.125,26.5,25.875,16.65,16.1
2025,10,PSA,Owen J Roberts,89.5,27.2,26.1,18.3,17.9
2025,11,PSA,Owen J Roberts,88.575,26.4,26.475,17.6,18.1
2025,9,PSA,Owen J Roberts HS,88.825,26.7,17.65,26.575,17.9
2025,12,R3,Owen J Roberts HS,88.3,26.025,17.85,26.225,18.2
2025,2,PIW,POW Percussion,81.2,24.6,16.8,23.9,15.9
2025,5,PIW,POW Percussion,83.75,25.65,16.4,25.3,16.4
2025,8,PIW,POW Percussion,87.35,25.95,17.4,26.2,17.8
2025,9,PIW,POW Percussion,89.55,27.15,17.95,26.85,17.6
2025,10,PIW,POW Percussion,90.25,27.15,18.3,27.3,17.5
2025,11,PIW,POW Percussion,90.85,27.6,17.4,27.85,18.0
2025,12,PIW,POW Percussion,91.063,27.562,18.4,27.0,18.1
2025,7,PSO,Pace HS,82.4,24.6,16.2,24.8,16.8
2025,12,PSO,Pace HS,94.051,28.575,18.15,28.55,18.775
2025,3,PSO,Pacifica HS,73.2,21.9,15.4,20.2,15.7
2025,6,PSO,Pacifica HS,79.8,23.7,15.9,23.2,17.0
2025,9,PSO,Pacifica HS,85.213,25.762,16.725,25.525,17.2
2025,10,R1,Pacifica HS,84.125,25.425,16.9,24.4,17.4
2025,11,PSO,Pacifica HS,86.076,26.7,16.75,24.775,17.85
2025,12,R3,Pacifica HS,83.325,24.375,17.75,24.5,16.7
2025,7,B1,Palisades CHS,68.5,20.7,13.9,20.3,13.6
2025,9,R1,Palisades CHS,68.55,19.65,13.9,21.1,13.9
2025,6,PSA,Palisades HS (NC),66.401,18.9,14.1,19.5,13.9
2025,6,PIO,Palmetto Indoor Theatre,78.45,25.35,14.8,24.0,14.3
2025,12,R2,Palmetto Indoor Theatre,83.85,26.475,15.675,24.85,16.85
2025,7,PSO,Panther Creek HS,81.65,24.75,16.2,24.4,16.3
2025,9,PSO,Papillion-La Vista South HS,81.9,24.3,15.9,25.7,16.0
2025,12,R1,Papillion-La Vista South HS,82.351,24.825,16.85,24.45,16.225
2025,12,PIO,Paradigm Percussion,91.163,27.562,18.5,26.85,18.25
2025,9,PIO,Paragon,81.75,24.45,16.5,24.4,16.4
2025,6,PSA,Paragould HS,71.15,22.65,14.0,21.3,13.2
2025,4,PSA,Paragould Indoor Percussion,72.7,23.1,14.0,21.8,13.8
2025,9,PSA,Paragould Indoor Percussion,79.75,24.15,16.2,23.3,16.1
2025,9,GJHSA,Parkview MS Winterguard,55.82,103.4,110.8,12.3,11.7
2025,10,GJHSA,Parkview MS Winterguard,64.99,137.4,127.5,12.1,13.0
2025,4,B2,Patriot HS,77.05,22.95,16.6,22.7,14.8
2025,6,B2,Patriot HS,78.3,23.4,15.5,23.9,15.5
2025,8,B2,Patriot HS,82.5,23.4,16.8,25.9,16.4
2025,9,R1,Patriot HS,87.026,26.625,18.2,25.7,16.5
2025,10,R2,Patriot HS,85.376,25.725,16.8,26.45,16.4
2025,2,SA,Paul Laurence Dunbar HS,64.01,13.47,13.34,12.3,12.6
2025,4,SA,Paul Laurence Dunbar HS,70.45,14.41,14.14,14.1,14.2
2025,7,SA,Paul Laurence Dunbar HS,73.241,15.8,14.14,14.0,14.6
2025,8,SA,Paul Laurence Dunbar HS,78.61,15.74,15.47,15.3,16.3
2025,10,PR,Paul Laurence Dunbar HS,84.8,16.8,17.0,16.9,17.1
2025,2,BR,Paul Laurence Dunbar HS JV,59.48,12.14,11.14,12.2,11.8
2025,6,SRA,Paul Laurence Dunbar HS JV,73.58,13.99,14.19,14.7,14.1
2025,8,SRA,Paul Laurence Dunbar HS JV,77.48,15.14,15.94,15.5,15.3
2025,9,PR,Paul Laurence Dunbar HS JV,84.21,15.87,16.34,16.8,17.7
2025,10,SRA,Paul Laurence Dunbar HS JV,88.43,16.67,17.46,17.9,18.1
2025,9,PSA,Paul V. Moore HS,84.826,26.325,17.0,24.55,16.95
2025,12,R3,Paul V. Moore HS,84.101,24.15,17.8,25.4,16.75
2025,7,PSA,Pearl HS,87.0,26.55,17.5,25.25,17.7
2025,12,R1,Pearl HS,90.288,26.512,18.55,27.9,17.325
2025,6,PSW,Pearland HS,80.5,24.6,16.3,23.3,16.3
2025,9,PSW,Pearland HS,86.8,25.5,17.8,25.8,17.7
2025,4,PSA,Penn Manor High School,67.2,20.7,19.8,12.7,14.0
2025,5,PSA,Penn Manor High School,68.1,21.2,20.1,14.0,12.8
2025,8,PSA,Penn Manor High School,50.2,15.0,15.0,10.0,10.2
2025,10,PSA,Penn Manor High School,79.951,22.35,23.4,16.5,17.7
2025,11,PSA,Penn Manor High School,81.801,24.45,25.5,15.15,16.7
2025,5,PSA,Pennridge,74.201,23.1,22.35,14.25,14.5
2025,6,PSA,Pennridge,78.1,24.1,23.7,15.9,14.4
2025,7,PSA,Pennridge,78.551,24.4,24.0,15.0,15.15
2025,8,PSA,Pennridge,86.45,26.6,26.85,16.3,16.7
2025,10,PSA,Pennridge,85.251,26.5,25.35,17.1,16.3
2025,11,PSA,Pennridge,88.725,27.1,26.175,17.95,17.5
2025,5,PSA,Perkiomen Valley,77.7,23.5,24.9,14.3,15.0
2025,7,PSA,Perkiomen Valley,78.901,23.4,24.3,14.8,16.4
2025,10,PSA,Perkiomen Valley,85.575,25.9,25.275,17.7,16.7
2025,11,PSA,Perkiomen Valley,88.201,26.15,26.85,18.4,16.8
2025,9,PSA,Perkiomen Valley HS,81.9,24.225,16.175,24.65,16.85
2025,12,R1,Perkiomen Valley HS,86.089,25.913,17.15,25.8,17.225
2025,6,PSA,Perry HS,70.051,20.25,14.6,20.3,14.9
2025,6,PSA,Perry Meridian HS,74.125,20.775,16.3,22.45,14.6
2025,7,PSA,Petal HS,72.5,19.5,15.7,22.9,14.4
2025,6,PSO,Pflugerville HS,73.901,23.7,14.1,21.4,14.7
2025,9,PSO,Pflugerville HS,76.0,23.1,15.1,22.8,15.0
2025,3,PSA,Phoenix,65.351,19.1,20.55,12.8,12.9
2025,5,PSA,Phoenix,70.6,20.3,22.5,13.4,14.4
2025,6,PSA,Phoenix,72.201,22.4,22.5,14.6,12.7
2025,8,PSA,Phoenix,76.8,24.1,23.4,14.8,14.5
2025,10,PSA,Phoenix,87.925,27.2,26.175,16.95,17.6
2025,5,PRA(,Phoenixville,75.5,22.35,22.2,15.35,15.6
2025,6,PRA(,Phoenixville,78.95,23.7,24.45,15.0,15.8
2025,8,PSA,Phoenixville,72.15,21.95,23.1,13.5,13.6
2025,10,PSA,Phoenixville,75.0,21.85,22.05,15.2,15.9
2025,11,PSA,Phoenixville,74.75,23.7,22.05,14.6,14.4
2025,4,PIO,Pi Percussion Inc.,75.4,22.8,14.7,23.2,14.7
2025,6,PIO,Pi Percussion Inc.,78.9,23.4,15.9,24.8,14.8
2025,12,R2,Pi Percussion Inc.,82.388,24.788,16.5,24.95,16.15
2025,1,SRA,Pigeon Forge High School Winterguard,54.355,11.68,11.75,10.2,10.925
2025,5,SRA,Pigeon Forge High School Winterguard,58.491,12.68,11.01,11.9,11.6
2025,8,R2,Pigeon Forge High School Winterguard,65.69,13.54,13.35,12.4,13.2
2025,9,"EAE&P
BKSKRFCWGCTFHSWFTHSWGTCHSWHSWTJCHSVK",Pigeon Forge High School Winterguard,70.72,14.28,13.94,14.4,14.6
2025,10,R2,Pigeon Forge High School Winterguard,80.18,16.14,16.34,15.7,16.4
2025,10,R2,Pinnacle HS,74.75,21.75,15.3,22.4,15.3
2025,4,R2,Pioneer MS Winterguard,54.38,108.7,112.1,10.6,11.0
2025,8,GJHSO,Pioneer MS Winterguard,65.89,144.7,120.2,12.5,14.3
2025,9,GJHSO,Pioneer MS Winterguard,70.01,144.7,139.4,14.7,14.0
2025,10,GJHSO,Pioneer MS Winterguard,73.44,148.0,151.4,14.5,14.4
2025,4,PSA,Plainfield Combined Schools,74.7,22.8,14.5,22.8,14.6
2025,12,R2,Plainfield Combined Schools,91.363,27.263,18.6,27.15,18.35
2025,2,SRA,Pleasure Ridge Park HS,52.141,11.36,10.08,9.7,10.1
2025,5,SRA,Pleasure Ridge Park HS,54.161,10.28,11.08,11.1,10.7
2025,8,SRA,Pleasure Ridge Park HS,65.16,12.28,12.68,11.8,14.0
2025,9,PR,Pleasure Ridge Park HS,69.39,12.81,14.28,13.0,14.7
2025,6,PSO,Plymouth-Canton Educational Park,76.15,22.95,14.4,22.8,16.0
2025,7,PSO,Plymouth-Canton Educational Park,82.15,24.75,16.6,24.0,16.8
2025,10,PSO,Plymouth-Canton Educational Park,82.25,24.15,16.7,24.4,17.0
2025,11,PSO,Plymouth-Canton Educational Park,86.7,27.15,17.2,26.3,16.05
2025,12,R2,Plymouth-Canton Educational Park,81.825,24.225,16.275,25.075,16.25
2025,5,PSA,Ponte Vedra Combined Schools,78.0,24.9,15.8,21.6,15.7
2025,7,GSRB,Pottsville Winter Guard,69.62,14.04,12.58,15.5,12.7
2025,8,GSRB,Pottsville Winter Guard,64.6,13.98,13.72,12.5,12.3
2025,9,GSRB,Pottsville Winter Guard,69.74,13.72,12.52,14.6,14.5
2025,3,SRA,Powell Bijoux,58.685,11.275,11.41,12.1,12.0
2025,5,SRA,Powell Bijoux,61.761,13.21,12.35,11.7,12.7
2025,8,R1,Powell Bijoux,66.23,14.14,12.79,13.6,13.0
2025,10,R1,Powell Bijoux,70.681,14.34,13.94,14.4,13.7
2025,7,PSA,Provo City School District,76.65,22.35,16.7,21.9,15.7
2025,2,BR,Pulaski County HS,50.781,10.21,10.67,9.9,9.6
2025,6,PR,Pulaski County HS,58.38,13.07,11.41,10.7,10.5
2025,8,SRA,Pulaski County HS,67.96,13.28,13.08,12.6,15.0
2025,9,BR,Pulaski County HS,65.93,13.02,13.81,12.5,13.5
2025,10,SRA,Pulaski County HS,68.37,13.54,14.33,13.4,13.5
2025,2,PIW,Pulse Percussion,86.45,25.65,17.6,25.6,17.6
2025,5,PIW,Pulse Percussion,89.475,27.075,18.2,26.3,17.9
2025,8,PIW,Pulse Percussion,93.75,28.05,18.6,28.3,18.8
2025,9,PIW,Pulse Percussion,93.825,28.575,18.85,27.55,18.85
2025,10,PIW,Pulse Percussion,95.125,28.725,19.3,28.4,18.7
2025,11,PIW,Pulse Percussion,94.775,28.8,18.6,28.675,18.7
2025,12,PIW,Pulse Percussion,96.975,29.175,19.4,28.875,19.525
2025,6,PIO,Q2,83.8,25.2,16.6,25.3,16.7
2025,12,PIO,Q2,93.951,28.575,19.0,27.825,18.55
2025,7,PIA,Quad City Percussion,72.3,21.9,15.2,20.6,14.6
2025,12,PIA,Quad City Percussion,76.475,23.25,15.6,23.325,14.3
2025,6,PSA,Quakertown,81.5,25.1,25.2,16.5,14.7
2025,7,PSA,Quakertown,82.4,25.2,25.2,16.5,15.5
2025,10,PSA,Quakertown,85.201,26.8,24.3,17.3,16.8
2025,11,PSA,Quakertown,88.101,26.1,26.7,17.1,18.2
2025,9,PSA,Quakertown HS,83.276,24.675,16.6,25.95,16.05
2025,2,PIW,RCC,85.325,25.425,17.5,25.3,17.1
2025,5,PIW,RCC,89.75,27.0,18.35,26.4,18.0
2025,8,PIW,RCC,93.85,28.5,18.8,27.7,18.85
2025,9,PIW,RCC,94.2,28.2,19.0,28.05,18.95
2025,10,PIW,RCC,96.75,29.25,19.6,28.5,19.4
2025,12,PIW,RCC,99.163,29.888,19.975,29.375,19.925
2025,4,B1,Ramona HS,70.8,22.8,14.0,22.0,12.0
2025,8,B1,Ramona HS,72.85,22.65,13.1,23.0,14.1
2025,9,R2,Ramona HS,77.101,22.5,14.8,23.9,15.9
2025,3,B1,Rancho Alamitos HS,69.25,21.75,13.2,20.0,14.3
2025,5,PSA,Rancho Alamitos HS,73.4,23.7,14.8,20.3,14.6
2025,7,B1,Rancho Alamitos HS,75.751,23.55,15.4,21.5,15.3
2025,9,PSA,Rancho Alamitos HS,80.276,24.375,16.025,24.075,15.8
2025,10,R1,Rancho Alamitos HS,82.3,25.95,16.0,25.35,15.0
2025,4,PSO,Rancho Cucamonga HS,80.9,23.4,16.4,24.7,16.4
2025,5,PSO,Rancho Cucamonga HS,80.7,24.9,16.5,23.0,16.3
2025,7,PSO,Rancho Cucamonga HS,86.85,25.05,17.4,26.5,17.9
2025,8,PSO,Rancho Cucamonga HS,91.5,28.2,17.1,28.0,18.2
2025,10,R2,Rancho Cucamonga HS,93.55,28.35,18.7,27.5,19.0
2025,11,PSO,Rancho Cucamonga HS,94.188,28.462,18.95,28.35,18.425
2025,12,PSO,Rancho Cucamonga HS,96.075,28.95,19.25,28.675,19.2
2025,2,PSJ,Rancho Starbuck IS,70.0,21.3,13.9,21.4,13.4
2025,4,PSJ,Rancho Starbuck IS,76.5,22.5,14.8,23.1,16.1
2025,7,PSJ,Rancho Starbuck IS,78.95,23.55,15.6,24.2,15.6
2025,10,PSJ,Rancho Starbuck IS,93.025,28.575,18.4,27.8,18.25
2025,4,PSA,Rancho Verde HS,72.451,22.05,14.5,22.1,13.8
2025,7,PSO,Rancho Verde HS,78.85,23.25,16.0,22.6,17.0
2025,10,R1,Rancho Verde HS,78.65,23.55,14.7,23.9,16.5
2025,6,PSO,Ravenwood HS,79.7,24.3,15.9,23.6,15.9
2025,4,GSN,Razorback Winterguard,56.001,11.72,11.08,11.1,12.4
2025,8,GSN,Razorback Winterguard,66.66,14.58,13.48,12.9,12.6
2025,9,GSN,Razorback Winterguard,59.401,11.84,11.66,12.1,12.1
2025,5,SA,Red Regiment Winterguard,53.58,10.34,10.34,11.4,10.3
2025,8,SA,Red Regiment Winterguard,60.32,11.88,12.14,12.1,12.0
2025,10,SA,Red Regiment Winterguard,71.481,15.54,15.34,13.3,13.6
2025,4,PIW,Red Wave Indoor,75.7,19.1,24.0,16.0,16.6
2025,5,PIW,Red Wave Indoor,78.401,23.7,16.2,23.1,15.4
2025,6,PIW,Red Wave Indoor,82.05,24.7,24.45,16.2,16.7
2025,9,PIW,Red Wave Indoor,84.376,25.425,16.85,25.3,16.8
2025,10,PIW,Red Wave Indoor,89.3,26.6,26.4,17.7,18.6
2025,6,PIW,Redline,83.85,25.65,16.5,25.4,16.3
2025,7,PIW,Redline,83.95,25.35,15.9,25.2,17.5
2025,10,PIW,Redline,88.4,26.1,18.7,26.2,17.4
2025,11,PIW,Redline,91.175,27.825,18.15,27.55,17.65
2025,12,PIW,Redline,84.8,25.8,16.55,26.1,16.35
2025,4,PSO,Redwood HS,67.851,20.25,13.4,22.0,12.2
2025,8,PSO,Redwood HS,81.401,26.4,15.5,23.8,15.7
2025,4,GHSSA,Redwood HS Winterguard,55.38,112.7,108.1,10.1,11.7
2025,9,GHSSA,Redwood HS Winterguard,74.32,147.4,144.8,15.2,14.9
2025,10,GHSSA,Redwood HS Winterguard,76.131,148.8,143.5,15.4,15.2
2025,4,R1,Reedley HS Winterguard,55.401,11.48,10.12,9.8,11.2
2025,8,GHSSRA,Reedley HS Winterguard,61.181,12.92,12.36,11.8,12.6
2025,10,GHSSRA,Reedley HS Winterguard,65.801,13.78,12.22,12.7,14.0
2025,6,PIW,Resistance Indoor Percussion,71.55,22.95,12.8,23.0,12.8
2025,9,PIW,Resistance Indoor Percussion,78.85,24.15,15.5,23.5,15.7
2025,6,PIA,Revelation,82.85,24.75,16.5,24.9,16.7
2025,12,R1,Revelation,83.788,26.137,17.075,24.05,16.525
2025,8,PSA,Rex Putnam Combined Schools,80.7,24.6,15.9,24.9,15.3
2025,1,SRA,Rhea County High School Winter Guard,57.28,12.54,10.94,10.7,11.7
2025,5,SRA,Rhea County High School Winter Guard,59.521,12.28,11.34,11.2,12.4
2025,8,R1,Rhea County High School Winter Guard,63.89,13.34,12.15,13.4,12.5
2025,10,R2,Rhea County High School Winter Guard,74.081,13.81,14.27,14.5,16.1
2025,6,PIW,Rhythm X,89.75,26.7,18.5,27.25,17.3
2025,12,PIW,Rhythm X,99.063,29.812,19.875,29.5,19.875
2025,6,PIW,Rhythmic Force Percussion,82.65,25.65,16.5,24.0,16.5
2025,9,PIW,Rhythmic Force Percussion,89.75,27.15,18.0,26.5,18.1
2025,12,PIW,Rhythmic Force Percussion,89.875,27.0,18.2,26.85,17.825
2025,4,PJHSA,Richgrove Elementary Warrior Percussion,62.65,18.4,19.05,13.4,11.8
2025,8,PJHSA,Richgrove Elementary Warrior Percussion,67.4,18.2,20.7,14.2,14.3
2025,9,PJHSA,Richgrove Elementary Warrior Percussion,78.3,25.6,22.5,14.9,15.3
2025,6,PSO,Ridge Point HS,73.601,21.6,15.0,22.4,14.6
2025,8,PSO,Ridgeline HS,81.05,25.05,16.5,24.4,15.1
2025,9,PSA,Ridgeview HS,80.526,23.925,15.5,24.85,16.25
2025,7,PIO,Rift Percussion,78.2,23.1,16.4,22.4,16.3
2025,12,R2,Rift Percussion,81.475,25.2,15.4,24.75,16.125
2025,8,PIW,Rise Percussion,79.05,23.25,16.6,23.1,16.1
2025,7,PIO,River City Rhythm,83.7,26.1,16.3,24.8,16.5
2025,12,R2,River City Rhythm,92.175,27.375,18.25,28.075,18.475
2025,5,PSA,River Ridge HS,80.175,24.975,16.3,22.6,16.3
2025,4,PSB,Rivercrest Indoor Percussion Ensemble,68.55,20.25,12.8,22.4,13.1
2025,9,PSB,Rivercrest Indoor Percussion Ensemble,74.6,21.6,15.3,22.3,15.4
2025,5,PSA,Riverview HS,75.8,24.0,14.9,22.7,14.2
2025,1,SRA,Roane County High School Winterguard,54.321,11.08,8.74,11.9,11.6
2025,5,SRA,Roane County High School Winterguard,65.0,12.74,12.66,13.1,13.2
2025,9,"EAE&P
BKSKRFCWGCTFHSWFTHSWGTCHSWHSWTJCHSVK",Roane County High School Winterguard,70.481,14.74,13.54,13.8,14.5
2025,10,R1,Roane County High School Winterguard,74.15,15.01,14.94,15.0,14.1
2025,4,GHSSA,Robert F Kennedy Winter Guard,55.83,108.1,108.2,9.7,12.6
2025,9,GHSSA,Robert F Kennedy Winter Guard,71.291,143.4,139.5,14.2,15.5
2025,10,GHSSA,Robert F Kennedy Winter Guard,76.121,150.7,141.5,15.3,15.5
2025,4,PHSSA,Robert F. Kennedy HS Percussion,74.9,22.3,21.3,15.5,15.8
2025,9,PHSSO,Robert F. Kennedy HS Percussion,87.35,25.4,26.55,17.1,18.3
2025,10,PHSSO,Robert F. Kennedy HS Percussion,88.7,27.1,26.7,17.7,17.2
2025,2,PIA,Rochester Institute of Technology (RIT),58.55,17.6,17.25,12.2,11.5
2025,9,PIA,Rochester Institute of Technology (RIT),66.45,20.4,20.55,13.2,12.3
2025,10,PIA,Rochester Institute of Technology (RIT),62.8,18.9,18.6,12.3,13.0
2025,7,PIA,Rochester Lourdes Drumline,81.35,24.15,16.9,23.7,16.6
2025,12,PIA,Rochester Lourdes Drumline,83.926,25.5,16.75,25.35,16.325
2025,6,PSA,Rock Hill HS,81.65,23.85,16.2,25.1,16.5
2025,12,R1,Rock Hill HS,86.051,25.35,17.4,25.35,17.95
2025,3,SRA,Rockcastle County High School,53.951,10.21,10.54,10.6,11.5
2025,9,"EAE&P
BKSKRFCWGCTFHSWFTHSWGTCHSWHSWTJCHSVK",Rockcastle County High School,69.011,14.94,13.07,13.0,14.0
2025,10,R2,Rockcastle County High School,75.18,15.21,15.67,14.2,15.7
2025,8,PSO,Rodriguez HS,73.851,21.45,14.4,23.1,14.9
2025,4,GSN,Rogers HS Varsity Guard,63.461,12.98,12.58,13.3,12.1
2025,8,GSN,Rogers HS Varsity Guard,79.6,15.32,15.18,16.1,16.3
2025,9,GSN,Rogers HS Varsity Guard,77.92,16.06,15.06,15.7,15.7
2025,6,PSA,Rogers Heritage HS,65.9,21.3,12.8,19.3,12.5
2025,8,PSA,Rogers Heritage Indoor Percussion,68.6,21.3,13.8,21.0,12.5
2025,9,PSA,Rogers Heritage Indoor Percussion,70.551,21.45,14.1,22.6,12.4
2025,4,GSRB,Rogers Heritage Winter Guard,54.361,11.58,11.58,10.3,10.8
2025,8,GSRB,Rogers Heritage Winter Guard,64.8,13.94,13.26,12.8,12.5
2025,9,GSRB,Rogers Heritage Winter Guard,66.161,12.18,12.98,13.7,13.6
2025,7,PSA,Roosevelt HS (IA),71.951,22.95,13.4,21.5,14.1
2025,4,R1,Roosevelt HS Winterguard,54.541,11.68,10.56,10.1,10.3
2025,6,GHSSRA,Roosevelt HS Winterguard,61.9,12.66,14.2,11.4,12.2
2025,9,GHSSRA,Roosevelt HS Winterguard,69.1,13.72,12.78,14.2,13.7
2025,10,GHSSRA,Roosevelt HS Winterguard,75.1,14.18,15.32,14.6,16.0
2025,4,PSW,Rowland HS,76.85,22.95,15.4,22.9,15.6
2025,10,PSW,Rowland HS,84.551,25.95,16.6,25.7,16.3
2025,11,PSW,Rowland HS,83.726,24.975,16.45,25.6,16.7
2025,2,SRA,Russell HS,61.75,12.34,12.41,12.8,12.2
2025,5,SRA,Russell HS,75.01,14.21,15.2,15.4,15.3
2025,8,SA,Russell HS,71.85,13.48,14.87,14.4,14.4
2025,10,BR,Russell HS,77.61,13.74,16.07,16.3,15.9
2025,4,GIA,SAU Independent Winterguard,65.05,14.94,12.21,11.7,13.6
2025,9,GIA,SAU Independent Winterguard,76.72,15.93,15.79,15.1,14.8
2025,5,PIW,STRYKE Percussion,77.15,23.55,15.6,22.9,15.1
2025,12,PIW,STRYKE Percussion,82.975,25.65,16.65,24.5,16.175
2025,9,PSO,Saginaw HS,84.95,26.85,16.5,25.0,16.6
2025,12,R2,Saginaw HS,90.464,27.487,17.075,27.75,18.15
2025,9,PSA,Sahuarita Combined Schools,77.2,22.95,14.7,24.3,15.25
2025,4,B2,San Bernardino City USD,75.901,23.4,15.5,23.7,13.3
2025,7,B2,San Bernardino City USD,76.5,23.7,15.5,21.1,16.2
2025,8,PSJ,San Bernardino City USD,80.751,22.95,16.6,24.6,16.6
2025,4,PSA,San Dimas HS,73.95,22.95,15.3,22.5,13.2
2025,6,B2,San Dimas HS,75.85,22.65,15.3,22.5,15.4
2025,7,B1,San Dimas HS,80.25,25.35,16.0,22.2,16.7
2025,9,R4,San Dimas HS,83.9,25.8,16.5,23.8,17.8
2025,10,R1,San Dimas HS,85.276,25.575,17.4,24.7,17.6
2025,4,R2,Sanger HS Winterguard,62.48,12.3,12.38,12.3,12.6
2025,8,GHSSA,Sanger HS Winterguard,67.06,12.94,12.02,14.3,15.1
2025,10,GHSSA,Sanger HS Winterguard,75.331,14.67,15.7,15.9,15.1
2025,4,PHSSA,Sanger High School Indoor Percussion,65.901,20.3,18.6,13.2,13.8
2025,8,PHSSA,Sanger High School Indoor Percussion,70.201,22.5,20.4,13.6,13.7
2025,3,B2,Santa Monica HS,64.101,19.5,12.6,18.9,13.1
2025,6,B1,Santa Monica HS,68.601,21.3,13.4,20.1,13.8
2025,7,B1,Santa Monica HS,71.901,23.4,14.2,19.7,14.6
2025,9,R3,Santa Monica HS,83.451,25.95,17.8,23.4,16.3
2025,8,PSW,Saratoga HS,86.65,25.05,16.5,27.3,17.8
2025,5,PSB,Scott HS,62.8,18.6,12.7,18.9,12.6
2025,7,PSB,Scott HS,69.0,20.4,13.4,21.4,13.8
2025,10,PSB,Scott HS,73.95,22.05,14.9,22.0,15.0
2025,4,PSA,Scottsburg HS,62.9,18.9,12.3,19.1,12.6
2025,5,SRA,Scottsburg HS,58.51,11.09,12.42,11.4,10.8
2025,7,PSA,Scottsburg HS,71.7,21.3,14.2,21.2,15.0
2025,8,PSA,Scottsburg HS,72.25,21.75,13.4,22.1,15.0
2025,9,PR,Scottsburg HS,73.721,14.81,13.81,13.2,15.9
2025,10,PSA,Scottsburg HS,76.2,22.8,15.3,22.6,15.5
2025,9,SJ,Scottsburg MS,64.61,12.87,12.54,13.0,13.1
2025,10,SJ,Scottsburg MS,71.52,14.14,14.1,15.1,15.1
2025,4,PSA,Scripps Ranch HS,74.8,22.65,15.15,23.4,13.6
2025,7,B2,Scripps Ranch HS,79.55,24.45,15.9,22.5,16.7
2025,9,R4,Scripps Ranch HS,85.5,26.1,17.2,25.3,16.9
2025,10,R1,Scripps Ranch HS,82.95,24.75,16.4,25.2,16.6
2025,5,PSA,Selma HS,71.1,22.5,14.7,20.3,13.6
2025,9,PSA,Selma HS,82.314,24.637,15.7,25.15,16.825
2025,2,PHSSA,Selma HS Percussion,72.85,21.2,22.05,14.7,14.9
2025,4,PHSSA,Selma HS Percussion,71.15,20.7,20.85,14.7,14.9
2025,6,PHSSA,Selma HS Percussion,74.0,21.3,22.2,14.9,15.6
2025,8,PHSSA,Selma HS Percussion,80.55,24.7,24.45,15.2,16.2
2025,2,GHSSA,Selma HS Winterguard,50.721,102.8,93.4,10.7,10.4
2025,4,GHSSA,Selma HS Winterguard,60.38,123.4,119.4,11.9,13.0
2025,6,GHSSA,Selma HS Winterguard,66.97,137.6,136.1,13.5,12.7
2025,9,GHSSA,Selma HS Winterguard,78.35,159.4,158.1,14.3,16.0
2025,10,GHSSA,Selma HS Winterguard,81.58,162.7,158.1,16.3,16.6
2025,2,PHSSA,Selma High School,72.85,21.2,22.05,14.7,14.9
2025,4,PHSSA,Selma High School,71.15,20.7,20.85,14.7,14.9
2025,6,PHSSA,Selma High School,74.0,21.3,22.2,14.9,15.6
2025,8,PHSSA,Selma High School,80.55,24.7,24.45,15.2,16.2
2025,9,GHSSA,Selma High School,78.35,159.4,158.1,14.3,16.0
2025,10,GHSSA,Selma High School,81.58,162.7,158.1,16.3,16.6
2025,5,PSA,Seminole Ridge HS,70.351,21.15,14.2,18.7,16.3
2025,4,SN,Seneca Valley HS Guard,53.75,9.81,11.14,11.0,10.7
2025,6,SN,Seneca Valley HS Guard,65.26,11.75,12.61,15.4,14.6
2025,7,SN,Seneca Valley HS Guard,68.2,12.42,13.88,15.3,13.0
2025,9,SN,Seneca Valley HS Guard,72.89,14.48,14.61,14.6,15.0
2025,10,SN,Seneca Valley HS Guard,77.481,15.94,15.94,15.2,14.2
2025,6,GJHSA,Sequoia MS Winterguard (Fresno),51.59,103.5,97.4,9.3,10.4
2025,10,GJHSA,Sequoia MS Winterguard (Fresno),65.09,127.4,123.5,13.0,13.9
2025,4,R1,Sequoia MS Winterguard (Porterville),50.43,112.1,110.2,9.0,9.8
2025,8,GJHSA,Sequoia MS Winterguard (Porterville),60.43,121.5,112.8,12.4,12.5
2025,9,GJHSA,Sequoia MS Winterguard (Porterville),59.71,126.7,117.4,11.5,11.6
2025,10,GJHSA,Sequoia MS Winterguard (Porterville),66.76,130.1,133.5,13.3,13.5
2025,9,SRA,Sequoyah Guard,64.48,12.74,13.54,13.4,12.4
2025,10,SRA,Sequoyah Guard,65.351,13.01,13.14,13.5,12.7
2025,4,B2,Serrano HS,71.801,21.6,14.2,22.0,14.0
2025,7,B1,Serrano HS,76.15,23.55,15.6,20.9,16.1
2025,8,B1,Serrano HS,75.2,22.8,14.3,23.9,14.2
2025,9,R1,Serrano HS,76.8,25.2,14.6,22.2,14.8
2025,2,PSJ,Serrano IS,66.15,19.05,14.2,20.7,12.2
2025,8,PSJ,Serrano IS,78.1,21.6,16.3,24.2,16.0
2025,10,PSJ,Serrano IS,87.976,27.075,17.9,25.7,17.3
2025,4,SN,Severn Run HS,51.86,9.75,10.61,10.6,10.3
2025,6,SN,Severn Run HS,63.081,12.28,12.8,13.9,12.7
2025,8,SN,Severn Run HS,70.92,14.81,13.21,14.2,14.8
2025,9,SN,Severn Run HS,71.52,15.01,14.21,13.8,13.9
2025,10,SN,Severn Run HS,75.431,15.54,15.54,14.5,14.6
2025,8,C,Seymour Cadet,73.62,14.34,14.68,15.9,14.4
2025,9,C,Seymour Cadet,76.52,15.41,15.21,15.3,15.0
2025,3,SRA,Seymour JV,55.36,10.43,11.13,12.3,10.3
2025,9,SRA,Seymour JV,70.45,13.81,14.14,14.6,14.4
2025,10,SRA,Seymour JV,74.15,14.74,14.21,14.2,15.1
2025,2,PSA,Seymour Percussion,66.8,19.5,20.7,13.0,13.6
2025,5,PSA,Seymour Percussion,70.15,20.9,20.55,14.3,14.4
2025,10,PSA,Seymour Percussion,81.2,23.9,24.45,16.85,16.0
2025,3,SO,Seymour Varsity,53.4,10.3,10.3,12.3,9.9
2025,9,SO,Seymour Varsity,73.9,16.0,14.6,14.3,14.5
2025,10,SO,Seymour Varsity,75.8,15.9,15.8,14.6,14.1
2025,6,SRA,Shenandoah Valley Winter Guard,69.79,14.68,14.21,13.8,13.6
2025,8,SRA,Shenandoah Valley Winter Guard,75.65,15.01,16.14,14.5,15.7
2025,9,SRA,Shenandoah Valley Winter Guard,73.781,15.41,14.47,14.6,14.8
2025,5,PIO,Siege Percussion,77.05,23.25,13.8,24.6,15.4
2025,12,R2,Siege Percussion,81.875,24.975,16.1,24.65,16.15
2025,4,GHSSA,Sierra Pacific HS JV Winterguard,59.35,120.1,117.4,11.2,12.8
2025,9,GHSSA,Sierra Pacific HS JV Winterguard,72.3,145.4,150.6,14.4,14.4
2025,10,GHSSA,Sierra Pacific HS JV Winterguard,77.371,158.7,152.0,15.0,15.1
2025,4,R2,Sierra Pacific HS Percussion,66.225,21.05,20.775,11.6,12.8
2025,8,PHSSRA,Sierra Pacific HS Percussion,73.751,22.6,23.55,15.0,12.6
2025,9,PHSSRA,Sierra Pacific HS Percussion,74.15,21.5,22.65,15.3,14.7
2025,4,GHSSO,Sierra Pacific HS Varsity Winterguard,63.0,13.1,12.3,12.8,12.7
2025,9,GHSSO,Sierra Pacific HS Varsity Winterguard,76.6,13.7,15.5,15.8,16.1
2025,10,GHSSO,Sierra Pacific HS Varsity Winterguard,83.4,16.4,16.8,16.9,15.8
2025,6,B1,Sierra Vista HS,68.601,20.7,13.4,21.0,13.5
2025,8,B2,Sierra Vista HS,70.751,22.05,12.8,23.2,12.7
2025,9,R2,Sierra Vista HS,70.0,21.3,13.5,21.1,14.1
2025,5,SRA,Silver Creek HS,56.56,11.88,11.68,10.7,11.3
2025,9,PR,Silver Creek HS,74.5,13.87,14.33,14.6,15.1
2025,10,SRA,Silver Creek HS,79.6,14.87,16.93,15.5,16.2
2025,2,PSA,Simi Valley HS,62.85,19.65,11.9,18.0,13.3
2025,4,PSA,Simi Valley HS,69.701,21.0,12.6,22.6,13.5
2025,7,B2,Simi Valley HS,73.451,23.85,14.5,19.5,15.6
2025,9,R4,Simi Valley HS,72.25,21.45,14.6,21.6,14.6
2025,2,PR,Simon Kenton Guard,51.1,10.42,11.48,9.3,11.4
2025,4,SRA,Simon Kenton Guard,54.43,9.88,11.95,9.6,12.5
2025,5,SRA,Simon Kenton Guard,62.63,11.82,14.01,12.4,12.3
2025,7,PR,Simon Kenton Guard,69.79,14.01,14.48,14.0,13.1
2025,8,SRA,Simon Kenton Guard,67.071,13.36,13.81,12.9,13.3
2025,9,PR,Simon Kenton Guard,68.951,14.14,14.01,12.9,13.8
2025,10,SRA,Simon Kenton Guard,70.441,14.54,15.2,13.2,13.8
2025,8,PSA,Skyview HS,67.251,20.25,12.2,22.8,12.0
2025,2,PSRA,Soddy Daisy Indoor Percussion,58.301,18.3,17.1,11.4,11.5
2025,5,PSRA,Soddy Daisy Indoor Percussion,62.55,19.4,18.45,12.4,12.3
2025,1,SRA,Soddy-Daisy Winterguard,53.675,10.28,10.02,11.0,11.075
2025,5,SRA,Soddy-Daisy Winterguard,58.436,11.615,11.82,12.1,11.5
2025,10,R2,Soddy-Daisy Winterguard,74.821,14.81,14.61,15.2,15.3
2025,5,PSA,Souderton High School,70.2,22.1,20.55,14.15,13.4
2025,8,PSA,Souderton High School,76.901,22.7,24.9,14.7,14.6
2025,8,PSA,South Albany HS,78.9,23.4,15.8,23.9,15.8
2025,12,R2,South Albany HS,78.825,23.775,16.05,23.1,15.9
2025,7,PSO,South County Combined Schools,83.9,24.3,16.4,26.6,16.6
2025,12,R4,South County Combined Schools,85.488,26.362,16.85,25.375,16.9
2025,12,R2,South Forsyth HS,85.251,25.65,18.2,25.2,16.2
2025,3,B2,South Hills HS,78.4,22.5,17.0,22.2,16.7
2025,6,B1,South Hills HS,78.95,23.25,15.2,24.2,16.3
2025,8,B1,South Hills HS,86.25,25.35,17.6,25.3,18.0
2025,10,R1,South Hills HS,91.2,27.6,18.6,26.7,18.3
2025,11,PSA,South Hills HS,92.363,28.613,18.1,27.35,18.3
2025,7,PSO,South Jones HS,75.501,23.4,14.3,22.8,15.0
2025,12,R3,South Jones HS,87.864,26.663,17.3,26.8,17.1
2025,6,PSA,South Lyon Percussion (SLP),67.2,18.6,14.1,21.3,13.2
2025,10,PSA,South Lyon Percussion (SLP),68.95,21.45,14.4,19.0,14.1
2025,11,PSA,South Lyon Percussion (SLP),73.675,23.025,14.7,20.6,15.35
2025,3,SA,South Oldham HS,64.16,13.61,13.55,12.6,12.2
2025,7,SA,South Oldham HS,74.251,14.61,14.54,14.3,14.7
2025,10,BR,South Oldham HS,83.741,17.27,17.47,16.6,16.3
2025,2,PSO,South Torrance HS,67.975,21.975,12.7,20.5,12.8
2025,4,PSO,South Torrance HS,73.9,22.5,14.0,23.9,13.5
2025,8,PSO,South Torrance HS,79.526,24.825,15.7,22.4,16.6
2025,10,R1,South Torrance HS,83.701,23.4,17.1,27.0,16.2
2025,11,PSO,South Torrance HS,83.125,25.125,15.95,25.9,16.15
2025,7,PSA,Southaven HS,70.5,19.2,13.4,23.6,14.3
2025,7,PSA,Southern Regional,80.25,23.1,26.1,14.95,16.1
2025,8,PSA,Southern Regional,82.5,24.9,25.5,16.1,16.0
2025,9,PSA,Southern Regional HS,78.3,22.35,15.85,24.3,15.8
2025,9,PSA,Southern Tioga Percussion Ensemble,73.75,20.7,22.65,14.7,15.7
2025,9,PSO,Southlake Carroll HS,77.85,24.15,14.8,24.2,14.7
2025,12,R3,Southlake Carroll HS,81.125,24.075,16.05,24.7,16.3
2025,9,PSO,Southmoore HS,79.951,24.6,16.7,22.6,16.05
2025,8,PSA,Southridge HS,77.05,23.85,15.0,23.9,14.3
2025,6,PSW,Sparkman HS,80.4,24.3,16.5,23.3,16.3
2025,12,R2,Sparkman HS,86.576,26.325,17.2,26.65,16.4
2025,8,PIO,Sparta Indoor Percussion,83.95,24.75,16.6,25.9,16.7
2025,7,PIO,Spectre Percussion,88.7,27.3,17.5,26.5,17.4
2025,12,PIO,Spectre Percussion,94.925,28.95,19.35,27.475,19.15
2025,4,GIRA,Spin Academy,52.57,105.5,92.2,11.3,10.6
2025,9,GIRA,Spin Academy,56.58,113.4,113.4,11.5,11.4
2025,10,GIRA,Spin Academy,62.7,132.2,122.8,12.3,12.9
2025,0,SRA,Spring Grove HS Guard,64.02,11.08,12.14,13.7,13.7
2025,2,SRA,Spring Grove HS Guard,59.92,12.28,13.14,8.9,12.0
2025,4,SRA,Spring Grove HS Guard,66.48,13.34,13.54,12.9,12.6
2025,9,SRA,Spring Grove HS Guard,75.861,14.28,16.08,15.3,14.7
2025,6,PSA,Spring Hill HS,81.9,24.9,16.3,23.8,16.9
2025,12,R2,Spring Hill HS,81.463,24.413,16.15,25.2,15.7
2025,5,SRA,Spring Valley HS (IN),52.261,9.82,11.14,9.7,10.7
2025,5,PSO,Spring-Ford HS,73.15,23.5,21.15,14.3,14.2
2025,7,PSO,Spring-Ford HS,81.05,23.9,25.35,16.2,15.6
2025,8,PSO,Spring-Ford HS,84.6,26.0,26.4,16.3,15.9
2025,9,PSO,Spring-Ford HS,90.525,27.375,18.1,27.25,17.8
2025,10,PSO,Spring-Ford HS,89.3,27.8,26.4,16.5,18.6
2025,11,PSO,Spring-Ford HS,91.7,27.7,27.9,17.4,18.7
2025,12,R3,Spring-Ford HS,88.438,26.137,17.75,26.65,17.9
2025,12,R1,Springboro HS,86.475,26.625,17.7,25.0,17.15
2025,3,SA,Springfield. KY,58.82,12.46,11.46,11.8,11.1
2025,7,SA,Springfield. KY,61.83,12.42,12.61,12.6,11.7
2025,8,SA,Springfield. KY,68.73,13.88,13.35,12.5,14.2
2025,10,BR,Springfield. KY,69.491,13.75,14.54,13.3,13.9
2025,6,SA,Springs Valley HS (WV),50.671,10.35,10.42,9.7,10.1
2025,8,SA,Springs Valley HS (WV),57.871,11.36,12.61,11.2,11.0
2025,2,PSA,St. Genevieve HS,64.901,19.35,12.8,19.4,13.35
2025,4,B2,St. Genevieve HS,74.401,22.5,13.8,23.5,14.6
2025,6,B1,St. Genevieve HS,69.101,21.6,13.9,19.9,13.7
2025,8,B1,St. Genevieve HS,75.0,22.5,14.2,23.5,14.8
2025,8,PSA,Standley Lake HS,76.7,23.1,15.7,22.7,15.2
2025,7,PSA,Starkville HS,75.25,21.6,16.2,23.75,13.7
2025,12,R3,Starkville HS,81.475,24.0,16.4,24.4,16.675
2025,2,PSO,Stockdale HS,75.75,23.25,15.0,22.3,15.2
2025,6,PSO,Stockdale HS,83.6,24.9,16.7,25.3,16.7
2025,8,PSW,Stockdale HS,82.9,24.9,16.6,25.1,16.3
2025,9,PSW,Stockdale HS,84.439,25.087,16.85,25.8,16.7
2025,10,PSW,Stockdale HS,84.551,25.35,16.9,25.2,17.1
2025,11,PSW,Stockdale HS,84.926,25.275,17.0,26.3,16.35
2025,5,PSO,Stoneman Douglas HS,66.65,19.05,12.7,22.3,12.6
2025,6,PSO,Summit HS (TN),75.1,22.5,15.1,22.8,14.7
2025,9,PIO,Sun City Independent,80.5,24.0,16.8,24.0,15.7
2025,12,R2,Sun City Independent,85.538,26.212,16.825,25.7,16.8
2025,9,SRA,Sunbright Winter Guard,56.031,10.82,11.21,11.0,11.2
2025,2,PJHSA,Sundale Union Percussion,57.8,19.1,16.5,11.8,10.4
2025,6,PJHSA,Sundale Union Percussion,62.1,18.5,19.2,12.8,11.6
2025,8,PJHSA,Sundale Union Percussion,63.05,17.5,18.75,13.4,13.4
2025,9,PJHSA,Sundale Union Percussion,72.8,24.4,20.1,14.5,13.8
2025,6,GJHSO,Sundale Union Winterguard,57.18,128.7,116.1,10.3,11.4
2025,8,GJHSO,Sundale Union Winterguard,61.24,127.5,114.9,12.8,12.9
2025,9,GJHSO,Sundale Union Winterguard,62.791,132.1,128.8,11.4,12.6
2025,10,GJHSO,Sundale Union Winterguard,66.941,131.5,132.9,13.8,13.7
2025,5,PSA,Sunlake HS,77.25,24.75,15.2,21.7,15.6
2025,12,R2,Sunlake HS,82.725,24.375,16.55,24.95,16.85
2025,4,B1,Sunny Hills HS,75.15,22.95,14.4,22.9,14.9
2025,6,B1,Sunny Hills HS,76.1,22.8,15.6,22.0,15.7
2025,8,B1,Sunny Hills HS,81.2,23.4,16.4,24.7,16.7
2025,9,R1,Sunny Hills HS,88.25,26.1,18.25,26.2,17.7
2025,10,R2,Sunny Hills HS,89.35,26.55,17.1,28.3,17.4
2025,11,PSA,Sunny Hills HS,87.464,26.962,16.0,27.15,17.35
2025,2,SRA,Susquehannock HS Guard,60.35,11.61,12.94,10.4,12.4
2025,5,SRA,Susquehannock HS Guard,64.53,12.49,13.54,12.2,13.0
2025,7,SRA,Susquehannock HS Guard,72.62,14.21,14.01,14.4,15.3
2025,8,SRA,Susquehannock HS Guard,74.45,14.81,14.74,15.0,14.6
2025,6,P-SA,Susquehannock HS Percussion,78.85,25.35,22.5,15.7,15.3
2025,7,P-SA,Susquehannock HS Percussion,81.35,24.15,24.9,16.1,16.2
2025,10,P-SA,Susquehannock HS Percussion,86.65,27.3,25.425,17.0,16.925
2025,1,SA,Sycamore HS,55.42,11.54,11.88,10.6,11.1
2025,5,SA,Sycamore HS,65.24,13.55,13.59,13.0,12.3
2025,7,SA,Sycamore HS,67.12,13.95,14.47,13.0,12.5
2025,10,PR,Sycamore HS,69.841,14.47,14.27,13.6,13.8
2025,12,R4,Sycamore HS,90.838,27.188,18.45,26.925,18.275
2025,9,PIO,Synergy,84.35,25.65,16.9,24.5,17.3
2025,12,R1,Synergy,85.225,26.175,16.35,25.05,17.65
2025,6,PSW,T.L. Hanna HS,70.4,20.7,14.7,20.7,14.3
2025,8,SJ,Tates Creek MS,57.37,11.67,12.0,11.5,11.0
2025,1,SRA,Taylor HS,60.92,12.07,11.75,12.3,12.2
2025,5,SRA,Taylor HS,71.89,14.01,13.88,14.8,14.7
2025,7,BR,Taylor HS,75.4,15.13,14.27,14.4,15.5
2025,9,PR,Taylor HS,77.42,15.68,15.94,14.5,15.6
2025,10,SRA,Taylor HS,80.791,16.66,16.13,14.6,16.7
2025,4,PSA,Temecula Valley HS,63.25,19.5,12.95,19.3,11.5
2025,7,B1,Temecula Valley HS,68.201,20.7,13.9,18.3,15.3
2025,8,B2,Temecula Valley HS,64.901,19.5,12.6,19.9,12.9
2025,9,R4,Temecula Valley HS,66.2,21.3,12.8,19.6,12.5
2025,6,B2,Temescal Canyon HS,65.051,19.95,12.6,19.9,12.6
2025,7,B2,Temescal Canyon HS,68.351,21.45,14.4,18.5,14.0
2025,9,R3,Temescal Canyon HS,69.55,21.75,13.8,19.4,14.6
2025,6,B1,Temple City HS,80.95,24.15,16.8,25.2,14.8
2025,7,B1,Temple City HS,85.7,24.9,18.0,25.5,17.3
2025,9,R3,Temple City HS,90.9,27.0,19.05,26.9,17.95
2025,10,R2,Temple City HS,91.5,27.9,18.4,27.0,18.2
2025,11,PSA,Temple City HS,90.975,28.425,17.9,27.325,17.325
2025,12,PSA,Temple City HS,91.589,28.163,18.625,25.925,18.875
2025,7,PSO,Terrebonne Parish Combined Schools,73.551,20.85,14.0,23.9,14.8
2025,6,PSA,Terry HS,81.95,25.05,17.0,24.8,15.1
2025,8,B1,Tesoro HS,74.15,23.25,13.2,24.1,13.6
2025,4,SRA,The Collective Guard,63.65,13.74,13.01,12.3,12.6
2025,7,SRA,The Collective Guard,71.32,15.01,14.81,14.5,13.4
2025,8,SRA,The Collective Guard,76.85,15.41,15.94,16.3,14.6
2025,10,SRA,The Collective Guard,81.38,16.28,16.2,16.4,16.3
2025,6,IO,The Magnolia Project,71.6,14.4,14.0,14.3,14.5
2025,10,IO,The Magnolia Project,77.5,16.2,15.2,15.6,15.3
2025,8,PIW,Thesis,85.25,24.75,16.6,26.2,17.7
2025,9,PIW,Thesis,85.526,25.65,16.9,26.1,16.875
2025,7,PSO,Thomas Jefferson HS,82.75,24.45,15.6,26.5,16.2
2025,2,SRA,Thomas S. Wootton HS Guard,67.71,13.34,12.87,15.1,12.8
2025,6,SRA,Thomas S. Wootton HS Guard,74.45,15.01,14.74,15.8,14.7
2025,8,SRA,Thomas S. Wootton HS Guard,78.19,15.28,16.41,16.1,15.2
2025,9,SRA,Thomas S. Wootton HS Guard,76.49,15.75,14.94,15.4,15.5
2025,3,B1,Thousand Oaks HS,66.101,20.4,13.4,18.9,13.4
2025,6,B2,Thousand Oaks HS,67.801,20.4,13.1,20.5,13.8
2025,9,R3,Thousand Oaks HS,76.2,24.6,15.2,21.1,15.3
2025,12,R4,Timberland Combined Schools,87.839,26.363,17.425,26.65,17.4
2025,9,PIA,Toms River Percussion,71.375,21.525,14.65,21.2,14.0
2025,2,PSA,Torrance HS,62.65,18.0,12.6,19.1,12.95
2025,7,B2,Torrance HS,69.651,22.05,14.0,19.7,13.9
2025,9,R1,Torrance HS,71.5,21.15,14.45,22.4,13.5
2025,9,PSO,Torres HS,83.239,24.262,16.3,26.0,16.675
2025,2,PHSSA,Torres HS Percussion,75.75,21.9,22.95,15.4,15.5
2025,4,PHSSA,Torres HS Percussion,74.7,19.6,23.7,15.4,16.0
2025,6,PHSSO,Torres HS Percussion,77.0,21.3,23.4,15.9,16.4
2025,8,PHSSO,Torres HS Percussion,83.4,23.7,26.4,16.6,16.7
2025,10,PHSSO,Torres HS Percussion,87.25,25.6,26.25,17.6,17.8
2025,2,GHSSA,Torres HS Winterguard,51.79,85.5,97.4,11.6,11.6
2025,4,GHSSA,Torres HS Winterguard,57.86,118.8,112.8,11.2,11.8
2025,6,GHSSA,Torres HS Winterguard,65.0,135.6,131.4,12.8,12.9
2025,9,GHSSA,Torres HS Winterguard,73.95,149.4,152.1,14.7,14.8
2025,10,GHSSA,Torres HS Winterguard,79.88,160.7,160.1,15.9,16.1
2025,4,PSJ,Townsend JHS,80.75,24.45,15.9,24.5,15.9
2025,6,PSJ,Townsend JHS,89.2,26.7,17.9,27.2,17.4
2025,8,PSJ,Townsend JHS,90.25,27.15,17.9,28.0,17.2
2025,10,PSJ,Townsend JHS,97.013,29.362,19.65,29.25,18.75
2025,5,IA,Towson University Guard,64.39,10.95,13.34,12.9,13.4
2025,7,IA,Towson University Guard,73.55,15.41,14.94,14.4,14.5
2025,3,B2,Trabuco Hills HS,71.6,21.9,13.6,21.2,14.9
2025,6,B2,Trabuco Hills HS,72.35,21.45,13.3,22.4,15.2
2025,8,B2,Trabuco Hills HS,81.025,24.225,16.3,24.4,16.1
2025,9,R1,Trabuco Hills HS,89.25,27.15,18.8,26.1,17.2
2025,10,R2,Trabuco Hills HS,89.7,27.6,17.5,27.5,17.1
2025,11,PSA,Trabuco Hills HS,88.464,26.812,16.725,27.05,17.875
2025,8,PIO,Tri-City Percussion,79.9,22.5,16.2,25.2,16.0
2025,12,R1,Tri-City Percussion,79.0,24.6,15.25,23.0,16.15
2025,6,B1,Troy HS,72.501,20.7,13.8,21.8,16.2
2025,7,B1,Troy HS,75.951,23.25,14.4,21.9,16.4
2025,9,R2,Troy HS,73.2,21.45,16.0,20.6,15.15
2025,12,R3,Troy HS,83.325,23.7,16.85,25.4,17.375
2025,7,PSO,Trumbull HS,81.6,24.9,15.8,25.2,15.7
2025,9,PSO,Trumbull HS,82.251,24.15,17.0,25.5,15.6
2025,12,R3,Trumbull HS,84.95,26.25,16.9,25.05,16.75
2025,3,PSJ,Tuffree MS,64.9,19.5,12.8,18.9,13.7
2025,6,PSJ,Tuffree MS,76.65,22.95,14.6,24.9,14.2
2025,10,PSJ,Tuffree MS,86.451,26.55,17.4,25.9,16.6
2025,2,PHSSO,Tulare Union HS Percussion,63.8,19.6,19.2,12.1,12.9
2025,4,PHSSO,Tulare Union HS Percussion,63.25,17.7,18.45,12.5,14.6
2025,8,PHSSO,Tulare Union HS Percussion,65.15,18.4,18.15,15.4,13.2
2025,9,PHSSO,Tulare Union HS Percussion,74.1,20.8,22.2,15.8,15.3
2025,10,PHSSO,Tulare Union HS Percussion,76.55,22.2,22.95,15.8,15.6
2025,2,R1,Tulare Union HS Winterguard,52.86,11.78,11.58,10.8,10.6
2025,4,R1,Tulare Union HS Winterguard,64.26,13.34,12.92,13.0,13.1
2025,8,GHSSA,Tulare Union HS Winterguard,63.001,12.08,11.82,13.6,13.5
2025,9,GHSSA,Tulare Union HS Winterguard,67.65,15.07,13.08,14.2,12.7
2025,10,GHSSA,Tulare Union HS Winterguard,74.481,15.07,14.8,15.4,14.0
2025,4,R2,Tulare Western HS Percussion,58.851,17.6,18.15,10.8,12.3
2025,6,PHSSRA,Tulare Western HS Percussion,54.2,17.1,9.6,17.1,10.4
2025,8,PHSSRA,Tulare Western HS Percussion,57.35,17.25,10.5,17.8,11.8
2025,9,PHSSRA,Tulare Western HS Percussion,63.4,18.6,12.2,20.0,12.6
2025,4,R2,Tulare Western HS Winterguard A,55.22,11.76,10.66,11.3,10.3
2025,8,GHSSRA,Tulare Western HS Winterguard A,63.04,11.82,13.32,12.2,13.1
2025,10,GHSSRA,Tulare Western HS Winterguard A,67.021,14.1,13.62,12.8,13.5
2025,4,R1,Tulare Western HS Winterguard B,53.361,10.44,11.72,9.9,10.7
2025,6,GHSSRA,Tulare Western HS Winterguard B,55.96,10.88,11.5,11.2,11.2
2025,8,GHSSRA,Tulare Western HS Winterguard B,58.421,11.36,11.36,11.6,12.3
2025,10,GHSSRA,Tulare Western HS Winterguard B,63.501,13.04,12.56,12.3,13.0
2025,7,PSO,Tupelo HS,72.826,21.825,13.8,23.2,14.0
2025,5,PSA,Twin Valley HS,67.4,20.3,21.6,12.4,13.1
2025,6,PSA,Twin Valley HS,75.601,23.3,23.1,15.2,14.0
2025,7,PSA,Twin Valley HS,69.35,19.5,22.35,13.3,14.2
2025,10,PSA,Twin Valley HS,70.35,22.1,21.45,13.2,13.6
2025,11,PSA,Twin Valley HS,73.4,22.8,22.2,13.6,14.8
2025,9,PIO,UTSA,88.2,26.4,17.8,26.3,17.7
2025,12,PIO,UTSA,95.388,28.987,18.7,28.75,18.95
2025,6,PSO,Union HS,82.25,25.65,16.9,23.4,16.3
2025,12,PSO,Union HS,91.739,27.262,18.7,27.25,18.525
2025,5,PSA,Unionville HS,80.45,24.3,24.75,16.3,15.1
2025,6,PSA,Unionville HS,82.95,23.6,25.95,16.9,16.5
2025,7,ME,Unionville HS,86.1,26.2,27.6,16.4,15.9
2025,9,PSA,Unionville HS,92.063,27.788,18.65,27.425,18.2
2025,10,PSA,Unionville HS,92.05,27.8,27.15,18.0,19.1
2025,11,PSA,Unionville HS,92.375,27.9,27.075,18.5,18.9
2025,12,PSA,Unionville HS,93.625,28.875,19.075,27.525,18.15
2025,7,PIW,United Percussion,87.85,26.25,17.3,27.0,17.3
2025,9,PIW,United Percussion,92.5,28.05,18.65,27.4,18.4
2025,10,PIW,United Percussion,91.35,28.3,26.55,17.7,18.8
2025,12,PIW,United Percussion,93.414,28.087,18.7,28.15,18.475
2025,7,PIO,United Percussion 2,80.95,24.15,15.6,25.6,15.6
2025,8,PIO,United Percussion 2,84.0,26.5,26.1,15.6,15.8
2025,9,PIO,United Percussion 2,88.95,26.85,17.9,26.8,17.4
2025,10,PIO,United Percussion 2,88.75,27.6,25.65,17.7,17.8
2025,12,R2,United Percussion 2,91.563,26.812,18.7,27.95,18.1
2025,5,PSO,University HS,70.0,20.1,12.9,22.8,14.2
2025,6,PSA,University HS,72.451,22.35,14.1,21.7,14.3
2025,2,PSA,Upland HS,74.8,22.5,14.8,22.4,15.1
2025,4,B2,Upland HS,83.55,25.35,16.7,25.0,16.5
2025,6,B2,Upland HS,86.3,26.1,17.7,25.1,17.4
2025,7,B1,Upland HS,88.7,26.4,18.2,26.3,17.8
2025,9,R4,Upland HS,87.725,25.725,18.4,25.2,18.4
2025,10,R1,Upland HS,92.375,26.775,19.0,28.2,18.4
2025,11,PSA,Upland HS,93.875,28.95,18.15,28.4,18.375
2025,5,PSA,Upper Darby,74.351,24.65,23.1,12.9,13.7
2025,6,PSA,Upper Darby,79.9,24.6,24.75,16.25,14.3
2025,7,PSA,Upper Darby,74.1,20.5,25.5,13.6,14.5
2025,8,PSA,Upper Darby,75.7,21.85,25.65,13.7,14.5
2025,10,PSA,Upper Darby,77.65,25.05,22.65,16.0,13.95
2025,11,PSA,Upper Darby,78.55,24.2,23.85,15.6,14.9
2025,4,PSA,Upper Dublin,62.95,19.2,19.05,11.9,12.8
2025,5,PRA(,Upper Dublin,70.925,21.975,21.0,13.25,14.7
2025,6,PRA(,Upper Dublin,76.375,23.325,23.1,14.75,15.2
2025,8,PRA(,Upper Dublin,72.75,18.9,22.8,15.35,15.7
2025,10,PRA(,Upper Dublin,79.425,24.825,22.5,15.1,17.0
2025,11,PRA(,Upper Dublin,80.25,24.15,23.1,16.3,16.7
2025,4,PSA,Upper Moreland,72.001,22.45,22.05,13.3,14.2
2025,5,PSA,Upper Moreland,72.451,22.0,22.8,13.85,13.8
2025,8,PSA,Upper Moreland,81.15,25.5,24.75,15.2,15.7
2025,10,PSA,Upper Moreland,83.251,25.3,26.25,16.9,14.8
2025,11,PSA,Upper Moreland,83.501,25.3,25.95,16.7,15.55
2025,4,SRA,Urbana HS Guard,66.12,13.68,13.74,13.1,12.9
2025,6,SRA,Urbana HS Guard,73.51,16.07,14.94,14.0,14.2
2025,9,SRA,Urbana HS Guard,78.18,16.54,16.14,15.1,15.1
2025,0,P-SA,Urbana High School Indoor Percussion,61.001,17.85,19.05,12.0,12.1
2025,6,P-SA,Urbana High School Indoor Percussion,73.751,24.0,21.15,14.7,13.9
2025,8,P-SA,Urbana High School Indoor Percussion,78.75,25.65,21.6,15.3,16.2
2025,10,P-SA,Urbana High School Indoor Percussion,81.276,26.25,23.55,15.55,15.925
2025,3,PSO,Valencia HS,72.5,22.2,14.2,21.2,14.9
2025,6,PSO,Valencia HS,77.5,23.1,15.4,22.3,16.7
2025,8,PSO,Valencia HS,86.925,27.225,17.3,25.6,16.8
2025,10,R2,Valencia HS,89.475,25.875,18.4,27.4,17.8
2025,11,PSO,Valencia HS,89.013,26.587,17.275,27.25,17.9
2025,7,B1,Valhalla HS,72.551,22.35,14.8,20.4,15.0
2025,2,PIA,Valley Independent Percussion,72.85,21.7,19.65,16.1,15.4
2025,4,PIA,Valley Independent Percussion,72.1,19.8,21.6,15.2,15.5
2025,6,PIA,Valley Independent Percussion,75.8,23.0,21.3,15.0,16.5
2025,8,PIA,Valley Independent Percussion,76.2,24.1,20.7,15.6,15.8
2025,9,PIA,Valley Independent Percussion,79.55,24.3,22.05,17.1,16.1
2025,10,PIA,Valley Independent Percussion,79.65,24.7,22.95,16.2,15.8
2025,2,PSA,Valley View HS,63.576,19.875,12.1,18.6,13.0
2025,4,PSA,Valley View HS,65.85,20.85,13.1,20.6,11.3
2025,7,B1,Valley View HS,69.851,21.45,13.8,19.6,15.0
2025,9,R4,Valley View HS,66.9,20.7,12.6,19.7,13.9
2025,4,GSRA,Valley View Winter Guard,63.14,12.86,12.08,12.5,12.7
2025,7,GSRA,Valley View Winter Guard,70.2,13.58,14.5,13.7,14.3
2025,9,GSRA,Valley View Winter Guard,75.6,14.72,15.28,15.1,15.3
2025,4,PSA,Van Buren HS Indoor Percussion,74.25,22.05,15.2,22.4,14.6
2025,8,PSA,Van Buren HS Indoor Percussion,78.95,24.75,15.8,23.1,15.3
2025,9,PSA,Van Buren HS Indoor Percussion,81.6,24.3,17.1,23.6,16.6
2025,4,GSN,Van Buren High School Junior Varsity Winter Guard,70.52,13.98,13.84,14.4,15.2
2025,6,PIO,Veritas,83.85,24.75,17.3,25.4,16.4
2025,12,PIO,Veritas,97.85,29.775,19.75,28.65,19.675
2025,4,PSO,Victor,71.95,21.3,22.65,14.3,13.7
2025,6,PSO,Victor,76.65,23.2,23.55,15.4,14.5
2025,8,PSO,Victor,81.75,24.1,25.35,16.6,15.7
2025,10,PSO,Victor,82.15,25.6,24.15,16.0,16.4
2025,9,PSO,Victor HS,81.176,25.125,16.3,23.65,16.1
2025,4,PSO,Victor J. Andrew HS,76.55,22.95,15.4,23.3,14.9
2025,6,PSO,Victor J. Andrew HS,85.7,26.4,16.95,24.85,17.5
2025,12,PSO,Victor J. Andrew HS,96.763,29.062,19.35,28.925,19.425
2025,9,PIW,Vigilantes Indoor Percussion,86.4,26.4,17.3,25.2,17.5
2025,12,PIW,Vigilantes Indoor Percussion,84.65,25.575,16.55,25.675,16.85
2025,9,GJHSA,Visalia,51.52,97.4,102.8,10.7,11.0
2025,10,GJHSA,Visalia,55.201,113.5,113.5,10.6,10.4
2025,6,PIO,Vision Percussion,79.75,23.85,15.6,24.3,16.0
2025,9,PIO,Vision Percussion,85.1,25.5,17.25,26.2,16.15
2025,12,R2,Vision Percussion,85.288,24.562,16.95,27.225,16.55
2025,4,PSW,Vista Murrieta HS,84.05,25.05,16.8,25.0,17.2
2025,7,PSW,Vista Murrieta HS,88.15,27.45,17.7,25.4,17.6
2025,9,PSW,Vista Murrieta HS,92.075,27.825,18.35,27.4,18.5
2025,10,PSW,Vista Murrieta HS,94.05,27.75,18.5,29.1,18.7
2025,11,PSW,Vista Murrieta HS,95.263,29.062,18.9,28.45,18.85
2025,5,PIA,Vortex Percussion,73.05,23.25,14.3,21.4,14.1
2025,7,PIA,Vortex Percussion,77.75,23.85,14.9,24.0,15.0
2025,9,PIA,Vortex Percussion,81.0,25.5,14.5,24.3,16.7
2025,11,PIA,Vortex Percussion,82.05,25.95,16.7,24.0,15.4
2025,12,PIA,Vortex Percussion,84.226,26.025,17.0,24.35,16.85
2025,5,SA,WB Blue,54.88,11.14,10.74,11.2,10.8
2025,9,SA,WB Blue,64.86,13.02,13.34,13.0,13.0
2025,10,SA,WB Blue,71.451,15.21,15.94,12.4,13.7
2025,3,SRA,WB Orange,50.191,10.48,10.21,9.3,9.8
2025,5,SRA,WB Orange,58.75,12.68,11.67,11.1,11.5
2025,9,SRA,WB Orange,68.29,13.15,13.74,13.8,14.3
2025,10,SRA,WB Orange,70.02,14.01,13.81,13.7,13.7
2025,6,PSW,Walled Lake Consolidated Schools,79.2,24.6,15.2,23.9,15.5
2025,10,PSW,Walled Lake Consolidated Schools,87.5,25.8,18.5,26.2,17.0
2025,11,PSW,Walled Lake Consolidated Schools,91.525,27.975,18.45,27.65,17.45
2025,12,R2,Walled Lake Consolidated Schools,88.714,26.812,17.3,26.9,17.7
2025,4,B1,Walnut HS,68.801,21.3,13.5,21.4,12.6
2025,7,B1,Walnut HS,74.651,22.05,14.5,22.2,15.9
2025,8,B2,Walnut HS,74.2,24.3,12.8,23.7,13.4
2025,9,R1,Walnut HS,79.301,25.8,14.2,23.9,15.4
2025,10,R2,Walnut HS,82.25,25.2,15.9,25.75,15.4
2025,7,PSJ,Warm Springs MS,83.0,25.2,16.5,25.3,16.0
2025,8,PSJ,Warm Springs MS,88.05,25.65,17.5,27.1,17.8
2025,10,PSJ,Warm Springs MS,95.113,28.762,19.35,27.95,19.05
2025,3,SW,Warren Central HS,70.7,13.9,13.9,14.3,14.5
2025,7,SW,Warren Central HS,84.7,17.1,16.7,16.8,16.9
2025,10,SW,Warren Central HS,91.0,19.0,18.9,17.2,17.9
2025,6,PSO,Warren Central HS (IN),74.201,24.0,14.3,22.0,13.9
2025,12,R4,Warren Central HS (IN),81.938,25.087,16.25,23.9,16.7
2025,7,PSA,Warren Central HS (MS),80.401,22.8,17.4,23.5,16.7
2025,9,PSA,Warren Central HS (MS),84.05,25.95,16.7,24.7,16.7
2025,12,R3,Warren Central HS (MS),86.939,26.137,17.55,25.0,18.25
2025,2,PSA,Warren HS,70.25,19.95,14.3,21.5,14.5
2025,7,B2,Warren HS,75.8,24.0,15.2,20.0,16.6
2025,9,R3,Warren HS,78.701,23.7,16.3,22.5,16.2
2025,7,SJ,Washington Co,52.261,9.95,11.21,10.3,10.8
2025,9,SJ,Washington Co,61.06,12.21,11.35,12.3,12.7
2025,10,SJ,Washington Co,65.651,12.67,13.2,13.9,13.4
2025,3,SA,Washington Co HS,58.82,12.46,11.46,11.8,11.1
2025,7,SA,Washington Co HS,61.83,12.42,12.61,12.6,11.7
2025,8,SA,Washington Co HS,68.73,13.88,13.35,12.5,14.2
2025,10,BR,Washington Co HS,69.491,13.75,14.54,13.3,13.9
2025,6,P-SA,Washington County Indoor Percussion,70.901,23.55,21.75,12.6,13.0
2025,8,P-SA,Washington County Indoor Percussion,70.776,22.95,20.025,14.2,13.6
2025,9,P-SA,Washington County Indoor Percussion,72.201,22.95,21.15,14.3,13.8
2025,10,P-SA,Washington County Indoor Percussion,72.575,22.275,21.45,14.2,14.65
2025,0,SJ,Washington County Jr Winter Guard,65.79,12.35,12.54,13.8,14.1
2025,6,SJ,Washington County Jr Winter Guard,69.51,13.4,14.01,15.0,14.0
2025,7,SJ,Washington County Jr Winter Guard,72.72,13.81,14.21,15.2,14.6
2025,9,SJ,Washington County Jr Winter Guard,76.59,15.15,15.14,15.7,15.5
2025,10,SJ,Washington County Jr Winter Guard,84.84,17.87,17.47,16.7,16.2
2025,0,SA,Washington County Winter Guard,62.5,11.62,12.08,13.3,13.2
2025,6,SA,Washington County Winter Guard,73.74,15.47,13.67,14.8,15.4
2025,7,SA,Washington County Winter Guard,77.64,17.0,14.54,15.1,15.2
2025,9,SA,Washington County Winter Guard,77.52,15.21,15.21,15.6,15.6
2025,4,R2,Washington Union HS Winterguard,56.94,12.2,11.14,13.1,10.0
2025,6,GHSSRA,Washington Union HS Winterguard,65.38,14.32,13.86,14.6,11.4
2025,2,BR,Wayne Co,52.04,12.13,10.21,8.6,10.5
2025,5,SRA,Wayne Co,67.75,13.54,13.41,14.3,13.5
2025,8,SRA,Wayne Co,74.18,14.54,15.14,15.3,14.6
2025,9,PR,Wayne Co,75.571,14.61,15.46,15.4,14.3
2025,10,SRA,Wayne Co,76.79,15.13,15.46,14.8,15.7
2025,2,SRA,Waynesboro HS Guard,71.69,13.61,14.08,15.2,14.3
2025,7,SRA,Waynesboro HS Guard,77.21,15.74,15.67,16.0,15.2
2025,9,SRA,Waynesboro HS Guard,80.54,16.74,16.2,15.7,16.1
2025,10,SP-SA,Waynesboro HS Percussion,85.95,42.7,41.7,42.0,45.5
2025,2,SJ,Waynesboro MS Guard,55.03,9.15,9.28,12.0,12.7
2025,7,SJ,Waynesboro MS Guard,67.79,12.15,13.94,13.7,14.2
2025,9,SJ,Waynesboro MS Guard,71.05,14.01,14.14,14.3,14.6
2025,10,SJ,Waynesboro MS Guard,78.38,16.14,16.14,15.2,15.1
2025,9,PSA,Weatherford HS,81.25,24.75,16.5,24.9,15.1
2025,2,PJHSA,Weaver Middle School Percussion,63.25,21.5,18.9,12.2,10.65
2025,4,PJHSA,Weaver Middle School Percussion,65.75,21.8,19.05,11.7,13.2
2025,6,PJHSO,Weaver Middle School Percussion,67.25,21.3,19.95,13.6,12.4
2025,9,PJHSO,Weaver Middle School Percussion,76.45,24.8,21.75,13.9,16.0
2025,4,GJHSA,Weaver Middle School Winterguard,58.41,124.1,127.0,10.3,11.3
2025,8,GJHSO,Weaver Middle School Winterguard,69.77,144.9,130.8,13.8,14.4
2025,9,GJHSO,Weaver Middle School Winterguard,73.81,140.7,141.4,15.3,14.6
2025,10,GJHSO,Weaver Middle School Winterguard,78.79,143.5,155.4,16.3,16.6
2025,1,SRA,West Clermont HS,56.06,9.74,10.82,11.4,11.8
2025,5,SRA,West Clermont HS,69.92,11.88,14.74,15.5,14.4
2025,7,PR,West Clermont HS,74.55,14.61,15.14,15.2,14.8
2025,9,PR,West Clermont HS,75.291,15.08,15.41,13.9,14.8
2025,10,SRA,West Clermont HS,77.03,15.67,15.86,15.6,15.0
2025,5,SJ,West Clermont MS,56.43,11.48,10.35,11.9,11.3
2025,7,SJ,West Clermont MS,56.72,11.41,10.81,10.8,11.9
2025,3,PSO,West HS,76.35,22.35,15.0,23.6,15.4
2025,6,PSA,West HS,64.801,18.3,14.3,19.0,13.2
2025,7,PSO,West HS,82.15,25.65,16.0,23.9,16.6
2025,10,R2,West HS,82.001,23.85,15.65,26.3,16.2
2025,7,PSA,West Harrison HS,81.151,26.1,17.6,23.0,14.45
2025,2,PSRA,West High School Indoor Percussion,59.75,19.5,17.55,11.0,11.7
2025,5,PSRA,West High School Indoor Percussion,66.55,20.0,20.25,13.6,12.7
2025,7,PSRA,West High School Indoor Percussion,72.1,22.3,21.0,14.2,14.6
2025,10,PSRA,West High School Indoor Percussion,77.05,23.7,22.65,14.8,15.9
2025,3,SRA,West High School Winterguard,50.456,10.345,9.81,11.1,9.6
2025,5,SRA,West High School Winterguard,58.71,12.01,12.4,12.2,10.9
2025,10,SRA,West High School Winterguard,71.82,14.21,14.41,14.7,14.5
2025,2,IRA,West Inverness Ambition,53.55,11.41,12.74,9.5,12.3
2025,6,IRA,West Inverness Ambition,65.46,13.55,14.21,12.6,13.1
2025,7,IRA,West Inverness Ambition,69.41,14.74,15.87,13.3,12.6
2025,2,IS,West Inverness Resolve,53.65,11.41,12.34,9.3,9.1
2025,6,IS,West Inverness Resolve,67.46,13.48,13.28,13.9,13.3
2025,7,IS,West Inverness Resolve,68.59,13.55,14.34,13.1,13.9
2025,8,SJ,West Irvine ES,60.69,11.75,12.74,12.2,12.0
2025,9,SJ,West Irvine ES,61.53,12.68,12.55,11.6,12.3
2025,10,SJ,West Irvine ES,70.141,13.73,13.6,14.7,14.7
2025,7,PSA,West Jordan HS,65.901,20.4,13.8,18.9,12.8
2025,9,PSA,West Milford HS,87.388,27.113,17.6,25.375,17.3
2025,12,R1,West Milford HS,85.076,25.05,17.775,25.6,16.65
2025,5,PSA,West Orange HS,68.45,21.75,14.0,19.6,13.1
2025,8,PSO,West Park HS,83.45,24.15,16.3,25.9,17.1
2025,4,PSW,West Ranch HS,75.15,22.65,14.9,23.3,14.3
2025,7,PSW,West Ranch HS,80.15,26.25,15.5,22.6,15.8
2025,9,PSW,West Ranch HS,79.45,24.0,16.0,24.65,14.8
2025,10,PSW,West Ranch HS,81.051,24.15,16.1,25.0,15.8
2025,11,PSW,West Ranch HS,82.976,24.675,16.5,25.85,15.95
2025,0,P-SA,West Shore SD Percussion,70.35,22.2,20.55,14.5,13.1
2025,4,P-SA,West Shore SD Percussion,71.35,22.2,19.35,14.9,14.9
2025,5,P-SA,West Shore SD Percussion,81.15,23.85,27.6,15.2,14.5
2025,9,P-SA(,West Shore SD Percussion,93.3,28.2,28.2,18.4,18.5
2025,10,P-SA,West Shore SD Percussion,93.2,28.725,27.45,18.35,18.675
2025,7,PSA,West Shore School District,84.1,25.2,16.4,26.3,16.2
2025,8,PSA,West Shore School District,87.65,27.4,26.55,16.8,16.9
2025,0,SA,West Shore Varsity Colorguard,64.59,10.02,12.27,14.4,14.4
2025,2,SA,West Shore Varsity Colorguard,65.45,12.14,12.61,13.9,13.0
2025,4,SA,West Shore Varsity Colorguard,68.78,13.54,13.94,14.6,13.2
2025,9,SA(,West Shore Varsity Colorguard,81.07,16.2,15.67,16.2,16.7
2025,6,SA,Western Frederick Guard A,75.55,15.48,13.47,14.9,16.4
2025,8,SA,Western Frederick Guard A,80.41,16.67,15.94,15.3,16.7
2025,9,SA,Western Frederick Guard A,80.27,15.87,16.6,14.9,16.2
2025,6,SRA,Western Frederick Guard B,69.68,14.54,13.94,13.6,14.2
2025,8,SRA,Western Frederick Guard B,74.281,15.07,15.01,14.4,14.8
2025,9,SRA,Western Frederick Guard B,76.72,14.68,15.54,15.4,15.2
2025,10,SRA,Western Frederick Guard B,76.201,16.13,15.07,15.0,15.4
2025,5,P-SA,Western Frederick Indoor Percussion,72.1,21.6,21.6,14.3,14.6
2025,6,P-SA,Western Frederick Indoor Percussion,81.85,26.1,23.85,15.8,16.1
2025,8,P-SA,Western Frederick Indoor Percussion,83.55,26.4,24.45,16.7,16.0
2025,9,P-SA,Western Frederick Indoor Percussion,88.85,27.15,27.0,17.8,16.9
2025,10,P-SA,Western Frederick Indoor Percussion,89.65,27.675,25.875,17.6,18.5
2025,4,PSA,Western HS,63.55,19.95,12.2,19.8,11.6
2025,8,B2,Western HS,65.801,20.7,12.4,20.5,12.2
2025,9,R2,Western HS,67.3,22.2,12.8,19.4,12.9
2025,6,PSA,Westfield HS (IN),82.726,26.625,15.1,25.55,15.45
2025,12,R3,Westfield HS (IN),87.951,26.325,17.975,26.275,17.375
2025,7,PSA,Westhill HS,88.0,27.0,17.3,26.5,17.2
2025,9,PSO,Westhill HS,83.825,25.275,17.3,24.4,16.85
2025,12,R3,Westhill HS,86.264,26.363,16.7,25.7,17.5
2025,6,B2,Westlake HS,67.751,20.25,13.0,20.6,13.9
2025,7,B2,Westlake HS,70.801,21.9,13.9,18.8,16.2
2025,9,R3,Westlake HS,74.0,22.2,15.3,21.0,15.5
2025,4,PSA,Westminster HS,66.101,21.15,12.65,20.5,11.8
2025,6,B1,Westminster HS,70.751,21.75,14.4,20.4,14.2
2025,7,B2,Westminster HS,77.7,23.7,15.3,21.6,17.1
2025,9,R3,Westminster HS,79.201,24.15,16.7,21.45,16.9
2025,4,SRA,Westminster HS Guard,61.46,12.35,12.61,12.6,12.4
2025,6,SRA,Westminster HS Guard,64.591,13.22,12.47,12.9,13.7
2025,8,SRA,Westminster HS Guard,68.291,14.61,13.88,13.9,12.9
2025,4,GSRA,Westside Winterguard,56.76,11.38,12.18,11.5,10.9
2025,7,GSRA,Westside Winterguard,62.22,11.18,13.04,14.2,11.5
2025,8,GSRA,Westside Winterguard,61.58,13.6,12.58,11.8,11.7
2025,9,GSRA,Westside Winterguard,62.8,12.12,12.18,13.4,12.5
2025,6,PSA,Whiteland HS,77.2,23.85,15.0,22.2,16.15
2025,12,R4,Whiteland HS,81.988,24.038,16.6,23.9,17.45
2025,2,IRA,Wildcat Color Guard,54.18,11.14,10.94,11.2,10.6
2025,6,PSO,Williams Field HS,80.25,23.55,15.7,24.5,16.5
2025,9,PSO,Williams Field HS,84.189,25.087,16.85,25.3,16.95
2025,2,P-IA,Williamsport PA,73.6,20.7,23.7,15.9,13.3
2025,8,GJHSA,Wilson MS Winterguard,53.33,108.2,102.1,11.0,10.6
2025,9,GJHSA,Wilson MS Winterguard,56.09,122.1,104.8,10.9,11.8
2025,10,GJHSA,Wilson MS Winterguard,59.861,124.1,115.5,10.9,12.2
2025,3,B1,Woodbridge HS,73.25,22.95,13.8,22.1,14.4
2025,9,R4,Woodbridge HS,82.1,25.65,17.7,24.6,14.15
2025,10,R1,Woodbridge HS,87.251,26.85,17.0,27.4,16.0
2025,11,PSA,Woodbridge HS,86.175,25.575,16.75,26.85,17.0
2025,8,SRA,Woodford Co HS Juniors,67.395,13.485,13.61,13.3,12.9
2025,2,SA,Woodford County HS,57.561,12.08,11.88,10.7,11.8
2025,4,SA,Woodford County HS,64.79,13.28,13.41,13.3,12.6
2025,6,SA,Woodford County HS,65.791,13.61,13.08,12.3,13.4
2025,8,SA,Woodford County HS,74.421,14.88,15.14,14.5,15.6
2025,10,PR,Woodford County HS,78.781,15.34,16.14,16.0,15.9
2025,7,P-SA,Woodgrove HS Percussion,74.95,24.75,20.7,15.5,14.0
2025,2,PHSSRA,Woodlake HS Percussion,56.401,19.1,16.35,10.2,10.75
2025,6,PHSSRA,Woodlake HS Percussion,61.95,18.75,11.1,20.1,12.0
2025,10,GHSSRA,Woodlake HS Winterguard,60.62,10.96,12.4,13.2,10.9
2025,6,PSA,Woodmont HS,69.101,20.7,13.6,21.1,13.7
2025,5,SRA,Wyoming HS,58.501,12.15,12.35,11.6,10.9
2025,8,SRA,Wyoming HS,63.251,13.71,12.34,12.6,12.1
2025,9,BR,Wyoming HS,62.985,12.835,12.35,12.0,13.2
2025,5,SJ,Wyoming MS,50.23,9.88,9.35,10.6,10.4
2025,7,SJ,Wyoming MS,52.781,9.94,10.14,10.9,11.2
2025,5,SRA,Wyoming OH,58.501,12.15,12.35,11.6,10.9
2025,8,SRA,Wyoming OH,63.251,13.71,12.34,12.6,12.1
2025,9,BR,Wyoming OH,62.985,12.835,12.35,12.0,13.2
2025,6,PSA,Xenia HS,68.9,20.55,13.95,20.8,13.6
2025,12,R3,Xenia HS,73.975,22.125,15.0,22.1,14.75
2025,7,SA,Yorktown HS Guard,79.18,16.14,15.54,15.7,15.6
2025,9,PSA,Young Women's Academy,68.6,21.6,13.2,20.6,13.2
2025,2,GIO,Zeus Independent,58.4,11.8,11.4,12.0,11.3
2025,4,GIO,Zeus Independent,60.5,11.0,12.7,12.5,12.8
2025,6,PSO,Zionsville Community HS,82.401,24.15,17.25,24.7,16.3
2025,12,PSO,Zionsville Community HS,95.45,28.5,18.65,29.35,18.95
2025,3,SA,duPont Manual HS Varsity,57.0,9.35,10.75,12.5,12.2
2025,5,SA,duPont Manual HS Varsity,64.82,13.28,12.94,13.0,12.3
2025,7,SA,duPont Manual HS Varsity,68.28,13.61,14.27,12.9,13.7
2025,8,SA,duPont Manual HS Varsity,72.46,15.08,14.28,13.4,14.5
2025,10,BR,duPont Manual HS Varsity,76.64,15.87,15.87,16.1,14.4
2025,4,PIO,Élan Percussion,76.1,23.4,14.8,23.6,14.3
2025,8,PIO,Élan Percussion,85.5,27.0,16.5,25.0,17.0
2025,10,PIO,Élan Percussion,85.35,25.95,16.6,26.0,16.8
2025,11,PIO,Élan Percussion,85.1,25.35,16.8,26.25,16.7
2025,1,SRA,,67.48,13.14,14.14,13.6,12.7
2025,2,IA,,66.44,12.76,13.28,13.8,13.0
2025,3,SRA,,56.46,10.53,10.73,11.4,12.4
2025,4,IA,,67.72,13.61,13.81,13.4,14.0
2025,5,IA,,72.55,14.15,15.0,14.7,14.7
2025,6,SA,,74.92,14.81,13.01,15.3,16.2
2025,7,P-SA,,80.7,25.8,24.0,16.1,14.8
2025,8,SRA,,76.04,14.74,14.8,14.3,16.0
2025,9,PR,,78.92,14.28,14.74,16.9,15.8
2025,10,SRA,,82.57,16.0,16.47,16.4,16.8
