year,week,class,name,overall score,music effect,visual effect,music,visual
2019,5,PRA,Abington,74.2,20.6,24.3,15.8,13.5
2019,7,PRA,Abington,77.35,23.3,23.25,15.6,15.2
2019,4,IA,Absolute Winterguard,59.26,11.95,12.81,11.5,11.3
2019,0,SA,Acadiana H.S.,62.26,12.95,12.01,12.5,12.4
2019,4,SA,Acadiana H.S.,70.421,14.08,13.74,13.9,14.6
2019,7,SA,Acadiana H.S.,74.57,15.42,15.35,14.0,15.1
2019,9,SA,Acadiana H.S.,76.661,15.41,15.15,14.9,15.4
2019,10,SA,Acadiana H.S.,79.681,16.54,15.74,16.3,14.9
2019,4,IW,Acadiana Independent,56.4,11.3,10.8,11.4,11.7
2019,7,IW,Acadiana Independent,61.2,12.0,11.9,12.5,12.0
2019,9,IW,Acadiana Independent,64.6,12.2,13.1,12.2,14.0
2019,10,IW,Acadiana Independent,67.0,13.6,13.1,13.5,13.6
2019,3,SA,Ada High School Winter Guard,69.55,13.67,13.68,14.2,14.0
2019,7,SA,Ada High School Winter Guard,78.4,16.0,16.2,15.7,14.5
2019,3,SRA,Ada High School Winter JV,81.94,16.0,16.54,16.4,16.4
2019,4,PIA,Albany Indoor Percussion,66.65,19.1,21.45,12.5,13.6
2019,5,PIA,Albany Indoor Percussion,63.6,21.3,17.4,12.2,12.7
2019,11,PIA,Albany Indoor Percussion,72.35,21.9,21.75,14.4,14.3
2019,4,N,Alcoa High School Winterguard,50.78,10.87,9.61,10.3,9.8
2019,6,N,Alcoa High School Winterguard,54.151,10.68,11.87,10.8,10.8
2019,9,N,Alcoa High School Winterguard,64.99,12.02,11.87,14.7,12.9
2019,4,PSA,Aliso Niguel HS,78.0,22.35,15.4,25.0,15.25
2019,6,R1,Aliso Niguel HS,74.85,22.35,15.2,22.2,15.1
2019,7,PSA,Aliso Niguel HS,80.5,24.3,16.3,24.2,15.7
2019,10,R2,Aliso Niguel HS,90.95,27.75,17.4,27.8,18.0
2019,11,PSA,Aliso Niguel HS,88.675,26.1,17.425,28.0,17.15
2019,7,PJHSA,Alpine Vista MS Percussion,63.85,17.4,25.05,10.8,10.6
2019,8,PJHSA,Alpine Vista MS Percussion,61.6,20.6,18.0,11.0,12.0
2019,11,PSA,Alta High School,82.4,25.6,23.4,16.5,16.9
2019,5,SA,Alter High School Winterguard,53.63,9.28,9.95,11.0,12.3
2019,6,SA,Alter High School Winterguard,57.641,9.88,11.56,12.3,11.0
2019,10,SA,Alter High School Winterguard,66.491,13.41,13.48,13.7,12.5
2019,4,PSJ,Alvarado IS,76.15,22.35,14.6,24.2,15.0
2019,6,PSJ,Alvarado IS,82.65,25.35,16.8,23.6,16.9
2019,8,PSJ,Alvarado IS,85.85,25.95,15.6,27.2,17.1
2019,10,PSJ,Alvarado IS,94.025,28.575,18.95,27.45,19.05
2019,6,SRA,Anderson County High School,62.271,12.79,13.28,11.5,11.4
2019,4,PSB,Angola Indoor Percussion,72.6,20.85,13.7,24.15,13.9
2019,6,PSA,Angola Indoor Percussion,71.451,21.45,13.8,21.9,14.3
2019,7,PSA,Angola Indoor Percussion,73.35,23.4,14.2,22.45,13.3
2019,8,RA,Angola Indoor Percussion,75.113,22.988,14.475,23.7,13.95
2019,2,PSW,Arcadia HS,79.7,24.3,15.8,22.9,16.7
2019,4,PSW,Arcadia HS,82.85,24.45,16.1,25.6,16.7
2019,6,PSW,Arcadia HS,85.05,25.35,16.9,25.9,16.9
2019,10,PSW,Arcadia HS,94.0,28.2,18.85,27.55,19.4
2019,11,PSW,Arcadia HS,94.663,28.462,18.85,28.45,18.9
2019,0,C,Arnett M.S.,54.73,12.35,11.28,9.9,10.4
2019,4,C,Arnett M.S.,69.22,12.35,13.87,14.4,14.6
2019,5,C,Arnett M.S.,69.27,12.88,13.64,14.4,14.1
2019,7,C,Arnett M.S.,77.32,15.61,15.41,15.1,15.6
2019,9,C,Arnett M.S.,80.56,15.74,15.42,16.8,16.5
2019,10,C,Arnett M.S.,80.85,14.74,16.81,17.2,15.8
2019,7,GHSSRAS,Arroyo Grande HS Guard,60.8,11.82,12.48,11.8,13.0
2019,8,GHSSRAS,Arroyo Grande HS Guard,62.021,12.15,13.07,12.0,13.5
2019,10,GHSSRAS,Arroyo Grande HS Guard,65.891,12.75,13.14,13.2,13.8
2019,5,PHSSRA,Arroyo Grande HS Percussion,70.8,23.2,22.05,12.75,12.8
2019,7,PHSSRA,Arroyo Grande HS Percussion,75.5,24.2,24.3,13.7,13.3
2019,8,PHSSRA,Arroyo Grande HS Percussion,74.3,24.5,23.4,13.4,13.0
2019,10,PHSSRA,Arroyo Grande HS Percussion,73.65,21.7,22.65,15.1,14.2
2019,4,R1,Arroyo HS,77.5,23.4,14.5,24.1,15.5
2019,6,R1,Arroyo HS,79.1,24.0,14.6,24.1,16.4
2019,8,R1,Arroyo HS,79.45,22.95,15.5,24.2,16.8
2019,10,R1,Arroyo HS,88.2,27.9,16.5,26.5,17.3
2019,11,PSA,Arroyo HS,82.225,24.075,16.0,25.55,16.6
2019,3,GHSSO,Arvin HS Guard,72.7,14.6,14.8,14.9,13.9
2019,3,GHSSRAG,Arvin HS JV Guard,68.04,14.07,13.67,15.6,12.4
2019,5,PHSSA-G,Arvin HS Percussion,81.85,27.0,24.75,15.3,14.8
2019,7,PHSSA-G,Arvin HS Percussion,84.15,25.3,26.85,16.2,15.8
2019,10,PHSSA-G,Arvin HS Percussion,87.85,27.1,25.35,18.0,17.4
2019,5,PIA,Avant Garde,66.3,18.75,12.85,20.5,14.2
2019,4,PSA,Avon Grove,66.251,21.2,19.35,12.9,12.8
2019,5,PSA,Avon Grove,70.051,22.65,20.7,13.4,13.3
2019,7,PSA,Avon Grove,72.6,21.9,23.1,13.5,14.1
2019,10,PSA,Avon Grove,75.4,22.7,23.1,15.3,14.3
2019,11,PSA,Avon Grove,72.15,22.8,20.85,14.9,13.6
2019,5,PSW,Avon High School,77.6,22.8,15.4,24.4,15.0
2019,6,PSW,Avon High School,84.25,24.75,17.0,25.0,17.5
2019,8,PSW,Avon High School,88.513,25.913,17.95,26.65,18.0
2019,10,PSW,Avon High School,91.2,27.0,18.9,27.25,18.05
2019,4,PSA,"Avon High School ""A""",68.4,20.55,12.7,21.95,13.2
2019,5,PSA,"Avon High School ""A""",67.675,20.625,14.35,20.0,12.7
2019,6,PSA,"Avon High School ""A""",75.001,20.85,16.0,21.35,16.8
2019,8,RB,"Avon High School ""A""",77.776,23.55,15.675,23.25,15.3
2019,10,PSA,"Avon High School ""A""",74.95,21.225,15.225,23.4,15.1
2019,3,PSW,Ayala HS,79.7,24.0,16.4,22.8,16.5
2019,4,PSW,Ayala HS,81.15,24.75,16.4,24.3,15.7
2019,6,PSW,Ayala HS,85.225,25.425,17.2,25.4,17.2
2019,8,PSW,Ayala HS,88.05,26.4,18.05,26.0,17.6
2019,10,PSW,Ayala HS,91.7,27.3,18.7,27.5,18.2
2019,11,PSW,Ayala HS,92.563,27.712,18.65,27.55,18.65
2019,4,R2,Baldwin Park HS,75.45,22.95,15.6,22.6,14.3
2019,6,R2,Baldwin Park HS,77.8,22.5,16.6,23.0,15.7
2019,8,PSA,Baldwin Park HS,80.7,24.45,15.4,24.5,16.35
2019,10,R2,Baldwin Park HS,87.851,27.9,17.3,24.25,18.4
2019,11,PSA,Baldwin Park HS,82.15,23.925,16.85,24.7,16.675
2019,2,PSRA,Baldwin-Woodville High School,64.45,18.45,12.6,19.7,13.7
2019,4,PSRA,Baldwin-Woodville High School,67.45,18.75,12.7,23.0,13.0
2019,10,PSRA,Baldwin-Woodville High School,71.401,20.7,13.8,22.8,14.1
2019,11,PSRA,Baldwin-Woodville High School,73.726,21.0,15.05,23.7,13.975
2019,3,PSA,Baldwinsville indoor Percussion,63.301,19.7,19.2,12.1,12.3
2019,4,PSA,Baldwinsville indoor Percussion,72.45,22.3,22.05,13.4,14.7
2019,6,PSA,Baldwinsville indoor Percussion,71.9,20.8,21.3,15.5,14.3
2019,9,PSA,Baldwinsville indoor Percussion,75.9,22.4,23.1,15.2,15.2
2019,10,PSA,Baldwinsville indoor Percussion,81.4,26.2,24.0,15.6,15.6
2019,11,PSA,Baldwinsville indoor Percussion,75.101,22.4,22.8,15.3,14.6
2019,1,SRA,Barbe H.S.,52.46,12.01,8.15,10.9,9.7
2019,3,SRA,Barbe H.S.,58.441,12.62,8.82,12.7,12.2
2019,5,SRA,Barbe H.S.,69.856,12.48,13.5,14.4,14.85
2019,7,SRA,Barbe H.S.,72.89,15.56,14.33,15.3,13.4
2019,9,SRA,Barbe H.S.,74.45,15.54,15.61,13.8,14.9
2019,10,SRA,Barbe H.S.,73.74,15.02,14.82,13.9,14.3
2019,1,PSN,Bearden High School Indoor Percussion,64.7,19.4,18.9,12.9,13.5
2019,4,PSN,Bearden High School Indoor Percussion,71.35,24.0,20.55,13.2,13.6
2019,6,PSA,Bearden High School Indoor Percussion,76.2,24.5,21.9,14.7,15.1
2019,10,PSA,Bearden High School Indoor Percussion,79.9,24.8,22.8,16.25,16.05
2019,1,SA,Bearden High School Winterguard,62.92,13.61,13.81,11.3,12.5
2019,2,SA,Bearden High School Winterguard,64.25,14.01,14.54,12.0,12.5
2019,4,SA,Bearden High School Winterguard,68.19,13.81,13.68,13.8,13.3
2019,6,SA,Bearden High School Winterguard,73.24,14.94,15.2,13.8,14.0
2019,2,SA,Beavercreek High School Winter Guard (A),67.31,13.27,12.94,13.7,13.5
2019,3,SA,Beavercreek High School Winter Guard (A),71.78,14.27,15.21,13.8,14.3
2019,5,SA,Beavercreek High School Winter Guard (A),74.8,14.13,15.67,15.3,15.3
2019,8,SA,Beavercreek High School Winter Guard (A),80.55,16.61,16.34,16.2,15.8
2019,2,SRA,Beavercreek High School Winter Guard (RA),58.1,8.82,12.68,11.8,12.5
2019,3,SRA,Beavercreek High School Winter Guard (RA),65.92,13.07,13.35,14.1,12.8
2019,5,SRA,Beavercreek High School Winter Guard (RA),68.72,13.34,14.68,13.5,14.1
2019,7,SRA,Beavercreek High School Winter Guard (RA),69.491,14.08,13.61,14.1,14.5
2019,8,SRA,Beavercreek High School Winter Guard (RA),72.05,14.41,14.54,14.9,13.5
2019,2,PSA,Beavercreek Indoor Percussion Ensemble,74.65,22.5,22.35,14.6,15.2
2019,3,PSA,Beavercreek Indoor Percussion Ensemble,75.45,22.8,23.55,14.5,14.6
2019,7,PSA,Beavercreek Indoor Percussion Ensemble,83.525,26.325,15.5,25.0,16.7
2019,8,PSA,Beavercreek Indoor Percussion Ensemble,83.35,25.05,16.8,26.3,15.2
2019,10,PSA,Beavercreek Indoor Percussion Ensemble,89.2,26.85,17.6,27.4,17.35
2019,4,PSB,Bedford North Lawrence Winter Percussion,65.6,21.75,12.5,19.5,11.85
2019,6,PSB,Bedford North Lawrence Winter Percussion,63.651,20.25,12.6,19.2,11.6
2019,7,PSB,Bedford North Lawrence Winter Percussion,69.563,20.888,14.225,21.5,12.95
2019,8,PSB,Bedford North Lawrence Winter Percussion,71.251,21.525,14.65,21.225,13.85
2019,8,RA,Beech Grove Indoor Percussion Ensemble,79.451,42.5,42.8,36.4,37.2
2019,2,SW,Bellbrook High School,64.3,13.3,12.7,12.8,12.2
2019,6,SW,Bellbrook High School,76.1,15.4,14.6,15.8,14.7
2019,7,SW,Bellbrook High School,78.8,15.5,15.4,16.2,15.8
2019,10,SW,Bellbrook High School,83.2,16.9,16.6,16.1,17.3
2019,2,PSA,Bellbrook High School Indoor Percussion Ensemble,69.3,20.0,21.0,14.5,13.8
2019,5,PSA,Bellbrook High School Indoor Percussion Ensemble,77.65,23.4,22.65,15.9,15.7
2019,7,PSA,Bellbrook High School Indoor Percussion Ensemble,78.6,23.1,16.3,23.0,16.2
2019,8,PSA,Bellbrook High School Indoor Percussion Ensemble,79.75,23.85,16.5,24.8,14.6
2019,10,PSA,Bellbrook High School Indoor Percussion Ensemble,87.925,26.625,17.2,26.2,17.9
2019,2,JCG,Bellbrook Middle School,54.63,9.08,11.75,10.5,11.7
2019,3,JCG,Bellbrook Middle School,67.51,14.26,14.35,11.5,12.8
2019,5,JCG,Bellbrook Middle School,67.33,11.82,14.81,13.2,13.4
2019,6,JCG,Bellbrook Middle School,76.6,14.96,17.14,16.8,14.0
2019,7,JCG,Bellbrook Middle School,79.53,16.08,15.35,16.2,16.1
2019,8,JCG,Bellbrook Middle School,82.5,16.15,16.15,17.0,16.5
2019,10,JCG,Bellbrook Middle School,88.35,17.81,17.94,17.0,18.3
2019,4,PSO,Ben Davis High School,68.05,21.45,13.1,20.2,13.3
2019,6,PSO,Ben Davis High School,70.4,21.9,14.4,21.3,12.8
2019,8,PSO,Ben Davis High School,73.325,21.825,14.35,22.75,14.4
2019,10,PSO,Ben Davis High School,77.3,22.95,15.4,24.2,14.75
2019,11,PSA,Bingham High School,87.6,25.8,25.8,18.2,17.8
2019,3,PSB,Bishop Dwenger Winter Percussion,72.1,20.7,14.4,23.2,13.8
2019,5,PSB,Bishop Dwenger Winter Percussion,66.3,20.4,13.4,19.0,13.5
2019,6,PSB,Bishop Dwenger Winter Percussion,73.7,21.3,14.8,22.0,15.6
2019,7,PSB,Bishop Dwenger Winter Percussion,77.463,22.837,15.875,24.05,14.7
2019,8,PSB,Bishop Dwenger Winter Percussion,79.088,23.438,16.05,24.45,15.15
2019,8,IA,Black Diamond Independent,81.48,16.14,15.74,16.1,16.4
2019,2,SRA,Blanchester Winterguard,50.761,8.08,8.88,11.8,11.0
2019,3,SRA,Blanchester Winterguard,57.38,11.36,11.82,12.3,11.0
2019,5,SRA,Blanchester Winterguard,65.131,12.48,12.55,12.6,15.0
2019,6,SRA,Blanchester Winterguard,66.121,13.14,12.28,13.5,13.5
2019,8,SRA,Blanchester Winterguard,66.161,12.95,13.21,13.1,13.1
2019,10,SRA,Blanchester Winterguard,71.55,14.47,14.88,14.8,13.7
2019,8,RB,Bloomington High School North,75.775,37.85,41.1,36.4,36.2
2019,4,P-SB,Boonsboro HS Percussion,65.05,18.45,21.6,12.4,12.6
2019,6,P-SB,Boonsboro HS Percussion,72.35,23.4,20.85,14.2,13.9
2019,7,P-SB,Boonsboro HS Percussion,75.65,23.7,24.15,13.1,14.7
2019,8,P-SB,Boonsboro HS Percussion,79.85,24.15,24.6,15.6,15.5
2019,9,P-SB,Boonsboro HS Percussion,82.35,24.6,25.65,16.5,15.6
2019,10,P-SB,Boonsboro HS Percussion,77.301,22.275,24.675,15.4,14.95
2019,8,RA,Borden Winter Percussion,69.376,34.35,38.5,33.4,32.5
2019,4,PSA,Brandon Valley High School,72.7,21.6,14.1,20.4,16.6
2019,8,PSA,Brandon Valley High School,80.8,24.0,16.9,24.3,15.6
2019,9,PSA,Brandon Valley High School,83.2,24.6,16.2,25.1,17.3
2019,10,PSA,Brandon Valley High School,85.375,24.825,16.9,25.95,17.7
2019,11,PSA,Brandon Valley High School,88.7,25.875,17.225,27.7,17.9
2019,4,PIW,Broken City,85.75,25.95,17.4,24.6,17.8
2019,7,PIW,Broken City,89.65,27.45,18.1,26.1,18.0
2019,10,PIW,Broken City,95.5,28.5,19.4,28.8,18.8
2019,11,PIW,Broken City,96.95,29.1,19.3,29.1,19.45
2019,4,PSA,Brookings HS Drumline,66.85,20.85,12.7,18.8,14.5
2019,8,PSA,Brookings HS Drumline,78.201,24.15,14.4,24.55,15.1
2019,10,PSA,Brookings HS Drumline,83.026,24.975,17.2,25.15,15.7
2019,11,PSA,Brookings HS Drumline,81.601,24.675,17.05,24.15,15.725
2019,2,PSRA,Brookville High School Winter Percussion,67.05,19.6,20.85,14.2,12.4
2019,6,PSRA,Brookville High School Winter Percussion,74.25,22.95,14.2,21.6,15.5
2019,8,PSRA,Brookville High School Winter Percussion,69.3,20.4,15.5,20.2,13.2
2019,10,PSRA,Brookville High School Winter Percussion,87.5,26.1,16.8,26.8,17.8
2019,5,PSA,Brownsburg Movement Percussion,74.8,22.95,14.9,22.25,14.7
2019,6,PSA,Brownsburg Movement Percussion,82.425,24.825,17.8,23.2,16.6
2019,8,RA,Brownsburg Movement Percussion,87.75,26.325,17.475,26.75,17.2
2019,10,PSA,Brownsburg Movement Percussion,88.701,26.175,18.375,26.5,17.65
2019,7,PSA,Buena HS,78.3,23.7,14.9,23.5,16.2
2019,8,R2,Buena HS,79.3,24.6,14.8,25.9,14.0
2019,10,R1,Buena HS,93.325,28.125,18.2,27.9,19.1
2019,11,PSA,Buena HS,92.138,27.262,18.225,28.5,18.15
2019,2,PSRA,Buffalo High School,60.05,17.25,11.7,19.0,12.1
2019,4,PSRA,Buffalo High School,68.35,19.95,12.8,22.1,13.5
2019,8,PSRA,Buffalo High School,73.1,22.2,13.3,22.4,15.2
2019,10,PSRA,Buffalo High School,75.501,22.5,14.05,22.85,16.1
2019,11,PSRA,Buffalo High School,73.701,21.45,15.05,22.6,14.6
2019,2,PSA,Burnsville High School,74.7,22.5,13.9,23.3,15.0
2019,4,PSA,Burnsville High School,76.7,23.7,15.2,23.1,14.7
2019,5,PSA,Burnsville High School,80.9,25.35,16.55,23.3,15.7
2019,8,PSA,Burnsville High School,85.95,25.65,17.1,26.7,16.5
2019,10,PSA,Burnsville High School,85.2,25.05,17.25,26.3,16.6
2019,11,PSA,Burnsville High School,87.363,25.612,18.025,26.475,17.25
2019,3,SRA,Butler High School Winterguard,53.181,10.73,10.35,10.7,10.6
2019,5,SRA,Butler High School Winterguard,61.43,10.49,11.74,13.9,12.1
2019,8,SRA,Butler High School Winterguard,72.15,14.47,13.48,15.3,14.9
2019,10,SRA,Butler High School Winterguard,77.461,16.06,17.2,15.6,14.2
2019,6,PSO,Cab Calloway,74.15,21.7,22.95,14.8,14.7
2019,7,PSO,Cab Calloway,78.2,23.3,24.0,15.4,15.5
2019,9,PSO,Cab Calloway,77.15,23.4,22.35,15.3,16.1
2019,10,PSO,Cab Calloway,78.8,23.1,25.5,14.7,15.5
2019,11,PSO,Cab Calloway,74.85,24.5,20.55,14.5,15.3
2019,4,PSA,Camarillo HS,76.325,22.425,15.1,23.65,15.15
2019,6,R2,Camarillo HS,77.2,23.7,15.3,22.7,15.5
2019,8,R1,Camarillo HS,81.65,23.85,17.4,24.1,16.3
2019,10,R1,Camarillo HS,86.551,25.35,17.6,26.1,17.5
2019,4,PSA,Canyon HS (AH),76.3,21.9,15.7,23.6,15.1
2019,6,R2,Canyon HS (AH),72.85,19.95,16.1,23.0,13.8
2019,8,PSA,Canyon HS (AH),79.001,23.7,14.9,25.6,14.8
2019,10,R1,Canyon HS (AH),89.8,27.6,16.9,28.0,17.3
2019,11,PSA,Canyon HS (AH),83.838,24.637,16.75,26.35,16.1
2019,4,PSA,Canyon HS (CC),67.55,19.95,12.6,22.1,12.9
2019,10,R2,Canyon HS (CC),78.5,23.25,14.9,25.0,15.35
2019,2,PSJ,Canyon Hills JHS,64.5,18.6,12.3,20.9,12.7
2019,4,PSJ,Canyon Hills JHS,78.0,24.0,14.7,24.0,15.3
2019,6,PSJ,Canyon Hills JHS,82.6,24.9,16.3,24.7,16.7
2019,8,PSJ,Canyon Hills JHS,82.2,25.5,14.7,25.1,16.9
2019,10,PSJ,Canyon Hills JHS,90.788,28.087,17.45,27.75,17.5
2019,3,PSA,Canyon Springs HS,68.775,21.075,13.8,19.8,14.1
2019,6,R1,Canyon Springs HS,71.35,20.85,13.9,22.3,14.3
2019,8,R1,Canyon Springs HS,72.951,21.9,14.55,21.9,14.6
2019,10,R2,Canyon Springs HS,83.101,24.45,15.5,26.0,17.15
2019,4,SRA,Carencro H.S.,54.46,9.82,10.14,11.3,12.2
2019,7,SRA,Carencro H.S.,63.64,12.22,12.62,13.2,13.2
2019,9,SRA,Carencro H.S.,67.43,12.81,14.02,12.9,13.8
2019,1,P-SB,Carlisle HS Percussion,65.25,18.6,20.85,12.3,13.5
2019,4,P-SB,Carlisle HS Percussion,70.8,20.4,22.2,13.7,14.5
2019,7,P-SB,Carlisle HS Percussion,77.8,22.8,23.1,16.2,15.7
2019,8,P-SB,Carlisle HS Percussion,81.85,24.75,24.3,16.5,16.3
2019,10,P-SB,Carlisle HS Percussion,86.85,25.575,26.475,17.3,17.5
2019,3,PSRA,Carlisle High School,64.1,19.2,19.5,12.8,12.6
2019,5,PSRA,Carlisle High School,71.5,21.1,20.1,14.8,15.5
2019,8,PSRA,Carlisle High School,75.3,21.0,16.6,23.4,14.3
2019,10,PSRA,Carlisle High School,84.65,25.8,17.05,24.8,17.0
2019,3,PSO,Carlsbad HS,72.15,22.35,14.2,20.9,14.7
2019,7,PSO,Carlsbad HS,77.35,22.05,15.2,24.0,16.1
2019,8,PSO,Carlsbad HS,79.701,23.25,16.0,24.5,15.95
2019,10,R2,Carlsbad HS,83.801,25.8,16.0,24.55,17.45
2019,6,SW,Carmel H.S.,85.1,17.4,16.9,17.3,16.4
2019,4,PSA,Carroll High School Indoor Percussion Ensemble,72.375,22.275,14.2,22.2,13.7
2019,6,PSA,Carroll High School Indoor Percussion Ensemble,78.75,23.7,15.25,24.5,15.3
2019,7,PSA,Carroll High School Indoor Percussion Ensemble,80.85,25.05,14.7,24.3,16.8
2019,8,RB,Carroll High School Indoor Percussion Ensemble,85.213,26.062,16.7,25.95,16.5
2019,10,PSA,Carroll High School Indoor Percussion Ensemble,88.925,26.25,17.725,26.9,18.05
2019,2,SA,Carroll High School Winter Guard,64.25,9.61,12.54,14.2,14.5
2019,3,SA,Carroll High School Winter Guard,73.94,15.86,15.28,14.8,14.0
2019,5,SA,Carroll High School Winter Guard,75.98,15.61,15.87,14.5,15.0
2019,6,SA,Carroll High School Winter Guard,77.03,15.55,15.88,16.0,14.9
2019,8,SA,Carroll High School Winter Guard,84.71,17.47,16.74,16.9,16.9
2019,10,SA,Carroll High School Winter Guard,89.42,18.21,18.21,17.9,17.9
2019,4,SRA,Carter High School Winterguard,56.81,11.54,12.47,10.1,11.5
2019,6,SRA,Carter High School Winterguard,64.32,13.27,13.95,10.7,13.4
2019,6,PIO,Catalyst Percussion,72.9,21.3,13.9,23.4,14.3
2019,7,PIO,Catalyst Percussion,74.5,22.5,14.4,22.7,14.9
2019,10,PIO,Catalyst Percussion,79.7,24.0,15.7,23.8,16.2
2019,11,PIO,Catalyst Percussion,80.225,24.375,16.4,23.45,16.0
2019,4,PSW,Center Grove High School,73.15,22.35,15.0,21.5,14.3
2019,6,PSW,Center Grove High School,81.4,25.2,16.2,23.4,16.6
2019,8,PSW,Center Grove High School,82.9,25.05,16.35,25.0,16.5
2019,10,PSW,Center Grove High School,83.325,25.425,16.8,25.2,15.9
2019,11,PSW,Center Grove High School,88.2,28.05,17.3,25.35,17.5
2019,2,SO,Centerville HS,67.2,14.7,13.1,13.3,12.5
2019,6,SO,Centerville HS,83.5,16.9,16.3,17.2,16.3
2019,10,SO,Centerville HS,82.9,15.6,15.9,17.3,17.2
2019,2,JCG,Centerville Jr Guard,69.38,12.94,11.94,13.7,14.7
2019,3,JCG,Centerville Jr Guard,71.19,13.94,13.35,14.6,14.8
2019,5,JCG,Centerville Jr Guard,77.05,14.81,15.34,16.1,14.7
2019,6,JCG,Centerville Jr Guard,81.12,17.07,16.35,17.6,15.8
2019,8,JCG,Centerville Jr Guard,81.46,16.47,15.49,16.4,16.8
2019,10,JCG,Centerville Jr Guard,89.41,18.67,18.14,17.4,18.0
2019,2,PSW,Centerville Winter Drumline,76.55,23.2,22.95,15.2,15.2
2019,6,PSW,Centerville Winter Drumline,82.45,23.55,16.0,26.0,16.9
2019,8,PSW,Centerville Winter Drumline,81.4,24.6,16.6,25.2,15.0
2019,10,PSW,Centerville Winter Drumline,84.9,26.1,17.3,25.0,16.5
2019,3,SA,Central Crossing Winterguard,66.11,13.47,13.34,13.7,12.8
2019,2,P-SG,Central Dauphin SD JV Percussion,60.625,18.15,17.175,12.8,12.5
2019,7,P-SG,Central Dauphin SD JV Percussion,72.626,22.05,19.875,15.7,15.0
2019,9,P-SG,Central Dauphin SD JV Percussion,73.151,21.3,23.85,14.1,13.9
2019,10,P-SG,Central Dauphin SD JV Percussion,76.088,22.425,23.512,15.05,15.1
2019,4,P-SJ,Central Dauphin SD MS Percussion,65.75,20.7,19.05,13.0,13.0
2019,10,PE-SJ,Central Dauphin SD MS Percussion,83.25,41.0,41.4,42.2,41.9
2019,1,P-SB,Central Dauphin SD Percussion,67.65,19.05,21.9,12.6,14.1
2019,2,P-SB,Central Dauphin SD Percussion,70.05,19.8,21.75,14.2,14.3
2019,7,P-SP,Central Dauphin SD Percussion,81.6,24.3,24.6,16.5,16.2
2019,9,P-SP,Central Dauphin SD Percussion,87.3,25.35,27.15,17.8,17.0
2019,10,P-SP,Central Dauphin SD Percussion,88.725,26.25,27.225,17.55,17.7
2019,5,PHSSO,Central HS Percussion,84.45,27.7,25.95,15.6,15.2
2019,10,PSO,Central Lafourche H.S.,84.65,26.8,25.35,16.7,15.8
2019,1,SRA,Central Lafourche H.S.JV,55.401,13.22,9.48,10.0,9.9
2019,4,SRA,Central Lafourche H.S.JV,70.24,11.54,14.4,15.6,15.3
2019,7,SRA,Central Lafourche H.S.JV,77.87,16.14,16.13,15.6,14.9
2019,9,SRA,Central Lafourche H.S.JV,80.521,15.74,16.48,15.9,15.5
2019,10,SRA,Central Lafourche H.S.JV,82.761,16.13,15.93,16.5,16.9
2019,4,PSA,Central Square High School,71.451,21.6,22.65,12.6,14.6
2019,5,PSA,Central Square High School,69.65,21.5,20.55,13.4,14.2
2019,7,PSA,Central Square High School,76.451,22.1,23.85,15.1,15.4
2019,8,PSA,Central Square High School,78.5,23.6,24.6,14.9,15.4
2019,9,PSA,Central Square High School,74.7,23.0,22.2,14.7,14.8
2019,10,PSA,Central Square High School,84.4,25.9,26.55,15.85,16.1
2019,11,PSA,Central Square High School,81.75,24.9,24.45,16.1,16.3
2019,5,P-SB,Century HS Percussion,64.05,20.85,21.6,11.0,10.6
2019,6,P-SB,Century HS Percussion,69.65,21.45,19.8,15.2,13.2
2019,7,P-SB,Century HS Percussion,75.35,24.3,23.55,13.5,14.0
2019,8,P-SB,Century HS Percussion,79.55,24.45,23.7,16.3,15.1
2019,9,P-SB,Century HS Percussion,82.2,25.05,24.45,16.8,15.9
2019,10,P-SB,Century HS Percussion,82.813,23.513,25.95,16.55,16.8
2019,2,PSO,Cesar E. Chavez HS,74.85,23.25,14.8,22.2,14.6
2019,10,PSW,Cesar E. Chavez HS,82.951,25.05,17.1,23.8,17.0
2019,6,R2,Chaffey HS,77.55,23.25,15.5,23.8,15.0
2019,8,R1,Chaffey HS,80.375,22.875,14.8,25.6,17.1
2019,10,R2,Chaffey HS,88.05,25.95,18.1,26.7,17.3
2019,11,PSA,Chaffey HS,85.563,25.087,17.35,25.6,17.525
2019,3,PSA,Chaparral HS,65.176,20.475,13.1,18.8,12.8
2019,7,PSA,Chaparral HS,71.451,21.45,14.6,20.3,15.1
2019,10,R1,Chaparral HS,84.075,25.275,17.2,24.6,17.0
2019,5,PRA,Cheltenham,74.15,21.8,23.55,15.5,13.3
2019,6,PRA,Cheltenham,75.65,23.4,22.95,15.7,13.6
2019,7,PRA,Cheltenham,73.251,22.1,22.05,15.0,14.1
2019,9,PRA,Cheltenham,78.2,24.6,23.4,15.2,15.0
2019,10,PRA,Cheltenham,80.75,25.3,24.75,16.0,14.7
2019,11,PRA,Cheltenham,82.8,25.6,24.0,17.2,16.0
2019,4,PSO,Chino HS,77.05,23.85,16.4,22.1,14.7
2019,6,PSO,Chino HS,81.9,24.3,16.0,25.3,16.3
2019,10,R1,Chino HS,88.1,25.2,17.8,28.2,16.9
2019,11,PSO,Chino HS,89.063,26.362,17.35,27.15,18.2
2019,4,PSW,Chino Hills HS,84.3,25.8,16.9,25.1,16.5
2019,8,PSW,Chino Hills HS,89.7,26.7,18.4,26.9,17.7
2019,10,PSW,Chino Hills HS,94.55,28.35,19.2,28.4,18.6
2019,11,PSW,Chino Hills HS,95.525,28.725,19.125,28.9,18.775
2019,7,IRA,Church Academy,58.98,12.42,11.56,11.7,12.1
2019,9,IRA,Church Academy,62.98,12.62,13.16,11.6,12.4
2019,10,IRA,Church Academy,68.55,14.74,14.41,12.5,12.5
2019,6,N,Claiborne County High School Winterguard,50.411,9.27,11.54,9.5,10.3
2019,4,P-SB,Clarke County HS Percussion,62.0,17.85,20.25,12.5,11.4
2019,6,P-SB,Clarke County HS Percussion,69.001,21.9,20.1,14.0,13.0
2019,7,P-SB,Clarke County HS Percussion,73.2,21.75,22.65,14.5,14.3
2019,8,P-SB,Clarke County HS Percussion,76.85,22.05,22.8,16.7,15.3
2019,9,P-SB,Clarke County HS Percussion,79.9,22.8,23.7,17.1,16.3
2019,10,P-SB,Clarke County HS Percussion,78.001,22.65,23.4,16.0,15.95
2019,8,RB,Clay City Percussion Ensemble,68.8,36.0,37.5,32.9,31.2
2019,4,PRA,Clearview Regional,75.35,22.7,23.25,13.8,15.6
2019,6,PRA,Clearview Regional,74.8,23.7,23.7,14.3,13.1
2019,7,PRA,Clearview Regional,75.201,23.8,22.5,14.5,14.4
2019,10,PRA,Clearview Regional,76.951,24.1,22.95,15.1,14.8
2019,9,P,Clinton Middle Winterguard,61.61,10.34,9.67,16.5,12.1
2019,2,SRA,Clinton-Massie Winter Guard,54.56,9.55,11.41,10.7,11.6
2019,5,SRA,Clinton-Massie Winter Guard,66.171,13.35,13.02,12.5,13.4
2019,6,SRA,Clinton-Massie Winter Guard,71.82,14.54,14.08,15.0,14.0
2019,7,SRA,Clinton-Massie Winter Guard,71.43,14.28,14.35,14.5,14.2
2019,8,SRA,Clinton-Massie Winter Guard,73.13,14.69,14.14,15.1,14.2
2019,10,SRA,Clinton-Massie Winter Guard,78.891,16.28,17.01,16.0,14.6
2019,4,PSA,Coatesville,60.601,20.2,16.8,12.1,11.5
2019,5,PSA,Coatesville,62.9,19.5,17.7,12.7,13.0
2019,6,PSA,Coatesville,67.051,20.3,19.95,13.2,13.6
2019,7,PSA,Coatesville,73.3,21.2,23.4,14.1,14.6
2019,9,PSA,Coatesville,73.775,21.4,21.975,15.0,15.4
2019,10,PSA,Coatesville,81.501,23.9,25.5,14.9,17.2
2019,11,PSA,Coatesville,70.4,22.2,20.4,14.6,13.2
2019,5,PSA,Colerain Indoor Percussion,73.2,21.3,23.4,15.8,12.7
2019,6,PSA,Colerain Indoor Percussion,70.1,21.9,14.0,21.2,13.0
2019,8,PSA,Colerain Indoor Percussion,71.651,21.75,14.7,22.8,12.4
2019,2,SA,Colerain Winter Guard,57.151,8.01,12.94,13.2,11.7
2019,3,SA,Colerain Winter Guard,60.651,12.67,12.88,12.4,11.8
2019,6,SA,Colerain Winter Guard,68.69,12.82,14.07,15.0,13.4
2019,8,SA,Colerain Winter Guard,71.751,15.6,14.35,14.3,13.1
2019,10,SA,Colerain Winter Guard,76.04,15.87,15.27,14.7,14.9
2019,3,IRA,Collage Regional A,62.7,12.55,12.35,12.8,12.7
2019,0,SRA,Comeaux H.S.,53.93,11.41,12.02,12.9,9.2
2019,3,SRA,Comeaux H.S.,67.25,14.61,13.74,13.7,14.2
2019,4,SRA,Comeaux H.S.,65.311,12.89,12.22,12.1,14.3
2019,9,SRA,Comeaux H.S.,77.961,16.42,16.94,14.2,14.8
2019,10,SRA,Comeaux H.S.,82.041,17.47,17.47,15.6,15.5
2019,1,P-SG,Conestoga Valley HS Percussion,64.25,19.65,18.9,12.7,13.0
2019,3,P-SG,Conestoga Valley HS Percussion,65.075,19.8,21.375,11.7,12.2
2019,4,P-SG,Conestoga Valley HS Percussion,65.4,20.1,19.8,12.6,12.9
2019,9,P-SG,Conestoga Valley HS Percussion,81.425,24.15,25.575,15.5,16.2
2019,10,P-SG,Conestoga Valley HS Percussion,81.975,24.113,25.763,16.55,15.55
2019,2,PIW,ConneXus Percussion,77.45,23.2,23.55,15.2,15.5
2019,6,PIW,ConneXus Percussion,81.55,25.05,16.5,24.0,16.0
2019,7,PIW,ConneXus Percussion,82.95,25.35,16.5,24.8,16.3
2019,10,PIW,ConneXus Percussion,85.65,25.65,17.4,25.4,17.2
2019,8,RA,Connersville Winter Percussion Ensemble,65.725,33.85,36.0,30.9,30.7
2019,2,IO,Conversion Winter Guard,57.6,11.0,11.7,11.8,11.8
2019,8,IO,Conversion Winter Guard,64.5,13.9,11.6,12.9,13.0
2019,11,PSA,Copper Hills High School,82.7,23.4,22.8,18.4,18.1
2019,7,PIA,Cornell Indoor Drumline,65.2,19.3,19.2,13.2,13.5
2019,11,PIA,Cornell Indoor Drumline,68.5,20.2,21.0,13.5,13.8
2019,3,R1,Cornerstone Percussion,67.65,21.75,13.8,18.9,13.2
2019,7,PIA,Cornerstone Percussion,70.15,21.45,14.7,19.4,14.6
2019,10,PIA,Cornerstone Percussion,79.8,24.6,14.4,23.7,17.1
2019,11,PIA,Cornerstone Percussion,78.7,24.3,15.25,23.9,15.25
2019,4,PSA,Corning-Painted Post,69.901,21.1,21.3,13.3,14.2
2019,5,PSA,Corning-Painted Post,70.95,22.5,21.15,13.9,13.4
2019,7,PSA,Corning-Painted Post,73.301,20.8,22.5,15.0,15.0
2019,10,PSA,Corning-Painted Post,80.15,24.8,25.35,14.9,15.1
2019,11,PSA,Corning-Painted Post,78.626,23.4,23.625,15.9,15.7
2019,1,SRA,Crowley H.S.,52.0,11.74,8.06,11.3,9.6
2019,5,SRA,Crowley H.S.,68.986,14.73,13.605,12.6,14.5
2019,7,SRA,Crowley H.S.,71.871,15.47,14.8,14.7,13.8
2019,10,SRA,Crowley H.S.,74.42,16.79,14.73,13.6,14.5
2019,3,P-SB,Cumberland Valley HS Percussion,60.35,17.1,19.65,12.0,11.6
2019,8,P-SB,Cumberland Valley HS Percussion,79.85,24.45,23.1,16.2,16.1
2019,9,P-SB,Cumberland Valley HS Percussion,79.75,23.1,24.15,16.2,16.3
2019,10,P-SB,Cumberland Valley HS Percussion,78.176,22.425,23.7,16.1,15.95
2019,2,PSA,Cypress HS,67.9,19.8,13.9,21.4,12.8
2019,4,PSA,Cypress HS,73.051,20.7,15.35,22.4,14.6
2019,7,PSA,Cypress HS,76.75,22.05,15.8,23.2,15.7
2019,8,PSA,Cypress HS,77.876,23.175,16.2,23.6,14.9
2019,10,R1,Cypress HS,83.4,25.2,16.2,25.8,16.2
2019,4,R2,Damien HS,63.7,18.3,12.2,20.3,12.9
2019,6,R1,Damien HS,67.301,19.5,13.1,21.6,13.1
2019,8,PSA,Damien HS,69.9,21.0,13.9,21.8,13.2
2019,10,R3,Damien HS,72.975,22.575,13.9,21.3,15.2
2019,4,R1,Dana Hills HS,67.801,19.5,12.9,21.4,14.0
2019,7,PSA,Dana Hills HS,69.601,22.2,13.5,19.5,14.4
2019,10,R2,Dana Hills HS,76.6,23.7,14.0,23.5,15.4
2019,8,RA,Danville Community High School Indoor Percussion Ensemble,68.451,35.1,37.6,32.7,31.5
2019,4,PIW,Dark Sky Percussion,82.15,24.15,16.6,24.9,16.5
2019,6,PIW,Dark Sky Percussion,84.85,25.65,16.9,25.0,17.3
2019,10,PIW,Dark Sky Percussion,89.8,27.3,18.5,26.4,17.6
2019,11,PIW,Dark Sky Percussion,89.1,27.075,17.6,27.225,17.2
2019,2,PSA,Dassel-Cokato High School,74.95,22.95,14.3,22.9,14.8
2019,3,PSA,Dassel-Cokato High School,78.55,23.25,15.7,24.0,15.6
2019,5,PSA,Dassel-Cokato High School,83.1,25.8,16.9,24.4,16.0
2019,8,PSA,Dassel-Cokato High School,86.65,26.25,17.4,25.9,17.1
2019,10,PSA,Dassel-Cokato High School,89.65,27.15,17.7,26.5,18.3
2019,11,PSA,Dassel-Cokato High School,89.65,27.0,17.9,26.85,17.9
2019,11,PSA,Davis High School,91.9,27.6,27.0,18.6,18.7
2019,5,PSA,DeKalb Winter Percussion Ensemble,69.9,21.15,14.05,22.2,12.5
2019,6,PSA,DeKalb Winter Percussion Ensemble,72.85,21.6,14.55,21.6,15.1
2019,7,PSA,DeKalb Winter Percussion Ensemble,74.426,23.625,14.3,22.7,13.8
2019,8,RB,DeKalb Winter Percussion Ensemble,75.713,21.863,15.35,23.4,15.1
2019,10,PSA,DeKalb Winter Percussion Ensemble,73.925,21.075,15.05,22.5,15.3
2019,3,PSA,Decatur Central Winter Percussion Ensemble,67.401,19.5,13.0,21.2,13.7
2019,4,PSA,Decatur Central Winter Percussion Ensemble,70.176,21.375,12.95,22.1,13.75
2019,6,PSA,Decatur Central Winter Percussion Ensemble,72.35,23.55,13.0,21.9,13.9
2019,8,RA,Decatur Central Winter Percussion Ensemble,75.0,22.8,14.95,23.3,13.95
2019,11,PSA,Decatur Central Winter Percussion Ensemble,82.5,25.95,16.5,24.05,16.0
2019,4,PIA,Decatur County Indoor,61.8,20.7,11.6,18.5,11.0
2019,5,PIA,Decatur County Indoor,62.2,18.3,13.0,18.7,12.2
2019,8,PIA,Decatur County Indoor,71.25,22.65,13.6,20.8,14.2
2019,10,PIA,Decatur County Indoor,70.775,19.725,14.35,22.0,14.7
2019,6,SA,Deer Park High School,51.861,9.94,10.42,10.5,10.4
2019,10,N,Denham Springs H.S. JV,82.861,17.34,16.42,16.2,17.1
2019,1,SRA,Destrehan H.S.,52.23,12.62,9.81,11.2,7.7
2019,4,SRA,Destrehan H.S.,64.42,13.3,13.02,12.8,13.0
2019,9,SRA,Destrehan H.S.,74.93,17.34,15.69,14.1,14.0
2019,4,R1,Diamond Bar HS,76.65,23.25,14.9,23.7,14.8
2019,6,R2,Diamond Bar HS,79.2,24.3,16.3,22.6,16.0
2019,8,PSW,Diamond Bar HS,81.1,24.3,15.7,25.1,16.0
2019,10,PSW,Diamond Bar HS,83.576,25.125,17.0,23.85,17.6
2019,11,PSW,Diamond Bar HS,84.501,25.725,16.8,25.575,16.4
2019,3,SA,Dixie Heights Winter Guard,59.82,10.94,13.88,12.2,11.9
2019,6,SA,Dixie Heights Winter Guard,65.031,12.41,13.82,13.9,12.2
2019,10,SA,Dixie Heights Winter Guard,72.681,14.61,15.27,14.5,13.8
2019,6,R2,Don Lugo HS,66.251,19.35,12.9,20.9,13.1
2019,7,PSA,Don Lugo HS,67.901,20.55,14.05,19.2,14.1
2019,8,R2,Don Lugo HS,71.151,20.85,14.4,22.0,13.9
2019,10,R1,Don Lugo HS,77.1,24.6,14.5,22.4,15.6
2019,3,PSJ,Dorothy McElhinney MS,70.25,21.45,14.1,21.2,13.5
2019,7,PSJ,Dorothy McElhinney MS,84.35,25.35,17.1,24.7,17.2
2019,8,PSJ,Dorothy McElhinney MS,89.25,27.15,16.7,27.8,17.6
2019,10,PSJ,Dorothy McElhinney MS,96.525,29.175,18.7,29.45,19.2
2019,5,PSA,Downingtown,78.25,23.1,23.85,15.9,15.4
2019,7,PSA,Downingtown,82.55,24.9,24.45,16.2,17.0
2019,10,PSO,Downingtown,86.6,26.0,27.0,16.6,17.0
2019,11,PSO,Downingtown,88.05,27.9,25.05,17.3,17.8
2019,3,SA,Dublin Coffman High School,59.291,12.4,12.79,10.4,11.9
2019,5,SA,Dublin Coffman High School,65.141,11.95,13.69,12.4,14.2
2019,8,SA,Dublin Coffman High School,74.561,14.75,15.21,14.2,15.0
2019,10,PSN,Dutchtown H.S.,82.875,24.2,25.575,16.3,16.8
2019,10,N,Dutchtown H.S. JV,83.4,17.33,17.27,15.3,16.6
2019,1,SRA,Dutchtown H.S. Varsity,60.62,13.34,10.68,12.1,12.5
2019,4,SRA,Dutchtown H.S. Varsity,74.72,14.88,16.14,15.4,14.2
2019,9,SRA,Dutchtown H.S. Varsity,78.731,16.34,16.69,13.7,15.9
2019,10,SRA,Dutchtown H.S. Varsity,83.35,17.81,17.14,15.1,16.4
2019,10,PSA,E.D. White Catholic H.S.,89.85,26.9,26.55,17.9,18.5
2019,0,SA,E.D.White H.S.,69.34,13.27,12.87,14.6,14.2
2019,2,SA,E.D.White H.S.,71.6,13.13,13.47,15.1,15.0
2019,4,SA,E.D.White H.S.,75.66,14.87,14.74,15.05,15.6
2019,9,SA,E.D.White H.S.,84.41,16.87,16.34,17.0,16.9
2019,10,SA,E.D.White H.S.,86.84,17.2,16.74,18.1,17.0
2019,10,PIA,ELITE 2,79.9,24.4,23.7,17.0,14.8
2019,10,PIO,ELITE Independent,83.35,25.2,23.85,17.0,17.3
2019,7,PIA-C,EPIC Cadets,83.95,25.0,27.15,16.0,15.8
2019,2,PSA,Eagan High School,67.4,19.8,13.0,21.6,13.0
2019,4,PSA,Eagan High School,69.75,20.25,13.5,22.2,13.8
2019,6,PSA,Eagan High School,74.6,22.2,14.6,22.4,15.4
2019,8,PSA,Eagan High School,77.876,23.775,14.8,23.2,16.1
2019,11,PSA,Eagan High School,77.738,23.438,15.35,24.1,14.85
2019,10,N,East Ascension H.S.,87.48,17.87,17.41,17.1,17.7
2019,5,SRA,East Central High School Winter Guard,52.581,8.7,11.08,10.9,11.4
2019,10,SRA,East Central High School Winter Guard,59.95,11.56,11.49,13.4,11.1
2019,3,PSRA,East Central Indoor Percussion,65.45,20.1,19.35,12.9,13.1
2019,5,PSRA,East Central Indoor Percussion,68.4,18.9,21.9,13.9,13.7
2019,10,PSRA,East Central Indoor Percussion,83.951,25.05,16.5,25.8,16.6
2019,1,PSN,East Hamilton High School Percussion Ensemble,56.85,17.8,16.05,11.2,11.8
2019,4,PSN,East Hamilton High School Percussion Ensemble,61.15,20.1,16.65,11.8,12.6
2019,6,PSN,East Hamilton High School Percussion Ensemble,64.75,21.1,19.05,12.2,12.4
2019,10,PSN,East Hamilton High School Percussion Ensemble,67.925,21.55,20.325,12.9,13.15
2019,4,N,East Hamilton High School Winterguard,59.28,12.14,10.34,12.3,12.2
2019,6,N,East Hamilton High School Winterguard,60.17,12.14,10.93,12.1,12.5
2019,3,PSA,East Irondequoit,64.975,19.7,19.125,13.3,12.85
2019,6,PSA,East Irondequoit,78.3,22.0,24.3,16.4,15.6
2019,8,PSRO,East Irondequoit,83.9,24.3,26.4,16.7,16.5
2019,10,PSRO,East Irondequoit,86.75,25.7,26.25,17.1,17.7
2019,11,PSRO,East Irondequoit,86.05,26.4,25.05,17.2,17.4
2019,3,PSA,East Noble High School Indoor Percussion Ensemble,64.601,18.45,12.5,21.3,12.35
2019,5,PSA,East Noble High School Indoor Percussion Ensemble,66.05,18.75,13.9,20.35,13.05
2019,6,PSA,East Noble High School Indoor Percussion Ensemble,73.1,19.2,14.1,24.1,15.7
2019,7,PSA,East Noble High School Indoor Percussion Ensemble,79.25,23.85,16.2,23.6,15.6
2019,8,RB,East Noble High School Indoor Percussion Ensemble,79.126,22.65,15.675,24.9,15.9
2019,10,PSA,East Noble High School Indoor Percussion Ensemble,76.525,21.675,15.275,23.45,16.125
2019,7,PSA,East Pennsboro,82.2,23.7,25.5,16.5,16.5
2019,2,P-SB,East Pennsboro HS Percussion,66.6,18.9,20.7,13.6,13.4
2019,3,P-SB,East Pennsboro HS Percussion,68.15,20.7,22.05,12.8,12.6
2019,9,P-SB,East Pennsboro HS Percussion,85.65,24.75,27.0,17.2,16.7
2019,10,P-SB,East Pennsboro HS Percussion,85.938,25.238,27.15,16.5,17.05
2019,3,PSA,East Syracuse Minoa,70.2,21.1,21.0,14.9,13.2
2019,4,PSA,East Syracuse Minoa,78.05,24.2,24.75,13.9,15.2
2019,7,PSA,East Syracuse Minoa,84.2,24.4,25.5,17.1,17.2
2019,8,PSRO,East Syracuse Minoa,87.0,25.4,27.6,17.1,16.9
2019,9,PSO,East Syracuse Minoa,85.55,25.5,25.35,17.2,17.5
2019,10,PSO,East Syracuse Minoa,89.2,28.0,27.9,16.4,16.9
2019,11,PSO,East Syracuse Minoa,86.55,26.1,25.65,17.8,17.0
2019,3,PSB,Eastside Junior/Senior High School,62.051,19.65,12.1,17.8,12.5
2019,4,PSB,Eastside Junior/Senior High School,58.351,18.15,12.4,15.3,12.5
2019,6,PSB,Eastside Junior/Senior High School,60.95,17.55,12.8,17.6,13.0
2019,7,PSB,Eastside Junior/Senior High School,62.713,18.263,13.175,18.9,12.375
2019,3,SRA,Eaton High School Winterguard,52.46,9.08,10.08,11.2,10.6
2019,6,SRA,Eaton High School Winterguard,69.19,12.41,12.88,14.0,15.0
2019,8,SRA,Eaton High School Winterguard,66.46,11.48,13.88,14.7,12.8
2019,10,SRA,Eaton High School Winterguard,70.79,13.88,15.41,14.6,13.4
2019,2,PSO,Eden Prairie High School,71.8,21.3,12.8,23.7,14.0
2019,5,PSO,Eden Prairie High School,78.25,24.45,15.0,24.8,14.0
2019,10,PSW,Eden Prairie High School,81.325,24.225,15.2,25.7,16.2
2019,11,PSW,Eden Prairie High School,82.2,25.65,15.5,24.8,16.25
2019,3,PSA,Edgewood High School,65.901,19.95,12.25,20.4,13.3
2019,4,PSA,Edgewood High School,71.125,21.525,13.9,21.7,14.0
2019,7,PSA,Edgewood High School,73.8,22.2,15.1,22.2,14.3
2019,8,RB,Edgewood High School,80.713,23.962,16.0,25.8,14.95
2019,10,PSA,Edgewood High School,81.0,22.5,16.6,25.2,16.7
2019,2,SRA,Edgewood High School Winterguard,54.52,9.41,10.21,11.7,11.2
2019,3,SRA,Edgewood High School Winterguard,56.291,11.14,11.75,10.9,11.4
2019,5,SRA,Edgewood High School Winterguard,64.661,12.68,13.88,12.0,13.3
2019,6,SRA,Edgewood High School Winterguard,69.431,13.34,13.49,14.2,14.5
2019,7,SRA,Edgewood High School Winterguard,75.51,15.54,15.47,15.1,14.9
2019,8,SRA,Edgewood High School Winterguard,76.02,15.2,14.02,15.6,15.7
2019,10,SRA,Edgewood High School Winterguard,84.98,18.01,18.27,17.7,15.6
2019,3,GHSSRAS,Edison HS Guard,56.26,9.95,10.21,13.3,11.4
2019,5,GHSSRAS,Edison HS Guard,58.81,12.02,10.69,12.0,11.6
2019,8,GHSSRAS,Edison HS Guard,74.98,14.54,14.94,15.4,14.7
2019,10,GHSSRAS,Edison HS Guard,79.275,15.405,15.47,15.7,16.5
2019,3,PHSSRA,Edison HS Percussion,67.0,21.7,18.9,14.3,12.1
2019,5,PHSSRA,Edison HS Percussion,71.5,24.3,22.2,12.8,12.2
2019,8,PHSSRA,Edison HS Percussion,78.15,25.3,23.85,14.6,14.4
2019,10,PHSSRA,Edison HS Percussion,80.65,23.9,25.35,16.8,14.6
2019,7,GHSSA,El Diamante HS Guard,59.52,10.68,11.14,12.8,12.0
2019,8,GHSSA,El Diamante HS Guard,65.01,12.14,13.07,13.0,12.5
2019,10,GHSSAG,El Diamante HS Guard,71.21,12.74,15.07,13.5,14.9
2019,4,PSO,El Dorado HS,82.25,24.15,17.1,24.2,16.8
2019,6,PSO,El Dorado HS,84.5,26.1,17.1,24.0,17.3
2019,8,PSO,El Dorado HS,85.35,26.25,17.8,24.2,17.1
2019,10,R1,El Dorado HS,93.175,27.675,19.0,27.5,19.0
2019,11,PSO,El Dorado HS,93.413,28.012,19.05,27.525,18.825
2019,4,PSA,El Toro HS,76.15,22.2,15.25,23.9,14.8
2019,6,R1,El Toro HS,75.55,22.65,14.7,22.8,15.4
2019,8,PSA,El Toro HS,77.051,23.25,15.8,22.7,15.3
2019,10,R2,El Toro HS,85.076,25.275,16.7,26.4,16.7
2019,2,PSRA,Elder High School Indoor Percussion Ensemble,70.1,20.5,21.9,15.0,12.7
2019,3,PSRA,Elder High School Indoor Percussion Ensemble,69.45,21.4,22.35,13.0,12.7
2019,6,PSRA,Elder High School Indoor Percussion Ensemble,77.1,24.0,16.1,23.0,14.0
2019,10,PSRA,Elder High School Indoor Percussion Ensemble,84.55,25.35,17.0,26.0,16.2
2019,2,SRA,Elder High School Winterguard,54.011,8.75,11.56,11.0,11.1
2019,3,SRA,Elder High School Winterguard,65.19,14.81,13.88,12.6,12.7
2019,6,SRA,Elder High School Winterguard,73.16,13.88,14.88,15.7,13.8
2019,10,SRA,Elder High School Winterguard,84.98,18.74,17.94,17.3,16.1
2019,3,PSA,Elkhart Central Blazeline,62.951,17.85,13.2,20.1,11.8
2019,4,PSA,Elkhart Central Blazeline,69.25,20.85,13.1,22.5,12.8
2019,6,PSA,Elkhart Central Blazeline,72.551,22.2,14.85,20.6,14.9
2019,8,RA,Elkhart Central Blazeline,70.05,20.25,14.45,21.95,13.4
2019,3,PSA,Elkhart Memorial Winter Percussion,62.65,17.55,12.1,21.4,11.6
2019,5,PSA,Elkhart Memorial Winter Percussion,65.3,18.3,13.5,21.2,12.3
2019,6,PSA,Elkhart Memorial Winter Percussion,69.001,19.35,13.65,22.3,13.7
2019,7,PSA,Elkhart Memorial Winter Percussion,73.125,21.825,13.6,21.7,16.0
2019,8,RB,Elkhart Memorial Winter Percussion,72.5,21.15,14.4,23.6,13.35
2019,0,SRA,Erath H.S.,51.63,11.66,11.67,9.2,9.7
2019,4,SRA,Erath H.S.,64.97,13.89,11.28,12.3,14.0
2019,5,SRA,Erath H.S.,69.956,14.69,14.015,13.4,14.1
2019,9,SRA,Erath H.S.,73.73,13.88,15.15,15.3,14.6
2019,10,SRA,Erath H.S.,78.11,15.01,16.6,15.8,14.9
2019,7,PSW,Etiwanda HS,81.7,24.6,17.0,23.7,16.4
2019,10,PSW,Etiwanda HS,91.126,26.925,18.9,26.9,18.4
2019,11,PSW,Etiwanda HS,92.175,28.125,18.7,26.8,18.55
2019,3,GHSSRAS,Exeter Union HS Guard,50.311,9.14,9.27,10.9,11.5
2019,5,GHSSRAS,Exeter Union HS Guard,50.331,9.88,8.75,11.2,10.6
2019,7,GHSSRAS,Exeter Union HS Guard,61.07,12.16,11.61,12.3,12.7
2019,8,GHSSRAS,Exeter Union HS Guard,63.341,13.14,12.8,12.2,13.1
2019,10,GHSSRAS,Exeter Union HS Guard,64.62,13.41,12.61,12.9,13.5
2019,8,PHSSRA,Exeter Union HS Percussion,69.5,23.7,21.0,12.6,12.2
2019,10,PHSSRA,Exeter Union HS Percussion,71.15,21.3,20.85,15.5,13.5
2019,8,RB,F. J. Reitz Indoor Percussion Ensemble,77.925,38.7,40.85,38.6,37.7
2019,4,PSO,Fair Lawn,71.9,22.4,21.6,13.3,14.6
2019,2,PSA,Fairborn High School Indoor Drumline,69.45,20.8,20.25,13.4,15.0
2019,6,PSA,Fairborn High School Indoor Drumline,74.501,22.2,14.65,22.45,15.2
2019,7,PSA,Fairborn High School Indoor Drumline,76.876,22.875,15.3,22.2,16.5
2019,8,PSA,Fairborn High School Indoor Drumline,77.251,24.3,14.95,23.0,15.0
2019,10,PSA,Fairborn High School Indoor Drumline,82.325,25.125,15.8,25.0,16.4
2019,2,SRA,Fairborn Winter Guard,73.6,16.54,16.26,13.5,14.2
2019,3,SA,Fairborn Winter Guard,66.11,13.86,13.35,12.5,12.5
2019,5,SA,Fairborn Winter Guard,66.82,14.61,14.01,13.2,12.3
2019,6,SA,Fairborn Winter Guard,68.98,14.08,14.4,13.3,13.0
2019,8,SA,Fairborn Winter Guard,77.64,15.4,16.14,15.7,16.1
2019,10,SA,Fairborn Winter Guard,79.6,15.73,16.07,15.4,15.7
2019,2,SRA,Fairfield High School JV Winter Guard,66.65,14.54,11.01,14.1,13.4
2019,3,SRA,Fairfield High School JV Winter Guard,70.05,14.8,14.35,14.6,13.0
2019,7,SRA,Fairfield High School JV Winter Guard,74.33,13.88,14.15,15.6,14.8
2019,8,SRA,Fairfield High School JV Winter Guard,73.66,13.15,14.21,15.2,15.7
2019,10,SRA,Fairfield High School JV Winter Guard,85.8,16.6,18.8,17.4,17.0
2019,2,SA,Fairfield High School Varsity Winter Guard,61.79,8.95,11.34,13.9,14.8
2019,3,SA,Fairfield High School Varsity Winter Guard,68.2,14.19,13.61,14.2,13.6
2019,7,SA,Fairfield High School Varsity Winter Guard,79.8,15.67,15.93,16.0,15.8
2019,8,SA,Fairfield High School Varsity Winter Guard,82.05,15.81,16.54,16.4,16.3
2019,10,SA,Fairfield High School Varsity Winter Guard,84.11,16.54,17.67,17.3,17.0
2019,11,PSA,Farmington High School,82.65,24.8,23.85,17.6,16.4
2019,1,PSA,Farragut High School Indoor Percussion Ensemble,67.6,20.8,19.8,13.3,13.7
2019,4,PSA,Farragut High School Indoor Percussion Ensemble,77.55,24.5,22.95,15.0,15.1
2019,10,PSA,Farragut High School Indoor Percussion Ensemble,86.85,27.1,26.4,16.9,16.45
2019,1,SA,Farragut High School Winterguard,52.491,11.41,11.28,10.3,11.4
2019,2,SA,Farragut High School Winterguard,53.96,11.35,11.81,10.3,10.5
2019,6,SA,Farragut High School Winterguard,66.44,13.47,13.47,12.5,12.1
2019,6,P,Farragut Middle School,51.21,9.67,9.34,9.4,11.8
2019,10,PE-IB,First Capital Drumline,85.9,42.1,44.4,41.9,43.4
2019,8,RB,Fishers High School Concert A,85.3,44.2,43.8,42.4,40.2
2019,3,PSRA,Foley High School,66.35,20.7,13.1,19.85,12.7
2019,5,PSRA,Foley High School,70.426,22.875,13.45,21.4,12.7
2019,8,PSRA,Foley High School,75.2,23.55,15.1,22.3,14.25
2019,9,PSRA,Foley High School,72.1,20.4,14.1,22.9,14.7
2019,10,PSRA,Foley High School,79.6,24.0,16.0,23.3,16.3
2019,11,PSRA,Foley High School,79.275,24.525,16.275,23.65,14.825
2019,3,PSA,Forest Hills Indoor Percussion Ensemble,67.7,21.1,19.8,13.2,13.6
2019,6,PSA,Forest Hills Indoor Percussion Ensemble,72.576,22.425,14.35,22.1,13.7
2019,8,PSA,Forest Hills Indoor Percussion Ensemble,80.05,24.15,15.7,26.2,14.0
2019,10,PSA,Forest Hills Indoor Percussion Ensemble,83.551,25.65,15.3,26.7,15.9
2019,3,SRA,Forest Hills JV Winterguard,65.19,12.54,13.55,13.4,12.0
2019,5,SRA,Forest Hills JV Winterguard,66.67,11.82,14.15,12.9,15.2
2019,6,SRA,Forest Hills JV Winterguard,70.38,12.22,13.76,14.8,14.1
2019,8,SRA,Forest Hills JV Winterguard,76.58,15.87,14.81,16.3,15.0
2019,10,SRA,Forest Hills JV Winterguard,87.32,18.34,18.88,17.9,16.4
2019,3,SA,Forest Hills Varsity Winterguard,63.611,12.87,13.14,13.6,12.0
2019,5,SA,Forest Hills Varsity Winterguard,66.96,12.28,13.08,15.1,12.7
2019,6,SA,Forest Hills Varsity Winterguard,76.21,12.94,15.87,15.6,15.8
2019,8,SA,Forest Hills Varsity Winterguard,81.98,16.94,14.94,16.8,16.3
2019,10,SA,Forest Hills Varsity Winterguard,85.68,16.81,17.87,16.7,17.4
2019,2,PIA,Forest Lake High School,61.85,18.15,12.2,19.0,12.5
2019,3,PIA,Forest Lake High School,65.6,18.75,13.7,20.3,12.85
2019,5,PIA,Forest Lake High School,70.0,21.3,13.9,20.4,14.4
2019,8,PIA,Forest Lake High School,70.5,21.9,14.0,19.6,15.0
2019,10,PIA,Forest Lake High School,69.775,20.625,13.5,21.7,13.95
2019,11,PIA,Forest Lake High School,68.088,19.538,12.95,22.25,13.35
2019,1,IA,Forte Winterguard,69.39,15.48,15.41,12.6,13.1
2019,2,IA,Forte Winterguard,70.18,15.54,15.74,12.9,14.5
2019,4,IA,Forte Winterguard,74.35,14.21,14.54,15.4,14.8
2019,6,IA,Forte Winterguard,72.65,14.88,13.27,15.1,14.7
2019,9,IA,Forte Winterguard,76.32,15.28,13.34,15.6,16.0
2019,4,PSO,Fountain Valley HS,75.701,21.6,16.3,22.5,15.3
2019,6,PSO,Fountain Valley HS,81.1,25.2,16.3,23.0,16.6
2019,8,PSO,Fountain Valley HS,83.45,24.75,17.2,25.4,16.1
2019,10,R2,Fountain Valley HS,89.325,26.175,17.8,27.95,17.4
2019,11,PSO,Fountain Valley HS,89.65,26.7,17.75,27.55,17.65
2019,3,PSW,Franklin Central Indoor Percussion Ensemble,72.55,21.75,14.4,22.8,13.6
2019,4,PSW,Franklin Central Indoor Percussion Ensemble,74.8,22.2,15.6,21.9,15.1
2019,6,PSW,Franklin Central Indoor Percussion Ensemble,83.5,24.3,16.6,24.5,18.1
2019,8,PSW,Franklin Central Indoor Percussion Ensemble,86.275,25.575,17.3,26.0,17.4
2019,10,PSW,Franklin Central Indoor Percussion Ensemble,88.125,26.475,18.55,25.9,17.2
2019,11,PSW,Franklin Central Indoor Percussion Ensemble,90.1,28.2,18.0,25.3,18.6
2019,4,PSA,Franklin Community High School Indoor Percussion,70.8,22.05,12.75,21.8,14.2
2019,5,PSA,Franklin Community High School Indoor Percussion,73.05,22.5,15.35,21.5,13.7
2019,6,PSA,Franklin Community High School Indoor Percussion,75.901,22.8,16.1,21.9,15.1
2019,8,RA,Franklin Community High School Indoor Percussion,80.751,23.775,15.975,25.5,15.5
2019,10,PSA,Franklin Community High School Indoor Percussion,81.125,23.775,16.125,24.75,16.475
2019,11,PSA,Franklin Community High School Indoor Percussion,86.85,27.15,18.1,23.7,17.9
2019,2,ECG,Franklin Elementary Wildkittens,73.46,15.41,15.35,14.6,13.7
2019,3,ECG,Franklin Elementary Wildkittens,77.56,16.14,15.42,15.3,15.2
2019,5,ECG,Franklin Elementary Wildkittens,74.86,14.82,15.54,14.1,15.5
2019,6,ECG,Franklin Elementary Wildkittens,79.53,15.48,17.55,15.5,15.0
2019,8,ECG,Franklin Elementary Wildkittens,85.1,15.55,16.95,17.2,19.0
2019,10,ECG,Franklin Elementary Wildkittens,86.82,16.68,16.54,17.4,18.0
2019,2,SA,Franklin High School Winter Guard,60.76,11.08,11.48,13.1,12.7
2019,3,SA,Franklin High School Winter Guard,66.8,14.18,13.82,13.3,12.8
2019,5,SA,Franklin High School Winter Guard,65.161,13.88,12.68,12.3,13.5
2019,6,SA,Franklin High School Winter Guard,71.641,13.68,14.76,15.1,14.9
2019,8,SA,Franklin High School Winter Guard,77.29,16.28,16.01,15.6,14.2
2019,10,SA,Franklin High School Winter Guard,80.781,17.01,14.87,16.1,16.8
2019,2,JCG,Franklin Junior High Winter Guard,62.45,13.34,12.61,11.5,12.3
2019,3,JCG,Franklin Junior High Winter Guard,71.95,15.07,15.48,13.7,13.5
2019,5,JCG,Franklin Junior High Winter Guard,79.48,16.14,15.54,17.0,15.4
2019,6,JCG,Franklin Junior High Winter Guard,81.02,16.61,16.41,16.4,15.8
2019,8,JCG,Franklin Junior High Winter Guard,80.8,15.81,16.49,15.9,15.5
2019,10,JCG,Franklin Junior High Winter Guard,88.45,18.48,18.87,16.4,17.6
2019,3,GIO,Frente,56.2,11.7,11.0,10.2,10.5
2019,5,GIO,Frente,70.6,14.1,14.8,13.4,13.7
2019,10,GIO,Frente,84.5,17.1,17.5,17.4,16.6
2019,2,PSRA,Fusion Drumline of ISD 622,63.45,19.05,12.1,19.6,12.7
2019,5,PSRA,Fusion Drumline of ISD 622,70.55,22.95,13.5,21.2,12.9
2019,6,PSRA,Fusion Drumline of ISD 622,73.65,23.25,14.0,21.7,14.7
2019,9,PSRA,Fusion Drumline of ISD 622,70.25,19.35,14.5,22.4,14.0
2019,10,PSRA,Fusion Drumline of ISD 622,71.851,19.95,14.5,22.5,14.9
2019,11,PSRA,Fusion Drumline of ISD 622,72.201,21.45,14.6,22.45,13.7
2019,4,R2,Gahr HS,78.1,22.35,14.95,25.7,15.1
2019,7,PSO,Gahr HS,80.15,25.35,14.8,24.6,15.4
2019,8,PSO,Gahr HS,82.15,23.55,17.1,24.5,17.0
2019,10,R2,Gahr HS,80.925,24.825,15.8,23.4,16.9
2019,2,SRA,Gallatin County Winter Guard,50.551,7.81,9.54,11.4,11.5
2019,6,SRA,Gallatin County Winter Guard,60.56,10.01,11.35,13.3,12.9
2019,8,SRA,Gallatin County Winter Guard,67.35,12.94,13.41,13.7,13.4
2019,10,SRA,Gallatin County Winter Guard,72.36,13.59,16.27,14.9,13.0
2019,1,SRA,Gibbs High School Winterguard,52.44,10.8,10.34,11.9,11.0
2019,2,SRA,Gibbs High School Winterguard,52.65,10.14,10.21,11.2,10.0
2019,6,SRA,Gibbs High School Winterguard,67.331,13.87,13.26,13.3,12.9
2019,1,PSN,Gibbs Indoor Drumline,59.4,18.4,17.4,11.7,11.9
2019,2,PSN,Gibbs Indoor Drumline,57.65,18.0,15.15,12.4,12.1
2019,6,PSN,Gibbs Indoor Drumline,69.55,22.2,20.85,12.7,13.8
2019,10,PSN,Gibbs Indoor Drumline,71.675,22.4,21.075,13.75,14.45
2019,3,PJHSA,Glacier Point Middle School,64.85,20.6,19.95,13.6,10.7
2019,8,PJHSA,Glacier Point Middle School,74.2,21.9,24.3,13.0,15.0
2019,10,PJHSA,Glacier Point Middle School,84.45,26.8,25.65,16.2,15.8
2019,2,PSA,Glen A. Wilson HS,61.0,18.6,12.0,19.1,11.3
2019,4,R1,Glen A. Wilson HS,65.75,19.95,12.3,20.2,13.3
2019,6,R1,Glen A. Wilson HS,67.001,19.2,13.0,22.2,12.6
2019,10,R3,Glen A. Wilson HS,75.875,23.475,14.3,22.5,15.6
2019,4,R1,Glendora HS,74.05,22.95,14.6,22.1,14.4
2019,6,R1,Glendora HS,73.25,22.05,15.1,21.1,15.0
2019,8,R2,Glendora HS,81.5,23.7,17.8,23.7,16.3
2019,10,R2,Glendora HS,91.05,28.05,17.65,27.45,17.9
2019,11,PSA,Glendora HS,91.113,26.812,18.875,26.625,18.8
2019,4,PIO,Gold Indoor Percussion,72.5,21.3,15.0,22.3,13.9
2019,7,PIO,Gold Indoor Percussion,76.7,22.8,14.5,24.4,15.0
2019,10,PIO,Gold Indoor Percussion,84.0,25.8,16.8,24.6,16.8
2019,11,PIO,Gold Indoor Percussion,86.3,26.1,16.8,26.0,17.4
2019,11,PIO,Gold Spike Percussion,87.65,26.55,17.6,25.6,17.9
2019,3,GHSSRAG,Golden West HS Guard,63.801,13.13,13.87,14.1,11.4
2019,5,GHSSRAG,Golden West HS Guard,63.55,12.94,12.61,13.6,12.0
2019,8,GHSSRAG,Golden West HS Guard,73.27,14.54,15.13,14.8,14.6
2019,10,GHSSRAG,Golden West HS Guard,75.74,14.94,15.8,15.3,15.6
2019,5,PHSSA-G,Golden West HS Percussion,79.45,26.5,23.4,15.25,14.3
2019,7,PHSSA-G,Golden West HS Percussion,79.35,24.4,24.45,15.3,15.2
2019,8,PHSSA-G,Golden West HS Percussion,79.7,24.6,24.0,15.5,15.6
2019,10,PHSSA-G,Golden West HS Percussion,82.5,26.3,23.1,16.9,16.2
2019,3,SRA,Goshen High School Winterguard,55.89,11.54,10.35,11.7,11.2
2019,6,SRA,Goshen High School Winterguard,63.97,12.08,11.89,13.5,12.4
2019,8,SRA,Goshen High School Winterguard,66.4,12.15,12.35,14.6,13.3
2019,10,SRA,Goshen High School Winterguard,69.831,13.08,14.95,15.1,12.8
2019,2,P-SP,Gov. Thomas Johnson HS Percussion,64.45,19.05,20.4,12.5,12.5
2019,7,P-SP,Gov. Thomas Johnson HS Percussion,79.3,22.5,24.3,15.7,16.8
2019,10,P-SP,Gov. Thomas Johnson HS Percussion,84.775,25.125,25.8,16.9,16.95
2019,4,PSO,Granada Hills CHS,67.451,19.65,14.3,20.9,12.6
2019,7,PSO,Granada Hills CHS,76.451,21.75,14.6,24.2,15.9
2019,10,R1,Granada Hills CHS,79.701,23.7,16.4,23.9,15.7
2019,3,PSO,Great Oak HS,76.65,23.55,15.4,22.5,15.2
2019,7,PSO,Great Oak HS,83.4,25.35,16.6,24.45,17.0
2019,8,R1,Great Oak HS,70.551,21.45,14.0,21.8,13.3
2019,10,R1,Great Oak HS,90.5,27.3,16.6,27.8,18.8
2019,11,PSO,Great Oak HS,91.825,27.6,18.35,27.775,18.1
2019,1,P-SG,Greencastle-Antrim HS Percussion,61.85,18.6,18.45,12.3,12.5
2019,4,P-SG,Greencastle-Antrim HS Percussion,65.45,20.55,20.1,12.5,12.3
2019,5,P-SG,Greencastle-Antrim HS Percussion,69.25,21.3,21.15,13.3,13.5
2019,7,P-SG,Greencastle-Antrim HS Percussion,75.85,22.35,23.1,15.0,15.4
2019,9,P-SG,Greencastle-Antrim HS Percussion,80.8,24.15,25.35,15.3,16.0
2019,10,P-SG,Greencastle-Antrim HS Percussion,81.188,24.15,25.837,15.5,15.7
2019,10,PE-SJ,Greencastle-Antrim MS Percussion,78.95,37.8,41.3,40.0,38.8
2019,3,PSO,Greenfield-Central Indoor Percussion Ensemble,69.95,19.35,13.7,23.4,13.5
2019,5,PSO,Greenfield-Central Indoor Percussion Ensemble,72.6,21.3,14.5,22.4,14.4
2019,8,PSO,Greenfield-Central Indoor Percussion Ensemble,79.4,22.5,15.2,25.1,16.6
2019,10,PSO,Greenfield-Central Indoor Percussion Ensemble,82.325,24.075,16.8,25.7,15.75
2019,3,PSA,Greenwood Indoor Percussion,69.7,19.2,13.9,22.4,14.2
2019,4,PSA,Greenwood Indoor Percussion,73.8,21.6,14.6,23.1,14.5
2019,6,PSA,Greenwood Indoor Percussion,76.95,21.9,16.9,22.85,15.3
2019,8,RB,Greenwood Indoor Percussion,85.138,25.837,16.95,25.6,16.75
2019,10,PSA,Greenwood Indoor Percussion,85.263,24.488,18.1,25.175,17.5
2019,4,PIA,Groove Pursuit,67.55,19.05,13.7,21.2,13.6
2019,10,PIA,Groove Pursuit,78.375,23.625,15.75,24.3,14.7
2019,11,PIA,Groove Pursuit,76.175,20.85,15.025,24.45,15.85
2019,2,PSRA,Grove Area Percussion 2 of ISD 279,68.25,20.25,13.1,21.5,13.4
2019,3,PSRA,Grove Area Percussion 2 of ISD 279,72.35,20.85,14.9,22.1,14.5
2019,5,PSRA,Grove Area Percussion 2 of ISD 279,77.35,24.15,16.3,22.6,14.3
2019,8,PSRA,Grove Area Percussion 2 of ISD 279,79.95,24.45,16.2,23.9,15.4
2019,10,PSRA,Grove Area Percussion 2 of ISD 279,81.15,24.75,15.4,24.2,16.8
2019,11,PSRA,Grove Area Percussion 2 of ISD 279,80.6,24.0,15.95,24.65,16.0
2019,2,PSA,Grove Area Percussion of ISD 279,72.55,22.35,13.6,22.3,14.3
2019,3,PSA,Grove Area Percussion of ISD 279,76.3,22.2,15.5,23.3,15.3
2019,5,PSA,Grove Area Percussion of ISD 279,80.9,25.5,16.4,23.7,15.3
2019,8,PSA,Grove Area Percussion of ISD 279,82.75,25.05,16.3,25.0,16.4
2019,10,PSA,Grove Area Percussion of ISD 279,85.001,25.5,16.3,25.9,17.3
2019,11,PSA,Grove Area Percussion of ISD 279,84.475,25.35,17.375,25.7,16.05
2019,10,N,Gulfport H.S. JV,88.83,18.19,17.94,17.6,17.5
2019,1,SA,Gulfport H.S. Varsity,51.761,10.28,11.08,8.9,10.7
2019,2,SA,Gulfport H.S. Varsity,65.48,11.61,12.47,13.6,14.3
2019,4,SA,Gulfport H.S. Varsity,69.071,13.14,13.13,14.6,13.9
2019,7,SA,Gulfport H.S. Varsity,77.17,16.0,16.07,14.5,14.6
2019,8,SA,Gulfport H.S. Varsity,77.88,14.61,15.87,16.1,15.5
2019,10,PSN,Gulfport HS,82.2,24.7,24.9,15.7,16.9
2019,2,C,Gulfport M.S.,55.97,10.01,11.36,11.9,11.6
2019,8,C,Gulfport M.S.,66.52,13.61,13.81,13.5,13.0
2019,1,SRA,H.L. Bourgeois H.S. Varsity,68.79,14.61,9.68,15.4,15.2
2019,2,SRA,H.L. Bourgeois H.S. Varsity,69.49,14.01,12.88,14.0,14.3
2019,4,SRA,H.L. Bourgeois H.S. Varsity,71.89,14.35,13.74,14.3,15.0
2019,5,SRA,H.L. Bourgeois H.S. Varsity,78.655,15.67,15.735,15.8,15.7
2019,8,SRA,H.L. Bourgeois H.S. Varsity,80.24,16.6,15.94,15.7,16.0
2019,10,SRA,H.L. Bourgeois H.S. Varsity,88.37,18.0,18.07,16.8,17.6
2019,10,N,H.L.Bourgeois H.S. JV,80.651,16.93,16.72,14.9,16.0
2019,1,SA,HIPE Blue,56.88,11.87,11.81,10.5,11.8
2019,2,SA,HIPE Blue,58.35,12.41,12.54,11.1,11.0
2019,6,SA,HIPE Blue,68.41,14.54,14.47,12.7,12.5
2019,9,SA,HIPE Blue,74.21,14.74,14.67,13.8,15.5
2019,8,RA,Hagerstown Indoor  Percussion Ensemble,64.15,32.7,34.4,30.4,30.8
2019,0,SRA,Hahnville H.S.,52.86,11.61,9.15,13.7,9.4
2019,2,SRA,Hahnville H.S.,63.7,10.81,11.69,13.7,13.8
2019,4,SRA,Hahnville H.S.,72.41,14.4,14.21,15.0,14.8
2019,9,SRA,Hahnville H.S.,82.38,16.14,17.14,17.3,15.8
2019,10,SRA,Hahnville H.S.,83.43,16.54,16.59,17.5,16.6
2019,1,SRA,Halls High School Winterguard,55.31,10.94,10.67,12.4,12.1
2019,6,SRA,Halls High School Winterguard,73.43,15.4,14.13,15.1,14.1
2019,9,SRA,Halls High School Winterguard,78.35,15.28,13.87,15.6,16.8
2019,1,PSA,Halls Indoor Percussion Ensemble,72.35,22.4,21.15,14.6,14.2
2019,2,PSA,Halls Indoor Percussion Ensemble,70.55,21.6,19.35,15.4,14.2
2019,10,PSO,Halls Indoor Percussion Ensemble,89.65,26.4,27.0,17.9,18.35
2019,6,P,Halls Middle School,56.24,10.67,9.67,11.8,12.3
2019,9,P,Halls Middle School,67.93,11.39,10.14,17.3,14.7
2019,2,PSA,Hamilton High School Indoor Marching Percussion Ensemble,68.501,20.4,19.8,13.7,14.6
2019,6,PSA,Hamilton High School Indoor Marching Percussion Ensemble,78.6,23.7,15.8,22.8,16.3
2019,8,PSA,Hamilton High School Indoor Marching Percussion Ensemble,80.55,23.25,16.5,24.7,16.1
2019,10,PSA,Hamilton High School Indoor Marching Percussion Ensemble,85.201,25.05,17.3,25.45,17.4
2019,3,PSA,Hamilton Southeastern High School,71.15,18.75,14.4,23.7,14.3
2019,5,PSA,Hamilton Southeastern High School,77.725,23.025,15.95,23.95,14.8
2019,8,RA,Hamilton Southeastern High School,87.413,26.513,17.375,26.7,16.825
2019,10,PSA,Hamilton Southeastern High School,88.888,26.138,17.75,26.95,18.05
2019,5,SA,Hamilton Winter Guard,64.73,14.35,13.68,11.6,13.3
2019,6,SA,Hamilton Winter Guard,70.11,14.81,15.0,13.6,12.8
2019,8,SA,Hamilton Winter Guard,77.28,16.14,15.54,14.9,15.7
2019,10,SA,Hamilton Winter Guard,76.28,16.4,15.28,15.1,14.6
2019,10,PSN,Hancock H.S.,83.35,23.9,25.65,16.8,17.0
2019,5,GHSSRAS,Hanford HS Guard,57.33,12.29,12.74,9.0,12.3
2019,5,GHSSRAS,Hanford West HS Guard,51.251,10.34,9.61,10.6,11.0
2019,7,GHSSRAS,Hanford West HS Guard,60.531,11.42,12.21,12.5,12.4
2019,10,GHSSRAS,Hanford West HS Guard,69.691,13.68,12.81,15.0,14.5
2019,3,PHSSRA,Hanford West HS Percussion,64.85,21.3,18.45,13.4,11.7
2019,5,PHSSRA,Hanford West HS Percussion,72.2,25.1,21.75,12.95,12.4
2019,7,PHSSRA,Hanford West HS Percussion,78.5,24.7,26.1,14.5,13.2
2019,10,PHSSRA,Hanford West HS Percussion,77.9,23.6,23.7,16.6,14.0
2019,3,GHSSRAS,Hanford West HS Varisty Guard,51.941,9.8,9.54,11.5,10.7
2019,1,PSA,Hardin Valley Academy Indoor Percussion Ensemble,70.4,21.0,21.3,13.8,14.3
2019,2,PSA,Hardin Valley Academy Indoor Percussion Ensemble,71.6,22.2,19.8,14.8,14.8
2019,10,PSA,Hardin Valley Academy Indoor Percussion Ensemble,89.75,26.8,27.525,17.575,17.85
2019,1,SRA,Hardin Valley Academy JV,54.24,10.47,10.27,12.1,11.3
2019,2,SRA,Hardin Valley Academy JV,54.29,10.61,10.88,11.8,10.2
2019,4,SRA,Hardin Valley Academy JV,65.98,13.54,13.14,12.8,13.4
2019,6,SRA,Hardin Valley Academy JV,70.62,14.54,13.08,14.4,13.5
2019,1,SA,Hardin Valley Academy Varsity,63.65,14.74,14.01,11.0,12.7
2019,2,SA,Hardin Valley Academy Varsity,65.08,15.14,14.34,12.1,12.9
2019,4,SA,Hardin Valley Academy Varsity,67.76,13.15,13.21,14.5,13.0
2019,6,SA,Hardin Valley Academy Varsity,73.01,15.34,14.27,14.4,14.0
2019,6,P,Hardin Valley Prep,52.5,10.0,9.4,10.4,11.9
2019,10,PSA,Harrison Central H.S.,83.05,24.6,24.75,17.2,16.5
2019,1,SRA,Harrison Central H.S. Varsity,56.941,13.02,8.02,11.4,12.4
2019,2,SRA,Harrison Central H.S. Varsity,63.5,12.02,12.28,12.9,12.7
2019,4,SRA,Harrison Central H.S. Varsity,62.08,11.81,11.97,12.5,13.4
2019,4,PSA,Hatboro-Horsham,72.05,21.8,20.85,14.9,14.5
2019,5,PSA,Hatboro-Horsham,74.8,23.5,21.9,15.2,14.2
2019,9,PSA,Hatboro-Horsham,85.05,25.3,25.95,16.9,16.9
2019,10,PSA,Hatboro-Horsham,85.85,25.35,26.4,17.3,16.8
2019,11,PSA,Hatboro-Horsham,86.275,25.9,24.075,18.0,18.3
2019,3,SRA,Haughton H.S.,55.561,13.55,9.21,11.5,10.8
2019,5,SRA,Haughton H.S.,64.425,11.41,12.365,13.2,13.9
2019,9,SRA,Haughton H.S.,80.551,17.14,18.21,14.6,15.4
2019,10,SRA,Haughton H.S.,81.451,16.94,16.41,15.7,16.3
2019,4,PSA,Hempfield,70.15,21.9,20.55,14.5,13.2
2019,5,PSA,Hempfield,71.651,22.4,21.45,13.9,13.9
2019,10,PSA,Hempfield,80.275,25.8,25.125,15.15,14.2
2019,11,PSA,Hempfield,83.101,26.3,24.0,16.8,16.0
2019,5,PSRA,Henry Sibley High School,74.55,23.25,15.5,21.7,14.1
2019,8,PSRA,Henry Sibley High School,75.95,23.25,14.7,23.6,14.4
2019,10,PSRA,Henry Sibley High School,78.925,24.375,14.55,24.4,15.6
2019,11,PSRA,Henry Sibley High School,79.188,23.062,16.35,24.8,14.975
2019,1,PSA,Heritage Indoor Percussion Ensemble,64.3,19.9,19.2,12.1,13.1
2019,2,PSA,Heritage Indoor Percussion Ensemble,65.701,20.1,18.6,14.3,12.7
2019,10,PSA,Heritage Indoor Percussion Ensemble,81.126,24.9,24.825,16.85,14.55
2019,6,R2,Hesperia HS,66.501,20.1,13.6,19.4,13.4
2019,10,R4,Hesperia HS,77.75,23.85,14.0,24.3,15.6
2019,4,PRA,Highland Regional,78.25,22.8,24.75,14.4,16.3
2019,6,PRA,Highland Regional,82.1,24.1,24.3,17.2,16.5
2019,7,PRA,Highland Regional,83.45,24.1,25.35,17.0,17.0
2019,10,PRA,Highland Regional,85.4,24.8,26.4,17.3,16.9
2019,11,PRA,Highland Regional,88.2,25.5,25.5,18.6,18.6
2019,3,PSA,Hilliard Bradley High School Indoor Percussion,64.85,19.1,20.55,12.6,12.6
2019,6,PSA,Hilliard Bradley High School Indoor Percussion,70.751,22.05,14.3,20.8,13.6
2019,8,PSA,Hilliard Bradley High School Indoor Percussion,75.6,21.9,15.1,24.0,14.6
2019,10,PSA,Hilliard Bradley High School Indoor Percussion,79.725,24.225,14.4,25.75,15.35
2019,3,SRA,Hilliard Bradley Winter Guard,67.09,14.41,14.28,13.8,12.5
2019,5,SRA,Hilliard Bradley Winter Guard,74.25,14.61,15.74,13.6,15.9
2019,6,SRA,Hilliard Bradley Winter Guard,77.85,14.94,15.61,15.6,15.1
2019,8,SRA,Hilliard Bradley Winter Guard,80.51,17.27,16.14,14.8,15.4
2019,10,SRA,Hilliard Bradley Winter Guard,88.53,18.93,19.2,17.1,16.6
2019,3,PSA,Hilton HS Percussion,68.15,20.4,20.55,13.9,13.3
2019,4,PSA,Hilton HS Percussion,77.7,23.4,24.0,14.3,16.0
2019,6,PSA,Hilton HS Percussion,80.0,23.8,24.0,16.5,15.7
2019,7,PSA,Hilton HS Percussion,83.15,24.9,25.35,16.1,16.8
2019,10,PSO,Hilton HS Percussion,89.75,27.6,28.05,16.9,17.2
2019,11,PSO,Hilton HS Percussion,85.4,25.8,25.5,17.4,16.7
2019,11,PSW,Homestead HS,86.601,26.25,16.75,26.2,17.4
2019,6,PSO,Hoover HS,74.75,22.65,14.5,23.2,14.4
2019,10,R2,Hoover HS,83.451,25.05,15.4,26.8,16.2
2019,4,PSA,Hopewell Valley Central,62.101,20.3,17.4,12.5,11.9
2019,5,PSA,Hopewell Valley Central,67.15,20.5,19.35,13.6,13.7
2019,6,PSA,Hopewell Valley Central,69.851,21.3,20.55,14.2,13.8
2019,9,PSA,Hopewell Valley Central,77.901,25.0,22.2,15.1,15.6
2019,10,PSA,Hopewell Valley Central,82.8,25.2,25.8,16.7,15.1
2019,11,PSA,Hopewell Valley Central,82.901,25.35,23.1,16.85,17.6
2019,1,C,Houma Christian Cadets,62.73,12.61,13.02,13.3,11.5
2019,2,C,Houma Christian Cadets,69.43,12.88,13.55,14.3,14.5
2019,4,C,Houma Christian Cadets,70.36,13.88,13.88,14.1,14.9
2019,8,C,Houma Christian Cadets,76.58,15.87,16.21,15.0,15.4
2019,10,C,Houma Christian Cadets,80.9,16.07,16.73,16.2,16.2
2019,1,E,Houma Christian Elementary,54.66,10.81,11.15,12.4,10.3
2019,2,E,Houma Christian Elementary,54.56,10.41,11.35,10.8,11.0
2019,4,E,Houma Christian Elementary,57.5,10.35,11.35,13.4,11.4
2019,8,E,Houma Christian Elementary,62.95,12.74,14.21,11.5,11.5
2019,10,E,Houma Christian Elementary,67.79,13.21,13.88,13.5,13.4
2019,1,C,Houma J.H.S.,58.26,11.21,12.75,11.7,10.9
2019,4,C,Houma J.H.S.,66.12,13.21,12.81,13.6,14.1
2019,9,C,Houma J.H.S.,79.48,16.07,16.41,15.8,16.0
2019,10,C,Houma J.H.S.,81.29,15.73,17.06,16.3,16.0
2019,11,PIA,Impact Percussion,89.55,26.7,26.55,18.2,18.1
2019,5,PIO,Imperial Dynasty,70.15,21.2,20.55,14.1,14.3
2019,7,PIO,Imperial Dynasty,80.35,24.7,25.95,14.4,15.3
2019,11,PIO,Imperial Dynasty,82.4,24.5,26.1,16.2,15.6
2019,8,PIA,Incognito,66.5,19.2,13.1,20.4,13.8
2019,10,PIA,Incognito,75.8,22.5,15.4,21.8,16.1
2019,8,PSO,Independence HS,75.301,21.3,16.1,22.0,15.9
2019,8,SRA,Indian Hill High School,67.32,12.28,14.14,12.6,14.3
2019,3,SRA,Indian Lake Winter Guard,51.45,11.07,9.28,10.8,10.1
2019,5,SRA,Indian Lake Winter Guard,61.2,11.22,12.08,12.5,12.9
2019,6,SRA,Indian Lake Winter Guard,67.5,12.48,12.82,14.1,14.2
2019,8,SRA,Indian Lake Winter Guard,67.06,11.28,13.08,14.3,14.2
2019,10,SRA,Indian Lake Winter Guard,74.71,12.74,16.67,15.7,14.0
2019,5,SRA,Iowa H.S.,62.65,12.88,12.57,12.2,12.6
2019,7,SRA,Iowa H.S.,60.31,12.7,12.61,12.7,11.1
2019,4,PSA,Irondale High School,79.95,25.05,15.6,23.9,15.4
2019,10,PSO,Irondale High School,85.85,25.95,16.8,26.2,16.9
2019,11,PSO,Irondale High School,86.525,26.775,17.1,25.4,17.25
2019,4,P-SB,James Buchanan HS Percussion,62.1,17.4,20.7,11.8,12.2
2019,6,P-SB,James Buchanan HS Percussion,71.55,22.8,19.65,15.4,13.7
2019,7,P-SB,James Buchanan HS Percussion,76.9,23.85,23.85,14.0,15.2
2019,9,P-SB,James Buchanan HS Percussion,80.65,25.2,23.85,16.2,15.4
2019,10,P-SB,James Buchanan HS Percussion,79.376,23.55,23.475,16.1,16.25
2019,8,RB,Jay County High School,66.2,34.7,35.9,31.1,30.7
2019,1,PSN,Jefferson County High School Indoor Drumline,62.8,19.0,18.3,12.6,12.9
2019,2,PSN,Jefferson County High School Indoor Drumline,62.85,19.6,18.15,12.8,12.3
2019,6,PSN,Jefferson County High School Indoor Drumline,68.45,21.7,21.15,12.4,13.2
2019,9,PSN,Jefferson County High School Indoor Drumline,75.65,22.5,23.25,14.8,15.1
2019,4,SRA,Jefferson County High School Winterguard,55.08,12.61,11.47,10.4,11.0
2019,6,SRA,Jefferson County High School Winterguard,62.49,12.87,13.62,12.1,11.5
2019,9,SRA,Jefferson County High School Winterguard,70.21,13.47,12.34,14.6,14.3
2019,8,RA,Jeffersonville Percussion Esnsemble,82.15,45.0,44.5,36.6,38.2
2019,4,SRA,Jennings H.S.,56.05,11.09,10.81,10.95,11.8
2019,5,SRA,Jennings H.S.,63.025,12.15,12.475,12.8,12.8
2019,9,SRA,Jennings H.S.,66.58,12.02,14.36,12.6,13.1
2019,3,PSA,Jordan Elbridge Indoor Percussion,60.401,18.2,18.3,12.0,11.9
2019,5,PSA,Jordan Elbridge Indoor Percussion,74.1,21.2,22.8,14.3,15.8
2019,7,PSA,Jordan Elbridge Indoor Percussion,76.701,22.4,22.8,15.7,15.8
2019,10,PSA,Jordan Elbridge Indoor Percussion,84.05,25.3,27.15,15.2,16.4
2019,11,PSA,Jordan Elbridge Indoor Percussion,81.6,25.4,23.7,16.0,16.5
2019,2,IW,Juxtaposition,71.8,14.6,14.7,14.3,14.0
2019,6,IW,Juxtaposition,78.4,16.4,14.9,16.3,15.7
2019,10,IW,Juxtaposition,84.4,17.0,16.7,16.9,17.0
2019,5,PSA,Kaneland High School,69.025,21.075,14.0,21.2,12.75
2019,1,PSA,Karns High School,63.3,19.0,18.9,12.3,13.1
2019,2,PSA,Karns High School,65.35,20.2,19.05,13.6,12.5
2019,4,PSA,Karns High School,68.5,21.9,19.5,13.2,13.9
2019,6,PSA,Karns High School,73.2,23.3,21.3,14.2,14.4
2019,10,PSA,Karns High School,74.525,23.35,21.825,14.6,14.75
2019,6,N,Karns High School Blue,54.71,9.94,11.27,11.0,11.3
2019,1,SRA,Karns High School Gold,52.05,10.07,9.88,11.4,11.7
2019,2,SRA,Karns High School Gold,55.75,10.34,11.21,11.5,10.7
2019,4,SRA,Karns High School Gold,63.67,13.09,12.28,12.4,13.1
2019,6,SRA,Karns High School Gold,68.09,14.07,13.72,13.0,13.1
2019,1,PPM,Karns Middle Percussion Ensemble,57.15,18.4,16.65,11.0,11.1
2019,2,PPM,Karns Middle Percussion Ensemble,56.1,18.4,15.6,11.3,10.8
2019,6,PPM,Karns Middle Percussion Ensemble,62.0,19.7,18.0,12.6,11.7
2019,10,PPM,Karns Middle Percussion Ensemble,67.475,20.85,20.775,12.85,13.0
2019,2,PSA,Kettering Fairmont,68.9,21.4,19.5,13.8,14.2
2019,6,PSA,Kettering Fairmont,76.15,23.85,14.6,22.7,15.0
2019,7,PSA,Kettering Fairmont,80.8,24.9,15.1,24.7,16.1
2019,10,PSA,Kettering Fairmont,86.351,26.55,17.1,25.9,16.8
2019,2,SA,Kettering Fairmont High School,57.691,9.88,11.01,12.2,13.4
2019,5,SA,Kettering Fairmont High School,64.881,11.7,12.88,13.0,14.3
2019,6,SA,Kettering Fairmont High School,72.261,12.48,14.68,16.1,15.0
2019,7,SA,Kettering Fairmont High School,72.46,13.74,14.82,15.1,14.7
2019,10,SA,Kettering Fairmont High School,80.441,15.67,16.67,16.3,15.3
2019,2,PSA,Kings,69.5,20.0,20.7,14.6,14.2
2019,5,PSA,Kings,77.05,23.1,23.55,15.6,14.8
2019,6,PSA,Kings,76.25,23.4,15.2,22.55,15.1
2019,8,PSA,Kings,79.15,23.55,15.8,24.5,15.3
2019,10,PSA,Kings,83.576,25.725,15.9,25.1,16.85
2019,2,SA,Kings HS,57.631,10.48,10.35,12.8,12.3
2019,5,SA,Kings HS,69.76,12.88,13.28,14.8,13.9
2019,3,GHSSRAG,Kingsburg HS Guard,67.5,14.13,14.07,14.7,12.5
2019,5,GHSSRAG,Kingsburg HS Guard,66.45,14.34,13.61,14.0,12.3
2019,8,GHSSRAG,Kingsburg HS Guard,78.74,15.74,15.6,17.1,15.2
2019,10,GHSSRAG,Kingsburg HS Guard,79.54,16.01,16.13,16.9,16.0
2019,4,PSB,Knox Percussion Ensemble,62.8,18.9,12.3,18.8,12.8
2019,5,PSB,Knox Percussion Ensemble,65.676,19.275,13.9,19.75,12.75
2019,6,PSB,Knox Percussion Ensemble,69.3,20.1,14.2,21.0,14.0
2019,7,PSB,Knox Percussion Ensemble,72.988,22.312,14.7,22.3,13.675
2019,8,PSB,Knox Percussion Ensemble,72.551,21.45,14.65,22.7,13.75
2019,4,PSA,Kokomo Indoor Percussion Ensemble,72.9,22.5,13.8,21.9,14.7
2019,6,PSA,Kokomo Indoor Percussion Ensemble,74.1,20.4,17.4,20.8,15.5
2019,7,PSA,Kokomo Indoor Percussion Ensemble,73.0,21.0,14.8,21.3,15.9
2019,8,RA,Kokomo Indoor Percussion Ensemble,75.476,22.575,15.375,22.425,15.1
2019,4,PSA,La Canada HS,68.6,20.4,14.0,20.7,13.5
2019,6,R1,La Canada HS,72.35,21.75,14.0,22.3,14.3
2019,7,PSA,La Canada HS,71.251,21.15,14.3,21.9,13.9
2019,10,R3,La Canada HS,77.65,23.25,14.6,23.4,16.4
2019,4,R1,La Habra HS,63.45,18.75,12.5,19.6,12.6
2019,6,R1,La Habra HS,68.701,21.0,13.9,20.2,13.6
2019,10,R1,La Habra HS,81.551,24.45,16.4,24.0,16.7
2019,8,GJHSA,La Joya JH Guard,52.44,11.07,10.27,9.5,9.3
2019,10,GJHSA,La Joya JH Guard,61.58,11.74,11.74,10.5,13.4
2019,7,PSO,La Quinta HS (W),82.0,24.9,16.4,24.5,16.2
2019,8,PSW,La Quinta HS (W),83.95,25.35,17.5,24.5,16.6
2019,10,PSW,La Quinta HS (W),87.726,26.625,17.8,26.4,16.9
2019,11,PSW,La Quinta HS (W),88.276,26.775,17.4,26.65,17.45
2019,9,SRA,Lafayette H.S.,81.64,16.67,17.87,14.4,16.3
2019,10,SRA,Lafayette H.S.,80.7,16.74,16.06,14.7,16.2
2019,1,SRA,Lafayette H.S. Newbies,65.78,13.0,9.88,13.3,15.4
2019,3,SRA,Lafayette H.S. Newbies,67.85,14.34,11.01,13.9,14.6
2019,5,SRA,Lafayette H.S. Newbies,78.305,15.07,15.535,16.0,15.8
2019,1,SA,Lafayette H.S. Varsity,61.431,12.82,11.81,12.5,12.3
2019,3,SA,Lafayette H.S. Varsity,66.79,13.75,14.34,12.9,14.0
2019,5,SA,Lafayette H.S. Varsity,74.27,14.27,14.7,15.1,15.1
2019,9,SA,Lafayette H.S. Varsity,79.57,15.42,16.75,15.0,15.6
2019,10,SA,Lafayette H.S. Varsity,82.911,15.67,17.14,17.0,16.0
2019,4,IW,Lake Area Independent,59.9,12.5,11.0,11.8,12.3
2019,5,IW,Lake Area Independent,61.25,13.2,12.35,11.5,12.3
2019,9,IW,Lake Area Independent,70.7,13.0,14.7,14.5,14.3
2019,10,IW,Lake Area Independent,72.7,14.9,15.1,14.5,14.0
2019,4,SRA,Lake Arthur H.S.,61.87,10.28,11.89,13.2,13.8
2019,5,SRA,Lake Arthur H.S.,67.611,12.16,13.15,14.2,14.0
2019,7,SRA,Lake Arthur H.S.,70.201,13.89,14.01,13.8,14.3
2019,9,SRA,Lake Arthur H.S.,75.25,14.35,15.6,14.3,15.1
2019,10,SRA,Lake Arthur H.S.,75.87,15.33,15.74,13.3,15.3
2019,5,PSA,Lake Central High School,68.15,20.25,14.4,20.5,13.0
2019,7,PSA,Lake Central High School,72.8,21.9,15.6,21.3,14.0
2019,8,RA,Lake Central High School,74.0,22.125,14.925,22.0,14.95
2019,7,PSA,Lake Lehman,78.3,22.6,23.7,15.8,16.2
2019,4,SRA,Lakeshore H.S.,51.54,9.2,10.54,9.5,12.0
2019,7,SRA,Lakeshore H.S.,62.52,12.41,12.21,13.1,12.0
2019,9,SRA,Lakeshore H.S.,66.25,12.48,14.47,12.7,13.3
2019,10,PSN,Lakeshore H.S.,73.8,21.0,22.2,14.9,15.7
2019,5,PJHSO,Lakeside School Percussion,66.35,19.8,22.05,12.4,12.1
2019,7,PJHSO,Lakeside School Percussion,74.6,22.8,25.5,13.7,12.6
2019,10,PJHSO,Lakeside School Percussion,78.8,24.9,23.4,16.4,14.1
2019,10,PPC,Lakeway Christian Academy,74.3,40.4,37.6,35.7,34.9
2019,2,SRA,Lakota West Junior Varsity,58.88,12.01,13.47,11.4,10.8
2019,5,SRA,Lakota West Junior Varsity,63.1,10.95,11.75,13.0,12.5
2019,6,SRA,Lakota West Junior Varsity,69.72,12.28,14.74,15.0,13.4
2019,10,SRA,Lakota West Junior Varsity,78.67,15.2,17.27,16.0,15.0
2019,2,SA,Lakota West Winter Guard,58.961,10.15,10.81,12.3,13.8
2019,5,SA,Lakota West Winter Guard,73.49,14.35,15.34,14.9,14.7
2019,6,SA,Lakota West Winter Guard,73.871,14.02,14.95,14.9,14.8
2019,10,SA,Lakota West Winter Guard,80.181,15.01,16.87,16.5,16.0
2019,3,PSO,Lawrence Township Winter Percussion,71.2,20.4,14.4,22.8,13.6
2019,6,PSO,Lawrence Township Winter Percussion,82.6,24.0,15.9,26.3,16.4
2019,8,PSO,Lawrence Township Winter Percussion,82.075,23.625,16.1,25.55,16.8
2019,10,PSO,Lawrence Township Winter Percussion,86.075,25.725,17.9,25.45,17.0
2019,2,PSW,Lebanon High School Drumline,76.6,23.5,22.8,14.9,15.4
2019,5,PSW,Lebanon High School Drumline,82.5,23.9,25.5,16.6,16.5
2019,8,PSW,Lebanon High School Drumline,85.95,25.65,17.0,25.9,17.4
2019,10,PSW,Lebanon High School Drumline,87.75,25.95,18.4,26.0,17.4
2019,3,SA,Lebanon High School Winterguard,59.28,11.94,12.14,12.2,11.5
2019,8,SA,Lebanon High School Winterguard,73.701,15.96,14.14,15.5,13.9
2019,10,SA,Lebanon High School Winterguard,72.02,14.35,14.27,15.2,14.0
2019,8,RB,Lebanon Percussion Ensemble,70.126,36.85,38.3,32.4,32.7
2019,11,PSA,Lehi High School,85.55,24.9,25.05,18.0,17.6
2019,11,PSW,Leigh HS,80.75,24.45,15.7,25.05,15.55
2019,3,GHSSA,Lemoore HS A Guard,68.27,14.13,14.94,12.5,12.5
2019,5,GHSSA,Lemoore HS A Guard,73.32,15.41,15.01,13.9,14.8
2019,8,GHSSA,Lemoore HS A Guard,79.88,16.54,16.74,16.7,14.6
2019,10,GHSSAG,Lemoore HS A Guard,85.84,17.27,17.87,17.4,16.9
2019,3,GHSSRAG,Lemoore HS B Guard,64.841,13.67,14.27,13.7,11.0
2019,5,GHSSRAG,Lemoore HS B Guard,60.921,13.41,13.41,12.4,11.2
2019,8,GHSSRAG,Lemoore HS B Guard,73.41,14.74,15.07,15.6,14.2
2019,10,GHSSRAG,Lemoore HS B Guard,75.35,15.14,15.21,16.1,15.4
2019,3,PHSSO,Lemoore HS Percussion,71.15,18.4,21.75,16.3,14.7
2019,5,PHSSO,Lemoore HS Percussion,83.85,27.6,24.75,16.6,14.9
2019,8,PHSSO,Lemoore HS Percussion,82.9,26.8,23.7,16.0,16.4
2019,10,PHSSO,Lemoore HS Percussion,84.55,24.4,25.05,18.4,16.7
2019,8,PHSSRA,Liberty HS Percussion,69.35,24.0,21.75,11.5,12.1
2019,8,GJHSO,Liberty JHS Guard,66.85,14.01,14.14,12.4,12.4
2019,10,GJHSO,Liberty JHS Guard,69.15,14.21,13.74,13.1,13.7
2019,3,PJHSO,Liberty JHS Percussion,65.95,22.1,19.65,13.6,10.6
2019,8,PJHSO,Liberty JHS Percussion,76.1,23.7,24.3,13.5,14.6
2019,10,PJHSO,Liberty JHS Percussion,79.0,25.2,22.8,16.1,14.9
2019,1,P-SG,Littlestown HS Percussion,62.425,18.9,17.325,13.7,12.5
2019,4,P-SG,Littlestown HS Percussion,68.575,20.7,19.275,13.7,14.9
2019,5,P-SG,Littlestown HS Percussion,71.2,22.65,20.55,14.0,14.0
2019,8,P-SG,Littlestown HS Percussion,77.55,24.9,22.95,14.4,15.3
2019,9,P-SG,Littlestown HS Percussion,80.175,24.0,24.975,14.6,16.6
2019,10,P-SG,Littlestown HS Percussion,84.375,24.675,26.55,16.45,16.7
2019,10,N,Live Oak H.S.,87.99,18.46,17.93,17.4,16.4
2019,3,PSA,Liverpool Indoor Percussion,69.45,21.4,21.3,13.35,13.4
2019,4,PSA,Liverpool Indoor Percussion,77.8,23.8,24.3,14.1,15.6
2019,5,PSA,Liverpool Indoor Percussion,77.75,23.7,22.95,15.6,15.5
2019,7,PSA,Liverpool Indoor Percussion,83.6,25.1,25.5,16.5,16.5
2019,9,PSO,Liverpool Indoor Percussion,81.05,24.0,23.55,16.5,17.0
2019,10,PSO,Liverpool Indoor Percussion,85.25,26.8,26.55,15.7,16.2
2019,11,PSO,Liverpool Indoor Percussion,81.85,25.3,23.85,16.5,16.2
2019,5,SRA,Lloyd Memorial Winterguard,59.06,10.61,11.35,11.3,12.0
2019,6,SRA,Lloyd Memorial Winterguard,64.84,10.82,11.82,13.6,15.4
2019,8,SRA,Lloyd Memorial Winterguard,65.46,12.14,12.82,13.7,12.5
2019,10,SRA,Lloyd Memorial Winterguard,71.41,14.0,15.61,14.0,14.1
2019,8,RB,Logansport Winter Percussion Ensemble,73.601,36.5,39.4,37.4,33.9
2019,11,PSA,Lone Peak High School,86.4,25.7,24.9,17.6,18.2
2019,4,PSO,Los Alamitos HS,78.05,21.75,16.4,23.7,16.2
2019,8,PSO,Los Alamitos HS,87.1,26.55,17.75,25.5,17.3
2019,10,R2,Los Alamitos HS,91.45,28.05,17.0,28.4,18.0
2019,11,PSO,Los Alamitos HS,93.488,27.788,18.5,28.5,18.7
2019,3,P-SG,Loudoun County HS Percussion,66.5,19.65,20.55,12.5,13.8
2019,5,P-SG,Loudoun County HS Percussion,65.45,20.85,19.8,13.0,11.8
2019,8,P-SG,Loudoun County HS Percussion,73.425,22.35,23.475,13.8,13.8
2019,9,P-SG,Loudoun County HS Percussion,74.65,21.9,24.45,14.0,14.3
2019,10,P-SG,Loudoun County HS Percussion,78.563,22.875,24.337,15.9,15.45
2019,1,IA,Louisiana St. University,62.62,11.81,12.61,14.1,12.4
2019,4,IA,Louisiana St. University,70.02,14.41,13.61,13.7,14.1
2019,7,IA,Louisiana St. University,78.31,16.34,16.27,15.4,15.3
2019,9,IA,Louisiana St. University,80.8,16.8,16.0,15.7,15.7
2019,10,IA,Louisiana St. University,82.78,17.2,15.88,16.6,16.0
2019,3,PSRA,Loveland High School Indoor Drumline,72.8,22.3,22.5,13.6,14.4
2019,5,PSRA,Loveland High School Indoor Drumline,72.9,20.5,23.1,14.7,14.6
2019,7,PSA,Loveland High School Indoor Drumline,74.726,23.325,14.8,21.4,15.2
2019,8,PSA,Loveland High School Indoor Drumline,71.0,21.0,14.5,22.7,12.8
2019,10,PSA,Loveland High School Indoor Drumline,75.35,22.95,14.2,23.1,15.1
2019,3,SRA,Loveland High School Winterguard,58.481,11.33,12.35,11.8,11.5
2019,5,SRA,Loveland High School Winterguard,67.2,12.35,12.95,13.1,15.1
2019,7,SRA,Loveland High School Winterguard,71.82,14.61,13.41,15.0,14.1
2019,8,SRA,Loveland High School Winterguard,73.63,15.01,14.22,14.5,15.4
2019,10,SRA,Loveland High School Winterguard,80.841,16.94,17.0,16.7,15.4
2019,9,PSA,Lower Dauphin,82.3,24.5,24.3,16.2,17.3
2019,3,PSB,Maconaquah Indoor Percussion,70.85,20.25,14.1,22.6,13.9
2019,4,PSB,Maconaquah Indoor Percussion,66.15,20.25,13.1,19.4,13.4
2019,5,PSB,Maconaquah Indoor Percussion,65.851,20.25,13.5,18.9,13.2
2019,6,PSB,Maconaquah Indoor Percussion,69.9,22.35,16.7,18.9,11.95
2019,7,PSB,Maconaquah Indoor Percussion,75.45,23.025,15.05,22.8,14.575
2019,8,PSB,Maconaquah Indoor Percussion,77.225,23.025,15.65,23.95,14.6
2019,3,JCG,Mad River Junior Winter Guard,59.18,9.36,9.62,13.1,13.6
2019,5,JCG,Mad River Junior Winter Guard,57.12,10.7,11.62,10.8,12.5
2019,6,JCG,Mad River Junior Winter Guard,71.2,14.02,14.48,16.0,13.2
2019,7,JCG,Mad River Junior Winter Guard,69.14,12.82,13.22,14.4,14.5
2019,8,JCG,Mad River Junior Winter Guard,73.15,15.14,14.41,14.9,14.0
2019,10,JCG,Mad River Junior Winter Guard,76.361,15.08,15.48,14.9,15.9
2019,3,GHSSRAG,Madera HS Guard,66.44,14.4,13.14,15.3,11.7
2019,5,GHSSRAG,Madera HS Guard,64.15,14.01,13.14,13.0,11.4
2019,8,GHSSRAG,Madera HS Guard,80.01,15.94,15.87,17.2,15.5
2019,10,GHSSRAG,Madera HS Guard,79.31,16.41,16.4,17.3,15.9
2019,3,PHSSA-G,Madera HS Percussion,71.65,20.4,21.45,15.2,14.6
2019,5,PHSSA-G,Madera HS Percussion,81.4,27.5,24.3,15.1,14.5
2019,7,PHSSA-G,Madera HS Percussion,80.7,23.6,25.8,15.7,15.6
2019,8,PHSSA-G,Madera HS Percussion,80.95,25.4,24.45,15.6,15.5
2019,10,PHSSA-G,Madera HS Percussion,83.0,24.6,24.3,17.1,17.0
2019,2,SRA,Madison Central H.S.,63.391,11.68,11.81,13.2,13.2
2019,10,N,Mandeville H.S. JV,82.371,15.54,16.73,17.3,16.3
2019,1,SA,Mandeville H.S. Varsity,65.99,13.81,12.68,13.1,13.1
2019,4,SA,Mandeville H.S. Varsity,73.481,13.68,15.2,14.8,14.8
2019,9,SA,Mandeville H.S. Varsity,81.43,16.41,16.42,15.9,15.8
2019,10,SA,Mandeville H.S. Varsity,83.311,16.0,16.01,17.6,16.5
2019,4,PSA,Marcus Whitman,57.301,16.0,18.0,11.7,11.6
2019,6,PSA,Marcus Whitman,60.1,17.3,18.0,12.3,12.5
2019,8,PSA,Marcus Whitman,62.5,18.1,19.8,12.2,12.4
2019,9,PSA,Marcus Whitman,63.35,19.8,18.45,12.7,12.4
2019,11,PSA,Marcus Whitman,68.251,20.8,20.55,13.6,13.3
2019,3,PSB,Martinsville Indoor Percussion,72.15,21.75,14.9,20.5,15.0
2019,4,PSB,Martinsville Indoor Percussion,68.05,22.35,13.4,20.4,11.9
2019,6,PSA,Martinsville Indoor Percussion,75.901,22.05,16.2,21.75,15.9
2019,7,PSA,Martinsville Indoor Percussion,73.9,21.0,15.2,22.9,14.8
2019,8,RB,Martinsville Indoor Percussion,75.613,22.613,15.825,23.075,14.1
2019,10,PSA,Martinsville Indoor Percussion,72.225,20.625,14.85,21.8,14.95
2019,4,SRA,Maryville Winterguard,50.081,10.01,11.67,9.6,9.8
2019,6,SRA,Maryville Winterguard,55.051,10.34,11.81,10.4,10.5
2019,9,SRA,Maryville Winterguard,66.15,10.81,11.54,14.2,14.4
2019,2,SO,Mason,63.6,12.1,11.6,13.0,13.8
2019,5,SO,Mason,63.3,12.5,12.7,12.8,12.5
2019,8,SO,Mason,67.5,12.4,12.5,13.4,14.5
2019,10,SO,Mason,76.5,15.2,15.4,14.5,16.2
2019,2,SRA,Mason Comet Guard,52.291,10.01,9.88,11.1,10.5
2019,5,SRA,Mason Comet Guard,63.801,12.15,12.75,13.2,13.6
2019,8,SRA,Mason Comet Guard,67.801,15.23,13.57,13.4,12.4
2019,10,SRA,Mason Comet Guard,70.27,14.69,15.28,14.6,12.6
2019,2,SA,Mason JV,55.19,9.28,11.81,11.3,11.8
2019,5,SA,Mason JV,70.09,13.48,14.21,13.7,14.3
2019,8,SA,Mason JV,77.25,17.14,15.61,16.1,14.7
2019,10,SA,Mason JV,82.54,16.74,15.6,17.0,16.1
2019,2,JCG,Mason Junior,55.69,10.81,10.28,11.3,11.2
2019,5,JCG,Mason Junior,70.12,13.48,15.94,13.9,13.7
2019,8,JCG,Mason Junior,73.571,14.28,14.49,15.1,15.2
2019,10,JCG,Mason Junior,80.381,15.61,17.47,15.6,15.5
2019,1,IA,McNeese St. University,54.72,11.01,12.01,10.3,11.2
2019,3,IA,McNeese St. University,59.09,11.21,12.28,11.0,11.6
2019,5,IA,McNeese St. University,67.925,12.87,13.505,14.2,13.5
2019,7,IA,McNeese St. University,70.69,13.95,13.94,14.6,14.1
2019,9,IA,McNeese St. University,72.06,14.28,13.88,14.0,15.0
2019,10,IA,McNeese St. University,76.08,15.94,14.14,15.0,14.5
2019,4,P-SB,Mechanicsburg HS Percussion,74.3,22.2,24.3,14.1,13.7
2019,7,GHSSRAB,Mendota HS Guard,51.221,11.34,10.28,10.6,11.0
2019,8,GHSSRAB,Mendota HS Guard,57.01,11.67,11.14,10.6,11.3
2019,4,PSA,Methacton,67.451,20.8,19.65,13.3,13.7
2019,6,PSA,Methacton,71.55,21.2,22.35,15.0,13.0
2019,7,PSA,Methacton,73.951,22.2,22.95,14.3,14.5
2019,10,PSA,Methacton,77.35,23.4,24.15,14.8,15.0
2019,11,PSA,Methacton,78.5,25.0,23.4,15.7,14.4
2019,2,SA,Miamisburg A Guard,52.72,9.48,10.14,11.1,11.6
2019,5,SA,Miamisburg A Guard,63.33,12.09,12.74,12.0,13.4
2019,6,SA,Miamisburg A Guard,69.35,13.61,13.74,14.4,13.5
2019,7,SA,Miamisburg A Guard,70.16,13.48,13.68,14.8,13.7
2019,10,SA,Miamisburg A Guard,72.911,15.27,14.34,14.2,14.4
2019,2,ECG,Miamisburg Sweethearts,84.19,17.81,17.68,16.2,16.6
2019,5,ECG,Miamisburg Sweethearts,82.06,15.42,16.34,17.3,16.9
2019,6,ECG,Miamisburg Sweethearts,88.68,17.61,18.47,17.5,17.2
2019,7,ECG,Miamisburg Sweethearts,89.69,18.01,17.88,17.5,18.1
2019,10,ECG,Miamisburg Sweethearts,94.28,18.54,18.74,19.0,18.8
2019,2,SW,Miamisburg World Guard,73.0,15.4,14.3,14.6,14.5
2019,6,SW,Miamisburg World Guard,83.3,16.8,16.7,17.5,16.1
2019,7,SW,Miamisburg World Guard,86.6,17.2,17.0,17.5,17.2
2019,8,SW,Miamisburg World Guard,88.3,17.6,17.7,17.6,18.4
2019,10,SW,Miamisburg World Guard,92.8,18.5,18.5,18.3,18.7
2019,7,PSA,Middletown,73.05,20.6,23.55,14.5,14.4
2019,8,SA,Middletown High School,79.23,15.87,15.06,15.3,17.1
2019,3,PSA,Milford Indoor Percussion Ensemble,73.95,22.0,22.95,15.3,13.7
2019,5,PSA,Milford Indoor Percussion Ensemble,82.8,25.1,24.9,16.4,16.4
2019,6,PSA,Milford Indoor Percussion Ensemble,84.05,25.05,16.9,25.1,17.0
2019,10,PSA,Milford Indoor Percussion Ensemble,89.3,26.25,17.9,27.7,17.45
2019,2,SA,Milton-Union Varsity Winter Guard,55.62,9.01,11.21,11.6,12.3
2019,3,SA,Milton-Union Varsity Winter Guard,56.01,10.89,11.02,11.3,11.4
2019,6,SA,Milton-Union Varsity Winter Guard,67.68,13.69,13.69,14.0,12.6
2019,7,SA,Milton-Union Varsity Winter Guard,70.26,13.88,13.88,14.2,14.3
2019,10,SA,Milton-Union Varsity Winter Guard,74.85,15.74,14.61,14.6,14.0
2019,2,PIW,Minnesota Brass Indoor,71.65,20.85,13.5,23.1,14.2
2019,4,PIW,Minnesota Brass Indoor,72.3,21.6,13.4,23.1,14.2
2019,10,PIW,Minnesota Brass Indoor,85.55,27.45,15.0,26.1,17.0
2019,11,PIW,Minnesota Brass Indoor,83.05,26.1,15.9,24.8,16.25
2019,3,PSO,Mission Hills HS,70.5,21.9,13.7,21.3,13.6
2019,7,PSO,Mission Hills HS,77.45,23.25,15.8,23.3,15.1
2019,8,PSO,Mission Hills HS,80.501,23.1,16.3,24.4,16.7
2019,10,R1,Mission Hills HS,80.601,22.95,15.4,25.8,16.45
2019,3,GHSSRAS,Mission Oak HS Guard,52.9,9.68,10.22,12.3,10.2
2019,5,GHSSRAS,Mission Oak HS Guard,56.26,11.41,10.75,11.1,11.2
2019,8,GHSSRAS,Mission Oak HS Guard,68.651,14.14,14.01,14.6,13.3
2019,10,GHSSRAS,Mission Oak HS Guard,72.681,14.54,14.14,15.1,15.0
2019,3,PHSSA-G,Mission Oak HS Percussion,68.3,19.5,19.8,15.0,14.0
2019,5,PHSSA-G,Mission Oak HS Percussion,78.7,26.2,24.0,14.8,13.7
2019,8,PHSSA-G,Mission Oak HS Percussion,80.35,25.1,22.95,16.9,15.4
2019,10,PHSSA-G,Mission Oak HS Percussion,79.201,24.1,21.3,17.4,16.4
2019,4,PSO,Mission Viejo HS,73.45,22.05,14.6,22.2,14.6
2019,7,PSO,Mission Viejo HS,78.95,23.85,15.0,24.2,15.9
2019,10,R2,Mission Viejo HS,83.226,25.725,16.2,25.7,15.6
2019,7,PSA,Mohonasen,71.301,20.7,21.3,14.6,14.7
2019,8,PSA,Mohonasen,72.35,21.3,23.25,14.0,13.8
2019,11,PSA,Mohonasen,74.351,22.5,21.45,15.4,15.0
2019,3,GHSSRAB,Monache HS Junior Varsity Guard,50.28,8.74,9.54,11.7,10.7
2019,7,GHSSRAB,Monache HS Junior Varsity Guard,55.46,11.15,10.01,12.0,11.7
2019,8,GHSSRAB,Monache HS Junior Varsity Guard,58.28,11.47,11.41,12.0,12.0
2019,10,GHSSRAB,Monache HS Junior Varsity Guard,63.65,11.87,13.08,12.3,13.9
2019,3,GHSSRAS,Monache HS Varsity Guard,53.32,9.48,11.14,11.8,10.3
2019,5,GHSSRAS,Monache HS Varsity Guard,53.291,9.81,11.88,9.8,10.2
2019,7,GHSSRAS,Monache HS Varsity Guard,64.39,12.35,13.74,13.1,13.7
2019,8,GHSSRAS,Monache HS Varsity Guard,67.831,12.68,14.2,13.8,13.75
2019,10,GHSSRAS,Monache HS Varsity Guard,73.816,13.545,15.27,14.8,15.7
2019,8,RB,Monroe Central Golden Bear Percussion Ensemble,75.751,40.7,40.2,35.4,35.2
2019,4,PSA,Monrovia HS,66.55,19.65,12.8,20.8,13.3
2019,6,R2,Monrovia HS,71.351,21.75,14.1,21.7,13.8
2019,10,R2,Monrovia HS,75.375,23.775,14.5,21.9,15.2
2019,3,PIA,Montgomery County United,55.4,16.5,11.3,17.0,10.6
2019,5,PIA,Montgomery County United,58.65,17.25,12.4,17.0,12.0
2019,7,PIA,Montgomery County United,64.45,19.95,12.8,19.2,12.5
2019,8,PIA,Montgomery County United,63.325,18.675,13.35,18.2,13.1
2019,10,PIA,Montgomery County United,62.675,18.525,12.65,18.85,12.65
2019,8,RA,Mooresville Percussion Ensemble,81.125,43.5,42.85,38.2,37.7
2019,7,GHSSRAB,Mt Whitney HS Guard,58.13,12.42,11.21,12.2,12.1
2019,8,GHSSRAB,Mt Whitney HS Guard,62.05,13.08,11.47,12.1,12.4
2019,10,GHSSRAB,Mt Whitney HS Guard,66.75,13.88,12.87,12.6,13.7
2019,3,PHSSO,Mt Whitney HS Percussion,64.55,15.5,20.25,15.0,13.8
2019,5,PHSSO,Mt Whitney HS Percussion,76.5,24.2,23.4,14.9,14.0
2019,7,PHSSO,Mt Whitney HS Percussion,71.0,20.1,23.4,13.6,13.9
2019,10,PHSSO,Mt Whitney HS Percussion,74.6,20.9,21.3,17.0,15.4
2019,8,RA,Mt. Vernon Indoor Percussion,85.35,44.25,43.55,41.4,41.5
2019,1,P-SB,Musselman HS Percussion,60.8,18.3,18.9,11.6,12.0
2019,2,P-SB,Musselman HS Percussion,61.7,18.0,19.2,12.2,12.3
2019,3,P-SB,Musselman HS Percussion,64.0,18.6,19.8,11.8,13.8
2019,7,P-SG,Musselman HS Percussion,80.375,24.0,23.775,16.2,16.4
2019,8,P-SG,Musselman HS Percussion,79.2,24.45,25.65,14.8,14.3
2019,9,P-SG,Musselman HS Percussion,83.025,24.9,25.725,15.6,16.8
2019,10,P-SG,Musselman HS Percussion,85.188,25.125,26.812,16.2,17.05
2019,3,PSA,New Hartford,64.3,19.2,19.05,13.25,12.8
2019,6,PSA,New Hartford,73.3,21.2,21.9,16.0,14.2
2019,7,PSA,New Hartford,76.451,23.4,22.65,15.2,15.2
2019,9,PSA,New Hartford,78.1,23.9,24.3,14.9,15.0
2019,11,PSA,New Hartford,83.075,25.7,24.375,16.6,16.4
2019,10,PE-SB,New Oxford HS Percussion,85.05,38.6,43.9,42.2,45.4
2019,3,PSA,New Palestine Audio Theater,76.15,22.65,14.9,22.9,15.7
2019,4,PSA,New Palestine Audio Theater,70.9,20.7,14.3,21.25,14.65
2019,6,PSA,New Palestine Audio Theater,76.701,24.3,14.9,22.7,14.8
2019,8,RB,New Palestine Audio Theater,75.475,22.125,15.2,23.25,14.9
2019,5,PSB,New Prairie High School,65.925,21.075,12.4,20.45,12.0
2019,6,PSB,New Prairie High School,71.7,23.4,14.9,20.9,12.5
2019,7,PSB,New Prairie High School,76.55,23.775,14.15,24.75,13.875
2019,8,PSB,New Prairie High School,77.063,23.212,14.7,24.9,14.25
2019,4,PSJ,Nobel MS,69.35,20.25,13.2,22.7,13.2
2019,6,PSJ,Nobel MS,71.3,20.7,14.4,22.1,14.1
2019,8,PSJ,Nobel MS,76.601,23.7,14.1,24.6,14.2
2019,10,PSJ,Nobel MS,83.376,26.175,16.25,24.55,16.4
2019,4,PSA,Noblesville Indoor Percussion Ensemble,68.851,20.85,13.8,20.9,13.3
2019,5,PSA,Noblesville Indoor Percussion Ensemble,71.626,21.225,14.75,21.65,14.0
2019,6,PSA,Noblesville Indoor Percussion Ensemble,75.576,21.975,15.6,22.2,15.8
2019,7,PSA,Noblesville Indoor Percussion Ensemble,76.851,23.25,14.0,23.2,16.4
2019,8,RA,Noblesville Indoor Percussion Ensemble,81.251,24.15,16.475,25.05,15.575
2019,10,PSA,Noblesville Indoor Percussion Ensemble,81.226,23.85,16.625,24.575,16.175
2019,4,PSA,Nogales HS,79.05,23.55,15.9,23.8,15.8
2019,6,R1,Nogales HS,76.8,23.1,15.2,23.4,15.1
2019,8,PSA,Nogales HS,83.7,24.9,17.4,24.6,16.8
2019,10,R2,Nogales HS,91.3,28.5,18.5,25.8,18.5
2019,11,PSA,Nogales HS,90.963,26.962,18.7,26.8,18.5
2019,7,GHSSRAB,North HS Guard JV,57.38,11.63,11.95,12.6,12.5
2019,7,GHSSA,North HS Guard Varsity,66.73,11.88,13.75,14.2,13.6
2019,10,PE-SB,North Hagerstown HS Percussion,85.55,40.7,43.4,42.4,44.6
2019,4,PSB,North Harrison Winter Drumline,60.251,19.05,11.4,18.3,11.5
2019,5,PSB,North Harrison Winter Drumline,62.301,18.9,12.6,18.4,12.4
2019,7,PSB,North Harrison Winter Drumline,62.125,18.525,13.225,18.2,12.175
2019,6,SRA,North Laurel High School Winterguard,54.92,9.94,11.28,10.3,11.6
2019,9,SRA,North Laurel High School Winterguard,65.911,11.87,12.14,12.2,15.0
2019,9,P,North Laurel Middle School,57.98,10.54,7.54,15.0,12.5
2019,6,PSA,North Penn,66.501,20.2,19.8,14.8,11.7
2019,7,PSA,North Penn,72.75,20.2,22.05,15.0,15.5
2019,9,PSA,North Penn,76.6,23.2,21.9,16.0,15.5
2019,10,PSA,North Penn,78.65,22.6,23.85,16.8,15.4
2019,11,PSA,North Penn,80.55,23.8,23.85,15.6,17.3
2019,11,PIA,North Star Independent,84.6,25.1,25.2,17.1,17.2
2019,8,RA,NorthWood Percussion Ensemble,81.525,43.85,43.3,37.2,38.7
2019,8,RA,Northeast Dubois Percussion Ensemble,69.726,35.45,38.1,33.9,32.0
2019,2,PSA,Northeastern Indoor Percussion,66.201,19.6,20.1,13.6,12.9
2019,3,PSB,Northeastern Indoor Percussion,73.65,22.65,13.8,21.8,15.4
2019,4,PSB,Northeastern Indoor Percussion,64.3,19.8,12.7,18.1,13.7
2019,5,PSA,Northeastern Indoor Percussion,73.7,22.6,22.2,14.6,14.3
2019,6,PSA,Northeastern Indoor Percussion,74.701,21.9,14.9,22.4,15.5
2019,7,PSB,Northeastern Indoor Percussion,76.025,23.475,15.05,23.35,14.15
2019,8,PSB,Northeastern Indoor Percussion,73.563,21.938,15.3,22.025,14.3
2019,10,PSA,Northeastern Indoor Percussion,81.2,25.2,16.4,24.0,15.6
2019,7,P-SG,Northern York HS Percussion,81.6,24.6,23.4,17.0,16.6
2019,2,SA,Northmont High School,63.42,12.61,13.41,12.4,12.2
2019,5,SA,Northmont High School,70.99,13.68,13.61,14.9,14.2
2019,6,SA,Northmont High School,74.01,14.15,14.46,15.2,15.2
2019,8,SA,Northmont High School,74.591,14.55,15.14,14.8,15.3
2019,10,SA,Northmont High School,75.15,15.21,13.94,15.5,15.6
2019,2,PSA,Northmont Indoor Percussion,68.95,20.3,21.9,13.15,13.6
2019,5,PSA,Northmont Indoor Percussion,70.5,20.5,21.6,15.0,13.4
2019,6,PSA,Northmont Indoor Percussion,72.75,22.05,14.4,22.6,13.7
2019,10,PSA,Northmont Indoor Percussion,79.0,24.3,15.1,24.3,15.3
2019,2,JCG,Northmont Intermediate Color Guard,67.29,13.55,15.54,13.2,12.8
2019,5,JCG,Northmont Intermediate Color Guard,76.16,13.95,14.21,17.2,14.5
2019,6,JCG,Northmont Intermediate Color Guard,85.55,17.34,16.81,17.8,16.9
2019,7,JCG,Northmont Intermediate Color Guard,89.48,18.21,18.27,17.3,18.0
2019,8,JCG,Northmont Intermediate Color Guard,90.65,18.34,18.21,17.5,18.1
2019,10,JCG,Northmont Intermediate Color Guard,91.25,18.68,18.67,17.9,19.2
2019,2,ECG,Northmont Wee Bolts Winterguard,74.76,14.48,14.88,15.1,15.2
2019,3,ECG,Northmont Wee Bolts Winterguard,73.97,14.82,14.75,14.8,15.0
2019,5,ECG,Northmont Wee Bolts Winterguard,69.88,12.43,12.35,13.6,16.0
2019,6,ECG,Northmont Wee Bolts Winterguard,78.46,15.1,16.96,16.5,14.1
2019,8,ECG,Northmont Wee Bolts Winterguard,84.49,15.55,16.74,18.2,17.5
2019,10,ECG,Northmont Wee Bolts Winterguard,91.25,17.48,18.47,18.0,18.4
2019,10,N,Northshore H.S. JV,77.9,16.27,16.53,14.0,15.6
2019,3,SRA,Northside H.S.,58.191,12.61,9.48,12.2,11.5
2019,5,SRA,Northside H.S.,62.95,12.59,12.56,12.5,12.7
2019,7,SRA,Northside H.S.,63.58,13.14,12.94,13.5,13.0
2019,8,SRA,Northside H.S.,66.651,13.94,13.01,13.2,13.9
2019,5,PSA,Northview Indoor Percussion,74.95,21.6,15.15,23.0,15.2
2019,6,PSA,Northview Indoor Percussion,82.95,25.65,15.2,24.2,17.9
2019,7,PSA,Northview Indoor Percussion,88.25,26.85,17.9,25.4,18.1
2019,8,RA,Northview Indoor Percussion,87.288,26.288,17.3,26.425,17.275
2019,10,PSA,Northview Indoor Percussion,89.25,26.775,18.325,26.0,18.15
2019,3,IW,Northwestern St. University,53.8,11.4,12.4,8.6,10.5
2019,9,IW,Northwestern St. University,67.2,11.8,14.2,12.8,15.4
2019,10,IW,Northwestern St. University,71.7,14.4,14.0,13.4,14.7
2019,5,PSA,Norwell Winter Percussion,71.101,21.9,14.3,20.7,14.2
2019,6,PSA,Norwell Winter Percussion,74.5,21.9,15.6,22.8,14.2
2019,7,PSA,Norwell Winter Percussion,74.926,23.175,14.8,22.55,14.4
2019,8,RA,Norwell Winter Percussion,78.976,23.175,15.6,24.55,15.65
2019,10,PSA,Norwell Winter Percussion,78.775,22.425,16.125,23.25,16.975
2019,10,PSO,Oak Grove H.S.,80.05,24.7,24.45,15.7,15.2
2019,1,SRA,Oak Grove High School JV,51.41,11.54,8.47,9.6,10.0
2019,2,SRA,Oak Grove High School JV,58.031,10.48,10.95,11.8,11.8
2019,4,SRA,Oak Grove High School JV,59.18,11.0,11.88,12.0,12.4
2019,3,PSRA,Oak Hills Indoor Percussion Ensemble,70.3,21.5,20.7,14.0,14.1
2019,5,PSRA,Oak Hills Indoor Percussion Ensemble,71.7,19.5,21.3,15.8,15.1
2019,6,PSRA,Oak Hills Indoor Percussion Ensemble,78.9,23.4,16.2,22.3,17.0
2019,8,PSA,Oak Hills Indoor Percussion Ensemble,72.751,22.05,14.2,23.9,12.6
2019,10,PSA,Oak Hills Indoor Percussion Ensemble,76.75,23.85,14.7,23.0,15.2
2019,1,PSA,Oak Ridge Indoor Percussion,70.05,20.2,21.45,14.3,14.1
2019,2,PSA,Oak Ridge Indoor Percussion,68.0,20.5,18.9,14.5,14.1
2019,4,PSA,Oak Ridge Indoor Percussion,77.15,23.6,23.85,14.7,15.0
2019,10,PSA,Oak Ridge Indoor Percussion,87.375,27.4,25.425,17.4,17.15
2019,4,SRA,Oak Ridge JV,57.48,11.81,11.87,11.2,11.7
2019,6,SRA,Oak Ridge JV,62.81,12.47,11.34,12.8,13.3
2019,9,SRA,Oak Ridge JV,68.15,11.21,11.34,15.0,15.6
2019,1,SA,Oak Ridge Varsity,58.36,12.48,12.28,11.1,11.9
2019,4,SA,Oak Ridge Varsity,66.02,12.41,12.41,13.4,13.7
2019,6,SA,Oak Ridge Varsity,71.91,14.34,14.67,14.2,14.2
2019,9,SA,Oak Ridge Varsity,77.38,14.94,14.94,15.6,16.2
2019,5,P-SG,Oakdale HS Percussion,65.6,20.4,20.4,12.2,12.6
2019,7,P-SG,Oakdale HS Percussion,72.6,22.95,22.05,13.3,14.3
2019,8,P-SG,Oakdale HS Percussion,77.225,23.7,24.225,14.8,14.5
2019,9,P-SG,Oakdale HS Percussion,80.775,24.3,25.275,15.7,15.5
2019,10,P-SG,Oakdale HS Percussion,80.513,23.25,25.312,15.85,16.1
2019,11,PSA,Ogden High School,82.001,23.9,24.6,16.7,16.8
2019,5,PSO,Old Bridge,76.0,22.1,24.6,14.7,14.6
2019,7,PSO,Old Bridge,84.95,24.7,27.15,16.6,16.5
2019,10,PSO,Old Bridge,88.35,27.1,28.05,16.7,16.5
2019,11,PSO,Old Bridge,90.85,27.8,26.25,18.3,18.5
2019,5,PIA,Onondaga Community College,72.1,23.4,22.5,13.2,13.0
2019,9,PIA,Onondaga Community College,73.85,24.3,21.15,13.8,14.6
2019,11,PIA,Onondaga Community College,78.525,25.5,22.725,15.3,15.0
2019,4,R2,Ontario HS,67.451,20.25,12.5,21.1,13.6
2019,6,R2,Ontario HS,70.151,21.75,13.2,20.6,14.6
2019,8,PSA,Ontario HS,72.95,21.15,14.5,23.1,14.2
2019,10,R1,Ontario HS,77.675,24.075,15.5,22.3,15.8
2019,2,IA,Onyx (A),72.22,13.41,15.21,14.9,14.7
2019,3,IA,Onyx (A),76.26,14.55,15.61,15.7,14.9
2019,5,IA,Onyx (A),77.73,14.95,15.88,16.2,15.0
2019,6,IA,Onyx (A),82.75,16.28,16.47,16.8,16.2
2019,8,IA,Onyx (A),83.38,15.74,15.34,17.9,17.5
2019,10,IA,Onyx (A),87.91,16.34,17.07,18.3,18.5
2019,5,GHSSRAG,Orosi HS A Guard,54.741,11.6,11.14,11.0,10.4
2019,8,GHSSRAS,Orosi HS A Guard,70.47,14.44,15.0,13.5,13.63
2019,8,GHSSRAB,Orosi HS B Guard,54.891,11.14,10.15,11.6,10.0
2019,10,GHSSRAB,Orosi HS B Guard,58.251,11.47,10.88,11.0,13.0
2019,10,GHSSRAS,Orosi HS Guard,74.75,15.01,14.34,14.2,16.0
2019,5,PHSSRA,Orosi HS Percussion,59.1,23.3,19.8,6.0,10.0
2019,8,PHSSRA,Orosi HS Percussion,70.0,23.4,22.8,11.8,12.0
2019,10,PHSSRA,Orosi HS Percussion,69.3,20.8,19.2,15.6,13.7
2019,0,SRA,Ouachita Parish H.S.,67.53,11.95,12.08,14.4,14.4
2019,3,SRA,Ouachita Parish H.S. Varsity,68.38,14.67,12.41,14.5,15.1
2019,7,SRA,Ouachita Parish H.S. Varsity,78.23,16.67,16.66,15.1,15.0
2019,10,SRA,Ouachita Parish H.S. Varsity,87.23,17.27,18.06,17.2,17.2
2019,4,PSA,Owen J Roberts,69.05,22.3,19.95,14.1,12.7
2019,6,PSA,Owen J Roberts,75.95,23.2,21.75,15.7,15.3
2019,7,PSA,Owen J Roberts,80.076,22.35,25.725,15.9,16.1
2019,9,PSA,Owen J Roberts,78.851,22.2,22.95,16.6,17.1
2019,10,PSA,Owen J Roberts,82.651,24.4,25.95,16.2,16.1
2019,11,PSA,Owen J Roberts,81.551,26.35,22.8,16.5,15.9
2019,8,RB,Owen Valley High School Winter Percussion,69.201,35.5,36.8,34.4,31.7
2019,2,PIW,POW Percussion,80.2,24.6,16.2,23.1,16.3
2019,6,PIW,POW Percussion,83.95,25.35,16.8,25.1,16.7
2019,10,PIW,POW Percussion,89.326,26.925,17.7,27.2,17.5
2019,11,PIW,POW Percussion,90.688,27.337,17.85,27.6,17.9
2019,4,R2,Pacifica HS,77.65,24.0,15.85,23.4,14.4
2019,6,R1,Pacifica HS,77.6,23.7,14.7,23.0,16.2
2019,8,PSA,Pacifica HS,82.65,25.05,16.0,25.1,16.5
2019,10,R2,Pacifica HS,86.05,26.85,17.6,24.5,17.1
2019,4,PSO,Palisades CHS,65.3,19.5,13.4,19.6,12.8
2019,10,R1,Palisades CHS,74.15,21.75,14.8,22.4,15.2
2019,3,PSA,Palm Desert HS,65.551,19.05,13.7,19.1,13.7
2019,4,PSA,Palm Desert HS,67.6,19.2,13.6,21.0,13.8
2019,6,R1,Palm Desert HS,71.451,20.1,15.1,22.35,13.9
2019,8,R1,Palm Desert HS,73.651,20.85,15.2,22.6,15.0
2019,10,R4,Palm Desert HS,80.876,24.375,14.6,24.5,17.4
2019,7,GJHSA,Parkview MS Guard,51.72,10.68,10.74,11.2,9.8
2019,10,GJHSA,Parkview MS Guard,56.48,11.54,10.34,10.3,12.3
2019,8,PIA,Pasadena City College,75.0,22.2,15.4,22.8,14.6
2019,10,PIA,Pasadena City College,80.25,23.25,15.7,24.1,17.2
2019,11,PIA,Pasadena City College,81.175,24.075,16.2,24.85,16.05
2019,3,PSA,Patrick Henry HS,65.251,20.85,12.6,18.7,13.1
2019,4,PSA,Patrick Henry HS,67.55,18.75,13.5,21.4,13.9
2019,7,PSA,Patrick Henry HS,71.151,22.95,13.7,20.2,14.3
2019,10,R1,Patrick Henry HS,77.05,22.35,15.0,22.8,16.9
2019,4,PSO,Patriot HS,73.501,21.9,14.8,22.7,14.1
2019,6,PSO,Patriot HS,76.8,23.7,15.5,22.0,15.6
2019,8,PSO,Patriot HS,81.6,24.6,16.9,23.8,16.3
2019,10,R1,Patriot HS,87.425,26.625,18.6,25.7,16.5
2019,11,PSO,Patriot HS,84.426,24.825,17.375,25.1,17.125
2019,9,PSA,Penncrest,71.2,21.5,21.3,14.1,14.3
2019,5,PRA,Pennridge,76.15,22.9,23.85,16.2,13.2
2019,7,PRA,Pennridge,77.95,22.9,22.65,15.9,16.5
2019,9,PRA,Pennridge,80.85,24.2,23.55,16.6,16.5
2019,10,PRA,Pennridge,80.75,23.4,24.45,16.4,16.5
2019,11,PRA,Pennridge,82.35,23.4,22.95,17.5,18.5
2019,4,PSO,Perkiomen Valley,66.55,21.1,19.95,12.3,13.2
2019,5,PSO,Perkiomen Valley,69.1,20.8,20.1,14.0,14.2
2019,10,PSO,Perkiomen Valley,83.15,25.4,26.85,15.1,15.8
2019,11,PSO,Perkiomen Valley,81.7,23.9,24.6,16.8,16.4
2019,3,PSA,Perry Meridian Indoor Percussion,68.65,20.55,13.1,22.6,12.4
2019,5,PSA,Perry Meridian Indoor Percussion,71.551,21.0,14.65,22.5,13.4
2019,8,RA,Perry Meridian Indoor Percussion,83.875,24.75,16.475,26.5,16.15
2019,10,PSA,Perry Meridian Indoor Percussion,83.388,24.413,16.6,24.875,17.5
2019,9,PSA,Phoenix,79.551,22.7,24.15,16.5,16.2
2019,2,PIA,Phoenix Drumline,61.55,18.75,12.7,17.7,12.4
2019,3,PIA,Phoenix Drumline,65.75,19.2,14.1,19.2,13.25
2019,4,PIA,Phoenix Drumline,68.15,19.35,13.4,22.0,13.4
2019,6,PIA,Phoenix Drumline,67.0,20.1,13.5,19.0,14.4
2019,8,PIA,Phoenix Drumline,70.2,21.6,13.5,19.3,15.8
2019,10,PIA,Phoenix Drumline,71.25,21.3,14.35,21.8,13.8
2019,11,PIA,Phoenix Drumline,72.525,20.475,14.15,23.3,14.6
2019,3,PSA,Phoenix Indoor Percussion,61.476,18.6,18.225,12.55,12.1
2019,4,PSA,Phoenix Indoor Percussion,71.051,21.4,21.45,13.1,15.1
2019,5,PSA,Phoenix Indoor Percussion,74.2,21.1,22.5,15.1,15.5
2019,8,PSA,Phoenix Indoor Percussion,79.15,23.1,24.75,15.4,15.9
2019,10,PSA,Phoenix Indoor Percussion,83.8,24.8,26.1,16.3,16.6
2019,11,PSA,Phoenix Indoor Percussion,82.475,24.6,24.675,16.4,16.8
2019,5,PSA,Phoenixville,68.451,21.1,20.25,13.1,14.0
2019,6,PSA,Phoenixville,73.75,21.7,23.55,15.1,13.4
2019,7,PSA,Phoenixville,75.301,22.7,22.5,14.8,15.3
2019,10,PSA,Phoenixville,79.45,24.3,23.55,15.0,16.6
2019,11,PSA,Phoenixville,78.5,23.2,22.65,16.4,16.25
2019,3,SRA,Pickerington High School Central,63.98,13.16,13.02,14.5,11.7
2019,3,PSB,Pike Central Indoor,62.826,19.425,11.9,18.4,13.1
2019,5,PSB,Pike Central Indoor,61.45,18.3,12.5,17.7,12.95
2019,6,PSB,Pike Central Indoor,61.151,18.45,12.7,18.0,12.0
2019,7,PSB,Pike Central Indoor,63.463,18.637,13.425,18.75,12.65
2019,3,PSA,Pike High School/Red Devil Percussion,62.7,16.5,12.6,20.5,13.1
2019,4,PSA,Pike High School/Red Devil Percussion,68.45,21.6,13.9,18.55,14.4
2019,6,PSA,Pike High School/Red Devil Percussion,70.65,21.75,13.3,21.2,14.4
2019,8,RB,Pike High School/Red Devil Percussion,69.825,20.1,14.25,21.675,13.8
2019,8,GJHSA,Pioneer MS Guard,50.49,10.54,10.35,9.8,8.2
2019,10,GJHSA,Pioneer MS Guard,57.51,11.07,10.74,11.3,11.4
2019,7,GJHSO,Pixley MS Guard,53.68,12.01,10.67,11.4,10.6
2019,8,GJHSO,Pixley MS Guard,59.68,12.21,12.07,11.6,11.1
2019,10,GJHSO,Pixley MS Guard,65.51,12.74,12.87,11.8,14.2
2019,3,PJHSA,Pixley MS Percussion,55.2,18.3,17.7,10.0,9.2
2019,5,PJHSA,Pixley MS Percussion,64.75,22.4,22.05,10.3,10.0
2019,7,PJHSA,Pixley MS Percussion,71.0,20.2,26.1,13.1,11.6
2019,8,PJHSA,Pixley MS Percussion,71.0,22.4,21.6,12.2,14.8
2019,10,PJHSA,Pixley MS Percussion,75.05,22.1,23.55,14.6,14.8
2019,6,PSO,Plainfield High School Winter Percussion Ensemble,83.5,24.9,16.3,24.6,17.7
2019,7,PSO,Plainfield High School Winter Percussion Ensemble,83.75,25.35,16.6,24.5,17.3
2019,8,PSO,Plainfield High School Winter Percussion Ensemble,84.75,24.6,16.55,26.3,17.3
2019,10,PSO,Plainfield High School Winter Percussion Ensemble,88.375,26.775,17.5,26.8,17.3
2019,11,PSA,Pleasant Grove High School,91.45,27.2,26.25,18.9,19.1
2019,1,SRA,Ponchatoula H.S.,52.01,11.55,9.56,9.1,9.4
2019,4,SRA,Ponchatoula H.S.,56.74,9.74,12.2,10.4,12.6
2019,7,SRA,Ponchatoula H.S.,68.671,13.67,13.6,14.3,14.1
2019,8,SRA,Ponchatoula H.S.,70.18,14.14,14.14,13.9,13.6
2019,2,SRA,Powell JV,52.04,10.67,10.67,12.2,9.7
2019,6,SRA,Powell JV,65.96,13.6,13.06,13.0,12.5
2019,1,SRA,Powell Varsity,57.19,10.74,10.75,13.0,10.6
2019,2,SRA,Powell Varsity,57.85,11.01,11.54,12.4,11.5
2019,6,SRA,Powell Varsity,73.3,14.87,14.33,14.9,13.7
2019,2,PSRA,Preble Shawnee Indoor Percussion,63.25,18.4,20.85,12.2,11.8
2019,5,PSRA,Preble Shawnee Indoor Percussion,61.4,18.5,18.3,12.4,12.2
2019,6,PSRA,Preble Shawnee Indoor Percussion,72.851,22.05,14.7,22.6,13.5
2019,7,PSRA,Preble Shawnee Indoor Percussion,66.85,22.65,12.5,19.3,12.4
2019,8,PSRA,Preble Shawnee Indoor Percussion,63.0,17.7,14.8,18.8,11.7
2019,10,PSRA,Preble Shawnee Indoor Percussion,74.651,23.55,13.4,22.9,14.8
2019,3,SRA,Preble Shawnee Winterguard,52.6,9.48,8.82,11.3,11.5
2019,5,SRA,Preble Shawnee Winterguard,59.41,10.76,11.75,12.2,11.3
2019,6,SRA,Preble Shawnee Winterguard,65.0,13.08,12.22,12.5,13.3
2019,8,SRA,Preble Shawnee Winterguard,65.96,12.34,12.62,13.8,13.7
2019,10,SRA,Preble Shawnee Winterguard,68.521,13.68,15.14,14.1,12.5
2019,2,IW,Pride of Cincinnati,81.8,16.6,16.7,16.2,16.2
2019,7,IW,Pride of Cincinnati,92.4,18.1,18.4,18.6,18.6
2019,9,N,Pulaski County Maroon Winterguard,73.05,14.48,9.87,17.4,15.5
2019,2,PIW,Pulse Percussion,85.65,26.25,17.2,24.6,17.6
2019,7,PIW,Pulse Percussion,89.25,27.15,18.3,25.7,18.1
2019,10,PIW,Pulse Percussion,94.775,28.575,18.9,28.6,18.7
2019,11,PIW,Pulse Percussion,95.675,28.725,19.1,28.75,19.1
2019,5,PSA,Quakertown,70.751,20.6,21.3,14.4,14.45
2019,7,PSA,Quakertown,76.626,22.5,23.925,15.3,14.9
2019,9,PSA,Quakertown,78.551,24.8,23.4,15.25,15.1
2019,10,PSA,Quakertown,80.401,25.3,24.9,15.4,14.8
2019,11,PSA,Quakertown,79.75,25.2,23.55,15.4,15.6
2019,2,PIW,RCC,84.0,25.8,17.1,24.0,17.1
2019,4,PIW,RCC,84.75,25.35,17.1,24.8,17.5
2019,10,PIW,RCC,93.1,27.9,18.7,28.3,18.2
2019,11,PIW,RCC,93.938,28.388,18.7,28.25,18.6
2019,7,PSA,Ramona HS,74.65,21.45,16.5,21.5,15.2
2019,4,PSO,Rancho Cucamonga HS,78.3,23.7,15.9,24.0,14.7
2019,6,PSO,Rancho Cucamonga HS,75.651,23.55,14.8,22.1,15.2
2019,8,PSO,Rancho Cucamonga HS,85.0,25.5,17.1,25.5,16.9
2019,10,R1,Rancho Cucamonga HS,86.05,27.0,15.8,25.15,18.1
2019,11,PSO,Rancho Cucamonga HS,86.376,26.1,17.2,26.5,16.575
2019,6,R2,Rancho Verde HS,77.451,22.95,15.6,23.5,15.4
2019,7,PSA,Rancho Verde HS,78.8,23.85,15.55,23.9,15.5
2019,8,PSA,Rancho Verde HS,82.85,24.15,16.6,25.7,16.4
2019,10,R1,Rancho Verde HS,91.45,28.05,18.4,26.3,18.7
2019,11,PSA,Rancho Verde HS,91.913,27.488,18.5,28.1,17.825
2019,2,PSJ,Rancho-Starbuck IS,62.3,17.7,13.1,19.7,11.8
2019,6,PSJ,Rancho-Starbuck IS,75.5,22.5,14.8,23.0,15.2
2019,8,PSJ,Rancho-Starbuck IS,80.751,24.75,14.5,26.2,15.3
2019,10,PSJ,Rancho-Starbuck IS,86.226,27.225,16.6,25.7,16.7
2019,5,SRA,Rayne H.S. Varsity,68.841,13.35,13.34,13.3,14.8
2019,7,SRA,Rayne H.S. Varsity,71.121,15.81,13.41,14.1,14.6
2019,6,SRA,Red Regiment Performing Ensemble,62.441,10.94,12.6,13.2,12.1
2019,9,SRA,Red Regiment Performing Ensemble,71.02,12.08,12.74,13.7,16.2
2019,4,R1,Redondo Union HS,70.701,20.1,13.8,23.1,13.7
2019,8,PSA,Redondo Union HS,75.701,21.9,14.6,24.2,15.0
2019,10,R1,Redondo Union HS,78.101,23.4,14.6,24.1,16.0
2019,3,GHSSRAG,Redwood HS Guard,64.181,13.47,14.61,13.4,11.1
2019,5,GHSSRAG,Redwood HS Guard,63.58,13.74,13.94,13.2,12.0
2019,8,GHSSRAG,Redwood HS Guard,68.641,13.74,14.8,13.0,13.7
2019,10,GHSSRAG,Redwood HS Guard,70.751,14.14,15.01,13.4,14.5
2019,3,PHSSA-G,Redwood HS Percussion,66.45,19.2,19.35,14.2,13.7
2019,8,PHSSA-G,Redwood HS Percussion,78.0,24.3,22.5,16.2,15.0
2019,10,PHSSA-G,Redwood HS Percussion,80.85,26.2,21.75,17.6,15.3
2019,7,GHSSRAB,Reedley HS Guard,50.431,11.88,9.95,10.3,9.4
2019,10,GHSSRAB,Reedley HS Guard,63.76,13.48,10.68,13.0,12.4
2019,1,PSA,Rhea County Percussion,61.15,18.1,18.45,11.9,12.7
2019,4,PSA,Rhea County Percussion,68.65,20.7,19.35,14.2,14.4
2019,6,PSA,Rhea County Percussion,70.8,22.0,20.7,14.0,14.1
2019,10,PSA,Rhea County Percussion,73.3,22.35,21.15,14.75,15.05
2019,1,SA,Rhea County Winterguard,53.441,11.33,11.61,10.8,10.6
2019,4,SA,Rhea County Winterguard,60.5,11.22,11.68,12.5,12.4
2019,6,SA,Rhea County Winterguard,66.6,12.86,12.94,12.9,12.6
2019,2,PIW,Rhythm X (PIW),80.9,24.1,24.3,16.3,16.2
2019,6,PIW,Rhythm X (PIW),88.25,26.85,17.6,26.7,17.1
2019,10,PIW,Rhythm X (PIW),92.55,27.75,18.4,27.9,18.5
2019,3,JCG,Ridgeview STEM Junior High,53.33,8.08,8.35,12.5,12.1
2019,5,PSA,Ridley,74.0,22.6,21.75,15.25,14.4
2019,6,PSA,Ridley,79.6,24.8,22.5,16.2,16.1
2019,9,PSA,Ridley,86.125,26.2,26.025,17.4,16.5
2019,10,PSA,Ridley,85.425,25.1,25.125,17.6,17.6
2019,11,PSA,Ridley,87.15,27.4,24.45,17.3,18.0
2019,3,PIO,River City Rhythm,78.3,24.3,14.9,23.0,16.1
2019,10,PIO,River City Rhythm,87.2,26.4,17.0,26.5,17.3
2019,11,PIO,River City Rhythm,86.575,26.175,16.85,26.4,17.15
2019,2,PSA,River Valley Percussion Theatre of Elk River High School,71.8,21.6,13.2,23.2,13.8
2019,4,PSA,River Valley Percussion Theatre of Elk River High School,76.8,23.4,14.0,24.8,14.6
2019,8,PSA,River Valley Percussion Theatre of Elk River High School,85.85,25.5,17.8,26.2,16.35
2019,10,PSA,River Valley Percussion Theatre of Elk River High School,89.45,26.55,18.2,26.8,17.9
2019,11,PSA,River Valley Percussion Theatre of Elk River High School,89.6,27.0,18.25,27.05,17.3
2019,3,PSA,Riverside Poly HS,69.85,20.25,14.9,20.3,14.4
2019,7,PSA,Riverside Poly HS,73.175,21.825,15.45,21.0,14.9
2019,10,R3,Riverside Poly HS,82.151,25.65,15.2,24.4,16.9
2019,4,N,Roane County High School Winterguard,54.36,13.0,11.86,9.4,10.4
2019,6,N,Roane County High School Winterguard,57.76,13.26,11.6,10.6,11.9
2019,2,PIA,Rochester Lourdes High School,67.3,19.8,12.3,21.3,13.9
2019,8,PIA,Rochester Lourdes High School,77.45,23.55,15.1,23.7,15.1
2019,10,PIA,Rochester Lourdes High School,79.3,24.45,14.6,24.7,15.55
2019,11,PIA,Rochester Lourdes High School,80.6,23.85,15.35,25.45,15.95
2019,3,PSRA,Rocori High School,61.55,17.25,12.0,19.5,12.8
2019,4,PSRA,Rocori High School,67.8,19.2,12.6,23.3,12.7
2019,9,PSRA,Rocori High School,69.65,19.05,14.7,22.0,13.9
2019,10,PSRA,Rocori High School,71.001,19.8,14.4,22.2,14.6
2019,11,PSRA,Rocori High School,70.425,20.025,15.25,21.55,13.6
2019,4,PSW,Rowland HS,74.05,21.75,15.2,23.7,13.4
2019,6,PSW,Rowland HS,80.95,24.45,16.5,23.5,16.5
2019,10,PSW,Rowland HS,87.151,25.95,18.1,25.1,18.0
2019,11,PSW,Rowland HS,89.076,27.225,17.85,26.45,17.55
2019,7,PSA,Roxbury,84.25,24.2,25.95,16.9,17.2
2019,6,PIA,SB Percussion,74.8,22.8,14.7,22.8,14.5
2019,7,PIA,SB Percussion,71.55,22.05,15.2,20.9,13.4
2019,4,R2,San Clemente HS,67.05,19.65,12.8,21.4,13.2
2019,7,PSA,San Clemente HS,66.75,20.55,13.1,19.7,13.4
2019,8,R2,San Clemente HS,70.301,20.55,14.55,22.3,12.9
2019,10,R4,San Clemente HS,81.651,24.45,16.7,25.35,15.15
2019,4,R1,San Marcos HS,66.701,18.6,14.1,20.5,13.5
2019,6,R2,San Marcos HS,73.251,22.05,14.7,22.3,14.2
2019,10,R4,San Marcos HS,81.976,24.975,16.4,24.7,15.9
2019,4,PSO,San Marino HS,77.675,22.275,15.6,24.4,15.4
2019,8,PSO,San Marino HS,83.1,25.65,16.85,24.6,16.0
2019,10,R1,San Marino HS,85.851,25.35,17.0,26.2,17.3
2019,11,PSO,San Marino HS,83.3,24.525,16.75,25.375,16.65
2019,4,R1,Santa Fe HS,69.101,20.4,13.3,21.1,14.3
2019,8,PSA,Santa Fe HS,72.2,22.5,14.0,22.2,13.5
2019,10,R4,Santa Fe HS,76.2,24.3,13.6,23.0,15.3
2019,3,PSRA,Sauk Rapids High School,65.95,19.5,12.6,21.0,12.85
2019,5,PSRA,Sauk Rapids High School,74.5,24.9,14.7,21.9,13.0
2019,9,PSRA,Sauk Rapids High School,73.85,20.55,15.1,23.8,14.4
2019,10,PSRA,Sauk Rapids High School,77.7,22.05,15.55,23.9,16.2
2019,11,PSRA,Sauk Rapids High School,80.1,23.85,16.35,24.8,15.1
2019,8,RA,Scottsburg High School Winter Percussion,77.776,39.2,41.2,37.7,37.45
2019,7,PSA,Serrano HS,53.35,15.45,10.8,16.5,10.6
2019,10,R4,Serrano HS,70.2,21.3,13.0,21.1,14.8
2019,1,SA,Seymour High School Winterguard,66.62,15.28,14.74,11.7,12.6
2019,2,SA,Seymour High School Winterguard,69.25,15.48,15.27,12.9,13.8
2019,6,SA,Seymour High School Winterguard,76.08,15.54,15.54,14.8,14.5
2019,1,PSA,Seymour Indoor Percussion,67.7,20.9,19.5,13.7,13.6
2019,2,PSA,Seymour Indoor Percussion,67.95,21.2,19.95,13.7,13.1
2019,10,PSA,Seymour Indoor Percussion,87.775,27.5,26.325,17.1,16.85
2019,3,GHSSA,Sierra Pacific HS Guard,58.09,12.21,11.88,10.6,11.0
2019,5,GHSSA,Sierra Pacific HS Guard,66.85,13.87,12.88,13.3,13.9
2019,7,GHSSA,Sierra Pacific HS Guard,67.79,12.41,13.48,14.8,13.1
2019,8,GHSSA,Sierra Pacific HS Guard,72.58,13.74,15.14,14.8,14.2
2019,10,GHSSAG,Sierra Pacific HS Guard,77.04,14.34,15.8,15.4,15.7
2019,3,PSA,Sierra Vista HS,68.85,22.5,13.3,20.45,12.6
2019,4,R2,Sierra Vista HS,74.201,22.05,15.65,22.5,14.0
2019,7,PSO,Sierra Vista HS,73.651,22.05,14.3,23.2,14.1
2019,10,R2,Sierra Vista HS,79.55,24.15,15.0,24.1,16.3
2019,3,PSRA,Simon Kenton Indoor Percussion,63.001,18.6,18.6,13.3,12.5
2019,5,PSRA,Simon Kenton Indoor Percussion,66.701,19.2,19.5,13.5,14.5
2019,6,PSRA,Simon Kenton Indoor Percussion,72.951,22.65,14.9,20.4,15.0
2019,8,PSRA,Simon Kenton Indoor Percussion,69.0,20.1,15.2,20.9,12.8
2019,10,PSRA,Simon Kenton Indoor Percussion,84.05,24.15,17.5,25.3,17.1
2019,2,SRA,Simon Kenton Winter Guard,50.751,7.61,10.74,11.2,10.6
2019,3,SRA,Simon Kenton Winter Guard,55.381,12.2,10.28,11.1,10.9
2019,6,SRA,Simon Kenton Winter Guard,68.781,12.67,13.81,14.0,13.7
2019,8,SRA,Simon Kenton Winter Guard,70.021,13.14,13.28,14.4,15.1
2019,10,SRA,Simon Kenton Winter Guard,73.38,14.74,16.14,15.3,13.2
2019,3,P-SG,Skyline HS Percussion,61.225,18.75,18.675,11.3,12.5
2019,4,P-SG,Skyline HS Percussion,59.625,18.6,18.525,11.3,11.2
2019,7,P-SG,Skyline HS Percussion,64.875,19.65,20.325,12.3,12.6
2019,8,P-SG,Skyline HS Percussion,67.326,20.1,21.225,13.0,13.0
2019,10,P-SG,Skyline HS Percussion,70.363,21.0,21.562,13.65,14.15
2019,4,SRA,Slidell H.S.,60.01,11.34,12.47,11.7,13.2
2019,8,SRA,Slidell H.S.,72.01,15.87,13.74,13.1,13.7
2019,9,SRA,Slidell H.S.,71.67,13.55,14.62,13.1,15.7
2019,10,PSJ,Solano MS,88.626,27.375,17.5,25.8,17.95
2019,4,P-SG,South Hagerstown HS Percussion,59.375,19.05,19.125,10.7,10.5
2019,5,P-SG,South Hagerstown HS Percussion,59.126,17.7,19.425,11.0,11.0
2019,8,P-SG,South Hagerstown HS Percussion,68.626,21.0,21.825,12.5,13.3
2019,9,P-SG,South Hagerstown HS Percussion,72.525,21.6,22.425,14.2,14.3
2019,10,P-SG,South Hagerstown HS Percussion,73.3,21.712,22.538,14.65,14.4
2019,4,R1,South Hills HS,72.501,21.9,13.6,22.8,14.2
2019,6,R2,South Hills HS,70.501,21.3,13.5,21.2,14.5
2019,8,PSA,South Hills HS,74.901,22.2,13.8,23.2,15.7
2019,10,R2,South Hills HS,86.375,25.125,17.0,26.2,18.05
2019,1,SA,South Lafourche H.S.,67.16,12.08,12.28,14.8,13.9
2019,4,SA,South Lafourche H.S.,73.77,13.88,14.54,14.75,15.5
2019,5,SA,South Lafourche H.S.,73.33,13.74,14.44,15.2,14.9
2019,7,SA,South Lafourche H.S.,76.61,15.27,14.94,15.7,15.0
2019,9,SA,South Lafourche H.S.,80.24,15.53,16.01,15.8,16.6
2019,10,SA,South Lafourche H.S.,84.69,16.73,17.46,17.3,16.3
2019,3,PSA,South Pasadena HS,61.25,19.65,12.2,17.1,12.3
2019,7,PSA,South Pasadena HS,68.75,20.7,13.8,21.05,13.2
2019,8,PSA,South Pasadena HS,72.9,22.8,14.7,22.3,13.1
2019,10,R1,South Pasadena HS,78.851,25.2,14.3,24.15,15.2
2019,2,PSRA,South St. Paul High School,65.0,19.8,12.5,20.1,12.6
2019,5,PSRA,South St. Paul High School,68.001,21.9,12.9,20.8,12.4
2019,6,PSRA,South St. Paul High School,71.2,23.1,12.8,21.2,14.1
2019,9,PSRA,South St. Paul High School,67.65,18.45,13.3,22.3,13.6
2019,10,PSRA,South St. Paul High School,70.4,19.2,14.45,22.45,14.3
2019,11,PSRA,South St. Paul High School,70.926,19.575,15.05,22.05,14.25
2019,2,PSO,South Torrance HS,69.1,21.0,13.4,21.1,13.6
2019,4,PSO,South Torrance HS,71.051,21.15,15.4,21.0,13.5
2019,7,PSO,South Torrance HS,73.351,22.35,14.8,21.9,14.3
2019,10,R1,South Torrance HS,78.3,23.1,16.2,23.2,15.8
2019,4,PSA,Southern Regional,75.2,22.8,21.3,15.9,15.2
2019,7,PSA,Southern Regional,80.55,23.95,25.2,15.4,16.0
2019,9,PSA,Southern Regional,87.65,25.9,26.25,17.9,17.6
2019,10,PSA,Southern Regional,87.35,26.7,26.7,17.25,16.7
2019,11,PSA,Southern Regional,88.75,27.9,24.75,17.6,18.5
2019,4,PSA,Southport Indoor Percussion Ensemble,68.951,21.9,12.9,21.45,12.7
2019,6,PSA,Southport Indoor Percussion Ensemble,77.05,22.5,15.15,23.4,16.0
2019,8,RA,Southport Indoor Percussion Ensemble,81.538,24.788,16.15,25.15,15.45
2019,10,PSA,Southport Indoor Percussion Ensemble,79.575,22.725,16.0,24.95,15.9
2019,11,PSA,Southport Indoor Percussion Ensemble,82.75,25.05,17.1,23.8,16.8
2019,10,N,Southside H.S.,83.281,17.88,15.9,15.0,17.0
2019,1,P-SG,Spring Grove HS Percussion,69.5,20.1,19.8,15.1,14.5
2019,4,P-SG,Spring Grove HS Percussion,69.475,21.3,21.975,13.3,12.9
2019,7,P-SG,Spring Grove HS Percussion,77.2,23.55,21.75,15.8,16.1
2019,10,P-SG,Spring Grove HS Percussion,82.475,23.775,26.1,16.35,16.25
2019,2,SA,Springboro High School,64.32,13.61,11.81,13.0,12.6
2019,3,SA,Springboro High School,65.55,13.07,14.08,12.6,12.9
2019,6,SA,Springboro High School,74.26,13.41,14.35,15.5,15.6
2019,7,SA,Springboro High School,73.39,13.68,14.81,14.7,15.2
2019,8,SA,Springboro High School,74.211,15.49,13.42,15.1,14.6
2019,10,SA,Springboro High School,77.551,15.68,14.67,15.8,14.7
2019,2,PSA,Springboro Indoor Percussion,68.801,19.4,20.4,14.3,14.7
2019,5,PSA,Springboro Indoor Percussion,70.4,20.9,21.0,14.5,14.0
2019,6,PSA,Springboro Indoor Percussion,71.4,21.0,14.8,21.1,14.5
2019,8,PSA,Springboro Indoor Percussion,74.801,22.2,15.4,23.5,13.7
2019,10,PSA,Springboro Indoor Percussion,80.55,23.25,16.5,23.9,16.9
2019,2,JCG,Springboro Intermediate Winterguard,55.79,9.81,11.08,11.9,12.2
2019,3,JCG,Springboro Intermediate Winterguard,61.8,12.95,12.35,12.3,11.8
2019,6,JCG,Springboro Intermediate Winterguard,73.26,12.89,16.07,15.3,14.6
2019,7,JCG,Springboro Intermediate Winterguard,75.4,14.35,14.35,15.4,16.0
2019,8,JCG,Springboro Intermediate Winterguard,77.24,15.28,14.76,15.5,16.0
2019,10,JCG,Springboro Intermediate Winterguard,83.281,17.01,16.87,16.1,17.0
2019,5,PSO,Springford,71.65,20.7,23.25,13.8,13.9
2019,6,PSO,Springford,78.0,23.4,24.3,15.1,15.2
2019,7,PSO,Springford,82.3,24.0,25.8,16.3,16.2
2019,10,PSO,Springford,85.6,25.7,26.7,16.9,16.3
2019,11,PSO,Springford,85.05,25.6,24.75,16.6,18.1
2019,10,N,St. Amant H.S. JV,81.391,16.47,16.22,16.4,16.1
2019,1,SRA,St. Amant H.S. Varsity,53.561,12.28,8.68,8.9,11.5
2019,4,SRA,St. Amant H.S. Varsity,68.261,12.41,15.95,12.7,15.1
2019,7,SRA,St. Amant H.S. Varsity,76.35,15.48,16.67,15.5,14.2
2019,9,SRA,St. Amant H.S. Varsity,82.67,15.94,18.53,15.6,15.6
2019,10,SRA,St. Amant H.S. Varsity,81.581,15.94,16.74,15.9,16.5
2019,3,PSRA,St. Francis High School,65.85,19.95,12.3,20.5,13.1
2019,5,PSRA,St. Francis High School,70.8,22.2,13.4,21.8,13.4
2019,8,PSRA,St. Francis High School,73.45,22.95,14.2,22.1,14.2
2019,10,PSRA,St. Francis High School,77.201,23.25,15.1,23.45,15.4
2019,11,PSRA,St. Francis High School,74.275,22.275,14.55,23.9,13.55
2019,2,PSA,St. Genevieve HS,68.1,21.3,13.5,20.0,13.3
2019,4,PSA,St. Genevieve HS,73.476,21.975,13.3,24.0,14.2
2019,6,R2,St. Genevieve HS,78.65,24.15,15.2,23.7,15.6
2019,10,R2,St. Genevieve HS,88.325,28.275,17.6,25.35,17.1
2019,11,PSA,St. Genevieve HS,83.35,25.5,16.8,24.9,16.15
2019,10,PSA,St. Martin H.S.,82.525,25.3,24.825,16.0,16.4
2019,1,SRA,St. Mary's Dominican H.S.,60.561,12.68,10.48,13.4,11.5
2019,4,SRA,St. Mary's Dominican H.S.,69.041,13.35,13.34,14.75,15.4
2019,8,SRA,St. Mary's Dominican H.S.,75.32,15.34,14.68,15.4,14.9
2019,9,SRA,St. Mary's Dominican H.S.,81.391,15.21,16.28,16.3,16.8
2019,10,SRA,St. Mary's Dominican H.S.,79.43,15.6,16.33,13.7,16.0
2019,10,PIN,St. Tammany Percussion,79.45,24.5,22.95,16.6,15.4
2019,3,SRA,Sterlington H.S.,53.421,12.21,9.01,12.0,8.8
2019,7,SRA,Sterlington H.S.,65.19,13.29,14.6,13.0,12.9
2019,3,C,Sterlington M.S.,57.83,11.15,11.28,11.5,11.0
2019,7,C,Sterlington M.S.,72.48,15.14,13.14,13.8,15.3
2019,10,C,Sterlington M.S.,72.91,14.47,14.74,14.0,15.0
2019,2,SRA,Stone Memorial High School Winterguard,51.74,9.67,10.87,11.7,9.6
2019,4,SRA,Stone Memorial High School Winterguard,58.75,12.14,10.61,12.2,12.3
2019,6,SRA,Stone Memorial High School Winterguard,66.66,13.19,11.87,13.5,13.2
2019,5,SRA,"Sulphur H.S. ""F4""",66.98,14.09,13.44,12.7,13.6
2019,7,SRA,"Sulphur H.S. ""F4""",65.991,13.1,13.09,12.6,13.9
2019,9,SRA,"Sulphur H.S. ""F4""",68.3,12.89,14.81,12.3,14.7
2019,8,IA,Summit Independent,59.45,11.41,11.74,11.7,11.7
2019,7,GJHSO,Sundale Union Guard,56.28,12.41,10.47,11.9,11.9
2019,8,GJHSO,Sundale Union Guard,63.65,13.15,12.6,12.1,12.2
2019,10,GJHSO,Sundale Union Guard A,68.11,13.68,13.73,12.5,13.4
2019,3,PJHSO,Sundale Union Percussion,56.0,18.5,17.4,10.8,9.3
2019,7,PJHSO,Sundale Union Percussion,69.0,20.2,24.6,12.3,11.9
2019,8,PJHSO,Sundale Union Percussion,69.3,22.2,21.0,12.0,14.1
2019,10,PJHSO,Sundale Union Percussion,72.15,22.8,20.55,15.5,13.3
2019,4,PSO,Sunny Hills HS,76.9,23.1,15.3,23.1,15.4
2019,6,PSO,Sunny Hills HS,79.5,24.3,15.0,24.7,15.5
2019,7,PSW,Sunny Hills HS,77.2,23.7,15.6,22.6,15.3
2019,8,PSW,Sunny Hills HS,79.45,22.95,15.8,24.2,16.5
2019,10,PSW,Sunny Hills HS,82.675,25.425,17.3,23.55,16.4
2019,11,PSW,Sunny Hills HS,83.6,25.35,16.3,25.4,16.55
2019,3,GHSSRAB,Sunnyside HS Guard,53.71,10.27,9.94,10.8,12.4
2019,5,GHSSRAB,Sunnyside HS Guard,59.31,11.47,11.14,12.6,11.8
2019,8,GHSSRAS,Sunnyside HS Guard,71.71,15.14,15.27,14.4,14.3
2019,10,GHSSRAS,Sunnyside HS Guard,76.41,15.54,15.07,14.5,16.8
2019,6,P-SG,Susquehannock HS Percussion,68.8,21.45,21.45,12.3,13.6
2019,7,P-SG,Susquehannock HS Percussion,77.725,23.1,22.425,16.5,15.7
2019,8,P-SG,Susquehannock HS Percussion,77.775,23.55,23.625,15.1,15.5
2019,9,P-SG,Susquehannock HS Percussion,80.375,22.8,26.175,15.4,16.0
2019,10,P-SG,Susquehannock HS Percussion,82.138,23.587,26.85,16.05,15.65
2019,3,PSA,Sycamore High School Winter Drumline,72.6,21.4,22.8,14.2,14.2
2019,5,PSA,Sycamore High School Winter Drumline,79.4,24.3,23.4,16.6,15.1
2019,7,PSA,Sycamore High School Winter Drumline,82.3,25.2,15.8,24.1,17.2
2019,10,PSA,Sycamore High School Winter Drumline,90.85,27.75,18.0,27.3,17.8
2019,3,PSA,Temecula Valley HS,63.575,20.175,12.0,19.3,12.1
2019,7,PSA,Temecula Valley HS,70.951,22.35,15.0,20.9,12.7
2019,8,R1,Temecula Valley HS,73.9,22.2,16.2,20.7,14.8
2019,10,R3,Temecula Valley HS,77.876,25.275,14.9,21.9,15.8
2019,3,PSA,Temescal Canyon HS,64.951,19.95,13.2,17.9,13.9
2019,6,R1,Temescal Canyon HS,70.751,21.15,13.5,22.9,13.2
2019,7,PSA,Temescal Canyon HS,69.35,20.85,14.55,20.25,13.7
2019,10,R3,Temescal Canyon HS,80.576,25.575,15.5,23.3,16.2
2019,4,R1,Temple City HS,81.2,24.3,15.6,25.4,15.9
2019,6,R2,Temple City HS,84.0,25.5,17.1,24.5,16.9
2019,10,R2,Temple City HS,86.4,26.25,16.8,27.1,16.25
2019,11,PSO,Temple City HS,84.35,24.525,16.85,26.15,16.825
2019,8,RA,Terre Haute North Winter Percussion,65.75,33.5,36.1,31.9,30.0
2019,3,PSB,Terre Haute South Indoor Percussion,73.5,21.6,15.2,22.1,14.6
2019,5,PSB,Terre Haute South Indoor Percussion,68.5,21.15,13.85,20.6,12.9
2019,6,PSA,Terre Haute South Indoor Percussion,68.55,21.0,13.1,21.45,13.0
2019,7,PSA,Terre Haute South Indoor Percussion,76.151,22.65,14.4,23.7,15.4
2019,8,RB,Terre Haute South Indoor Percussion,73.188,21.337,14.65,23.5,13.7
2019,10,PSN,Terrebonne H.S.,69.6,20.7,21.0,13.2,14.7
2019,1,SRA,Terrebonne H.S. JV,67.46,14.08,11.48,12.4,15.0
2019,4,SRA,Terrebonne H.S. JV,74.04,14.2,15.94,14.6,14.7
2019,8,SRA,Terrebonne H.S. JV,78.97,17.13,15.54,16.0,15.6
2019,9,SRA,Terrebonne H.S. JV,85.27,16.87,18.8,16.2,16.2
2019,10,SRA,Terrebonne H.S. JV,88.17,17.8,17.27,17.4,17.3
2019,1,SA,Terrebonne H.S. Varsity,65.26,13.15,13.01,13.7,12.8
2019,8,SA,Terrebonne H.S. Varsity,79.81,16.07,16.34,15.7,15.8
2019,9,SA,Terrebonne H.S. Varsity,81.71,16.21,16.8,16.3,16.2
2019,10,SA,Terrebonne H.S. Varsity,84.28,16.74,16.54,17.2,16.4
2019,7,C,The Church Academy at Addis,64.42,13.48,11.94,12.0,13.6
2019,9,C,The Church Academy at Addis,69.08,14.41,12.97,13.3,14.6
2019,2,ECG,The Little Belles,75.86,15.08,16.08,15.4,14.9
2019,3,ECG,The Little Belles,76.05,14.07,16.28,15.7,15.5
2019,5,ECG,The Little Belles,73.44,13.56,14.88,14.1,15.8
2019,6,ECG,The Little Belles,78.83,15.54,17.29,15.5,15.8
2019,7,ECG,The Little Belles,80.02,16.14,15.88,15.8,16.1
2019,8,ECG,The Little Belles,85.96,16.81,16.55,16.3,18.4
2019,10,ECG,The Little Belles,88.15,17.01,17.14,17.9,17.3
2019,4,PSB,The Orleans Winter Percussion Ensemble,59.401,17.85,12.0,18.2,11.35
2019,7,PSB,The Orleans Winter Percussion Ensemble,61.65,18.0,13.15,18.55,11.95
2019,10,PSA,Thibodaux H.S.,82.35,24.5,25.35,17.0,15.5
2019,7,PSA,Thousand Oaks HS,69.3,21.9,14.5,20.0,12.9
2019,10,R1,Thousand Oaks HS,78.001,23.55,15.1,22.55,16.8
2019,3,PSA,Tippecanoe Indoor Drumline,66.1,19.9,20.7,13.0,12.5
2019,5,PSA,Tippecanoe Indoor Drumline,70.3,21.6,20.7,13.9,14.1
2019,4,R2,Torrance HS,72.601,20.1,15.5,21.8,15.2
2019,6,R2,Torrance HS,70.351,20.85,13.3,21.5,14.7
2019,10,R2,Torrance HS,79.576,24.075,15.2,24.65,15.65
2019,2,IA,Tour de Force,52.37,9.15,9.82,10.7,11.6
2019,3,IA,Tour de Force,53.67,10.22,12.55,11.4,9.9
2019,5,IA,Tour de Force,52.03,9.1,9.63,10.4,12.3
2019,6,IA,Tour de Force,60.87,10.29,12.88,11.2,12.5
2019,8,IA,Tour de Force,67.77,13.49,13.88,13.4,13.5
2019,10,IA,Tour de Force,72.67,13.62,13.15,14.9,15.2
2019,4,PSJ,Townsend JHS,77.7,22.5,15.4,25.5,14.3
2019,7,PSJ,Townsend JHS,82.2,24.9,16.9,24.1,16.3
2019,8,PSJ,Townsend JHS,84.55,25.65,16.0,25.7,17.2
2019,10,PSJ,Townsend JHS,93.95,28.65,18.2,28.45,18.65
2019,6,PSO,Trabuco Hills HS,78.45,23.85,15.8,22.7,16.1
2019,7,PSO,Trabuco Hills HS,80.35,22.95,16.2,25.2,16.0
2019,8,PSO,Trabuco Hills HS,80.2,24.3,16.7,22.5,16.7
2019,10,R1,Trabuco Hills HS,84.326,25.125,16.8,26.1,16.3
2019,11,PSO,Trabuco Hills HS,81.325,23.775,16.05,25.05,16.45
2019,3,PSB,Tri-West High School,67.401,19.2,15.1,20.2,12.9
2019,4,PSB,Tri-West High School,58.851,18.75,11.2,17.9,11.0
2019,5,PSB,Tri-West High School,60.225,18.825,13.0,17.2,11.2
2019,6,PSB,Tri-West High School,61.901,18.75,12.8,18.15,12.2
2019,7,PSB,Tri-West High School,65.888,19.013,13.875,19.75,13.25
2019,8,PSB,Tri-West High School,65.0,18.9,13.3,19.7,13.1
2019,4,PSB,Triton Central Indoor Percussion,61.85,19.35,12.6,18.6,11.3
2019,5,PSB,Triton Central Indoor Percussion,64.001,19.8,12.7,17.8,13.7
2019,6,PSB,Triton Central Indoor Percussion,66.85,20.85,14.4,18.8,12.8
2019,7,PSB,Triton Central Indoor Percussion,69.576,21.15,14.0,20.95,13.475
2019,8,PSB,Triton Central Indoor Percussion,68.176,20.025,14.2,20.4,13.55
2019,2,SA,Troy HS,54.96,11.48,10.08,11.8,10.4
2019,5,SA,Troy HS,58.76,12.63,11.43,11.1,11.5
2019,6,SA,Troy HS,68.55,12.61,13.74,12.6,14.7
2019,7,SA,Troy HS,67.66,13.21,13.15,14.1,13.6
2019,10,SA,Troy HS,68.851,13.61,14.14,14.0,13.5
2019,2,SRA,Troy HS Reg A,52.02,9.35,10.87,10.5,10.3
2019,5,SRA,Troy HS Reg A,62.76,11.75,12.21,13.1,12.0
2019,6,SRA,Troy HS Reg A,73.0,13.54,15.46,14.3,14.3
2019,7,SRA,Troy HS Reg A,71.16,13.47,14.79,14.8,13.8
2019,10,SRA,Troy HS Reg A,77.1,15.94,17.86,15.2,14.0
2019,2,PSRA,Troy Indoor Percussion,65.3,18.7,20.1,13.4,13.1
2019,5,PSRA,Troy Indoor Percussion,73.65,21.9,22.05,14.5,15.2
2019,6,PSRA,Troy Indoor Percussion,77.15,23.25,16.0,22.6,15.3
2019,7,PSA,Troy Indoor Percussion,71.401,22.8,14.2,20.4,14.0
2019,10,PSA,Troy Indoor Percussion,76.15,23.55,15.2,22.5,14.9
2019,3,GHSSRAS,Tulare Union HS Guard,54.79,10.28,10.81,13.0,10.6
2019,5,GHSSRAS,Tulare Union HS Guard,55.681,11.94,10.74,10.8,11.0
2019,7,GHSSRAS,Tulare Union HS Guard,67.15,13.61,14.14,12.9,13.5
2019,8,GHSSRAS,Tulare Union HS Guard,69.481,14.34,14.54,13.4,14.0
2019,10,GHSSRAS,Tulare Union HS Guard,74.41,14.74,14.87,14.4,14.8
2019,3,PHSSA-G,Tulare Union HS Percussion,63.9,18.4,18.9,13.3,13.3
2019,5,PHSSA-G,Tulare Union HS Percussion,77.55,26.3,23.7,14.05,13.5
2019,7,PHSSA-G,Tulare Union HS Percussion,74.95,22.9,23.85,14.5,13.7
2019,8,PHSSA-G,Tulare Union HS Percussion,76.001,23.8,22.05,14.8,15.35
2019,10,PHSSA-G,Tulare Union HS Percussion,77.901,23.4,22.2,16.6,15.7
2019,10,GHSSRAS,Tulare Western HS Guard,75.24,15.27,14.67,14.7,15.2
2019,7,GHSSRAB,Tulare Western HS JV Guard,55.91,12.34,12.07,11.3,11.4
2019,8,GHSSRAB,Tulare Western HS JV Guard,57.56,12.68,10.48,11.0,11.6
2019,10,GHSSRAB,Tulare Western HS JV Guard,64.08,13.21,13.07,11.6,13.2
2019,3,GHSSRAS,Tulare Western HS Varsity Guard,52.81,10.27,10.54,12.5,10.1
2019,5,GHSSRAS,Tulare Western HS Varsity Guard,56.18,11.87,10.81,11.3,10.8
2019,7,GHSSRAS,Tulare Western HS Varsity Guard,68.65,14.54,14.21,14.1,13.3
2019,8,GHSSRAS,Tulare Western HS Varsity Guard,70.31,14.87,13.74,14.7,13.4
2019,3,PHSSO,Tulare Western Percussion,64.7,15.8,19.5,15.0,14.4
2019,5,PHSSO,Tulare Western Percussion,77.15,23.8,23.85,15.2,14.3
2019,7,PHSSO,Tulare Western Percussion,73.55,19.4,24.75,15.0,14.4
2019,8,PHSSO,Tulare Western Percussion,79.05,24.6,23.25,15.2,16.0
2019,10,PHSSO,Tulare Western Percussion,78.0,22.7,21.6,17.6,16.1
2019,8,RB,Twin Lakes Winter Drumline,76.475,40.2,41.15,34.9,36.7
2019,5,PSA,Unionville,75.2,22.5,22.95,14.95,14.8
2019,6,PSA,Unionville,80.95,25.3,23.85,16.1,15.7
2019,10,PSA,Unionville,88.6,25.0,27.6,17.8,18.2
2019,11,PSA,Unionville,89.95,27.95,25.95,17.9,18.15
2019,4,PIA,United 2,69.6,22.4,19.8,14.3,13.1
2019,9,PIA,United 2,81.45,25.0,22.95,16.8,16.7
2019,11,PIA,United 2,80.6,24.9,22.8,16.3,16.6
2019,4,PIW,United Percussion,77.9,24.2,23.1,15.6,15.0
2019,11,PIW,United Percussion,88.25,25.6,27.15,17.6,17.9
2019,1,IA,University of Louisiana,62.2,11.89,12.81,13.5,11.9
2019,4,IA,University of Louisiana,70.49,13.67,14.67,13.85,14.3
2019,5,IA,University of Louisiana,72.925,14.47,14.505,14.6,14.7
2019,9,IA,University of Louisiana,77.59,16.34,14.75,15.1,15.3
2019,10,IA,University of Louisiana,80.51,16.67,15.54,16.3,15.7
2019,4,PSA,Upland HS,73.201,21.15,14.6,22.15,15.3
2019,6,R2,Upland HS,78.1,24.0,15.6,22.6,15.9
2019,8,R2,Upland HS,78.75,24.15,15.5,25.4,13.7
2019,10,R4,Upland HS,85.925,26.175,16.85,25.9,17.0
2019,5,PSA,Upper Darby,73.35,21.7,21.15,15.5,15.0
2019,7,PSA,Upper Darby,78.201,23.2,23.7,15.5,15.8
2019,9,PSA,Upper Darby,80.201,24.4,23.7,15.7,16.4
2019,10,PSA,Upper Darby,82.351,25.5,25.35,15.7,15.8
2019,11,PSA,Upper Darby,82.601,26.1,24.6,15.8,16.1
2019,5,PRA,Upper Dublin,72.1,20.7,23.1,15.3,13.0
2019,6,PRA,Upper Dublin,77.0,24.2,23.4,15.3,14.1
2019,9,PRA,Upper Dublin,80.05,23.6,23.25,16.5,16.7
2019,10,PRA,Upper Dublin,77.9,22.7,23.7,16.1,15.4
2019,11,PRA,Upper Dublin,83.4,24.7,23.7,18.0,17.0
2019,6,PRA,Upper Moreland,84.9,28.1,25.2,16.1,15.5
2019,7,PRA,Upper Moreland,84.45,25.5,25.65,16.5,16.8
2019,9,PRA,Upper Moreland,92.75,28.2,27.45,18.7,18.4
2019,10,PSA,Upper Moreland,80.1,21.8,25.2,16.0,17.1
2019,11,PSA,Upper Moreland,84.001,25.9,25.05,16.45,16.6
2019,3,P-SB,Urbana HS Percussion,67.55,21.0,20.85,12.2,13.5
2019,7,P-SB,Urbana HS Percussion,72.9,22.2,24.9,13.0,12.8
2019,8,P-SB,Urbana HS Percussion,78.2,23.4,25.5,14.5,14.8
2019,10,P-SB,Urbana HS Percussion,82.65,25.425,25.425,15.95,15.85
2019,3,PSA,VIctor J Andrew HS,77.45,22.95,14.9,24.5,15.1
2019,7,PSO,VIctor J Andrew HS,80.65,24.75,15.5,23.4,17.0
2019,4,R2,Valencia HS (V),67.251,19.35,14.8,19.8,13.3
2019,7,PSA,Valencia HS (V),71.501,22.2,13.7,22.3,13.3
2019,3,PSA,Valhalla HS,72.9,21.3,15.2,21.2,15.2
2019,7,PSA,Valhalla HS,76.1,23.55,15.35,20.6,16.6
2019,10,R1,Valhalla HS,87.051,27.0,17.05,25.4,17.6
2019,2,SRA,Vancleave H.S.,61.851,10.89,11.96,12.7,12.9
2019,5,SRA,Vancleave H.S.,72.455,14.4,14.705,15.1,13.8
2019,8,SRA,Vancleave H.S.,69.201,14.86,14.34,13.7,13.3
2019,10,PSA,Vandebilt Catholic H.S.,87.95,26.6,26.25,17.5,17.6
2019,10,PIA,Vegas Vanguard,84.35,24.9,16.9,25.4,17.15
2019,11,PIA,Vegas Vanguard,84.6,25.5,16.45,26.55,16.1
2019,6,PIW,Veritas,85.8,24.6,18.0,25.6,17.6
2019,8,PIW,Veritas,84.25,25.2,16.9,25.45,16.7
2019,10,PIW,Veritas,84.825,25.575,17.05,25.45,16.75
2019,0,SRA,Vernon Parish H.S.,50.67,11.22,9.95,13.1,8.1
2019,3,SRA,Vernon Parish H.S.,63.89,13.88,10.61,13.6,13.5
2019,5,SRA,Vernon Parish H.S.,72.65,13.54,14.11,14.8,15.2
2019,2,PIW,Vessel,75.85,22.65,15.4,22.5,15.3
2019,4,PIW,Vessel,81.3,24.3,16.2,24.5,16.3
2019,6,PIW,Vessel,82.2,25.8,16.2,23.8,16.4
2019,10,PIW,Vessel,89.001,26.7,18.3,26.9,17.1
2019,11,PIW,Vessel,87.001,26.7,16.9,26.25,17.15
2019,3,PSO,Victor Indoor Percussion Ensemble,61.95,18.9,18.45,12.2,12.4
2019,6,PSO,Victor Indoor Percussion Ensemble,68.0,19.9,20.7,13.5,13.9
2019,8,PSO,Victor Indoor Percussion Ensemble,75.7,21.9,24.6,14.8,14.4
2019,9,PSO,Victor Indoor Percussion Ensemble,78.9,24.1,22.2,16.0,16.6
2019,10,PSO,Victor Indoor Percussion Ensemble,79.35,23.1,24.45,15.5,16.3
2019,11,PSO,Victor Indoor Percussion Ensemble,77.4,23.7,22.5,15.9,15.3
2019,4,PSA,Vincennes Indoor Percussion,69.951,21.15,12.6,23.3,12.9
2019,5,PSA,Vincennes Indoor Percussion,72.576,21.825,14.7,22.7,13.35
2019,6,PSA,Vincennes Indoor Percussion,74.25,22.65,14.1,23.0,14.5
2019,7,PSA,Vincennes Indoor Percussion,78.576,24.975,14.5,24.4,14.7
2019,8,RB,Vincennes Indoor Percussion,83.2,24.975,16.025,26.55,15.65
2019,10,PSA,Vincennes Indoor Percussion,81.776,24.075,15.15,25.95,16.6
2019,3,PSA,Vista HS,66.001,19.2,12.8,20.6,13.4
2019,7,PSA,Vista HS,70.351,21.75,12.8,21.5,14.3
2019,10,R4,Vista HS,80.2,24.0,15.0,25.7,15.5
2019,7,PSW,Vista Murrieta HS,81.2,24.9,16.2,24.2,15.9
2019,10,PSW,Vista Murrieta HS,92.35,27.0,18.6,27.65,19.1
2019,11,PSW,Vista Murrieta HS,92.775,27.975,18.475,27.85,18.475
2019,1,IA,Voodoo Independent,61.22,12.81,12.41,12.9,12.1
2019,4,IA,Voodoo Independent,68.32,13.68,14.14,13.2,13.6
2019,7,IA,Voodoo Independent,72.89,14.48,14.81,14.5,14.7
2019,9,IA,Voodoo Independent,76.29,14.81,15.08,14.8,15.8
2019,10,IA,Voodoo Independent,77.52,16.34,14.68,15.4,15.2
2019,3,SA,Wadsworth High School Winter Guard,52.59,9.35,10.94,10.8,11.0
2019,6,SA,Wadsworth High School Winter Guard,62.591,11.41,12.88,12.8,12.3
2019,2,SA,Walter E. Stebbins High School,54.4,10.08,10.82,11.3,10.7
2019,3,SA,Walter E. Stebbins High School,57.54,10.15,11.49,11.6,12.1
2019,5,SA,Walter E. Stebbins High School,66.08,13.43,13.35,12.1,13.3
2019,6,SA,Walter E. Stebbins High School,65.62,13.81,14.41,12.8,12.8
2019,7,SA,Walter E. Stebbins High School,67.13,13.29,13.34,13.9,13.5
2019,8,SA,Walter E. Stebbins High School,71.6,13.89,13.61,14.5,15.2
2019,10,SA,Walter E. Stebbins High School,73.641,14.16,15.08,14.7,14.9
2019,3,PSJ,Warm Springs MS,67.05,20.25,14.3,19.5,13.0
2019,8,PSJ,Warm Springs MS,82.05,23.55,15.8,25.9,16.8
2019,10,PSJ,Warm Springs MS,91.388,27.488,18.4,27.0,18.5
2019,6,PSA,Warren Central High School,65.7,20.25,12.8,20.35,12.3
2019,7,PSA,Warren Central High School,67.9,19.8,13.1,22.4,12.6
2019,8,RA,Warren Central High School,69.675,21.075,14.0,21.25,13.35
2019,4,R2,Warren HS,69.451,19.05,14.6,20.8,15.0
2019,6,R1,Warren HS,70.901,21.3,14.1,21.4,14.1
2019,8,R1,Warren HS,69.951,20.1,14.45,21.4,14.0
2019,10,R2,Warren HS,80.451,23.55,16.4,23.3,17.2
2019,8,RB,Warsaw Community High School Winter Percussion Ensemble,80.3,43.0,41.0,37.9,38.7
2019,11,PSA,Wasatch High School,86.85,25.9,25.35,17.8,17.8
2019,4,PSB,Washington Indoor Percussion,64.45,21.3,12.8,18.4,11.95
2019,5,PSB,Washington Indoor Percussion,69.775,21.825,14.25,19.3,14.4
2019,6,PSB,Washington Indoor Percussion,72.85,22.95,16.2,19.9,13.8
2019,7,PSB,Washington Indoor Percussion,75.376,23.475,15.65,21.9,14.35
2019,8,PSB,Washington Indoor Percussion,74.875,22.575,15.7,22.2,14.4
2019,3,GHSSRAG,Washington Union HS Guard,67.58,14.21,13.47,14.4,12.8
2019,5,GHSSRAG,Washington Union HS Guard,67.72,14.48,14.14,14.4,12.7
2019,7,GHSSRAG,Washington Union HS Guard,83.88,16.34,17.94,18.1,16.3
2019,8,GHSSRAG,Washington Union HS Guard,84.08,16.61,17.67,18.2,16.3
2019,10,GHSSRAG,Washington Union HS Guard,87.11,17.21,17.4,18.5,17.9
2019,10,PE-SB,Waynesboro HS Percussion,84.9,42.3,43.1,41.1,43.3
2019,3,PIA,Webster Percussion Theater,60.45,18.4,18.45,11.5,12.1
2019,6,PIA,Webster Percussion Theater,68.35,20.2,21.75,13.4,13.0
2019,9,PIA,Webster Percussion Theater,70.6,22.1,21.9,13.4,13.2
2019,10,PIA,Webster Percussion Theater,82.3,25.6,26.55,14.95,15.2
2019,11,PIA,Webster Percussion Theater,72.8,21.8,21.6,14.9,14.5
2019,2,SA,West Carrollton High School Winter Guard,54.03,9.88,10.35,11.5,11.1
2019,3,SA,West Carrollton High School Winter Guard,58.061,12.21,12.95,11.0,10.9
2019,5,SA,West Carrollton High School Winter Guard,59.711,11.36,11.75,12.5,12.3
2019,6,SA,West Carrollton High School Winter Guard,66.161,12.01,12.95,14.5,14.3
2019,7,SA,West Carrollton High School Winter Guard,66.77,12.55,12.82,14.9,13.4
2019,8,SA,West Carrollton High School Winter Guard,69.371,13.82,13.35,14.9,13.4
2019,10,SA,West Carrollton High School Winter Guard,72.66,14.81,13.95,14.8,14.3
2019,4,PSA,West HS (T),74.051,21.3,15.0,22.9,14.85
2019,6,R1,West HS (T),74.75,21.75,16.0,22.4,14.6
2019,7,PSA,West HS (T),77.35,23.1,15.45,23.2,15.6
2019,8,R2,West HS (T),81.15,23.55,15.7,25.5,16.4
2019,10,R1,West HS (T),87.851,25.65,17.5,26.7,18.0
2019,11,PSA,West HS (T),82.35,24.0,16.55,25.25,16.55
2019,1,SRA,West Harrison H.S. Cadets,65.92,14.14,8.88,14.8,14.5
2019,2,SRA,West Harrison H.S. Cadets,66.86,13.41,12.55,13.4,13.3
2019,4,SRA,West Harrison H.S. Cadets,65.301,12.14,11.86,13.8,13.6
2019,8,SRA,West Harrison H.S. Cadets,69.351,14.61,13.94,13.0,14.3
2019,10,SRA,West Harrison H.S. Cadets,78.24,16.21,16.93,14.9,15.1
2019,1,SA,West Harrison H.S. Varsity,64.79,13.14,11.35,14.0,13.3
2019,2,SA,West Harrison H.S. Varsity,70.44,13.54,14.0,14.3,14.5
2019,4,SA,West Harrison H.S. Varsity,74.61,15.07,14.34,14.9,15.0
2019,8,SA,West Harrison H.S. Varsity,82.14,16.6,16.14,16.5,16.3
2019,10,SA,West Harrison H.S. Varsity,87.8,17.53,17.47,17.9,17.2
2019,6,N,West High School Winterguard,55.77,11.01,10.86,11.3,11.2
2019,7,PSO,West Ranch HS,83.3,24.9,16.9,24.9,16.6
2019,8,PSO,West Ranch HS,76.851,21.75,16.8,22.6,15.7
2019,10,R2,West Ranch HS,82.201,24.6,16.6,23.7,17.3
2019,6,P-SB,Western Frederick Percussion,77.05,24.45,22.2,14.8,15.6
2019,8,P-SB,Western Frederick Percussion,82.35,25.35,23.4,17.0,16.6
2019,9,P-SB,Western Frederick Percussion,85.4,25.8,25.8,17.4,16.4
2019,10,P-SB,Western Frederick Percussion,84.85,23.925,26.925,16.5,17.5
2019,2,SRA,Westerville JV Winterguard,60.51,12.01,12.4,12.7,12.0
2019,3,SRA,Westerville JV Winterguard,65.7,13.08,12.82,13.4,13.3
2019,7,SRA,Westerville JV Winterguard,69.191,13.48,13.21,14.2,14.7
2019,8,SRA,Westerville JV Winterguard,70.88,13.87,13.81,14.1,14.6
2019,10,SRA,Westerville JV Winterguard,78.071,16.26,15.61,16.2,14.9
2019,2,SA,Westerville Winterguard,66.35,11.81,13.54,13.7,14.2
2019,3,SA,Westerville Winterguard,70.44,13.48,13.36,14.6,14.7
2019,8,SA,Westerville Winterguard,82.55,16.41,17.34,15.8,16.6
2019,10,SA,Westerville Winterguard,89.3,18.4,18.4,18.2,16.6
2019,0,SA,Westlake H.S.,59.06,11.95,11.21,12.2,12.6
2019,4,SA,Westlake H.S.,73.5,14.54,15.01,14.85,14.4
2019,5,SA,Westlake H.S.,75.84,14.28,14.91,15.6,15.5
2019,7,SA,Westlake H.S.,77.89,15.75,15.54,15.5,15.8
2019,9,SA,Westlake H.S.,77.931,15.75,14.68,15.4,16.0
2019,10,SA,Westlake H.S.,80.321,16.01,15.21,16.7,15.7
2019,6,R1,Westlake HS,80.4,24.6,15.0,24.0,16.8
2019,8,R2,Westlake HS,78.1,23.25,15.55,23.8,15.5
2019,10,R1,Westlake HS,90.4,27.75,18.1,26.25,18.3
2019,11,PSA,Westlake HS,87.851,26.55,17.35,26.25,17.7
2019,3,PSA,Westland High School,68.55,20.6,21.15,13.2,13.6
2019,3,SA,Westland High School Winter Guard,58.06,11.48,11.48,11.4,11.9
2019,7,SA,Westland High School Winter Guard,70.86,14.28,14.08,14.5,14.2
2019,8,SA,Westland High School Winter Guard,73.05,15.41,14.54,13.8,14.8
2019,10,SA,Westland High School Winter Guard,78.62,15.42,16.4,16.0,15.2
2019,4,PSO,Westminster HS,66.05,19.35,13.0,21.2,12.5
2019,7,PSO,Westminster HS,76.001,21.9,15.5,23.9,14.7
2019,8,PSO,Westminster HS,77.001,23.4,15.4,21.9,16.3
2019,10,R1,Westminster HS,79.25,23.4,15.0,24.7,16.15
2019,6,ECG,Westwood Elementary,66.3,12.8,14.0,15.0,12.5
2019,6,SRA,William Blount High School Winterguard,56.761,10.61,11.75,11.3,10.8
2019,9,SRA,William Blount High School Winterguard,68.15,11.01,11.94,13.3,16.0
2019,7,PSA,William Penn,70.95,19.7,23.25,13.7,14.3
2019,4,PSO,William S. Hart HS,72.701,21.3,15.2,21.9,14.3
2019,7,PSO,William S. Hart HS,74.301,22.8,14.4,22.4,14.7
2019,8,PSO,William S. Hart HS,80.951,24.45,15.6,24.7,16.2
2019,10,R2,William S. Hart HS,89.4,26.1,17.2,28.0,18.1
2019,11,PSO,William S. Hart HS,87.888,26.887,17.725,26.025,17.25
2019,6,SA,Wilmington Winterguard,54.651,9.56,11.29,11.8,10.1
2019,8,SA,Wilmington Winterguard,60.08,10.69,11.49,13.4,12.4
2019,10,SA,Wilmington Winterguard,62.1,11.22,13.08,12.7,12.8
2019,8,GJHSA,Wilson MS Guard,50.14,10.87,9.87,9.4,8.9
2019,10,GJHSA,Wilson MS Guard,54.21,11.27,10.14,10.2,11.0
2019,4,PSB,Winchester Community High School,62.45,17.85,12.5,19.05,13.05
2019,6,PSB,Winchester Community High School,66.55,19.65,13.5,19.3,14.1
2019,7,PSB,Winchester Community High School,67.738,19.988,14.15,20.65,12.95
2019,8,PSB,Winchester Community High School,67.151,19.5,14.25,20.2,13.2
2019,4,PRA,Woodbridge,75.45,23.4,22.95,14.0,15.1
2019,4,PSJ,Woodcrest JHS,72.5,21.6,13.4,22.9,14.6
2019,6,PSJ,Woodcrest JHS,77.2,23.7,15.3,22.0,16.2
2019,10,PSJ,Woodcrest JHS,86.051,26.7,17.05,25.0,17.3
2019,10,GHSSRAB,Woodlake HS Guard,55.261,10.42,10.34,10.8,12.0
2019,7,SRA,Woodlawn H.S.,60.82,13.3,12.02,11.9,11.9
2019,9,SRA,Woodlawn H.S.,63.59,12.49,12.7,11.8,13.6
2019,3,PSA,Worthington Indoor Percussion,66.9,20.7,19.5,13.4,13.3
2019,6,PSA,Worthington Indoor Percussion,76.75,24.45,15.1,23.9,13.3
2019,10,PSA,Worthington Indoor Percussion,86.6,27.45,16.6,25.4,17.15
2019,2,SRA,Xenia Winterguard,54.93,10.35,10.68,11.1,11.0
2019,3,SRA,Xenia Winterguard,60.011,11.93,13.28,12.3,11.9
2019,5,SRA,Xenia Winterguard,65.13,12.82,13.41,12.0,13.5
2019,6,SRA,Xenia Winterguard,70.59,14.48,14.61,14.4,13.8
2019,8,SRA,Xenia Winterguard,72.081,13.74,15.14,15.0,14.3
2019,10,SRA,Xenia Winterguard,77.12,15.75,16.67,16.1,14.1
2019,3,PSA,Zionsville Indoor Percussion,73.0,21.3,13.6,22.3,15.8
2019,4,PSA,Zionsville Indoor Percussion,76.5,22.5,15.1,23.2,15.7
2019,5,PSA,Zionsville Indoor Percussion,77.075,22.875,15.6,24.2,14.4
2019,6,PSA,Zionsville Indoor Percussion,83.25,24.15,17.9,24.9,16.3
2019,7,PSA,Zionsville Indoor Percussion,83.15,24.45,16.8,24.9,17.0
2019,8,RB,Zionsville Indoor Percussion,86.275,26.025,17.25,25.95,17.05
2019,10,PSA,Zionsville Indoor Percussion,90.288,26.062,18.075,27.9,18.25
2019,5,F,Zionsville Middle School/Zionsville West Middle School,65.15,20.85,13.0,21.1,10.2
2019,6,PIO,Élan Percussion,75.55,22.35,15.2,23.0,15.0
2019,8,PIO,Élan Percussion,79.85,21.75,16.3,24.3,17.5
2019,10,PIO,Élan Percussion,86.75,25.95,17.5,26.0,17.3
2019,11,PIO,Élan Percussion,86.9,26.25,17.35,25.9,17.4
