year,week,class,name,overall score,music effect,visual effect,music,visual
2026,4,PIA,202 Indoor Percussion,74.6,21.3,16.1,21.8,15.4
2026,7,PIA,202 Indoor Percussion,85.95,24.15,16.8,27.5,17.5
2026,4,PJHSA,3315 N. Akers Visalia,65.0,18.3,21.15,12.9,12.65
2026,8,PJHSA,3315 N. Akers Visalia,65.001,20.6,19.5,12.9,12.0
2026,9,R1,ALA Lexington,61.161,10.92,11.64,13.1,11.9
2026,1,SRA,ARCA Colorguard,54.761,10.78,12.08,10.6,10.2
2026,4,PSA,Abington,67.75,19.65,12.8,20.3,15.0
2026,2,PJHSO,Abraham Lincoln MS Percussion,72.4,22.7,22.2,12.9,14.6
2026,4,PJHSO,Abraham Lincoln MS Percussion,77.05,23.0,23.85,14.6,15.6
2026,6,PJHSO,Abraham Lincoln MS Percussion,78.65,24.0,23.85,16.2,14.6
2026,8,PJHSO,Abraham Lincoln MS Percussion,82.2,24.2,25.2,16.5,16.3
2026,0,GJHSO,Abraham Lincoln MS Winterguard,54.63,124.2,114.1,9.9,10.1
2026,2,GJHSO,Abraham Lincoln MS Winterguard,57.14,12.18,11.66,12.1,10.6
2026,8,GJHSO,Abraham Lincoln MS Winterguard,70.86,14.18,14.18,14.9,13.8
2026,9,GJHSO,Abraham Lincoln MS Winterguard,74.72,14.46,14.86,14.8,15.2
2026,2,PR,Academy Winter Guard,64.82,13.08,13.94,12.2,12.6
2026,1,SA,Acadiana H.S.,54.32,10.68,10.14,11.1,11.0
2026,3,SRA,Adair Co,61.74,10.7,12.54,12.9,11.8
2026,5,SRA,Adair Co,67.501,13.44,15.86,12.4,12.9
2026,8,PR,Adair Co,72.881,14.1,14.68,14.9,14.5
2026,5,PSA,Agua Fria HS,71.251,20.85,13.1,22.2,15.1
2026,9,R1,Airport HS,59.0,11.52,12.18,11.6,11.3
2026,8,PIA,Albemarle County Indoor Percussion,78.1,23.7,15.2,24.3,14.9
2026,2,SA,Alcoa High School Winter Guard,56.42,11.46,12.0,11.5,10.9
2026,4,SA,Alcoa High School Winter Guard,60.45,11.74,12.6,12.4,11.7
2026,5,SA,Alcoa High School Winter Guard,67.04,13.14,14.4,12.6,13.4
2026,9,SA,Alcoa High School Winter Guard,77.12,14.61,15.01,15.9,16.2
2026,4,PSA,Alcoa Indoor Percussion,67.85,19.2,21.15,13.7,13.8
2026,9,PSA,Alcoa Indoor Percussion,79.251,22.6,23.25,16.9,16.5
2026,6,B1,Aliso Niguel HS,75.5,22.8,15.1,22.1,15.5
2026,8,B1,Aliso Niguel HS,77.9,22.2,15.7,24.4,15.6
2026,9,R2,Aliso Niguel HS,85.001,25.5,17.2,25.3,17.0
2026,3,SN,Alma Bryant HS Winter Guard,65.96,14.18,11.98,13.5,14.0
2026,5,SN,Alma Bryant HS Winter Guard,70.6,14.8,13.5,14.1,14.0
2026,3,GSRB,Alma High School Winterguard,78.66,17.44,18.12,16.1,13.2
2026,5,GSRA,Alma High School Winterguard,69.86,16.18,13.4,12.7,13.6
2026,7,GSRA,Alma High School Winterguard,71.76,14.64,14.72,14.3,14.9
2026,8,GSRA,Alma High School Winterguard,78.66,16.44,15.72,16.2,15.3
2026,8,PSA,Alpharetta HS,87.275,25.575,17.1,26.75,17.85
2026,4,PJHSA,Alpine Vista MS Percussion,64.951,20.4,19.05,13.3,12.2
2026,6,PJHSA,Alpine Vista MS Percussion,69.0,19.4,21.6,14.3,13.7
2026,8,PJHSA,Alpine Vista MS Percussion,67.175,18.9,19.575,14.6,14.1
2026,6,PSA,Alta HS,83.0,24.9,16.2,25.6,16.3
2026,3,B2,Alta Loma HS,71.351,21.6,14.0,21.95,13.8
2026,5,PSA,Alta Loma HS,75.701,23.1,13.8,23.2,15.6
2026,9,R2,Alta Loma HS,83.276,25.875,15.2,25.6,16.6
2026,7,PSO,Amador Valley HS,79.7,24.6,15.2,24.9,15.0
2026,5,SRA,Amherst Steele HS Winter Guard,68.701,12.64,15.56,12.3,13.9
2026,8,SRA,Amherst Steele HS Winter Guard,70.52,13.86,13.06,14.1,14.4
2026,6,SRA,Anchor Bay Winterguard,74.04,15.68,15.26,14.6,14.1
2026,3,SA,Anderson Co,62.08,13.14,14.34,11.9,12.6
2026,6,PR,Anderson Co,70.751,13.81,14.34,13.4,14.2
2026,9,PR,Anderson Co,75.421,14.74,15.08,15.4,15.2
2026,4,SRA,Anderson County Winter Guard,60.24,12.66,12.58,12.1,11.4
2026,8,SRA,Anderson County Winter Guard,70.62,14.98,13.64,13.4,13.9
2026,9,SRA,Anderson County Winter Guard,72.76,14.52,15.44,14.3,14.3
2026,6,PSA,Arbor View HS,86.65,26.55,16.2,26.2,17.7
2026,7,PSO,Arbor View HS,84.55,26.25,15.8,25.0,17.5
2026,1,PSW,Arcadia HS,78.55,24.15,15.8,22.6,16.0
2026,3,B2,Arcadia HS,79.25,23.1,15.5,24.65,16.0
2026,4,PSW,Arcadia HS,85.65,26.25,16.6,26.2,16.6
2026,5,PSW,Arcadia HS,87.2,26.4,17.6,26.6,16.6
2026,7,PSW,Arcadia HS,89.45,27.15,18.15,25.95,18.2
2026,9,R1,Arcadia HS,92.45,27.15,18.9,28.0,18.4
2026,9,SRA,Archbishop Alter High School Winterguard,80.92,15.94,16.18,17.0,16.0
2026,9,R1,Ardrey Kell HS JV,71.6,15.06,13.84,14.6,13.5
2026,8,PIA,Arlington Indoor Percussion,85.0,25.5,16.7,25.6,17.2
2026,1,C,Arnett M.S.,59.06,12.21,11.35,11.8,11.2
2026,1,PSO,Arroyo HS,69.05,20.25,13.5,21.2,14.1
2026,3,PSO,Arroyo HS,71.9,22.2,14.3,22.0,13.4
2026,6,PSO,Arroyo HS,74.126,22.725,14.7,21.9,14.8
2026,0,PHSSA,Arvin HS Percussion,71.2,21.2,20.7,14.9,14.4
2026,4,PHSSA,Arvin HS Percussion,78.8,23.5,24.0,14.9,16.4
2026,8,PHSSA,Arvin HS Percussion,79.4,24.5,23.7,16.3,14.9
2026,9,IA,Ascendance Independent,67.96,12.28,14.28,14.3,13.8
2026,9,R2,Ashley Ridge HS JV,74.58,14.54,15.14,15.5,14.5
2026,5,PSA,Athens Drive HS,70.151,20.25,14.4,22.8,12.7
2026,8,PIW,Atlanta Quest,89.0,27.0,17.85,26.65,17.5
2026,2,R2,Atwater HS,61.95,18.45,12.4,19.2,11.9
2026,4,PSRA,Atwater HS,64.675,19.125,13.4,19.65,12.5
2026,5,R2,Atwater HS,73.45,21.45,14.7,23.0,14.3
2026,4,PIA-AA,Auburn,66.25,19.8,19.65,13.7,13.1
2026,6,PIA-AA,Auburn,70.8,22.1,21.3,13.9,13.5
2026,7,PIA-AA,Auburn,71.35,21.5,22.05,13.9,13.9
2026,8,PIA-AA,Auburn,75.0,22.6,23.4,14.5,14.5
2026,5,PSA,Auburn HS (AL),84.15,26.25,17.0,24.7,16.2
2026,8,PIW,Audio Theater,82.701,26.25,16.3,25.05,15.1
2026,5,P,Avery Trace Cavalier Winterguard,66.81,12.94,14.07,12.3,13.4
2026,8,P,Avery Trace Cavalier Winterguard,75.15,16.14,15.21,14.3,15.0
2026,9,P,Avery Trace Cavalier Winterguard,79.13,16.28,15.35,15.6,15.6
2026,4,PSA,Avon Grove,72.6,21.0,15.8,20.4,15.4
2026,5,ME,Avon Grove,73.5,22.2,15.2,21.7,14.4
2026,8,PSA,Avon Grove,75.3,21.9,16.4,20.6,16.4
2026,9,PSA,Avon Grove,77.75,22.95,15.65,21.85,17.3
2026,7,PSW,Avon HS,91.675,27.525,18.1,27.55,18.5
2026,2,SA,Avon High School Winterguard,59.85,11.41,10.54,12.6,12.7
2026,5,SA,Avon High School Winterguard,70.16,14.08,13.48,13.7,14.3
2026,6,SA,Avon High School Winterguard,73.64,14.67,14.67,14.7,14.9
2026,8,SA,Avon High School Winterguard,77.11,15.2,14.61,15.4,16.2
2026,9,SA,Avon High School Winterguard,85.05,17.86,17.59,16.5,16.7
2026,2,SRA,Avon JV,57.241,9.14,8.3,11.9,10.4
2026,5,SRA,Avon JV,64.76,11.3,11.16,12.2,11.4
2026,6,SRA,Avon JV,69.76,11.34,13.4,12.7,12.1
2026,8,SRA,Avon JV,70.24,12.36,11.98,13.1,12.9
2026,9,SRA,Avon JV,75.161,14.58,13.38,13.1,12.4
2026,5,PSA,Avon Lake Indoor Percussion,76.85,23.55,15.3,23.6,14.4
2026,8,PSA,Avon Lake Indoor Percussion,74.55,21.75,14.3,23.8,14.7
2026,9,PSA,Avon Lake Indoor Percussion,82.251,25.2,16.15,24.6,16.3
2026,2,PSW,Ayala HS,84.0,26.1,17.1,24.3,16.5
2026,3,PSW,Ayala HS,83.05,25.35,17.1,23.7,16.9
2026,5,PSW,Ayala HS,88.6,26.7,18.0,26.4,17.5
2026,7,PSW,Ayala HS,90.375,27.15,18.65,26.025,18.55
2026,7,PIO,BKO,76.0,22.2,15.5,23.7,14.6
2026,4,PIO,Bakersfield College,83.3,25.2,16.3,25.1,16.7
2026,7,PIO,Bakersfield College,86.65,25.65,18.05,25.2,17.75
2026,1,BR,Ballard HS,59.38,12.2,10.88,11.9,12.5
2026,4,SA,Ballard HS,68.72,13.81,14.01,12.7,13.7
2026,5,SA,Ballard HS,73.74,15.54,15.8,14.2,14.0
2026,7,BR,Ballard HS,75.16,13.79,15.27,15.3,15.6
2026,9,PR,Ballard HS,80.24,15.27,16.67,15.8,16.2
2026,1,SRA,Barbe H.S.,59.32,12.84,10.48,11.7,12.3
2026,2,R1,Barbe H.S.,65.88,14.84,12.24,13.0,13.3
2026,5,PSO,Basha HS,79.925,24.675,15.75,23.95,15.55
2026,6,PSO,Basha HS,84.25,25.35,17.0,25.4,16.5
2026,3,GSRB,Batesville HS Varsity Winter Guard,67.66,15.44,11.92,13.2,13.1
2026,5,GSRB,Batesville HS Varsity Winter Guard,69.92,12.32,13.5,13.5,15.6
2026,8,GSRB,Batesville HS Varsity Winter Guard,71.06,15.32,13.84,14.4,14.3
2026,3,GSN,Batesville High School JV Winter Guard,70.8,15.12,15.58,12.6,13.5
2026,5,GSN,Batesville High School JV Winter Guard,69.56,15.48,13.78,12.5,14.1
2026,8,GSN,Batesville High School JV Winter Guard,72.6,14.64,14.46,15.4,13.2
2026,0,R1,Bay H. S.,58.98,11.67,11.21,11.7,12.2
2026,3,SA,Bay HS - Bay Breeze Winter Guard,55.1,11.35,11.15,10.4,10.7
2026,5,SA,Bay HS - Bay Breeze Winter Guard,60.42,11.68,11.74,13.0,11.3
2026,4,PSA,Bay Port HS,70.75,21.15,14.6,20.3,14.7
2026,5,SRA,Bearden JV,63.601,13.52,13.38,11.2,11.8
2026,8,SRA,Bearden JV,76.22,15.88,14.64,14.8,15.6
2026,9,R1,Bearden JV,79.06,16.06,16.4,15.4,16.3
2026,5,SA,Bearden Varsity,61.61,12.14,13.07,11.9,12.2
2026,8,SA,Bearden Varsity,79.92,16.87,15.35,16.8,15.6
2026,9,SA,Bearden Varsity,81.45,16.54,16.61,15.7,16.7
2026,2,IA,Beau Monde Independent,68.09,13.28,13.21,13.0,14.4
2026,5,IA,Beau Monde Independent,80.62,16.34,15.68,15.6,16.7
2026,9,IA,Beau Monde Independent,89.78,17.41,18.27,18.1,17.9
2026,7,PSO,Beavercreek HS,84.101,25.2,16.6,25.6,16.7
2026,9,,Beavercreek High School,76.751,14.68,16.67,14.7,15.2
2026,9,PSO,Beavercreek Indoor Percussion Ensemble,85.15,24.45,17.5,26.7,16.5
2026,2,SA,Beechwood HS Varsity,65.05,13.61,13.54,12.6,12.7
2026,3,SA,Beechwood HS Varsity,67.52,14.54,13.68,12.6,13.0
2026,6,SA,Beechwood HS Varsity,75.391,15.08,15.21,14.5,15.3
2026,7,SA,Beechwood HS Varsity,80.51,16.8,16.21,16.2,15.6
2026,2,PR,Beechwood JV,50.4,10.12,12.0,10.6,10.6
2026,3,SRA,Beechwood JV,56.72,11.0,12.32,12.1,11.4
2026,6,BR,Beechwood JV,63.06,11.64,12.32,13.3,12.5
2026,7,PR,Beechwood JV,68.1,13.34,13.96,13.7,13.7
2026,8,PR,Beechwood JV,68.82,14.2,14.02,14.2,12.7
2026,7,PSA,Bella Vista Winter Percussion,77.901,23.1,15.4,22.9,16.5
2026,5,PSA,Bellbrook HS,79.214,24.863,15.95,23.5,14.9
2026,9,SW,Bellbrook High School,80.9,16.7,16.3,15.6,16.2
2026,9,PSA,Bellbrook High School Indoor Percussion Ensemble,85.3,26.4,17.5,26.7,14.7
2026,9,JHCG,Bellbrook Middle School,83.0,16.6,18.0,16.4,15.9
2026,0,R2,Belle Chasse H.S.,61.48,11.88,12.7,11.6,11.6
2026,7,SRA,Belleville East High School A,79.73,15.12,14.11,16.8,16.6
2026,7,SO,Belleville East High School Open,76.0,15.6,16.2,14.4,14.6
2026,5,PIA,Belleville Indoor Percussion,70.65,20.25,14.3,22.3,13.8
2026,7,PIA,Belleville Indoor Percussion,76.7,22.8,15.0,23.3,15.6
2026,7,SMS,Belleville Township District 201 Middle Schools,69.09,12.72,12.97,14.4,13.6
2026,7,SMS,Belleville Township Middle School West,61.69,11.64,11.65,12.6,13.0
2026,4,SRA,Belleville West HS Junior Varsity,70.33,14.72,14.1,13.9,14.15
2026,5,PIA,Bellevue Combined Schools,74.5,22.8,14.7,22.6,14.4
2026,8,PIA,Bellevue Combined Schools,80.0,23.4,15.7,25.0,15.9
2026,9,PIA,Bellevue Combined Schools,75.2,24.0,15.6,22.8,12.8
2026,2,SRA,Bellevue East HS JV,53.54,10.12,11.12,10.1,11.3
2026,5,SRA,Bellevue East HS JV,57.42,10.3,12.72,11.0,11.8
2026,6,SRA,Bellevue East HS JV,63.401,13.74,13.66,12.8,11.2
2026,9,SRA,Bellevue East HS JV,64.741,12.52,12.52,12.8,13.1
2026,2,SA,Bellevue East HS Varsity,56.98,12.27,12.61,9.3,11.2
2026,5,SA,Bellevue East HS Varsity,59.8,11.09,12.21,12.4,11.6
2026,6,SA,Bellevue East HS Varsity,69.451,13.86,14.34,13.9,13.6
2026,9,SA,Bellevue East HS Varsity,73.881,15.67,15.61,14.9,14.5
2026,2,SRA,Bellevue West HS JV,52.7,11.74,11.06,9.1,11.2
2026,5,SRA,Bellevue West HS JV,62.32,11.86,13.46,12.6,13.0
2026,9,SRA,Bellevue West HS JV,66.29,13.52,13.72,14.4,13.15
2026,2,SA,Bellevue West HS Varsity,65.94,14.0,13.34,12.0,13.6
2026,5,SA,Bellevue West HS Varsity,69.56,14.28,14.48,13.8,12.5
2026,6,SA,Bellevue West HS Varsity,76.88,15.26,15.87,15.4,15.1
2026,9,SA,Bellevue West HS Varsity,82.18,16.74,16.94,16.7,15.6
2026,2,B1,Bellflower HS,69.801,19.5,14.5,22.8,13.0
2026,5,PSA,Bellflower HS,79.95,24.0,16.7,24.75,14.5
2026,8,PSO,Bellflower HS,77.45,22.95,14.8,24.6,15.1
2026,3,SO,Ben Davis HS,67.7,13.8,14.5,13.6,12.4
2026,3,GSA,Bentonville HS A,64.22,12.48,12.74,12.7,13.1
2026,7,GSA,Bentonville HS A,68.89,13.41,14.08,14.3,13.4
2026,8,GSA,Bentonville HS A,72.56,13.61,15.15,15.4,14.1
2026,3,GSO,Bentonville Open,64.5,13.0,12.5,12.5,13.2
2026,7,GSO,Bentonville Open,76.7,15.7,16.2,16.0,14.1
2026,8,GSO,Bentonville Open,78.3,15.9,16.3,15.5,15.1
2026,3,GSRA,Bentonville West JV,62.92,11.84,12.38,12.0,12.3
2026,3,GSA,Bentonville West Varsity,63.85,12.28,13.07,12.2,12.3
2026,5,PSRA,Beyer HS,73.1,21.9,14.6,22.7,13.9
2026,7,PSRA,Beyer HS,76.35,22.95,15.6,22.9,14.9
2026,0,SRA,Big Spring HS Guard,56.55,11.94,12.41,10.5,10.8
2026,3,SRA,Big Spring HS Guard,63.68,12.74,12.14,13.0,12.2
2026,5,SRA,Big Spring HS Guard,65.15,13.34,13.21,12.8,12.8
2026,6,SRA,Big Spring HS Guard,72.51,15.07,14.34,15.5,14.3
2026,8,SRA,Big Spring HS Guard,76.62,15.01,14.81,15.4,16.3
2026,9,SRA,Big Spring HS Guard,77.05,15.345,15.005,15.9,15.2
2026,0,SRA,Biglerville HS Guard,50.181,10.94,11.34,8.5,9.3
2026,4,SRA,Biglerville HS Guard,56.181,11.94,11.14,11.8,10.7
2026,5,SRA,Biglerville HS Guard,68.09,13.95,14.14,14.5,11.5
2026,8,SRA,Biglerville HS Guard,75.711,14.41,15.0,15.6,15.5
2026,9,SRA,Biglerville HS Guard,78.58,15.66,15.47,16.8,15.45
2026,9,SP-SA,Biglerville HS Percussion,80.6,42.0,41.6,38.1,39.5
2026,2,R2,Biloxi H.S.,69.86,13.64,14.32,14.0,15.1
2026,2,N,Biloxi H.S. JV,67.661,13.62,14.14,14.0,14.0
2026,2,C,Biloxi J.H.S.,55.95,11.01,9.94,12.7,10.5
2026,6,PSA,Bingham HS,77.55,22.35,16.1,23.6,15.5
2026,2,SRA,Bloom Carroll Winter Guard,65.9,13.1,12.9,13.9,12.8
2026,5,SRA,Bloom Carroll Winter Guard,75.82,13.84,15.78,15.3,15.2
2026,6,SRA,Bloom Carroll Winter Guard,77.08,15.84,16.34,15.8,14.0
2026,8,SRA,Bloom Carroll Winter Guard,81.04,16.18,15.46,16.5,16.3
2026,9,SRA,Bloom Carroll Winter Guard,86.68,17.32,17.26,17.2,17.5
2026,7,PIW,Blue Knights,85.0,25.8,16.9,25.3,17.0
2026,9,R1,Blue Ridge HS JV,68.361,13.78,12.98,14.1,13.0
2026,9,R4,Blue Ridge HS Varsity,71.78,13.94,14.54,15.0,14.7
2026,5,PSO,Bob Jones HS,75.2,23.4,14.2,22.4,15.2
2026,9,R2,Boiling Springs HS Elite,79.66,14.75,15.61,16.5,16.5
2026,9,R2,Boiling Springs HS JV,59.5,11.12,11.18,12.2,12.6
2026,6,PIA,Boise Gems Independent,79.4,23.7,15.5,24.4,15.8
2026,2,B2,Bolsa Grande HS,62.951,17.55,12.4,19.4,13.6
2026,6,B2,Bolsa Grande HS,69.101,20.4,14.2,20.6,13.9
2026,9,R1,Bolsa Grande HS,81.201,24.3,14.2,25.0,17.7
2026,3,B1,Bonita HS,77.6,21.9,15.4,24.4,15.9
2026,5,PSA,Bonita HS,82.75,23.85,17.6,25.35,15.95
2026,8,PSA,Bonita HS,81.75,23.85,16.3,24.9,16.7
2026,9,R3,Bonita HS,89.875,26.775,18.2,27.3,17.6
2026,5,SRA,Bonney Lake High School,51.84,8.62,10.72,11.6,9.7
2026,9,SRA,Bonney Lake High School,70.68,12.12,14.26,13.4,15.95
2026,6,PIA,Borderline Percussion,78.55,22.35,16.0,24.4,15.8
2026,8,PIO,Borderline Percussion,76.4,22.5,14.3,23.0,16.6
2026,8,PSO,Boswell HS,84.05,25.35,17.15,24.95,16.6
2026,5,SRA,Bourbon Co HS,73.6,15.18,13.02,15.0,15.1
2026,7,SRA,Bourbon Co HS,80.06,16.32,16.34,15.8,15.9
2026,5,SN,Bowie HS  Guard,61.09,10.28,13.21,12.4,11.8
2026,6,SN,Bowie HS  Guard,65.32,12.68,13.74,12.6,13.3
2026,7,SN,Bowie HS  Guard,69.05,14.61,14.14,12.8,13.6
2026,8,SN,Bowie HS  Guard,70.71,15.08,15.13,13.4,13.1
2026,9,SN,Bowie HS  Guard,79.91,15.48,16.73,15.8,16.9
2026,5,SDS,Bowie HS Dance,70.375,17.25,17.75,16.625,18.75
2026,6,SDS,Bowie HS Dance,71.25,18.75,17.375,17.5,17.625
2026,7,SDS,Bowie HS Dance,76.375,19.125,19.25,19.75,18.25
2026,8,SDS,Bowie HS Dance,81.375,20.75,19.375,21.0,20.25
2026,9,SDS,Bowie HS Dance,82.75,20.625,20.625,21.25,20.25
2026,0,C,Boyet J.H.S.,59.52,11.21,11.81,11.4,12.3
2026,2,C,Boyet J.H.S.,61.29,12.34,11.35,13.9,11.4
2026,5,PSA,Brandon HS,76.2,23.4,15.6,22.4,14.8
2026,7,PSA,Brandon HS,79.001,22.2,16.7,23.2,16.9
2026,3,SRA,Brandon Valley HS,51.12,11.82,10.9,10.3,10.0
2026,8,PSO,Brandon Valley HS,86.25,26.25,17.4,24.7,17.9
2026,9,SRA,Brandon Valley HS,62.521,12.46,11.86,11.9,13.0
2026,4,PSO,Branham HS,78.25,23.85,15.1,24.5,14.8
2026,7,PSO,Branham HS,84.85,25.65,16.8,25.55,16.85
2026,5,PIA,Breakthrough A,73.925,21.525,14.6,22.95,14.85
2026,5,PIO,Breakthrough Indoor Percussion,80.8,24.0,15.8,25.1,15.9
2026,7,PIO,Breakthrough Indoor Percussion,81.55,24.0,17.1,23.25,17.2
2026,3,PIA,Breakwater Performing Arts,66.35,19.65,13.1,19.7,13.9
2026,6,PIA,Breakwater Performing Arts,75.2,23.1,16.1,21.4,14.6
2026,8,PIA,Breakwater Performing Arts,78.75,24.15,15.7,23.3,15.6
2026,9,PIA,Breakwater Performing Arts,80.25,24.15,15.8,23.9,16.4
2026,2,JN,Brice Christian Academy's Priority One Winterguard,59.584,8.232,11.172,13.72,14.28
2026,5,JN,Brice Christian Academy's Priority One Winterguard,65.352,10.864,15.008,14.56,11.06
2026,6,JN,Brice Christian Academy's Priority One Winterguard,65.94,12.012,11.928,13.58,14.56
2026,8,JN,Brice Christian Academy's Priority One Winterguard,68.684,12.572,13.552,16.52,13.16
2026,5,PSW,Bridgeland HS,85.0,25.95,16.85,25.55,16.65
2026,8,PSW,Bridgeland HS,91.325,27.825,18.35,27.15,18.0
2026,2,PSA,Bridgewater Raritan,69.6,21.0,13.5,20.6,14.5
2026,4,PSA,Bridgewater Raritan,77.351,24.0,16.25,21.9,15.2
2026,7,PSA,Bridgewater Raritan,84.5,25.5,16.7,25.6,16.7
2026,9,PSA,Bridgewater Raritan,80.901,25.5,16.2,22.6,16.6
2026,6,B1,Bridgewater Raritan HS,79.2,25.5,15.1,22.7,15.9
2026,3,PSW,Broken Arrow HS,76.35,22.95,15.2,23.3,14.9
2026,2,PIW,Broken City,84.65,25.95,17.4,25.0,16.3
2026,5,PIW,Broken City,89.9,27.0,17.9,26.9,18.1
2026,7,PIW,Broken City,92.225,27.825,18.95,26.6,18.85
2026,9,PSA,Brookville High School Winter Percussion,70.851,20.85,14.7,21.3,14.0
2026,9,SRA,Brookville High School Winterguard,71.26,14.8,13.46,14.6,13.9
2026,9,R2,Broome HS,66.981,12.64,14.04,13.4,14.2
2026,7,PSW,Brownsburg HS,84.825,24.975,17.25,25.6,17.0
2026,6,PSA,Bryant HS,79.5,23.1,16.5,24.2,15.7
2026,3,PSA,Bryant Indoor Percussion,67.95,21.75,14.7,18.5,13.0
2026,5,PSA,Bryant Indoor Percussion,75.7,23.7,13.8,24.3,13.9
2026,8,PSA,Bryant Indoor Percussion,81.75,24.45,16.8,25.2,15.3
2026,7,PSW,Buchanan HS,85.501,26.1,17.7,24.5,17.2
2026,5,PIO,Buckhorn Percussion,82.0,24.9,14.8,25.6,16.7
2026,2,PSO,Buena HS,65.951,19.95,13.1,18.3,14.6
2026,5,PSO,Buena HS,76.201,22.2,16.6,22.7,14.7
2026,8,PSO,Buena HS,74.8,22.8,14.4,22.1,15.5
2026,2,B2,Buena Park HS,67.251,20.25,12.7,20.8,13.5
2026,8,PSA,Buena Park HS,77.451,24.15,14.2,22.9,16.2
2026,9,R3,Buena Park HS,86.276,25.875,16.8,25.9,17.7
2026,1,PSJ,Buena Park MS,75.55,23.25,15.7,22.0,14.6
2026,6,PSJ,Buena Park MS,72.8,21.3,14.6,22.5,14.4
2026,8,PSJ,Buena Park MS,80.9,24.3,16.0,24.1,16.5
2026,2,R2,Buhach Colony HS,66.12,13.72,13.4,13.2,12.7
2026,4,PSRA,Buhach Colony HS,56.651,16.05,11.1,18.7,10.8
2026,5,SA,Buhach Colony HS,70.48,12.81,14.67,14.4,14.3
2026,7,R2,Buhach Colony HS,58.851,17.85,12.0,18.0,11.0
2026,4,R1,Bullard HS Winterguard,51.54,10.72,10.02,10.2,9.7
2026,8,GHSSRA,Bullard HS Winterguard,63.16,12.18,11.98,13.7,12.8
2026,4,PR,Bullitt East HS,63.42,12.44,13.58,13.5,12.0
2026,6,SRA,Bullitt East HS,67.06,13.02,11.84,14.0,14.3
2026,8,BR,Bullitt East HS,74.261,13.96,15.5,14.7,15.5
2026,4,SJ,Bullitt East HS JV,62.1,11.56,12.04,11.8,13.3
2026,6,SJ,Bullitt East HS JV,58.361,11.22,11.84,10.1,12.7
2026,3,B1,Burbank HS,65.301,18.0,12.1,21.4,13.8
2026,5,B2,Burbank HS,64.15,18.75,12.7,20.3,12.4
2026,9,R1,Burbank HS,71.425,21.525,14.4,21.2,14.3
2026,8,PSW,Burleson Centennial HS,90.875,27.525,18.25,27.1,18.0
2026,8,PSO,Burleson HS,81.101,25.2,16.4,23.5,16.0
2026,9,SRA,Butler High School Winterguard,79.2,16.34,15.26,16.4,15.8
2026,9,PSA,Butler Indoor Percussion Ensemble,67.9,19.2,14.4,20.9,13.4
2026,5,PSW,Byrnes HS,74.2,21.75,14.4,22.85,15.2
2026,8,PSW,Byrnes HS,80.675,24.675,15.4,24.7,15.9
2026,9,R4,Byrnes HS Topaz,67.371,12.74,14.13,13.4,12.7
2026,1,N,Caldwell Parish H.S.,52.901,10.14,9.86,12.1,9.9
2026,3,B2,Camarillo HS,70.601,21.0,12.8,23.3,13.5
2026,8,B2,Camarillo HS,70.101,20.7,14.0,20.4,15.0
2026,9,R2,Camarillo HS,82.125,25.425,14.7,26.8,15.2
2026,0,SA,Camp Hill HS Guard,58.311,12.54,12.07,10.6,11.8
2026,1,SA,Camp Hill HS Guard,54.49,13.21,9.48,10.6,10.7
2026,3,SA,Camp Hill HS Guard,63.65,14.14,13.21,11.7,12.7
2026,6,SA,Camp Hill HS Guard,70.621,13.81,15.01,13.0,14.4
2026,8,SA,Camp Hill HS Guard,78.74,15.74,16.4,14.8,16.2
2026,9,SA,Camp Hill HS Guard,81.744,16.14,16.602,16.45,16.3
2026,4,SA,Campbell Co HS - JV,60.061,11.75,11.41,11.2,12.6
2026,6,PR,Campbell Co HS - JV,65.421,14.01,13.41,12.9,12.6
2026,9,BR,Campbell Co HS - JV,69.01,13.74,13.47,13.8,14.2
2026,4,SA,Campbell Co HS Varsity,75.79,15.68,15.21,14.9,14.7
2026,6,SA,Campbell Co HS Varsity,83.92,16.28,16.54,17.2,17.0
2026,9,PR,Campbell Co HS Varsity,93.04,18.67,18.87,18.4,19.0
2026,2,SRA,Campbell County High School,55.76,12.5,12.76,10.3,10.0
2026,4,SRA,Campbell County High School,63.74,13.46,13.28,12.7,11.9
2026,5,SRA,Campbell County High School,65.421,13.6,13.12,13.2,12.2
2026,7,SRA,Campbell County High School,72.561,15.06,14.6,14.8,13.9
2026,9,R1,Campbell County High School,79.12,17.0,15.92,14.7,14.8
2026,5,IA,Campbellsville University,72.39,14.41,12.48,15.4,15.1
2026,5,PSA,Campo Verde HS,80.0,23.4,16.4,23.6,16.6
2026,1,PSA,Canyon HS,70.25,19.65,13.8,22.8,14.0
2026,6,B1,Canyon HS,77.75,22.05,16.8,22.4,16.5
2026,9,R1,Canyon HS,83.15,24.45,14.9,27.0,16.8
2026,7,PSA,Canyon HS (CA),82.025,24.975,15.9,25.55,15.6
2026,1,PSJ,Canyon Hills JHS,75.4,22.5,15.5,23.4,14.0
2026,3,PSJ,Canyon Hills JHS,78.0,23.1,16.0,22.6,16.3
2026,6,PSJ,Canyon Hills JHS,79.15,24.15,15.2,24.5,15.3
2026,8,PSJ,Canyon Hills JHS,82.0,24.9,16.9,23.4,16.8
2026,2,PIW,Cap City,81.75,24.45,16.1,24.7,16.5
2026,5,PIW,Cap City,84.025,25.575,17.35,24.55,16.55
2026,8,PIW,Cap City,87.25,26.55,17.65,25.85,17.2
2026,9,PIW,Cap City,91.85,27.6,18.9,27.2,18.15
2026,2,PIO,Cap City 2,80.15,23.25,15.4,24.7,16.8
2026,5,PIO,Cap City 2,83.2,25.2,17.1,23.8,17.1
2026,7,PIO,Cap City 2,89.45,26.55,17.9,26.9,18.1
2026,8,PIO,Cap City 2,89.05,27.15,18.3,27.3,16.3
2026,9,PIO,Cap City 2,93.05,27.75,19.1,27.5,18.7
2026,7,R1,Cardozo MS,57.62,11.38,12.24,11.6,10.9
2026,0,SRA,Carlisle High School,58.28,12.74,12.14,10.0,11.2
2026,1,SRA,Carlisle High School,57.18,11.28,10.8,11.6,12.4
2026,7,SRA,Carlisle High School,78.81,14.87,14.94,16.3,16.3
2026,8,SRA,Carlisle High School,80.01,15.34,15.47,16.2,16.5
2026,9,SRA,Carlisle High School,84.465,16.5,16.765,17.15,16.9
2026,4,PSO,Carlsbad HS,70.801,23.1,13.0,22.1,12.6
2026,6,PSO,Carlsbad HS,72.75,20.85,14.3,23.25,14.35
2026,7,PSO,Carlsbad HS,79.05,25.95,13.6,22.7,16.8
2026,8,PSO,Carlsbad HS,80.55,24.75,15.3,24.0,16.5
2026,5,PIA,Carolina Storm Indoor Percussion,72.65,21.75,14.0,22.7,14.2
2026,8,PIA,Carolina Storm Indoor Percussion,73.05,21.75,14.5,21.8,15.0
2026,7,PSO,Carroll HS (IN),89.25,26.7,18.4,26.7,17.45
2026,9,SRA,Carroll High School Winter Guard,87.04,17.08,17.66,17.8,16.9
2026,8,SRA,Carter JV Guard,69.08,15.24,12.84,13.6,13.6
2026,9,SRA,Carter JV Guard,69.001,13.98,14.12,13.8,14.1
2026,2,SA,Carter Varsity Guard,51.431,10.08,9.75,10.6,10.6
2026,5,SA,Carter Varsity Guard,59.99,12.15,12.54,11.4,11.4
2026,8,SA,Carter Varsity Guard,74.26,16.34,13.82,14.0,15.1
2026,9,SA,Carter Varsity Guard,76.191,16.01,15.08,14.6,15.8
2026,4,PSO,Casa Grande HS,77.55,23.25,15.4,23.2,15.7
2026,5,PSO,Casa Grande HS,80.325,24.525,15.25,24.85,15.7
2026,5,SRA,Cascade High School JV,59.72,10.5,11.12,13.5,11.7
2026,8,SRA,Cascade High School JV,72.74,15.12,14.72,14.1,15.1
2026,9,SRA,Cascade High School JV,79.66,15.5,16.06,15.4,17.0
2026,5,PSA,Cascade High School Percussion,63.1,19.0,19.2,12.3,12.6
2026,5,SA,Cascade High School Varsity,66.22,12.48,12.74,14.3,13.4
2026,8,SA,Cascade High School Varsity,83.08,16.14,16.74,17.2,17.3
2026,9,SA,Cascade High School Varsity,86.32,16.6,17.47,17.3,17.5
2026,9,C,Catawba Ridge Cadets,63.1,12.12,13.68,12.5,12.1
2026,1,PIA,Category 5 Percussion,75.35,25.05,15.1,21.0,14.2
2026,3,PIA,Category 5 Percussion,75.0,24.3,15.3,20.2,15.2
2026,5,PIA,Category 5 Percussion,77.05,23.55,15.5,22.4,15.6
2026,8,PIA,Category 5 Percussion Independent Marching A,76.75,22.65,15.5,23.0,15.6
2026,0,SRA,Cedar Crest HS Guard,53.41,11.34,11.67,9.2,10.1
2026,3,SRA,Cedar Crest HS Guard,61.68,11.74,12.54,12.2,12.3
2026,5,SRA,Cedar Crest HS Guard,73.92,13.48,14.34,15.6,15.4
2026,8,SRA,Cedar Crest HS Guard,78.38,14.74,14.34,17.1,16.9
2026,9,SRA,Cedar Crest HS Guard,80.925,15.57,15.805,16.85,15.95
2026,1,PSA,Centennial HS,64.776,19.575,13.0,19.4,12.8
2026,6,B1,Centennial HS,75.3,22.2,15.0,23.2,14.9
2026,7,PSW,Center Grove HS,90.875,27.225,18.1,27.55,18.0
2026,5,PSO,Centerville HS,77.85,24.75,15.7,21.3,16.1
2026,9,SW,Centerville HS,80.7,16.1,15.8,15.9,16.5
2026,9,JHCG,Centerville Junior Guard,87.0,17.4,18.9,17.1,16.8
2026,9,PSO,Centerville Winter Drumline,83.3,24.6,16.9,25.6,16.2
2026,9,R3,Central Academy of Technology & Arts,65.101,12.7,13.2,12.9,13.3
2026,2,SRA,Central Anne Arundel County Color Guard,64.99,12.48,12.61,13.4,12.9
2026,3,SRA,Central Anne Arundel County Color Guard,62.82,12.21,12.81,13.4,11.5
2026,5,SRA,Central Anne Arundel County Color Guard,78.65,13.74,14.81,16.7,17.0
2026,7,SRA,Central Anne Arundel County Color Guard,83.44,16.87,16.27,16.8,16.6
2026,8,SRA,Central Anne Arundel County Color Guard,85.11,17.27,16.34,17.6,17.0
2026,9,SRA,Central Anne Arundel County Color Guard,89.195,17.365,17.63,18.2,17.7
2026,5,P-SA,Central Anne Arundel County Percussion,71.3,21.9,22.2,13.6,13.6
2026,6,P-SA,Central Anne Arundel County Percussion,75.25,23.4,23.25,14.6,14.0
2026,7,P-SA,Central Anne Arundel County Percussion,77.85,24.9,24.45,13.9,14.6
2026,8,P-SA,Central Anne Arundel County Percussion,79.65,23.7,25.35,15.1,15.5
2026,9,P-SA,Central Anne Arundel County Percussion,79.35,24.3,24.3,15.45,15.3
2026,7,PIA,Central Bucks School District,70.25,21.15,13.1,22.4,13.6
2026,8,PIA,Central Bucks School District,70.9,20.7,14.5,20.8,14.9
2026,9,PIA,Central Bucks School District,70.85,21.45,14.4,20.3,14.7
2026,2,PSA,Central Crossing HS,74.0,20.7,15.0,22.3,16.0
2026,5,PSA,Central Crossing HS,75.301,21.9,15.5,22.8,15.1
2026,8,PSA,Central Crossing HS,79.7,24.0,16.7,23.3,15.7
2026,9,PSA,Central Crossing HS,86.85,26.1,17.75,25.3,17.7
2026,2,SRA,Central Crossing Winterguard,68.06,11.82,11.54,12.3,12.9
2026,8,SRA,Central Crossing Winterguard,76.94,14.9,14.04,13.0,13.2
2026,9,SRA,Central Crossing Winterguard,80.72,12.7,14.72,15.5,14.6
2026,0,SA,Central Dauphin East HS Guard,57.451,12.74,12.01,9.5,11.7
2026,3,SA,Central Dauphin East HS Guard,65.45,13.34,13.01,13.6,13.1
2026,6,SA,Central Dauphin East HS Guard,71.09,14.48,15.41,14.0,14.0
2026,8,SA,Central Dauphin East HS Guard,76.59,14.68,15.21,15.2,16.0
2026,9,SA,Central Dauphin East HS Guard,79.506,15.335,15.67,16.4,15.75
2026,3,PSA,Central Dauphin HS,73.701,22.8,14.2,22.6,14.1
2026,0,SRA-E,Central Dauphin HS Guard,52.55,11.74,10.81,9.6,9.7
2026,3,SRA,Central Dauphin HS Guard,60.45,12.54,11.61,12.0,11.8
2026,4,SRA,Central Dauphin HS Guard,65.98,13.74,12.34,13.3,13.2
2026,7,SRA,Central Dauphin HS Guard,71.55,13.81,14.54,14.3,14.2
2026,8,SRA,Central Dauphin HS Guard,74.95,14.21,15.14,15.8,15.3
2026,9,SRA,Central Dauphin HS Guard,75.631,14.86,14.57,15.5,15.2
2026,0,P-SA(,Central Dauphin HS Percussion,67.75,21.0,18.75,14.0,14.0
2026,5,P-SA,Central Dauphin HS Percussion,74.35,21.3,24.75,14.2,14.1
2026,7,P-SA,Central Dauphin HS Percussion,78.9,24.3,23.7,15.6,15.3
2026,9,P-SA,Central Dauphin HS Percussion,86.201,26.175,26.625,16.95,16.45
2026,0,R1,Central H.S. Varsity,55.481,11.36,11.72,10.3,11.4
2026,2,R2,Central H.S. Varsity,61.56,12.56,11.9,12.6,14.4
2026,8,PSA,Central HS (TX),83.175,24.825,16.95,24.4,17.0
2026,0,PHSSRA,Central HS Percussion,56.901,18.8,17.7,10.0,10.4
2026,2,PHSSRA,Central HS Percussion,63.05,21.1,19.65,10.4,11.9
2026,4,PHSSRA,Central HS Percussion,66.3,20.1,19.8,14.0,12.4
2026,8,PHSSRA,Central HS Percussion,68.9,19.8,13.2,21.6,14.3
2026,0,R1,Central HS Winterguard,50.001,10.1,9.3,11.0,9.3
2026,2,R1,Central HS Winterguard,50.52,10.84,10.38,10.8,9.8
2026,4,R1,Central HS Winterguard,56.4,12.12,11.78,11.2,10.0
2026,8,GHSSRA,Central HS Winterguard,72.94,14.32,13.92,15.3,13.3
2026,2,SA,Central Hardin HS,59.86,11.95,12.21,12.1,11.8
2026,5,SA,Central Hardin HS,70.3,13.95,15.15,13.6,13.8
2026,9,PR,Central Hardin HS,80.171,15.34,16.13,16.0,15.9
2026,2,PSO,Central Lafourche H.S.,70.15,20.0,20.85,14.4,14.9
2026,0,SA,Central Lafourche H.S. (A),57.791,10.74,11.95,10.3,12.2
2026,2,SA,Central Lafourche H.S. (A),63.571,13.46,12.61,12.4,13.1
2026,0,R1,Central Lafourche H.S. (AA),58.8,10.8,11.0,11.5,13.2
2026,2,SA,Central Lafourche H.S. (AA),60.181,12.67,12.41,12.4,11.9
2026,7,PSO,Central Lafourche HS,83.15,24.75,17.4,24.1,16.9
2026,0,R2,"Central Lafourche HS ""Greenies""",60.64,12.26,12.28,12.1,12.1
2026,2,R1,"Central Lafourche HS ""Greenies""",64.68,14.36,11.32,13.1,13.9
2026,1,PSA,Central Square High School,67.85,19.4,20.55,13.8,14.1
2026,5,PSA,Central Square High School,79.425,24.8,22.275,15.75,16.6
2026,6,PSA,Central Square High School,80.45,24.9,22.05,16.6,16.9
2026,7,PSA,Central Square High School,81.8,23.6,24.3,16.6,17.3
2026,8,PSA,Central Square High School,87.35,25.8,25.95,17.7,17.9
2026,5,PSRA,Central Valley HS,76.65,23.55,14.9,23.8,14.4
2026,7,PSRA,Central Valley HS,74.1,23.1,14.6,22.3,14.1
2026,2,SRA,Central Valley High School,54.5,10.28,11.12,11.3,10.9
2026,7,SRA,Central Valley High School,66.84,12.78,13.66,13.5,13.5
2026,9,SRA,Central Valley High School,74.921,15.66,15.06,15.2,16.4
2026,2,PSA,Central Valley Winter Percussion,66.55,20.6,20.55,12.9,12.5
2026,9,PSA,Central Valley Winter Percussion,79.7,23.85,23.85,16.3,15.7
2026,2,SRA,Century HS Guard,58.35,11.61,10.74,12.8,11.4
2026,3,SRA-E,Century HS Guard,57.96,11.08,11.88,12.7,10.1
2026,4,SRA,Century HS Guard,64.52,13.21,12.41,12.2,11.9
2026,5,SRA,Century HS Guard,68.09,13.14,12.75,14.2,14.1
2026,6,SRA,Century HS Guard,71.18,14.54,13.74,14.2,13.9
2026,7,SRA,Century HS Guard,78.18,16.34,14.74,15.9,15.4
2026,8,SRA,Century HS Guard,77.05,13.61,13.94,16.8,16.7
2026,9,SRA,Century HS Guard,79.956,15.0,15.355,17.0,16.15
2026,2,P-SA,Century HS Percussion,57.55,16.65,18.0,11.3,11.6
2026,4,P-SA,Century HS Percussion,68.25,20.1,20.25,13.8,14.1
2026,5,P-SA,Century HS Percussion,70.55,20.1,21.75,14.3,14.4
2026,7,P-SA,Century HS Percussion,77.201,24.15,22.65,15.0,15.4
2026,8,P-SA,Century HS Percussion,77.6,23.4,22.8,15.8,15.6
2026,9,P-SA,Century HS Percussion,79.625,24.225,23.4,15.9,16.1
2026,4,PSRA,Ceres High School,59.051,17.55,11.9,18.4,11.2
2026,7,R2,Ceres High School,62.501,18.0,12.4,21.4,10.7
2026,4,PSRA,Ceres High School Winter Percussion Ensemble,59.051,17.55,11.9,18.4,11.2
2026,7,R2,Ceres High School Winter Percussion Ensemble,62.501,18.0,12.4,21.4,10.7
2026,2,PSO,Cerritos HS,70.8,21.6,13.3,20.9,15.0
2026,5,PSO,Cerritos HS,78.5,24.0,16.0,22.5,16.0
2026,8,PSO,Cerritos HS,81.3,23.7,16.4,25.8,15.4
2026,5,SRA,Cesar Chavez HS,62.74,12.72,13.12,12.4,12.1
2026,7,PSA,Cesar Chavez HS,71.7,21.9,14.7,21.6,13.5
2026,5,PSRA,Cesar Chavez High School,77.25,23.25,15.5,23.5,15.0
2026,2,R2,Cesar E Chavez Winter Guard,61.74,11.32,14.72,11.9,11.8
2026,6,R1,Cesar E Chavez Winter Guard,65.18,12.84,13.64,13.0,12.5
2026,3,B1,Chaffey HS,71.7,20.7,13.0,22.9,15.1
2026,5,PSA,Chaffey HS,75.951,22.5,14.6,23.7,15.15
2026,7,PSA,Chaffey HS,79.426,24.225,15.7,24.6,14.9
2026,8,B1,Chaffey HS,76.15,22.35,15.0,23.6,15.2
2026,9,R1,Chaffey HS,80.101,22.8,16.0,25.5,15.8
2026,9,SP-SRA,Chambersburg HS Percussion,82.925,41.75,41.1,41.4,41.6
2026,1,SRA,Chambersburg Trojan Guard,51.751,10.41,10.34,10.5,10.1
2026,4,SRA,Chambersburg Trojan Guard,56.821,11.61,11.41,11.9,10.9
2026,5,SRA,Chambersburg Trojan Guard,62.691,13.28,13.41,12.4,11.4
2026,7,SRA,Chambersburg Trojan Guard,69.451,14.34,14.21,13.3,14.2
2026,9,SRA,Chambersburg Trojan Guard,70.15,13.88,14.27,13.8,14.2
2026,8,PIA,Chantilly HS,83.85,25.65,16.5,25.0,16.7
2026,3,PSO,Chaparral HS,72.25,21.75,14.4,22.4,13.7
2026,5,PSO,Chaparral HS,76.3,22.5,15.8,23.7,14.3
2026,6,PSO,Chaparral HS,77.951,23.55,15.5,23.3,15.6
2026,9,C,Chapin Cadets,63.18,12.32,12.66,12.6,12.8
2026,9,R4,Chapin HS JV,78.02,15.36,15.26,15.5,15.8
2026,9,R2,Chapman HS,78.16,14.46,14.8,15.9,16.5
2026,5,PIO,Charles Towne Percussion,74.55,22.35,15.0,22.5,14.7
2026,3,SRA,Charlestown HS,56.12,12.38,10.34,10.6,10.3
2026,4,PR,Charlestown HS,57.181,11.64,11.34,12.2,11.0
2026,6,BR,Charlestown HS,64.68,12.18,11.7,14.3,13.1
2026,7,BR,Charlestown HS,66.1,12.98,13.82,13.1,13.3
2026,8,BR,Charlestown HS,64.321,13.24,13.28,12.7,11.6
2026,9,R2,Charlotte Catholic HS,75.42,15.14,15.38,14.4,14.9
2026,8,PSO,Chattahoochee HS,81.925,24.375,15.65,25.5,16.4
2026,4,PRA(,Cheltenham,76.375,20.925,24.15,13.3,18.0
2026,7,PRA(,Cheltenham,76.775,22.125,23.25,15.3,16.1
2026,8,PSA,Cheltenham,71.35,20.55,14.4,21.4,15.0
2026,9,PSA,Cheltenham,72.4,21.3,15.2,22.0,13.9
2026,2,PSA,Cheney High School,71.15,22.0,21.75,14.0,13.4
2026,9,PSA,Cheney High School,86.45,25.3,26.55,17.6,17.0
2026,2,PSA,Cheney Indoor Percussion Ensemble,71.15,22.0,21.75,14.0,13.4
2026,9,PSA,Cheney Indoor Percussion Ensemble,86.45,25.3,26.55,17.6,17.0
2026,9,R4,Cheraw HS,74.17,14.94,14.53,15.6,14.1
2026,9,R4,Cherryville HS,66.561,13.54,13.72,12.8,13.1
2026,9,R1,Chesnee HS JV,70.66,12.92,14.34,15.2,14.1
2026,9,R2,Chesnee HS Varsity,73.861,15.08,14.48,14.7,15.0
2026,5,SN,Chiles High School Winter Guard,74.92,15.32,15.6,14.3,15.6
2026,3,PSO,Chino HS,77.025,23.325,15.5,23.5,14.7
2026,5,PSO,Chino HS,75.701,22.95,15.2,22.45,15.1
2026,7,PSO,Chino HS,84.35,26.55,16.3,24.6,16.9
2026,2,PSW,Chino Hills HS,83.4,25.2,17.0,25.1,16.1
2026,4,PSW,Chino Hills HS,89.6,27.3,17.6,27.4,17.3
2026,7,PSW,Chino Hills HS,93.325,28.05,19.05,27.35,18.875
2026,8,PSW,Chino Hills HS,94.45,28.65,19.2,27.5,19.1
2026,6,SRA,Chippewa Valley High School Winter Guard,72.74,13.92,14.92,14.3,14.6
2026,8,PSO,Chisholm Trail HS,81.201,25.5,15.2,24.4,16.1
2026,3,SA,Choctawhatchee HS,67.86,13.48,13.48,13.7,13.5
2026,5,SA,Choctawhatchee HS,76.79,15.53,15.26,15.2,15.8
2026,7,PSA,Choctawhatchee HS,86.45,26.25,18.1,24.1,18.0
2026,1,PSA,Choctawhatchee Percussion,75.5,24.3,14.6,22.1,14.5
2026,3,PSA,Choctawhatchee Percussion,74.75,23.55,15.5,20.3,15.4
2026,5,PSA,Choctawhatchee Percussion,80.05,24.75,16.2,23.7,15.4
2026,5,PSA,Churchill Fulshear HS,78.175,23.325,16.8,22.25,15.8
2026,2,PSA,Cicero-North Syracuse,63.501,19.4,19.5,12.4,12.2
2026,5,PSA,Cicero-North Syracuse,69.9,22.7,20.4,13.7,13.1
2026,6,PSA,Cicero-North Syracuse,73.301,23.6,21.6,14.1,14.0
2026,7,PSA,Cicero-North Syracuse,74.45,23.0,23.85,13.5,14.1
2026,5,PIW,Civitas Independent,81.775,24.675,16.2,24.45,16.45
2026,8,PIW,Civitas Independent,84.8,26.1,16.8,25.5,16.4
2026,2,SRA,Claiborne High School Winterguard,51.16,10.7,9.76,11.3,9.4
2026,4,SRA,Claiborne High School Winterguard,57.801,11.32,11.38,11.9,11.5
2026,7,SRA,Claiborne High School Winterguard,68.601,14.66,12.6,14.0,13.5
2026,8,SRA,Claiborne High School Winterguard,73.721,16.28,15.84,13.8,13.7
2026,9,R1,Claiborne High School Winterguard,76.421,16.04,15.58,15.3,15.0
2026,3,PSA,Claremont HS,64.95,18.45,12.9,19.7,13.9
2026,5,B1,Claremont HS,73.35,21.75,13.9,22.3,15.4
2026,6,B1,Claremont HS,71.051,20.55,14.3,21.1,15.1
2026,9,R1,Claremont HS,76.35,21.75,15.8,23.3,15.5
2026,3,SRA,Clarke County HS Guard,53.08,9.27,11.61,10.7,10.5
2026,4,SRA,Clarke County HS Guard,60.28,12.68,12.4,12.5,11.2
2026,6,SRA,Clarke County HS Guard,73.76,15.27,14.14,15.8,14.35
2026,7,SRA,Clarke County HS Guard,76.78,15.74,14.94,15.4,15.8
2026,8,SRA,Clarke County HS Guard,81.85,16.41,15.74,16.8,16.6
2026,9,SRA,Clarke County HS Guard,84.805,16.505,16.6,17.25,16.8
2026,3,P-SA,Clarke County Indoor Drumline,67.6,21.45,20.55,12.8,12.8
2026,4,P-SA,Clarke County Indoor Drumline,66.8,19.95,20.85,12.6,13.4
2026,5,P-SA,Clarke County Indoor Drumline,71.95,22.05,21.9,13.3,14.7
2026,6,P-SA,Clarke County Indoor Drumline,73.801,21.15,22.65,15.0,15.0
2026,7,P-SA,Clarke County Indoor Drumline,78.05,23.85,23.4,15.3,15.5
2026,8,P-SA,Clarke County Indoor Drumline,80.5,24.15,24.75,15.5,16.1
2026,9,P-SA,Clarke County Indoor Drumline,82.926,25.275,25.05,16.05,16.55
2026,5,PSW,Clear Brook HS,86.025,26.475,17.25,25.4,16.9
2026,2,P,Clinton City Blaze,54.89,10.48,12.61,10.5,10.3
2026,5,P,Clinton City Blaze,67.34,13.0,13.54,12.1,14.4
2026,9,P,Clinton City Blaze,84.27,16.6,16.07,17.0,17.3
2026,5,PSA,Clinton HS,84.85,26.85,17.7,23.2,17.1
2026,7,PSA,Clinton HS,86.9,26.7,17.7,25.0,17.5
2026,9,R3,Clinton HS,73.55,13.94,14.21,15.6,15.2
2026,2,SRA,Clinton High School Winterguard,63.88,12.7,14.08,12.8,12.5
2026,5,SRA,Clinton High School Winterguard,71.38,15.06,13.92,14.0,14.3
2026,7,SRA,Clinton High School Winterguard,75.62,15.26,15.4,15.5,15.0
2026,9,R2,Clinton High School Winterguard,86.68,16.92,16.46,17.9,17.5
2026,4,P,Clinton Prep,61.21,12.87,12.0,10.8,12.6
2026,5,P,Clinton Prep,65.13,13.47,12.86,12.7,13.0
2026,9,P,Clinton Prep,79.18,16.4,15.08,15.8,15.2
2026,2,P,Clinton TN,54.89,10.48,12.61,10.5,10.3
2026,5,P,Clinton TN,67.34,13.0,13.54,12.1,14.4
2026,9,P,Clinton TN,84.27,16.6,16.07,17.0,17.3
2026,9,SA,Clinton-Massie Winter Guard,73.381,14.27,14.21,15.2,14.8
2026,5,PSO,Clover HS,79.15,23.85,14.8,25.7,14.8
2026,9,R1,Clover HS JV,69.181,13.54,13.94,13.8,14.7
2026,5,PRA,Cloverleaf Indoor Percussion,76.3,24.6,14.9,22.2,14.6
2026,6,PSA,Cloverleaf Indoor Percussion,73.95,21.15,14.5,23.7,14.6
2026,8,PSA,Cloverleaf Indoor Percussion,74.051,22.35,14.0,22.8,14.9
2026,9,PSA,Cloverleaf Indoor Percussion,79.951,23.85,16.7,23.7,15.7
2026,5,SRA,Cloverleaf Winter Guard,79.5,16.08,16.62,15.1,15.4
2026,8,SRA,Cloverleaf Winter Guard,78.14,15.48,15.66,16.0,15.5
2026,9,SRA,Cloverleaf Winter Guard,83.721,15.64,17.88,16.1,16.9
2026,0,GHSSA,Clovis East HS Winterguard,50.72,89.5,10.6,10.2,10.7
2026,2,GHSSA,Clovis East HS Winterguard,61.84,126.7,140.7,12.2,11.0
2026,7,PSA,Clovis North HS,81.55,24.15,15.0,25.5,16.9
2026,2,PSA,Coatesville,63.151,19.05,12.0,18.6,13.5
2026,3,PSA,Coatesville,67.9,19.8,13.5,20.6,14.0
2026,4,PSA,Coatesville,71.0,22.2,13.4,20.9,14.5
2026,5,PSA,Coatesville,69.751,19.95,13.9,21.2,14.7
2026,8,PSA,Coatesville,75.75,22.2,16.25,21.3,16.0
2026,9,PSA,Coatesville,73.5,21.9,15.4,22.4,13.8
2026,2,IO,Collage Winter Guard,74.7,15.1,15.3,14.7,14.7
2026,5,IO,Collage Winter Guard,81.4,15.4,16.5,16.6,16.4
2026,8,IO,Collage Winter Guard,86.3,17.5,17.0,17.3,17.5
2026,9,IO,Collage Winter Guard,87.5,17.0,17.9,17.3,17.5
2026,9,R3,Colleton County HS JV,65.181,13.34,13.54,13.0,12.2
2026,8,PSA,Collins Hill HS,81.725,24.225,16.2,24.65,16.65
2026,7,PSA,Colony HS,78.576,23.625,15.95,24.7,14.3
2026,2,PSA,Columbus HS,65.8,19.8,13.1,21.1,11.8
2026,5,SRA,Columbus HS,58.88,10.92,12.36,11.7,12.4
2026,6,SRA,Columbus HS,64.12,11.66,13.46,13.6,12.4
2026,8,PSA,Columbus HS,83.35,24.45,15.5,26.3,17.1
2026,5,PSA,Columbus HS (MS),69.801,20.7,14.0,20.8,14.3
2026,7,PSA,Columbus HS (MS),75.3,22.8,15.2,21.5,15.8
2026,9,CP-SA,Conestoga Valley HS Indoor Percussion,86.1,43.5,43.4,42.2,43.1
2026,5,PIW,ConneXus,82.05,25.05,16.6,24.25,16.15
2026,7,PIW,ConneXus,85.45,25.35,17.2,26.1,16.8
2026,9,PIW,ConneXus,88.15,25.65,17.5,28.0,17.0
2026,4,SRA,Conner HS,66.64,12.36,12.38,14.2,14.2
2026,6,SRA,Conner HS,74.46,13.68,14.78,15.7,15.1
2026,7,SRA,Conner HS,75.221,13.76,15.66,15.0,15.3
2026,8,BR,Conner HS,80.6,14.64,17.66,16.7,16.1
2026,9,SRA,Conner HS,81.241,14.92,16.92,15.4,17.0
2026,5,PIO,Convergence Indoor Percussion,75.575,22.575,14.4,24.2,14.4
2026,5,SA,Cookeville High School Winterguard,63.181,13.61,13.27,12.2,11.7
2026,8,SA,Cookeville High School Winterguard,74.85,15.67,14.48,15.7,14.4
2026,9,SA,Cookeville High School Winterguard,74.891,15.01,14.48,16.3,15.4
2026,5,PSA,Coolidge HS,62.051,17.55,12.3,20.3,11.9
2026,5,PRA,Copley HS Indoor Drumline,77.55,23.55,16.0,23.2,14.8
2026,8,PSA,Copley HS Indoor Drumline,78.826,22.725,16.3,25.4,14.4
2026,9,PSA,Copley HS Indoor Drumline,85.5,25.5,16.8,26.6,16.6
2026,5,SRA,Corbin HS,62.041,14.04,11.1,12.0,12.1
2026,7,PR,Corbin HS,66.18,14.4,14.48,12.1,12.9
2026,6,PIA-AA,Cornell University,66.9,21.1,21.0,12.4,12.4
2026,7,PIA-AA,Cornell University,67.25,19.8,21.45,12.8,13.2
2026,6,PIA,Cornerstone Percussion,72.05,19.65,15.3,23.0,14.1
2026,7,PIA,Cornerstone Percussion,73.275,21.975,14.8,21.45,15.05
2026,3,PSA,Corning Painted Post HS,71.001,21.0,15.5,21.3,13.2
2026,1,PSA,Corning-Painted Post,65.35,18.9,21.15,12.7,12.6
2026,5,PSA,Corning-Painted Post,76.101,23.6,22.2,14.6,15.7
2026,8,PSA,Corning-Painted Post,84.751,26.0,25.65,16.5,16.6
2026,2,SRA,Corydon Central HS,61.3,11.24,13.06,11.5,12.5
2026,4,SRA,Corydon Central HS,68.14,14.18,13.66,13.2,13.9
2026,7,SRA,Corydon Central HS,76.04,16.72,15.32,14.6,14.9
2026,8,PR,Corydon Central HS,80.96,16.66,16.8,16.0,16.1
2026,9,SRA,Corydon Central HS,80.681,16.26,17.12,15.0,15.7
2026,3,PSA,Council Rock South,63.5,18.0,13.2,19.5,12.8
2026,5,PSA,Council Rock South,66.351,20.25,13.3,20.1,12.7
2026,7,PSA,Council Rock South,70.951,20.85,13.3,22.8,14.0
2026,8,PSA,Council Rock South,70.1,20.7,14.7,19.4,15.3
2026,9,PSA,Council Rock South,71.1,21.3,14.5,20.9,14.4
2026,0,R1,Covenant Christian Academy,61.26,11.47,12.89,12.2,11.5
2026,2,N,Covenant Christian Academy,75.4,16.14,15.86,14.6,14.7
2026,9,R2,Cox Mill HS,75.331,14.14,14.59,15.4,16.0
2026,7,R1,Creekside Junior High School Black,68.48,13.66,13.72,13.0,13.8
2026,7,R2,Creekside Junior High School Gold,65.141,12.92,13.72,12.7,12.9
2026,1,IA,Crescent City Color Guard,66.98,13.68,14.0,12.8,13.1
2026,2,IA,Crescent City Color Guard,73.93,15.22,15.61,14.5,14.3
2026,9,R4,Crescent HS JV,79.34,14.98,15.46,16.5,15.2
2026,3,PSA,Crescenta Valley HS,71.7,20.7,13.6,22.7,14.7
2026,5,B1,Crescenta Valley HS,72.751,20.85,13.7,23.7,14.5
2026,8,PSA,Crescenta Valley HS,72.4,21.0,14.4,23.5,13.5
2026,9,R3,Crescenta Valley HS,80.7,25.2,15.2,25.3,15.0
2026,9,R3,Crest HS Gold,65.151,13.74,13.81,12.7,12.5
2026,9,R1,Crest HS Green,62.541,12.52,11.32,13.5,12.9
2026,2,SA,Creston HS,53.471,12.26,12.01,9.9,9.6
2026,5,SA,Creston HS,59.06,12.75,13.01,12.0,11.5
2026,6,SA,Creston HS,63.471,12.61,13.21,12.8,12.3
2026,9,SA,Creston HS,72.481,14.14,15.54,14.3,15.2
2026,5,SRA,Creston MS,55.681,10.96,13.12,10.0,10.5
2026,9,SRA,Creston MS,59.04,11.66,11.58,12.4,12.3
2026,2,SRA,Crestwood Winterguard,52.501,9.4,9.9,11.7,10.6
2026,5,SRA,Crestwood Winterguard,61.66,12.78,11.98,12.6,11.3
2026,9,SRA,Crestwood Winterguard,69.74,13.76,13.98,13.8,14.2
2026,2,IA,Crossroads Guard,65.67,13.2,13.47,13.1,12.6
2026,7,R2,Cruickshank MS,69.64,13.18,14.26,13.1,14.3
2026,4,PIA,Crystal Lake Thunder,74.001,21.6,15.1,22.9,14.4
2026,7,PIA,Crystal Lake Thunder,78.575,23.325,15.85,23.5,15.9
2026,4,BR,Cumberland Co HS,61.36,11.58,12.78,12.8,12.1
2026,7,PR,Cumberland Co HS,69.14,14.94,13.9,13.0,14.1
2026,8,BR,Cumberland Co HS,71.88,15.46,14.92,13.7,12.8
2026,9,SRA,Cumberland Co HS,76.4,15.12,15.38,15.8,14.3
2026,2,SRA,Cumberland County High School Winterguard,51.04,11.4,12.04,9.1,9.5
2026,4,SRA,Cumberland County High School Winterguard,61.34,12.86,12.38,12.0,12.1
2026,7,SRA,Cumberland County High School Winterguard,70.78,14.32,14.7,14.7,13.6
2026,9,SRA,Cumberland County High School Winterguard,75.84,15.52,16.12,14.7,15.4
2026,0,SA,Cumberland Valley HS Varsity Guard,61.45,13.54,12.41,9.8,13.0
2026,5,SA,Cumberland Valley HS Varsity Guard,73.96,14.28,15.88,14.6,13.8
2026,6,SA,Cumberland Valley HS Varsity Guard,78.41,15.54,16.87,15.1,15.1
2026,7,SA,Cumberland Valley HS Varsity Guard,81.02,16.28,16.14,16.0,16.2
2026,9,SA,Cumberland Valley HS Varsity Guard,85.075,16.835,16.84,17.25,17.0
2026,0,SN,Cumberland Valley JV Guard,51.08,10.41,10.07,10.3,10.6
2026,5,SN,Cumberland Valley JV Guard,61.69,10.95,10.54,13.1,13.3
2026,6,SN,Cumberland Valley JV Guard,70.19,13.15,14.14,14.6,14.3
2026,7,SN,Cumberland Valley JV Guard,68.95,13.41,14.14,13.0,14.2
2026,9,SN,Cumberland Valley JV Guard,79.98,15.94,16.14,16.9,15.9
2026,7,PSW,Cupertino HS,80.501,24.3,17.5,22.4,16.3
2026,9,R3,Cuthbertson HS JV,66.901,12.92,13.58,12.7,13.0
2026,5,PSW,Cy-Fair HS,87.588,26.737,17.2,26.1,17.55
2026,5,PSA,Cypress Falls HS,80.325,24.375,16.4,23.35,16.2
2026,2,B2,Cypress HS,74.65,22.35,15.6,21.6,15.1
2026,5,PSA,Cypress HS,79.95,22.95,16.4,25.3,15.3
2026,8,B2,Cypress HS,82.55,23.55,16.6,25.8,16.6
2026,9,R2,Cypress HS,92.3,28.2,18.6,28.0,17.5
2026,0,R2,D'Iberville H.S.,63.01,11.87,11.74,12.0,13.4
2026,2,N,D'Iberville H.S.,76.06,15.76,16.4,14.9,15.6
2026,6,PIO,Dakota Combined Schools,80.05,24.75,16.8,22.7,15.8
2026,4,PIA,Dakota High School,78.6,23.4,15.7,23.5,16.0
2026,7,PIO,Dakota High School,82.45,24.75,16.9,23.5,17.3
2026,9,PIO,Dakota High School,84.45,25.35,17.3,24.4,17.4
2026,4,PRA(,Daniel Boone,68.7,19.65,22.95,12.7,13.4
2026,7,PRA(,Daniel Boone,71.6,20.85,22.05,14.5,14.2
2026,8,PRA(,Daniel Boone,79.85,22.8,24.75,15.9,16.4
2026,9,PRA(,Daniel Boone,79.5,24.45,23.85,15.6,15.6
2026,1,PIW,Dark Sky,78.5,24.3,16.2,22.3,15.7
2026,8,PIW,Dark Sky,86.9,26.4,18.0,24.5,18.0
2026,4,PIW,Dark Sky Percussion,83.45,25.95,16.4,25.1,16.0
2026,7,PIW,Dark Sky Percussion,85.8,25.95,17.3,25.1,17.45
2026,6,B1,Dartmouth HS,76.101,24.0,13.2,24.0,14.9
2026,2,PR,Daviess Co HS Varsity,62.46,12.55,12.61,11.9,12.7
2026,4,SA,Daviess Co HS Varsity,68.02,13.21,13.61,12.9,14.3
2026,6,BR,Daviess Co HS Varsity,71.92,13.68,13.74,15.4,14.5
2026,9,BR,Daviess Co HS Varsity,78.26,15.01,15.4,15.9,16.25
2026,4,PR,Daviess Co HS-JV,56.521,11.18,12.24,11.4,10.8
2026,6,PR,Daviess Co HS-JV,63.12,12.24,12.18,14.1,11.5
2026,8,BR,Daviess Co HS-JV,66.66,13.44,14.12,13.4,12.1
2026,6,PSO,Davis HS,81.85,24.75,15.6,25.7,15.8
2026,5,PSA,Dawson Bryant HS,73.051,20.4,15.9,23.25,13.5
2026,2,PSA,Dawson Bryant HS Indoor Percussion,74.45,21.45,14.6,22.6,15.8
2026,6,PSA,Dawson Bryant HS Indoor Percussion,74.9,22.2,14.9,22.6,15.2
2026,8,PSA,Dawson Bryant HS Indoor Percussion,79.6,22.8,15.3,25.1,16.4
2026,9,PSA,Dawson Bryant HS Indoor Percussion,82.651,24.45,16.75,24.8,16.65
2026,7,PSA,Decatur Central HS,83.3,23.7,16.7,25.9,17.0
2026,8,PSA,Decatur HS,85.9,25.8,17.05,25.75,17.3
2026,4,SA,Deer Park HS,60.781,12.47,12.21,12.1,12.3
2026,6,PR,Deer Park HS,64.401,12.75,12.75,12.4,13.1
2026,7,PR,Deer Park HS,68.39,13.35,14.34,13.2,14.0
2026,9,PR,Deer Park HS,68.475,13.48,14.595,12.6,14.3
2026,4,SJ,Deer Park Junior,54.28,9.94,11.84,11.0,10.9
2026,6,SJ,Deer Park Junior,59.06,10.68,12.18,11.1,12.4
2026,6,PSA,Del Norte HS,70.551,20.55,15.0,20.3,14.7
2026,8,B1,Del Norte HS,70.101,21.6,13.9,20.4,14.2
2026,9,R3,Del Norte HS,81.45,23.25,16.5,24.7,17.0
2026,2,PHSSA,Delano HS Percussion,72.6,22.1,23.1,13.5,13.9
2026,6,PHSSA,Delano HS Percussion,83.65,24.0,25.05,17.0,17.6
2026,0,JV,Denham Springs H.S. JV,61.76,11.0,13.06,12.0,12.8
2026,2,JV,Denham Springs H.S. JV,64.82,12.5,13.42,13.2,12.3
2026,0,R2,Denham Springs H.S. Varsity,60.65,10.95,11.0,12.5,13.5
2026,2,SA,Denham Springs H.S. Varsity,62.59,12.87,12.42,13.0,12.3
2026,7,PIO,Desert Vox,82.05,24.45,16.5,24.05,17.05
2026,0,PJHSO,Desmond MS Percussion,63.45,19.9,18.75,11.8,13.0
2026,2,PJHSO,Desmond MS Percussion,65.95,21.3,19.35,12.2,13.1
2026,6,PJHSO,Desmond MS Percussion,73.8,22.6,22.5,14.9,13.8
2026,8,PJHSO,Desmond MS Percussion,72.9,23.9,19.2,15.0,14.8
2026,8,GJHSA,Desmond Middle School Winterguard,53.5,11.72,10.38,10.7,10.2
2026,9,GJHSA,Desmond Middle School Winterguard,61.92,11.38,12.44,12.2,13.0
2026,0,R2,Destrehan H.S.,65.9,12.54,13.16,12.1,13.5
2026,2,PSA,Destrehan H.S.,71.4,22.0,21.6,13.9,13.9
2026,7,PSA,Destrehan HS,81.851,24.45,16.2,24.9,16.3
2026,0,R2,Diamond Dolphin Colorguard,54.281,11.12,10.66,10.8,10.6
2026,1,SRA,Diamond Dolphin Colorguard,55.641,11.32,10.12,11.4,11.4
2026,0,PHSSRA,Dinuba Indoor Percussion,69.15,21.4,19.35,14.0,14.4
2026,2,R1,Dinuba Indoor Percussion,65.9,19.0,22.35,11.35,13.2
2026,6,R1,Dinuba Indoor Percussion,76.95,23.0,21.75,16.5,15.7
2026,8,PHSSRA,Dinuba Indoor Percussion,80.2,24.1,24.9,15.7,15.5
2026,8,GJHSA,Divisadero MS Winterguard,51.02,11.18,9.04,10.6,10.4
2026,9,GJHSA,Divisadero MS Winterguard,59.88,11.72,11.66,11.0,12.8
2026,4,PSA,Dixie Heights,73.4,22.8,14.0,22.6,14.0
2026,6,PSA,Dixie Heights,78.95,22.65,16.2,23.6,16.5
2026,9,PSA,Dixie Heights,82.05,25.05,16.1,24.2,16.7
2026,2,BR,Dixie Heights HS,60.22,12.21,12.01,11.7,12.3
2026,4,SA,Dixie Heights HS,68.45,13.94,13.61,13.8,14.2
2026,6,PR,Dixie Heights HS,70.78,14.74,14.54,14.0,13.4
2026,7,BR,Dixie Heights HS,72.41,14.73,15.28,14.3,15.0
2026,9,PR,Dixie Heights HS,78.11,15.87,15.94,14.0,17.0
2026,1,PSA,Don Lugo HS,66.701,19.2,13.2,20.5,13.8
2026,5,B1,Don Lugo HS,69.651,21.15,12.9,21.4,14.2
2026,8,PSA,Don Lugo HS,70.65,21.75,13.8,21.1,14.0
2026,9,R2,Don Lugo HS,76.85,24.45,14.3,22.2,15.9
2026,5,PSW,Dorman HS,77.8,22.95,15.8,23.95,15.1
2026,8,PSW,Dorman HS,86.0,26.25,17.25,25.65,16.85
2026,9,R1,Dorman HS JV,69.71,14.54,14.87,12.6,14.2
2026,9,R3,Dorman HS Sage,72.441,13.14,15.2,15.1,14.1
2026,1,PSJ,Dorothy McElhinney MS,78.6,24.0,16.4,22.9,15.3
2026,2,PSJ,Dorothy McElhinney MS,79.85,25.05,15.7,23.8,15.3
2026,4,PSA,Dorothy McElhinney MS,72.25,19.95,14.5,23.0,14.8
2026,6,PSJ,Dorothy McElhinney MS,82.45,24.45,16.9,24.1,17.0
2026,8,PSJ,Dorothy McElhinney MS,87.5,27.0,17.0,25.8,17.7
2026,2,R1,Dos Palos HS,53.7,15.0,10.0,18.5,10.2
2026,5,R1,Dos Palos HS,53.401,10.46,10.64,10.7,11.3
2026,7,R2,Dos Palos HS,64.5,19.05,12.2,22.2,11.05
2026,4,P-SRA,Dover Area HS Indoor Percussion,66.575,19.35,20.925,13.2,13.1
2026,6,P-SRA,Dover Area HS Indoor Percussion,72.25,19.35,21.9,15.1,15.9
2026,8,P-SRA,Dover Area HS Indoor Percussion,76.225,23.55,21.075,15.3,16.3
2026,9,P-SRA,Dover Area HS Indoor Percussion,77.75,23.175,22.425,15.6,16.55
2026,3,PSA,Downey HS,64.225,18.975,12.85,18.4,14.0
2026,6,PSA,Downey HS,64.6,17.4,14.2,19.4,13.6
2026,9,R2,Downey HS,74.1,22.2,14.6,22.6,14.7
2026,6,PSA,Downingtown East HS,80.85,24.975,15.1,24.725,16.05
2026,7,PSA,Downingtown East HS,85.55,25.35,17.1,26.2,16.9
2026,9,PSA,Downingtown East HS,85.55,25.35,17.1,26.2,16.9
2026,3,PSA,Downingtown HS East,71.651,19.95,15.3,21.7,14.7
2026,4,ME,Downingtown HS East,76.2,24.0,15.9,21.6,14.7
2026,2,PSO,Downingtown HS West,68.9,21.6,13.8,20.0,13.5
2026,4,PSO,Downingtown HS West,77.4,22.2,15.3,23.5,16.4
2026,5,PSO,Downingtown HS West,79.0,24.0,16.0,24.2,14.8
2026,8,PSO,Downingtown West HS,81.6,24.3,16.6,24.5,16.2
2026,9,PSO,Downingtown West HS,80.05,23.85,16.8,23.9,15.5
2026,4,PRA,Downriver Indoor Percussion,69.25,19.95,14.5,21.0,13.8
2026,7,PRA,Downriver Indoor Percussion,80.95,23.85,16.5,24.6,16.0
2026,4,PSA,Dr. Joaquín García HS,68.451,19.65,13.0,21.7,14.1
2026,9,SA,Dublin Coffman Winter Guard,76.99,15.61,16.08,15.1,15.2
2026,7,PSO,Dublin HS,82.35,25.05,16.6,25.1,15.6
2026,8,PSO,Dublin HS,77.701,24.0,15.0,22.9,15.8
2026,9,R1,Dutch Fork HS JV,66.48,11.92,13.06,14.4,13.4
2026,9,R3,Dutch Fork HS Varsity,76.06,15.26,14.8,15.7,14.6
2026,2,PSO,Dutchtown H.S.,66.9,18.9,20.4,13.2,14.4
2026,0,JV,Dutchtown H.S. JV,69.76,13.38,13.98,14.2,13.9
2026,2,JV,Dutchtown H.S. JV,71.28,13.82,15.16,15.1,14.1
2026,0,SA,Dutchtown H.S. Varsity,65.71,13.47,13.54,12.4,12.9
2026,2,SA,Dutchtown H.S. Varsity,67.0,12.95,13.15,13.9,13.7
2026,7,PSO,Dutchtown HS (LA),81.126,24.525,16.45,23.95,16.2
2026,7,PSA,E.D. White Catholic HS,89.8,27.9,18.3,25.3,18.3
2026,1,SA,E.D.White Catholic H.S.,72.27,14.81,14.86,14.0,14.6
2026,2,SA,E.D.White Catholic H.S.,73.31,14.94,15.07,14.9,14.3
2026,4,SRA,ECCA Winter Guard,53.74,11.4,11.14,10.9,9.9
2026,7,SRA,ECCA Winter Guard,61.001,12.06,12.1,12.5,11.4
2026,1,PIA,ECR,70.3,21.3,13.7,21.2,14.1
2026,6,PIA,ECR,77.2,22.2,15.5,24.1,15.4
2026,7,PIA,ECR Independent,80.175,24.825,16.25,23.25,15.85
2026,3,PIO,EPIC Indoor Percussion,69.9,21.3,13.4,21.2,14.0
2026,6,PIO,EPIC Indoor Percussion,75.3,22.8,15.3,21.8,15.4
2026,0,PJHSA,Earlimart MS,54.8,18.5,15.3,10.2,10.8
2026,4,PJHSA,Earlimart MS,63.701,18.6,20.1,12.5,12.5
2026,8,PJHSA,Earlimart MS,65.65,19.4,18.75,13.9,13.6
2026,0,PJHSA,Earlimart MS Percussion,54.8,18.5,15.3,10.2,10.8
2026,4,PJHSA,Earlimart MS Percussion,63.701,18.6,20.1,12.5,12.5
2026,8,PJHSA,Earlimart MS Percussion,65.65,19.4,18.75,13.9,13.6
2026,9,R3,Easley HS,75.28,14.74,15.34,15.3,14.8
2026,1,PSN,East Ascension H.S.,56.7,18.5,16.2,10.6,11.4
2026,0,JV,East Ascension H.S. JV,59.421,10.78,12.54,12.7,12.3
2026,0,R1,East Ascension H.S. Varsity,62.06,12.12,11.74,13.2,13.3
2026,5,PSA,East Coweta HS,77.15,22.95,16.2,22.9,15.1
2026,4,PSRA,East Hamilton High School,63.1,18.9,19.2,12.6,12.4
2026,7,PSRA,East Hamilton High School,69.9,22.4,21.0,12.8,13.7
2026,9,PSRA,East Hamilton High School,81.25,24.3,24.45,16.4,16.1
2026,4,PSRA,East Hamilton Indoor Percussion,63.1,18.9,19.2,12.6,12.4
2026,7,PSRA,East Hamilton Indoor Percussion,69.9,22.4,21.0,12.8,13.7
2026,9,PSRA,East Hamilton Indoor Percussion,81.25,24.3,24.45,16.4,16.1
2026,3,SA,East Jessamine,57.351,12.34,11.61,10.8,11.2
2026,5,SA,East Jessamine,62.741,13.41,15.13,11.4,11.5
2026,7,PR,East Jessamine,64.111,12.8,12.81,12.7,13.1
2026,9,BR,East Jessamine,67.86,13.75,14.21,13.1,13.9
2026,9,R1,East Lincoln HS B,73.38,13.94,14.14,15.4,14.8
2026,7,PIA,East Mississippi Em-pact,74.0,21.9,14.8,21.95,15.35
2026,1,PSA,East Syracuse Minoa,65.45,18.8,18.75,14.3,13.6
2026,4,PSA,East Syracuse Minoa,81.65,24.9,25.05,15.8,15.9
2026,5,PSA,East Syracuse Minoa,79.4,24.1,23.1,15.9,16.3
2026,6,PSA,East Syracuse Minoa,85.35,25.4,25.95,16.9,17.1
2026,7,PSA,East Syracuse Minoa,85.7,25.2,26.1,17.0,17.4
2026,3,PSA,East Syracuse Minoa Central HS,80.125,23.625,16.6,24.6,15.3
2026,2,SRA,Eastern HS (IN),63.02,11.98,12.84,11.9,13.0
2026,4,SRA,Eastern HS (IN),70.48,13.64,13.44,14.7,14.5
2026,5,SRA,Eastern HS (IN),74.52,15.12,15.9,13.4,14.9
2026,6,SRA,Eastern HS (IN),77.86,15.24,15.12,16.0,15.2
2026,8,PR,Eastern HS (IN),79.88,15.24,15.84,16.6,16.0
2026,9,SRA,Eastern HS (IN),82.74,16.66,15.98,17.0,16.2
2026,6,BR,Eastern HS (KY),70.55,14.54,14.61,14.7,13.6
2026,9,PR,Eastern HS (KY),72.24,14.21,14.48,14.95,14.8
2026,4,SJ,Eastern MS JV,63.74,11.1,11.94,12.2,14.2
2026,0,SRA,Eastern York HS Guard,51.211,12.14,10.87,7.8,10.5
2026,4,SRA,Eastern York HS Guard,63.63,12.89,11.74,13.0,13.1
2026,5,SRA,Eastern York HS Guard,70.49,14.28,14.01,13.6,15.8
2026,8,SRA,Eastern York HS Guard,72.581,13.81,14.27,15.0,15.3
2026,9,SRA,Eastern York HS Guard,77.981,15.74,14.74,16.1,16.1
2026,0,P-SA,Eastern York HS Indoor Percussion,64.2,19.35,17.55,13.8,13.5
2026,4,P-SA,Eastern York HS Indoor Percussion,73.35,22.35,21.3,14.9,14.8
2026,5,P-SA,Eastern York HS Indoor Percussion,71.95,19.35,23.1,15.0,14.5
2026,8,P-SA,Eastern York HS Indoor Percussion,78.35,23.25,24.6,14.8,15.7
2026,9,P-SA,Eastern York HS Indoor Percussion,82.351,25.8,24.6,16.0,15.95
2026,1,PSA,Eastridge,65.151,19.9,19.65,12.9,12.7
2026,2,PSA,Eastridge,68.55,21.4,20.85,13.3,13.0
2026,6,PSA,Eastridge,76.451,24.2,22.95,14.6,14.7
2026,3,PSA,Eastridge HS,69.601,20.4,13.6,22.0,13.6
2026,7,PSA,Eastside HS Varsity,73.3,23.4,14.3,21.1,14.5
2026,9,SRA,Eaton Winterguard,76.28,14.58,13.8,16.3,15.9
2026,2,R2,Edison HS,56.6,16.8,10.4,18.6,10.8
2026,6,B1,Edison HS (NJ),75.501,22.8,14.6,22.4,15.7
2026,2,PSA,Egg Harbor Township,66.65,19.65,14.1,19.8,13.1
2026,3,PSA,Egg Harbor Township,70.551,21.45,14.4,21.8,12.9
2026,5,PSA,Egg Harbor Township,77.1,23.1,14.9,23.7,15.4
2026,8,PSA,Egg Harbor Township,85.05,24.6,16.55,27.4,16.5
2026,9,PSA,Egg Harbor Township,83.25,26.25,15.9,25.3,15.8
2026,2,SA,El Capitan HS,62.89,13.61,11.3,12.3,12.2
2026,7,R1,El Capitan HS,69.4,21.6,13.2,21.3,13.3
2026,0,PJHSA,El Capitan MS Percussion,57.7,19.6,17.4,10.1,10.6
2026,4,PJHSA,El Capitan MS Percussion,66.75,19.9,20.55,13.5,12.8
2026,6,PJHSA,El Capitan MS Percussion,68.0,20.2,21.3,14.1,12.4
2026,8,PJHSA,El Capitan MS Percussion,67.5,20.0,21.6,13.1,12.8
2026,8,GJHSA,El Capitan MS Winterguard Black,52.76,10.52,9.24,10.9,12.0
2026,9,GJHSA,El Capitan MS Winterguard Black,57.9,11.5,10.2,11.2,12.6
2026,8,GJHSA,El Capitan MS Winterguard Gold,54.3,11.52,10.58,11.3,11.4
2026,9,GJHSA,El Capitan MS Winterguard Gold,63.48,12.26,12.12,12.4,13.1
2026,0,PHSSRA,El Diamante HS Percussion,70.4,21.9,21.0,14.2,13.3
2026,2,R1,El Diamante HS Percussion,65.4,19.1,21.3,11.9,13.1
2026,6,R2,El Diamante HS Percussion,73.8,23.2,22.5,14.5,13.6
2026,6,R2,El Diamante HS Winterguard,55.141,10.32,11.12,10.1,11.9
2026,2,PSW,El Dorado HS,71.3,21.9,12.8,21.6,15.0
2026,4,PSW,El Dorado HS,78.45,24.45,15.6,23.0,15.4
2026,5,PSW,El Dorado HS,81.7,25.5,16.7,24.1,15.4
2026,7,PSW,El Dorado HS,82.776,24.825,17.1,24.1,16.75
2026,8,PSW,El Dorado HS,87.2,26.7,17.3,25.6,17.6
2026,2,GIA,El Ritmo Winter Guard,56.75,97.4,112.1,12.8,11.8
2026,8,GIA,El Ritmo Winter Guard,67.48,134.1,136.7,13.3,12.8
2026,8,GIRA,El Ritmocito Winter Guard,50.46,9.98,11.18,10.4,10.8
2026,9,GIRA,El Ritmocito Winter Guard,59.82,13.4,10.52,11.7,12.0
2026,1,PSO,El Toro HS,73.55,21.75,14.5,22.2,15.1
2026,6,PSO,El Toro HS,82.65,24.45,16.6,25.5,16.1
2026,7,PSO,El Toro HS,80.625,26.325,14.2,25.4,14.7
2026,3,SRA,Elberta High School Winterguard,69.12,15.44,14.08,12.5,13.4
2026,9,SRA,Elder High School Winterguard,85.261,17.04,16.12,17.5,17.2
2026,3,IW,Elevate,73.5,14.5,14.9,14.6,15.1
2026,9,IW,Elevate,83.4,16.7,16.9,17.0,16.4
2026,2,IA,Elevate A,61.1,11.62,12.48,12.4,12.4
2026,3,IA,Elevate A,70.05,13.54,13.81,13.3,14.3
2026,9,IA,Elevate A,76.52,15.28,15.94,14.9,15.0
2026,6,B1,Elizabeth HS,77.851,22.35,16.4,23.5,15.6
2026,2,SA,Elizabethtown HS,65.85,12.88,13.27,13.0,13.3
2026,4,SA,Elizabethtown HS,73.82,14.68,14.2,14.9,15.3
2026,6,PSA,Elizabethtown HS,69.65,19.95,14.2,21.2,14.3
2026,7,SA,Elizabethtown HS,83.11,16.07,17.14,17.4,16.2
2026,9,BR,Elizabethtown HS,87.74,16.67,17.67,17.3,18.3
2026,2,PSA,Elkhorn HS,65.85,18.75,14.3,19.4,13.4
2026,9,PSA,Elkhorn HS,65.35,19.65,12.6,20.4,12.7
2026,6,SRA,Elkhorn North HS,58.84,11.86,10.98,13.0,11.0
2026,9,SRA,Elkhorn North HS,60.2,11.78,11.72,12.85,12.95
2026,1,N,Ellender Memorial H. S.,58.8,11.93,13.47,11.2,10.4
2026,7,PSA,Emerald HS,74.051,22.35,12.8,24.2,14.7
2026,9,R1,Enka HS JV,73.28,13.76,14.72,15.2,14.7
2026,9,R4,Enka HS Varsity,72.98,14.74,15.34,14.1,14.5
2026,8,PSA,Enloe Magnet HS,80.85,25.05,15.7,23.7,16.4
2026,5,PIA,Epicenter Indoor Percussion,76.6,22.5,15.8,22.0,16.3
2026,1,SRA,Erath H.S.,56.961,12.12,11.54,11.1,11.0
2026,3,SRA,Escambia HS Donatar,71.98,15.32,14.76,13.2,13.7
2026,5,SRA,Escambia HS Donatar,74.16,14.46,15.1,15.4,14.1
2026,1,PSA,Escambia HS Indoor Percussion,72.75,23.85,14.2,21.2,13.5
2026,3,PSA,Escambia HS Indoor Percussion,69.725,22.425,13.5,19.4,14.4
2026,5,PSA,Escambia HS Indoor Percussion,75.35,22.35,15.3,21.6,16.1
2026,6,PIA,Escondido Union HSD,70.25,20.85,13.3,22.8,13.3
2026,8,PIA,Escondido Union HSD,74.55,21.45,13.6,24.7,14.8
2026,5,PIA,Estrella Indoor Percussion,65.3,19.35,12.6,20.3,13.05
2026,3,PSW,Etiwanda HS,78.3,24.0,16.1,22.7,15.5
2026,4,PSW,Etiwanda HS,82.45,25.35,16.3,24.8,16.0
2026,7,PSW,Etiwanda HS,86.251,26.175,17.45,24.775,17.85
2026,8,PSW,Etiwanda HS,87.35,26.55,17.7,26.0,17.1
2026,9,R1,Evans HS,70.621,14.74,13.88,13.6,15.5
2026,3,SA,Evansville Vanderburgh Schools,72.28,14.01,14.67,14.7,14.8
2026,6,B2,Everett HS,78.301,23.25,15.8,24.6,14.65
2026,5,IA,Evergreen Independent,63.17,12.29,12.68,13.3,12.0
2026,2,IA,Evidence Winterguard,52.32,11.21,10.81,9.5,10.6
2026,2,R2,Exeter Union HS Percussion,60.35,17.6,19.65,10.7,12.4
2026,6,R1,Exeter Union HS Percussion,65.551,19.8,19.95,12.9,12.9
2026,8,PHSSRA,Exeter Union HS Percussion,68.451,20.85,13.6,20.6,13.4
2026,2,R1,Exeter Union HS Winterguard,52.94,9.72,10.72,10.4,11.2
2026,4,R2,Exeter Union HS Winterguard,62.18,12.84,12.64,12.4,12.8
2026,8,GHSSRA,Exeter Union HS Winterguard,75.24,14.92,14.72,16.0,13.9
2026,6,PSW,Fair Lawn HS,76.1,23.1,14.8,23.2,15.0
2026,4,BR,Fairdale HS,55.121,10.7,10.92,12.1,10.5
2026,6,PR,Fairdale HS,58.861,11.36,11.7,11.3,12.1
2026,8,BR,Fairdale HS,59.901,12.18,12.12,12.1,11.0
2026,3,SRA,Fairhope Winter Guard,73.9,15.24,14.66,13.6,14.8
2026,3,SRA,Faith Academy Winter Guard,68.34,14.12,14.12,12.7,14.0
2026,0,PHSSRA,Farmersville,55.001,17.0,16.2,10.7,11.1
2026,2,R1,Farmersville,57.1,18.1,17.1,11.1,10.8
2026,6,R2,Farmersville,65.101,20.4,19.8,12.4,12.5
2026,0,PHSSRA,Farmersville High School Percussion,55.001,17.0,16.2,10.7,11.1
2026,2,R1,Farmersville High School Percussion,57.1,18.1,17.1,11.1,10.8
2026,6,R2,Farmersville High School Percussion,65.101,20.4,19.8,12.4,12.5
2026,3,PRA,Farmington United Percussion Ensemble,73.05,21.75,15.3,21.4,14.6
2026,4,PIA,Farmington United Percussion Ensemble,69.75,20.55,14.7,20.5,14.0
2026,8,PIA,Farmington United Percussion Ensemble,72.65,22.65,15.4,20.2,14.4
2026,2,SA,Farragut High School,55.59,11.74,10.35,11.2,11.8
2026,5,SA,Farragut High School,61.32,12.68,12.74,11.0,11.8
2026,9,SA,Farragut High School,73.231,15.28,14.75,14.1,15.4
2026,5,SRA,Ferndale High School,60.12,11.1,11.72,12.9,12.2
2026,8,SRA,Ferndale High School,77.48,16.06,15.52,15.7,15.5
2026,5,PSA,Findlay HS,66.3,19.2,13.0,21.3,12.8
2026,6,PSA,Findlay Indoor Drumline,73.3,20.55,14.35,24.0,14.4
2026,8,PSA,Findlay Indoor Drumline,74.201,20.85,15.8,23.1,14.45
2026,9,SRA,Finneytown Winter Guard,76.96,15.46,14.6,16.0,16.1
2026,2,PHSSRA,Firebaugh HS Percussion,62.6,20.8,20.4,10.7,10.7
2026,4,PHSSRA,Firebaugh HS Percussion,66.45,21.2,18.75,13.8,12.7
2026,8,PHSSRA,Firebaugh HS Percussion,68.6,19.2,13.2,22.4,13.8
2026,5,SRA,Firestone High School,73.12,13.2,14.72,13.4,11.1
2026,8,SRA,Firestone High School,70.52,11.98,10.64,15.4,12.2
2026,9,SRA,Firestone High School,74.651,12.02,12.33,14.5,14.2
2026,2,SRA,First Baptist Academy,56.981,10.9,12.48,12.2,10.3
2026,4,SRA,First Baptist Academy,63.041,12.66,12.18,13.3,12.6
2026,5,SRA,First Baptist Academy,69.56,14.66,14.0,13.6,13.0
2026,7,SRA,First Baptist Academy,73.6,14.44,15.2,14.6,14.3
2026,9,R2,First Baptist Academy,76.561,15.18,15.38,15.2,16.0
2026,7,PSW,Fishers HS,85.663,25.538,16.95,26.1,17.075
2026,4,PSA,Fleming Island HS,81.25,24.45,16.8,23.8,16.2
2026,5,PIA,Fleur Winter Percussion,73.9,20.7,16.5,21.7,15.0
2026,7,PIA,Fleur Winter Percussion,74.4,21.0,14.7,23.2,15.5
2026,2,PIA,Flower City Percussion,63.95,19.4,19.95,12.7,11.9
2026,3,PIA,Flower City Percussion,65.85,19.35,12.8,21.2,12.5
2026,1,SA,Floyd Central HS,68.63,12.55,13.88,14.3,14.3
2026,4,SA,Floyd Central HS,74.82,14.48,14.9,15.3,15.6
2026,7,SA,Floyd Central HS,82.56,15.41,15.55,17.6,16.6
2026,9,BR,Floyd Central HS,87.87,17.27,18.0,17.5,17.9
2026,1,BR,Floyd Central HS JV,57.83,10.55,11.48,11.6,13.1
2026,2,BR,Floyd Central HS JV,57.431,11.68,12.35,11.3,11.2
2026,4,SA,Floyd Central HS JV,66.35,12.41,13.34,13.2,13.9
2026,9,PR,Floyd Central HS JV,77.236,16.14,14.045,15.55,16.4
2026,1,E,Floyds Knobs Elementary,66.28,11.72,13.06,13.6,12.9
2026,2,E,Floyds Knobs Elementary,72.32,13.84,14.38,14.2,15.0
2026,4,E,Floyds Knobs Elementary,77.56,15.3,15.06,15.4,15.4
2026,7,E,Floyds Knobs Elementary,78.18,16.2,16.18,16.1,14.1
2026,8,E,Floyds Knobs Elementary,81.96,16.26,16.6,17.3,16.1
2026,9,E,Floyds Knobs Elementary,85.56,17.0,17.06,17.2,17.2
2026,4,PIW,Flux Indoor Percussion,80.251,25.05,15.9,23.9,15.4
2026,5,PIW,Flux Indoor Percussion,79.225,23.475,15.25,24.65,15.85
2026,1,PSA,Foley High School Percussion Ensemble,65.251,22.05,12.2,18.8,12.2
2026,5,PSA,Foley High School Percussion Ensemble,67.751,20.55,13.3,20.2,13.7
2026,3,SRA,Foley Winter Guard,62.841,13.64,13.7,11.4,11.3
2026,0,R1,Fontainebleau H.S.,58.21,10.81,10.4,11.2,13.3
2026,0,JV,Fontainebleau H.S. JV,65.02,12.18,13.04,12.8,13.3
2026,7,PSO,Foothill HS (CA),80.5,24.0,15.85,24.6,16.05
2026,6,PSW,Foothill HS (NV),82.65,25.95,17.3,24.2,15.2
2026,7,PSW,Foothill HS (NV),79.826,23.925,17.2,22.55,16.15
2026,8,GHSSRA,Foothill High School,80.3,15.84,16.06,16.6,15.2
2026,4,SA,Forest Hills,66.39,13.08,12.61,12.5,14.1
2026,6,PR,Forest Hills,73.01,14.94,15.27,13.8,14.1
2026,9,PR,Forest Hills,76.071,14.515,15.205,15.6,15.15
2026,4,IA,Forest Hills IA,74.42,15.35,15.87,14.8,14.2
2026,6,IA,Forest Hills IA,78.34,16.07,16.07,15.9,14.9
2026,9,IA,Forest Hills IA,82.04,16.14,16.4,16.3,16.3
2026,4,SJ,Forest Hills Jr,53.36,10.44,10.12,11.6,10.2
2026,6,SJ,Forest Hills Jr,59.46,11.84,11.32,12.2,12.3
2026,8,SJ,Forest Hills Jr,59.56,12.98,13.38,11.3,11.1
2026,9,SJ,Forest Hills Jr,67.8,13.32,12.78,13.2,14.7
2026,9,R2,Forestview HS,71.231,14.06,14.67,14.0,13.8
2026,8,PSO,Forney HS,84.675,25.65,16.475,25.75,16.8
2026,8,PSW,Forsyth Central HS,79.0,23.1,15.7,24.9,15.3
2026,9,R1,Fort Dorchester JV,67.421,13.08,13.44,14.0,13.7
2026,9,R2,Fort Dorchester Varsity,67.251,13.34,13.41,13.6,13.1
2026,9,R4,Fort Mill HS JV,75.68,14.2,14.58,16.1,14.8
2026,3,SA,Fort Walton Beach HS Winter Guard,75.51,15.34,14.87,15.5,14.3
2026,5,SA,Fort Walton Beach HS Winter Guard,79.28,16.21,15.27,16.1,16.0
2026,7,PSO,Fossil Ridge HS (CO),78.8,23.7,15.7,24.3,15.1
2026,5,PSA,Foster HS,75.451,23.25,15.5,22.2,14.5
2026,2,PSO,Fountain Valley HS,69.451,20.85,13.2,21.5,13.9
2026,5,PSO,Fountain Valley HS,77.2,23.7,14.8,23.3,15.4
2026,7,PSO,Fountain Valley HS,75.45,25.05,14.4,22.0,14.0
2026,8,PSO,Fountain Valley HS,79.85,23.85,16.0,24.3,15.7
2026,5,PIA,Francis Howell Independent,80.35,23.85,16.3,24.2,16.0
2026,7,PIA,Francis Howell Independent,85.1,25.8,17.5,25.1,16.7
2026,4,PIA,Francis Howell Percussion,79.7,23.4,16.4,24.1,15.8
2026,7,PSW,Franklin Central HS,83.025,24.225,16.75,25.4,16.65
2026,7,PSO,Franklin Community HS,82.839,24.413,16.6,24.8,17.025
2026,9,ECG,Franklin Elementary Wildkittens,87.1,18.2,16.9,17.0,16.6
2026,5,R1,Franklin HS,54.56,10.24,10.42,10.4,11.8
2026,9,,Franklin HS Winter Guard,88.88,17.74,17.94,17.7,17.7
2026,9,JHCG,Franklin Junior High Winter Guard,83.9,17.1,17.8,16.8,15.8
2026,7,PIA,Frederick HS,72.2,21.6,14.5,22.4,13.7
2026,4,SN,Frederick HS Guard,59.68,12.14,12.14,12.2,12.4
2026,5,SN,Frederick HS Guard,65.68,11.94,12.94,13.8,13.8
2026,6,SN,Frederick HS Guard,71.64,14.2,13.94,14.6,14.2
2026,7,SN,Frederick HS Guard,73.43,14.8,14.93,14.6,14.6
2026,8,SN,Frederick HS Guard,76.74,15.8,15.14,16.1,14.9
2026,9,SN,Frederick HS Guard,83.04,16.8,16.74,16.4,17.7
2026,8,PSA,Freedom HS (VA),81.4,24.6,16.1,25.5,15.2
2026,5,PIO,Freedom Percussion,80.65,25.05,15.0,25.1,15.5
2026,7,PIO,Freedom Percussion,83.975,24.975,16.55,25.75,16.7
2026,7,PSA,Fremont HS (CA),84.7,25.2,16.1,26.2,17.2
2026,0,PHSSRA,Fresno,62.101,19.4,18.0,13.2,11.5
2026,2,GIA,Fresno,61.83,130.9,141.4,11.3,11.9
2026,6,R1,Fresno,68.55,20.3,20.25,13.5,14.5
2026,8,PHSSRA,Fresno,65.5,18.6,12.8,21.5,12.6
2026,0,R2,Fresno Christian Winter Guard,51.62,10.46,12.26,9.6,8.8
2026,4,R2,Fresno Christian Winter Guard,57.761,11.66,11.9,11.6,11.5
2026,6,R2,Fresno Christian Winter Guard,60.64,11.12,12.52,13.1,11.3
2026,4,PHSSRA,Fresno HS Percussion,68.9,20.7,21.3,12.7,14.2
2026,0,R2,Fresno HS Winter Guard,51.2,8.98,11.72,10.2,9.5
2026,2,R2,Fresno HS Winter Guard,56.24,12.72,11.92,11.8,8.7
2026,4,R2,Fresno HS Winter Guard,64.32,13.06,13.46,12.8,12.2
2026,8,GHSSRA,Fresno HS Winter Guard,68.4,13.44,13.86,14.0,14.0
2026,0,PHSSRA,Fresno HS Winter Percussion,64.6,20.0,18.6,12.8,13.2
2026,2,PHSSRA,Fresno HS Winter Percussion,62.7,20.2,18.9,11.4,12.2
2026,8,PHSSRA,Fresno HS Winter Percussion,67.125,18.825,13.4,22.1,12.8
2026,2,GIA,Fresno State Independent,61.83,130.9,141.4,11.3,11.9
2026,4,PIO,Frontier Percussion,73.7,21.6,15.5,21.3,15.3
2026,8,PIO,Frontier Percussion,80.55,23.85,16.1,24.1,16.5
2026,7,SA,Ft. Zumwalt East HS,77.65,15.01,16.34,15.2,14.6
2026,4,SRA,Ft. Zumwalt Easth HS Junior Varsity,70.54,13.38,14.5,14.5,14.5
2026,7,SRA,Ft. Zumwalt Easth HS Junior Varsity,73.09,13.5,13.19,15.8,14.8
2026,7,SA,Ft. Zumwalt North High School,74.18,14.61,16.87,14.0,14.2
2026,2,IO,Future Independent,53.6,10.0,11.1,10.6,11.5
2026,9,R2,Gaffney Winterguard,66.94,12.72,13.72,13.7,12.7
2026,2,PSO,Gahr HS,73.3,22.8,13.9,22.1,14.5
2026,5,PSO,Gahr HS,81.3,24.15,16.3,24.75,16.1
2026,7,PSO,Gahr HS,82.801,24.3,16.9,25.6,16.0
2026,4,SRA,Gallatin Co,55.941,12.26,9.98,12.0,10.4
2026,6,BR,Gallatin Co,57.221,11.02,11.1,11.8,11.3
2026,7,BR,Gallatin Co,62.84,12.44,13.3,12.6,12.3
2026,8,BR,Gallatin Co,62.521,12.84,12.98,12.2,11.8
2026,8,B1,Garden Grove HS,73.601,21.3,13.5,24.9,13.9
2026,3,SRA,Garrard Co HS,62.54,11.58,13.06,12.7,12.4
2026,7,BR,Garrard Co HS,71.08,14.74,14.54,14.0,14.2
2026,8,PR,Garrard Co HS,70.9,14.78,14.72,14.5,12.1
2026,9,SRA,Garrard Co HS,80.18,15.32,16.06,16.7,15.7
2026,5,PSA,Gene Tomas HS,79.1,23.55,16.1,22.4,17.05
2026,8,PIW,George Mason University,92.3,27.9,18.5,27.2,18.7
2026,3,IO,George Mason University Guard,63.7,12.0,13.3,13.1,12.2
2026,3,P-IW,George Mason University Indoor Drumline,83.4,25.5,24.6,16.9,16.4
2026,6,P-IW,George Mason University Indoor Drumline,87.2,26.55,26.55,17.0,17.1
2026,2,BR,George Rogers Clark HS - JV,55.8,8.82,12.28,10.6,11.9
2026,5,SRA,George Rogers Clark HS - JV,70.08,13.3,15.58,14.4,13.0
2026,7,SRA,George Rogers Clark HS - JV,74.661,14.52,14.74,15.4,15.0
2026,8,BR,George Rogers Clark HS - JV,79.9,14.84,16.06,16.8,15.9
2026,9,SRA,George Rogers Clark HS - JV,82.701,15.12,16.58,16.2,18.0
2026,1,SA,George Rogers Clark HS - Varsity,62.68,12.14,12.74,12.8,12.9
2026,3,SA,George Rogers Clark HS - Varsity,66.89,14.21,13.88,13.2,12.5
2026,5,SA,George Rogers Clark HS - Varsity,75.22,15.21,14.61,15.2,14.9
2026,9,PR,George Rogers Clark HS - Varsity,83.081,15.87,17.01,17.0,16.5
2026,7,PSO,Germantown HS,81.375,23.775,16.35,24.65,16.6
2026,4,PSRA,Gibbs High School,58.8,17.4,18.0,11.9,11.5
2026,8,PSRA,Gibbs High School,71.1,21.7,21.9,14.1,13.4
2026,9,PSRA,Gibbs High School,74.05,21.7,23.25,14.5,14.6
2026,4,SRA,Gibbs JV Winter Guard,50.001,10.92,9.98,9.8,9.2
2026,8,SRA,Gibbs JV Winter Guard,69.84,13.7,14.04,13.9,14.1
2026,9,SRA,Gibbs JV Winter Guard,72.9,15.32,15.78,14.5,13.9
2026,2,SRA,Gibbs Varsity Winterguard,57.961,11.3,12.36,12.6,10.5
2026,4,SRA,Gibbs Varsity Winterguard,64.5,13.46,12.74,13.0,12.5
2026,8,SRA,Gibbs Varsity Winterguard,76.84,15.26,16.78,15.3,15.1
2026,9,R2,Gibbs Varsity Winterguard,83.16,17.14,16.72,16.3,16.9
2026,4,PSRA,Gibbs Winter Drumline,58.8,17.4,18.0,11.9,11.5
2026,8,PSRA,Gibbs Winter Drumline,71.1,21.7,21.9,14.1,13.4
2026,9,PSRA,Gibbs Winter Drumline,74.05,21.7,23.25,14.5,14.6
2026,5,PSA,Gilbert HS,73.85,21.45,15.7,22.8,13.9
2026,2,PJHSA,Glacier Point Indoor Percussion,54.25,17.7,16.35,10.2,10.0
2026,4,PJHSA,Glacier Point Indoor Percussion,63.351,17.6,19.65,13.7,12.4
2026,8,GJHSA,Glacier Point MS Winter Guard,66.6,13.72,12.58,12.8,13.3
2026,9,GJHSA,Glacier Point MS Winter Guard,67.82,13.34,12.68,13.5,14.1
2026,3,B1,Glen A. Wilson HS,71.175,21.075,13.2,23.0,13.9
2026,5,PSA,Glen A. Wilson HS,75.701,22.8,15.0,23.1,14.8
2026,8,PSA,Glen A. Wilson HS,77.201,22.8,16.5,23.0,14.9
2026,9,R1,Glen A. Wilson HS,84.6,23.4,18.1,25.8,17.3
2026,3,PSA,Glendora HS,65.3,18.6,12.2,20.3,14.2
2026,6,PSA,Glendora HS,65.15,19.05,13.5,19.5,13.1
2026,9,R1,Glendora HS,71.2,21.0,14.0,22.4,13.8
2026,2,SRA,Glenvar Winter Guard,64.82,13.3,13.72,12.0,13.1
2026,8,PSA,Glynn Academy HS,76.151,23.25,15.3,22.3,15.3
2026,5,PSA,Godley HS,76.701,23.4,16.05,22.15,15.1
2026,8,PSA,Godley HS,76.1,23.1,14.6,22.8,15.6
2026,6,PIO,Gold Spike Percussion,82.55,25.95,16.4,24.6,15.6
2026,2,PSA,Golden Apple Indoor Percussion,71.25,22.3,22.35,13.6,13.0
2026,7,PSA,Golden Apple Indoor Percussion,75.65,22.2,22.05,15.8,15.6
2026,9,PSA,Golden Apple Indoor Percussion,81.3,24.5,25.5,15.9,15.4
2026,1,PSA,Golden Valley HS,69.125,20.625,12.5,23.0,13.0
2026,2,SA,Golden Valley HS,59.49,12.41,11.6,11.6,11.8
2026,5,B2,Golden Valley HS,77.3,22.5,16.9,23.75,14.15
2026,8,PSA,Golden Valley HS,80.7,24.6,15.9,24.6,15.6
2026,9,R4,Golden Valley HS,84.35,26.55,17.4,24.6,15.8
2026,2,PHSSRA,Golden Valley HS Percussion,63.95,19.9,21.15,11.7,11.2
2026,6,R1,Golden Valley HS Percussion,73.5,22.9,21.3,14.2,15.1
2026,8,PHSSRA,Golden Valley HS Percussion,70.575,23.3,18.375,14.1,14.8
2026,2,PHSSA,Golden West HS Percussion,72.75,19.8,24.45,12.8,15.7
2026,4,PHSSA,Golden West HS Percussion,79.6,23.4,24.6,15.1,16.5
2026,6,PHSSA,Golden West HS Percussion,84.4,24.5,25.5,16.6,17.8
2026,2,GHSSA,Golden West HS Winterguard,55.95,120.1,97.4,11.7,11.2
2026,7,PSO,Goshen HS,83.326,24.975,16.95,24.75,16.65
2026,9,N,Goshen High School Winterguard,77.18,15.12,15.86,15.2,15.2
2026,3,P-SA,Gov. Thomas Johnson HS Percussion,71.2,20.85,20.55,14.8,15.0
2026,4,P-SA,Gov. Thomas Johnson HS Percussion,75.35,22.65,22.2,15.0,15.5
2026,6,P-SA,Gov. Thomas Johnson HS Percussion,82.45,25.05,24.6,16.8,16.0
2026,7,P-SA,Gov. Thomas Johnson HS Percussion,83.05,25.35,25.2,16.1,16.4
2026,9,P-SA,Gov. Thomas Johnson HS Percussion,88.075,27.075,26.7,17.2,17.1
2026,2,IA,Grace Baptist Church,54.83,10.68,10.95,11.4,11.6
2026,4,IA,Grace Baptist Church,58.28,11.41,12.4,11.2,11.8
2026,9,C,Grace Baptist Church,78.47,13.35,15.02,16.9,17.3
2026,4,C,Grace Christian Fierce Minis,56.26,11.41,11.5,11.3,11.7
2026,9,C,Grace Christian Fierce Minis,78.47,13.35,15.02,16.9,17.3
2026,2,IA,Grace Christian Independent Fierce IA,54.83,10.68,10.95,11.4,11.6
2026,4,IA,Grace Christian Independent Fierce IA,58.28,11.41,12.4,11.2,11.8
2026,9,IA,Grace Christian Independent Fierce IA,75.93,14.75,15.08,15.1,15.7
2026,7,SRA,Grainger High School Winterguard,63.721,13.72,12.0,13.4,11.8
2026,9,SRA,Grainger High School Winterguard,72.421,14.3,14.72,15.4,14.9
2026,3,PIA,Grandville Independent,70.45,22.05,14.1,21.3,13.0
2026,6,PIO,Grandville Independent,76.85,22.95,15.8,23.3,14.8
2026,9,PIO,Grandville Independent,81.85,24.75,16.5,24.1,16.5
2026,7,PSO,Granite Bay HS,76.451,23.55,15.7,22.6,14.6
2026,8,SRA,Granite Falls HS,59.46,10.58,10.78,13.0,12.8
2026,9,SRA,Granite Falls HS,67.98,12.72,13.46,11.8,15.9
2026,9,SA,Grant County High School Winter Guard,76.54,14.93,14.61,16.0,15.6
2026,3,PSO,Great Oak HS,79.05,23.25,15.4,24.2,16.2
2026,4,PSO,Great Oak HS,83.4,25.5,16.5,25.6,15.8
2026,6,PSO,Great Oak HS,82.975,24.975,17.3,23.8,16.9
2026,7,PSO,Great Oak HS,88.675,27.525,18.0,25.5,17.65
2026,2,PSA,Greece,63.85,19.3,20.55,12.1,11.9
2026,4,PSA,Greece,71.85,23.0,21.45,13.9,13.5
2026,5,PSA,Greece,72.151,22.4,21.45,14.3,14.0
2026,7,PSA,Greece,74.85,22.6,22.65,15.2,14.4
2026,8,PSA,Greece,80.951,24.6,25.05,15.9,15.4
2026,9,GJHSA,Green Acres MS Winterguard,55.42,10.46,10.46,11.8,11.0
2026,8,PSA,Green Hope HS,80.35,23.85,15.5,25.7,15.3
2026,5,PSA,Green Level HS,71.651,22.05,14.2,22.3,13.1
2026,0,SA,Greencastle-Antrim HS Indoor Guard,63.28,14.14,12.94,11.4,12.2
2026,1,SA,Greencastle-Antrim HS Indoor Guard,61.15,14.01,11.14,12.5,11.1
2026,4,SA,Greencastle-Antrim HS Indoor Guard,71.82,14.21,14.61,14.9,14.6
2026,5,SA,Greencastle-Antrim HS Indoor Guard,77.24,16.07,16.07,15.3,14.9
2026,7,SA,Greencastle-Antrim HS Indoor Guard,82.94,16.87,16.47,16.6,16.2
2026,9,SA,Greencastle-Antrim HS Indoor Guard,85.393,16.707,17.435,16.95,16.8
2026,1,P-SA,Greencastle-Antrim HS Winter Percussion,69.95,19.95,21.6,14.4,14.0
2026,3,P-SA,Greencastle-Antrim HS Winter Percussion,69.9,20.55,20.85,14.3,14.2
2026,4,P-SA,Greencastle-Antrim HS Winter Percussion,71.65,21.45,21.6,14.6,14.0
2026,5,P-SA,Greencastle-Antrim HS Winter Percussion,74.35,21.6,22.35,15.1,15.3
2026,6,P-SA,Greencastle-Antrim HS Winter Percussion,77.35,22.35,22.8,16.6,15.6
2026,8,P-SA,Greencastle-Antrim HS Winter Percussion,82.25,24.75,24.3,16.6,16.6
2026,9,P-SA,Greencastle-Antrim HS Winter Percussion,86.925,27.225,25.575,17.075,17.05
2026,0,SJ,Greencastle-Antrim MS Guard,57.28,11.14,10.74,11.0,12.1
2026,1,SJ,Greencastle-Antrim MS Guard,61.01,12.01,9.6,13.8,12.7
2026,4,SJ,Greencastle-Antrim MS Guard,67.75,13.15,13.0,14.7,13.4
2026,5,SJ,Greencastle-Antrim MS Guard,72.59,13.55,14.14,14.7,15.4
2026,7,SJ,Greencastle-Antrim MS Guard,77.1,16.87,15.13,15.1,15.3
2026,9,SJ,Greencastle-Antrim MS Guard,84.94,16.47,17.27,17.5,17.8
2026,4,PSA,Greeneville High School Percussion,64.951,18.7,20.55,13.1,12.6
2026,9,PSA,Greeneville High School Percussion,74.001,21.4,22.2,15.2,15.2
2026,5,SA,Greeneville High School Winter Guard,63.41,12.61,13.8,11.7,12.2
2026,9,SA,Greeneville High School Winter Guard,73.011,13.88,14.53,14.6,15.0
2026,7,PSO,Greenfield-Central HS,85.876,24.825,17.6,26.2,17.25
2026,9,R2,Greenville HS,60.641,11.52,12.72,12.4,12.1
2026,7,PSO,Greenwood HS,90.488,26.587,18.575,27.05,18.275
2026,3,GSN,Greenwood JV Guard,73.06,14.78,15.98,13.9,14.2
2026,5,GSN,Greenwood JV Guard,75.8,14.98,14.72,14.2,16.0
2026,7,GSN,Greenwood JV Guard,74.08,15.98,15.7,14.3,14.7
2026,8,GSN,Greenwood JV Guard,78.76,16.32,16.24,15.0,14.8
2026,3,GSRB,Greenwood Varsity Guard,60.441,13.12,11.32,12.6,11.7
2026,5,GSRB,Greenwood Varsity Guard,55.44,8.54,11.5,12.5,12.4
2026,7,GSRB,Greenwood Varsity Guard,66.68,13.92,13.2,12.5,12.4
2026,9,R3,Greer HS Varsity,70.871,14.54,14.13,14.1,14.7
2026,2,SA,Gretna East HS,58.75,12.74,12.81,10.2,11.9
2026,3,SA,Gretna East HS,62.25,12.14,11.41,11.9,13.2
2026,6,SA,Gretna East HS,70.02,13.75,13.67,14.4,14.0
2026,9,SA,Gretna East HS,76.51,16.47,14.94,15.9,14.8
2026,2,SRA,Gretna HS,56.82,13.4,10.52,10.8,11.6
2026,3,SRA,Gretna HS,54.2,13.1,11.1,9.8,10.8
2026,5,SRA,Gretna HS,59.48,11.18,13.1,12.2,12.0
2026,6,SRA,Gretna HS,63.181,14.22,13.86,12.5,10.9
2026,9,SRA,Gretna HS,69.24,12.72,14.92,14.1,13.8
2026,7,PIA,Grind City Percussion Ensemble,83.175,24.375,16.35,25.5,16.95
2026,3,PSA,Grossmont HS,67.651,19.5,12.35,20.0,15.8
2026,6,PSA,Grossmont HS,65.375,19.275,14.25,18.3,13.55
2026,9,R3,Grossmont HS,70.95,21.45,14.1,20.8,14.6
2026,2,IRA,Grove City High School,67.56,14.72,13.14,13.0,13.9
2026,5,IRA,Grove City High School,75.36,15.66,14.9,14.8,14.7
2026,6,IRA,Grove City High School,74.96,15.38,15.38,15.5,14.3
2026,8,IRA,Grove City High School,78.3,15.3,14.9,16.9,15.1
2026,9,IRA,Grove City High School,79.31,15.78,16.68,14.6,16.35
2026,9,R1,Grovetown HS,59.64,12.12,11.12,12.5,12.2
2026,3,SA,Gulf Breeze High School Winter Guard,70.61,14.34,13.47,14.8,13.2
2026,5,SA,Gulf Breeze High School Winter Guard,78.03,16.06,14.47,15.6,16.3
2026,2,PSO,Gulfport H.S.,67.7,21.1,19.8,13.0,13.8
2026,0,R2,Gulfport H.S. JV,59.97,11.14,10.13,12.8,12.9
2026,2,SA,Gulfport H.S. JV,63.33,12.47,12.86,12.8,12.9
2026,0,SA,Gulfport H.S. Varsity,65.81,12.81,12.8,13.0,13.1
2026,2,SA,Gulfport H.S. Varsity,69.94,13.68,13.86,14.6,14.0
2026,7,PSO,Gulfport HS,76.151,22.5,15.25,23.1,15.3
2026,5,GSN,Gurdon Varsity Winter Guard,56.101,14.32,10.58,9.7,10.8
2026,8,GSN,Gurdon Varsity Winter Guard,65.581,14.32,13.86,12.6,12.1
2026,1,SA,H.L. Bourgeois H.S.,61.151,13.14,12.01,12.2,11.8
2026,0,R1,Hahnville H.S.,57.201,11.58,10.72,11.6,12.1
2026,3,SN,Halifax HS Color Guard,62.85,11.21,12.74,12.4,13.2
2026,4,SN,Halifax HS Color Guard,65.79,11.75,12.74,13.9,14.2
2026,5,SN,Halifax HS Color Guard,65.2,11.95,12.15,13.9,13.0
2026,6,SN,Halifax HS Color Guard,68.62,13.07,13.15,14.9,13.6
2026,7,SN,Halifax HS Color Guard,68.35,13.14,13.41,14.1,13.8
2026,8,SN,Halifax HS Color Guard,73.08,14.94,13.74,14.9,14.5
2026,9,SN,Halifax HS Color Guard,77.351,15.61,15.34,16.5,15.5
2026,5,PSO,Halls HS,82.55,25.35,16.5,24.4,16.3
2026,7,PSO,Halls HS,77.3,22.5,15.3,24.0,15.5
2026,4,PSO,Halls Indoor Percussion Ensemble,73.4,23.0,22.2,14.7,13.5
2026,9,PSO,Halls Indoor Percussion Ensemble,82.65,24.5,25.35,16.8,16.0
2026,2,SRA,Halls Winter Guard,61.52,12.24,11.28,12.3,12.7
2026,4,SRA,Halls Winter Guard,67.68,13.66,13.72,13.7,13.2
2026,5,SRA,Halls Winter Guard,75.16,15.32,15.14,15.3,14.8
2026,8,SA,Halls Winter Guard,78.63,15.52,15.21,16.2,15.7
2026,9,SA,Halls Winter Guard,81.14,16.0,16.14,16.5,16.6
2026,9,PSA,Hamilton High School Indoor Percussion,68.55,19.05,15.3,20.4,13.8
2026,9,SRA,Hamilton High School JV Winter Guard,86.02,18.08,16.34,18.4,16.3
2026,9,,Hamilton High School Winter Guard,86.1,16.93,16.87,17.6,17.2
2026,7,PSA,Hamilton Southeastern HS,81.725,24.075,16.55,24.55,16.55
2026,6,PSA,Hampton Township HS,74.85,22.65,15.6,21.9,14.7
2026,2,PSA,Hancock H.S.,63.351,19.4,18.75,12.6,12.6
2026,2,GIA,Hanford,56.75,97.4,112.1,12.8,11.8
2026,8,GIA,Hanford,67.48,134.1,136.7,13.3,12.8
2026,2,R2,Hanford HS Percussion,58.9,18.2,19.2,10.9,10.6
2026,4,PHSSRA,Hanford HS Percussion,65.15,21.1,19.35,13.4,11.3
2026,6,R2,Hanford HS Percussion,70.6,21.8,22.2,13.4,13.2
2026,8,PHSSRA,Hanford HS Percussion,72.2,21.6,13.9,22.0,14.7
2026,2,R2,Hanford HS Winterguard,58.18,11.52,14.06,11.2,10.8
2026,4,R2,Hanford HS Winterguard,63.22,13.04,12.38,13.0,12.5
2026,6,R1,Hanford HS Winterguard,64.78,12.66,12.12,13.3,14.0
2026,8,GHSSRA,Hanford HS Winterguard,76.0,14.78,14.72,16.2,14.0
2026,7,SRA,Hanford High School,72.27,14.46,14.3,14.3,14.75
2026,9,SRA,Hanford High School,83.485,16.8,17.26,16.7,17.4
2026,2,R2,Hanford West HS Indoor Percussion,64.0,18.8,21.45,11.05,12.7
2026,6,R1,Hanford West HS Indoor Percussion,77.7,23.7,23.1,15.6,15.3
2026,8,PHSSRA,Hanford West HS Indoor Percussion,80.55,23.9,24.45,16.2,16.0
2026,2,GHSSA,Hanford West HS Winterguard,61.11,121.4,132.7,12.2,11.8
2026,8,GHSSA,Hanford West HS Winterguard,77.98,154.1,156.7,15.6,16.2
2026,0,SRA,Hanover HS Guard,50.051,10.61,11.14,8.4,9.5
2026,2,SRA,Hanover HS Guard,53.691,10.35,11.54,11.4,9.8
2026,4,SRA,Hanover HS Guard,59.211,12.74,11.87,11.3,12.5
2026,5,SRA,Hanover HS Guard,67.621,13.08,13.34,13.2,15.3
2026,8,SRA,Hanover HS Guard,71.15,14.21,14.14,14.9,13.3
2026,9,SRA,Hanover HS Guard,75.501,15.2,14.8,15.6,15.3
2026,2,SRA,Hardin Valley A,68.7,14.24,14.16,13.8,13.3
2026,5,SA,Hardin Valley A,69.48,14.14,13.74,14.3,13.5
2026,8,SA,Hardin Valley A,80.35,16.67,14.88,15.9,16.4
2026,9,SA,Hardin Valley A,85.57,18.33,16.34,16.6,17.2
2026,4,PSA,Hardin Valley Academy,71.85,21.8,21.75,13.9,14.4
2026,5,PSA,Hardin Valley Academy,83.55,25.95,16.5,24.8,16.3
2026,9,PSA,Hardin Valley Academy,86.4,25.3,25.8,17.4,17.9
2026,2,P,Hardin Valley Middle School Winter Guard,54.94,10.66,11.08,11.3,10.6
2026,5,P,Hardin Valley Middle School Winter Guard,67.43,13.62,14.21,11.9,14.3
2026,8,P,Hardin Valley Middle School Winter Guard,76.62,15.08,16.54,14.7,15.6
2026,9,P,Hardin Valley Middle School Winter Guard,83.46,16.48,16.08,16.5,17.2
2026,2,SO,Hardin Valley Open,58.9,12.1,11.8,12.5,10.8
2026,5,SO,Hardin Valley Open,73.9,15.2,15.3,15.2,14.1
2026,9,SO,Hardin Valley Open,80.1,15.7,16.5,16.3,16.0
2026,4,PSA,Hardin Valley Percussion,71.85,21.8,21.75,13.9,14.4
2026,9,PSA,Hardin Valley Percussion,86.4,25.3,25.8,17.4,17.9
2026,5,R1,Harriet Eddy Middle School,63.06,12.24,13.52,12.7,12.4
2026,7,R2,Harriet Eddy Middle School,73.26,15.06,15.0,14.2,13.9
2026,0,R1,Harrison Central H.S. Varsity,62.68,12.66,12.22,12.9,12.8
2026,2,R2,Harrison Central H.S. Varsity,68.36,13.42,13.54,14.3,14.6
2026,2,PIA,Harrison County,67.65,20.2,19.65,13.4,14.4
2026,8,PSA,Harrison HS,75.551,22.35,15.1,23.0,15.1
2026,5,PSA,Hart County HS,64.35,19.05,12.5,20.4,12.4
2026,5,PIO,Heartland Indoor Percussion,68.65,18.15,12.8,23.6,14.1
2026,7,PIO,Heartland Indoor Percussion,72.7,21.9,14.5,21.8,14.5
2026,2,B1,Helix CHS,73.35,21.75,16.1,20.4,15.1
2026,6,PSA,Helix CHS,81.55,24.15,16.6,24.3,16.5
2026,9,R2,Helix CHS,90.6,27.6,18.8,26.2,18.0
2026,7,PSA,Helix Charter High School,84.95,25.35,16.9,25.6,17.1
2026,8,PSO,Hempfield HS,84.0,25.2,16.8,24.8,17.2
2026,0,SA,Hempfield HS Guard,60.91,12.94,12.47,10.0,13.4
2026,1,SA,Hempfield HS Guard,57.59,13.61,10.08,11.1,11.8
2026,7,SA,Hempfield HS Guard,82.31,16.27,16.74,16.6,16.6
2026,9,SA,Hempfield HS Guard,85.488,16.6,16.788,17.6,17.25
2026,0,SN,Hempfield HS JV Guard,57.75,11.41,11.54,11.2,11.1
2026,1,SN,Hempfield HS JV Guard,63.31,12.54,11.07,13.2,13.2
2026,3,SN,Hempfield HS JV Guard,68.98,12.94,13.34,13.7,14.0
2026,7,SN,Hempfield HS JV Guard,77.91,15.07,14.94,16.4,15.8
2026,9,SN,Hempfield HS JV Guard,84.05,16.34,16.41,17.8,17.4
2026,0,P-SO,Hempfield Indoor Percussion Ensemble,72.45,22.2,21.45,13.9,14.9
2026,3,P-SO,Hempfield Indoor Percussion Ensemble,73.65,22.05,21.9,15.3,14.4
2026,4,P-SO,Hempfield Indoor Percussion Ensemble,77.3,23.25,22.35,15.8,15.9
2026,7,P-SO,Hempfield Indoor Percussion Ensemble,85.2,25.95,25.65,17.3,16.3
2026,9,P-SO,Hempfield Indoor Percussion Ensemble,89.15,28.275,26.625,17.1,17.15
2026,2,PSA,Henryville HS,60.6,17.1,13.2,18.2,12.1
2026,3,PSA,Henryville HS,63.7,18.9,12.5,19.9,12.4
2026,4,PSA,Henryville HS,61.9,18.3,12.9,18.1,12.6
2026,7,PR,Henryville HS,64.601,12.98,14.12,12.4,12.6
2026,8,PR,Henryville HS,64.601,14.18,13.52,12.6,12.0
2026,9,PSA,Henryville HS,63.3,18.6,13.3,18.6,12.8
2026,5,SRA,Heritage Hills HS,57.101,12.16,10.04,11.6,11.3
2026,7,BR,Heritage Hills HS,64.38,12.66,13.32,13.2,12.9
2026,4,PSA,Heritage Indoor Percussion Ensemble,67.001,19.9,20.1,13.4,13.6
2026,7,PSA,Heritage Indoor Percussion Ensemble,73.0,23.8,20.7,13.7,14.8
2026,9,PSA,Heritage Indoor Percussion Ensemble,79.001,21.7,24.0,16.4,16.9
2026,2,SA,Heritage Indoor Performance Ensemble  - HIPE BLUE,56.66,11.01,10.15,11.1,12.0
2026,4,SA,Heritage Indoor Performance Ensemble  - HIPE BLUE,62.18,12.47,12.41,13.0,11.8
2026,5,SA,Heritage Indoor Performance Ensemble  - HIPE BLUE,67.83,13.15,14.88,13.2,13.3
2026,7,SA,Heritage Indoor Performance Ensemble  - HIPE BLUE,75.55,16.15,14.9,14.8,14.3
2026,9,SA,Heritage Indoor Performance Ensemble  - HIPE BLUE,82.82,17.6,15.02,16.5,17.0
2026,4,SRA,Heritage Indoor Performance Ensemble - HIPE RED,51.941,9.52,9.72,11.5,10.3
2026,7,SRA,Heritage Indoor Performance Ensemble - HIPE RED,66.48,12.46,13.3,14.2,12.8
2026,9,SRA,Heritage Indoor Performance Ensemble - HIPE RED,69.741,14.32,13.92,13.2,14.5
2026,7,PSA,Hermiston Indoor,66.35,18.6,18.45,14.6,14.7
2026,5,PSO,Hernando HS,79.4,25.2,15.3,22.7,16.2
2026,7,PSO,Hernando HS,83.975,24.375,17.4,24.9,17.3
2026,6,PSA,Herriman HS,74.7,22.5,14.6,22.9,14.7
2026,8,PSA,Hewitt-Trussville HS,85.05,26.25,17.1,25.2,16.5
2026,8,PSO,Hickory HS,80.201,23.7,15.2,25.6,15.7
2026,1,SJ,Highland Hills MS,56.7,10.1,10.3,11.4,12.7
2026,2,SJ,Highland Hills MS,52.24,11.16,11.18,9.3,10.2
2026,4,SJ,Highland Hills MS,69.98,12.16,13.32,13.7,16.0
2026,7,SJ,Highland Hills MS,73.58,14.0,12.98,15.0,15.4
2026,8,SJ,Highland Hills MS,73.32,14.46,14.86,15.4,12.9
2026,9,SJ,Highland Hills MS,80.32,16.0,15.52,16.2,16.6
2026,5,PSO,Highland Park HS,73.2,22.2,13.7,22.45,14.85
2026,2,PSA,Highland Regional,68.85,20.85,14.7,19.3,14.0
2026,4,PSA,Highland Regional,79.1,24.3,15.0,23.4,16.4
2026,8,PSA,Highland Regional,87.15,26.1,17.5,26.7,16.85
2026,9,PSA,Highland Regional,79.25,23.25,17.5,22.1,16.4
2026,6,B2,Highland Regional HS,76.301,22.05,15.3,24.0,14.95
2026,1,BR,Highlands HS JV,59.32,11.14,12.18,12.2,12.4
2026,4,SRA,Highlands HS JV,68.2,13.78,12.72,13.8,14.1
2026,5,SRA,Highlands HS JV,73.82,15.32,16.4,14.0,13.7
2026,8,PR,Highlands HS JV,84.42,16.46,16.46,17.4,16.7
2026,9,SRA,Highlands HS JV,84.72,16.46,17.66,16.8,16.3
2026,1,BR,Highlands HS Varsity,60.51,11.53,11.88,12.4,12.4
2026,4,SA,Highlands HS Varsity,72.11,14.54,14.67,14.3,14.4
2026,9,BR,Highlands HS Varsity,85.54,16.87,17.47,16.7,18.1
2026,5,PSA,Higley HS,73.201,21.0,15.0,21.1,16.1
2026,2,SRA,Hiland High School,53.881,10.04,11.84,10.7,11.6
2026,5,SRA,Hiland High School,64.601,11.04,13.16,13.2,13.6
2026,6,SRA,Hiland High School,65.94,12.82,13.52,12.3,13.5
2026,8,SRA,Hiland High School,65.94,13.24,11.5,14.0,13.5
2026,9,SRA,Hiland High School,75.441,14.1,15.34,15.1,15.4
2026,9,R1,Hillcrest HS JV,64.7,11.12,13.58,13.3,13.5
2026,9,R1,Hillcrest HS Varsity,70.261,14.35,13.61,13.9,13.7
2026,9,N,Hilliard Bradley JV,82.36,17.0,16.26,16.7,16.4
2026,9,SA,Hilliard Bradley Winter Guard,81.43,16.66,16.27,16.4,16.5
2026,2,SRA,Hilliard Darby High School,77.52,13.58,14.14,14.5,14.3
2026,5,SRA,Hilliard Darby High School,71.64,13.58,13.56,14.4,14.3
2026,6,SRA,Hilliard Darby High School,70.921,14.9,14.72,14.0,13.8
2026,8,SRA,Hilliard Darby High School,76.1,15.58,14.92,15.9,14.8
2026,2,JN,Hilliard Davidson Juniors,62.636,9.688,10.528,13.58,14.28
2026,5,JN,Hilliard Davidson Juniors,69.86,10.976,13.664,15.68,14.98
2026,8,JN,Hilliard Davidson Juniors,81.536,16.24,14.336,17.22,18.06
2026,2,SRA,Hilliard Davidson Winterguard,68.48,12.6,15.08,13.0,14.1
2026,5,SRA,Hilliard Davidson Winterguard,74.16,12.38,15.98,14.8,15.3
2026,8,SRA,Hilliard Davidson Winterguard,73.86,15.18,13.18,15.4,15.0
2026,9,SRA,Hilliard Davidson Winterguard,87.93,17.86,16.12,17.6,18.35
2026,2,N,Hilliard Davidson Winterguard JV,69.104,10.864,11.9,15.26,16.38
2026,5,N,Hilliard Davidson Winterguard JV,81.844,15.568,18.256,16.8,15.82
2026,8,N,Hilliard Davidson Winterguard JV,83.496,16.604,15.232,17.64,16.1
2026,7,PSA,Hollister HS,71.75,21.15,14.0,22.1,14.5
2026,5,PSA,Holly Springs HS,71.601,19.95,15.0,22.35,14.3
2026,6,IO,Homage Independent,83.8,16.8,17.0,16.7,16.6
2026,9,IO,Homage Independent,90.4,17.6,18.6,17.8,18.4
2026,7,PSW,Homestead HS (CA),77.1,23.1,16.9,21.5,15.6
2026,7,PSA,Homestead HS (IN),87.625,25.875,17.75,26.5,17.5
2026,2,PSO,Hoover HS,69.6,23.1,12.8,20.5,13.2
2026,5,PSO,Hoover HS,78.45,24.3,16.8,23.65,13.7
2026,8,PSO,Hoover HS,83.1,25.2,16.6,24.7,16.6
2026,0,PHSSRA,Hoover HS Winter Percussion,62.101,19.4,18.0,13.2,11.5
2026,6,R1,Hoover HS Winter Percussion,68.55,20.3,20.25,13.5,14.5
2026,8,PHSSRA,Hoover HS Winter Percussion,65.5,18.6,12.8,21.5,12.6
2026,6,R2,Hoover HS Winterguard,64.33,12.12,13.46,12.7,13.1
2026,8,GHSSRA,Hoover HS Winterguard,66.541,12.04,12.5,14.2,13.5
2026,5,R2,Hoover MS,58.68,12.44,11.84,11.5,11.3
2026,3,GSRB,Hope Varsity Winter Guard,62.18,13.16,11.52,12.9,12.2
2026,8,GSRB,Hope Varsity Winter Guard,70.38,13.16,15.12,14.1,13.7
2026,2,PSA,Hopewell Valley Central,64.701,19.8,12.6,18.7,13.6
2026,4,PSA,Hopewell Valley Central,67.45,21.15,12.4,19.6,14.3
2026,7,PSA,Hopewell Valley Central,74.351,22.05,15.6,22.2,14.5
2026,8,PSA,Hopewell Valley Central,74.5,21.3,15.2,22.2,15.8
2026,9,PSA,Hopewell Valley Central,77.55,22.95,15.3,24.6,14.7
2026,6,B1,Hopewell Valley Central HS,73.451,21.75,13.8,23.55,14.35
2026,6,PIA,Horizon Percussion,83.4,25.8,15.7,25.0,16.9
2026,0,C,Houma Christian Cadets,55.1,9.94,11.06,11.0,11.6
2026,2,C,Houma Christian Cadets,59.37,12.02,11.75,12.9,11.0
2026,0,SA,Houma Christian Elite,56.141,11.01,9.93,11.3,12.5
2026,2,SA,Houma Christian Elite,61.671,12.93,12.14,12.2,12.6
2026,0,C,Houma J.H.S.,56.22,11.01,11.01,12.0,11.2
2026,0,SA,Houma. LA,56.141,11.01,9.93,11.3,12.5
2026,2,SA,Houma. LA,61.671,12.93,12.14,12.2,12.6
2026,6,PSO,Hudsonville HS,78.8,23.7,16.0,23.5,15.6
2026,3,PSO,Hudsonville Winter Percussion,67.6,20.7,13.6,19.8,13.5
2026,8,PSO,Hudsonville Winter Percussion,83.15,25.35,16.1,24.9,16.8
2026,9,PSO,Hudsonville Winter Percussion,85.4,25.8,16.7,25.2,17.7
2026,9,GIRA,Huron Elementary Winterguard,57.54,12.12,10.12,10.7,12.2
2026,4,PIO,Huron Valley Percussion,75.1,23.7,14.4,21.7,15.3
2026,6,PIO,Huron Valley Percussion,79.05,24.15,16.7,23.0,15.2
2026,7,PIO,Huron Valley Percussion,81.9,24.3,16.8,23.8,17.0
2026,7,PIA,IGNITE Winter Percussion,73.251,20.55,14.0,23.1,15.6
2026,6,PIW,IMPACT Percussion,83.35,25.35,16.5,25.4,16.1
2026,5,PIO,Imperial Dynasty,77.7,22.8,14.9,25.0,15.0
2026,6,PIO,Imperial Dynasty,83.9,25.5,16.9,24.6,16.9
2026,8,PIO,Imperial Dynasty,87.5,25.8,17.5,26.9,17.3
2026,4,PSA,Imperial HS,69.75,20.25,13.6,21.6,14.3
2026,6,PSA,Impulse,74.55,20.55,15.2,23.1,15.7
2026,8,PSA,Impulse,75.025,21.825,15.2,23.0,15.0
2026,9,PSA,Impulse,82.751,24.9,17.2,23.8,16.85
2026,7,PSA,Independence HS (Bakersfield),77.601,24.0,15.6,23.0,15.0
2026,9,JHCG,Indian Lake Junior Guard,71.001,14.0,14.0,15.0,13.7
2026,9,SRA,Indian Lake Winter Guard,71.4,12.78,15.12,15.3,13.6
2026,9,R4,Indian Land HS JV,68.481,12.84,14.54,13.8,13.5
2026,3,PSA,Indianapol,72.05,21.15,14.2,22.0,14.7
2026,4,PIW,Infinity,84.825,25.725,17.2,24.85,17.05
2026,8,PIW,Infinity,92.075,27.825,18.55,27.4,18.3
2026,4,PIW,Infinity 2,78.825,23.775,16.4,22.4,16.25
2026,8,PIW,Infinity 2,83.326,25.2,16.75,25.525,15.85
2026,4,PIO,Infinity 3,78.4,23.25,15.8,23.15,16.2
2026,8,PIO,Infinity 3,85.925,25.65,17.0,26.0,17.275
2026,2,PIW,Instinct,73.8,22.2,15.0,21.8,14.8
2026,4,PIW,Instinct,76.501,24.6,15.2,22.2,14.5
2026,5,PIW,Instinct,77.35,23.55,15.5,23.4,14.9
2026,7,PIW,Instinct,78.726,23.625,16.45,22.65,16.0
2026,1,SRA,Iowa H.S.,54.841,11.58,11.06,10.7,10.6
2026,2,R2,Iowa H.S.,61.96,12.36,12.1,12.4,14.2
2026,0,IW,Iris Independent,52.9,9.3,9.2,11.3,12.1
2026,9,R1,Irmo HS Varsity,77.96,14.99,15.27,15.2,16.8
2026,9,R3,J.L. Mann HS,71.641,13.96,13.98,14.0,14.4
2026,3,SA,J.R. Arnold HS Winter Guard,61.12,11.88,12.34,12.3,12.0
2026,8,PIA,JISD Combined Indoor Percussion,78.025,22.875,16.15,24.3,14.7
2026,5,IA,Jaguar Winter Guard,74.35,15.54,13.81,15.0,14.7
2026,1,SRA,James Buchanan HS Guard,54.191,11.08,10.61,10.9,10.6
2026,4,SRA,James Buchanan HS Guard,60.05,12.41,10.94,12.4,12.7
2026,7,SRA,James Buchanan HS Guard,70.721,14.14,13.88,14.2,14.4
2026,9,SRA,James Buchanan HS Guard,74.771,15.65,14.77,14.3,15.35
2026,9,SP-SRA,James Buchanan HS Percussion,78.8,40.1,39.6,39.1,38.8
2026,7,PSA,James C. Enochs HS,82.15,25.05,16.0,24.9,16.2
2026,7,PSW,James Logan HS,88.05,26.7,18.25,25.7,17.4
2026,3,IA,Jay Independent,68.6,13.55,13.35,14.4,13.3
2026,9,R2,Jay M Robinson HS,65.601,13.54,13.66,12.5,12.6
2026,4,PSRA,Jefferson County High School Indoor Percussion,60.7,18.2,18.6,12.1,11.8
2026,7,PSRA,Jefferson County High School Indoor Percussion,67.2,21.8,19.8,12.4,13.2
2026,9,PSRA,Jefferson County High School Indoor Percussion,75.6,22.8,22.5,14.8,15.5
2026,4,SA,Jefferson County Winter Guard,57.02,11.54,12.0,10.7,11.1
2026,5,SA,Jefferson County Winter Guard,59.551,12.21,12.14,12.1,11.0
2026,7,SA,Jefferson County Winter Guard,68.04,15.67,13.3,12.7,12.1
2026,8,SA,Jefferson County Winter Guard,71.15,15.47,14.28,14.0,14.1
2026,9,SA,Jefferson County Winter Guard,74.651,15.54,15.21,15.1,15.2
2026,2,BR,Jeffersonville HS,51.86,9.8,11.56,9.6,10.1
2026,3,SRA,Jeffersonville HS,60.36,12.18,11.98,11.5,11.6
2026,4,PR,Jeffersonville HS,60.96,12.24,12.72,11.8,12.1
2026,5,SRA,Jeffersonville HS,67.74,13.7,14.44,12.8,13.7
2026,6,SRA,Jeffersonville HS,66.58,12.82,12.36,14.4,13.5
2026,7,SRA,Jeffersonville HS,70.9,14.16,14.44,14.3,14.1
2026,8,BR,Jeffersonville HS,73.681,15.04,14.64,14.2,14.5
2026,1,SRA,Jennings H.S.,61.36,13.04,12.32,12.3,11.9
2026,2,R1,Johansen HS,63.5,18.6,12.1,20.7,12.1
2026,4,PSRA,Johansen HS,65.75,18.75,13.7,20.7,12.6
2026,5,R1,Johansen HS,67.3,19.8,13.7,20.6,13.2
2026,7,R1,Johansen HS,70.05,24.15,12.2,20.5,13.2
2026,3,PSA,John Burroughs HS,69.9,19.8,14.1,22.3,13.7
2026,6,PSA,John Burroughs HS,69.801,20.7,14.4,20.9,13.8
2026,9,R4,John Burroughs HS,77.5,24.3,14.3,23.8,15.1
2026,6,PSA,John C. Birdlebough HS,82.875,24.975,16.075,25.225,16.6
2026,8,PSA,John Champe HS,76.351,22.95,14.8,24.4,14.2
2026,6,PSA,John F. Kennedy HS,75.15,22.65,14.9,22.5,15.1
2026,2,PR,John Hardin HS,57.26,10.28,11.88,11.8,11.5
2026,6,BR,John Hardin HS,68.531,12.75,12.88,14.0,14.9
2026,7,BR,John Hardin HS,72.89,15.27,14.22,14.1,14.8
2026,9,BR,John Hardin HS,72.511,14.15,14.06,15.0,15.1
2026,5,PSO,John Marshall HS,72.025,22.425,13.8,21.85,13.95
2026,6,B2,John P. Stevens HS,71.351,21.75,13.2,22.1,14.3
2026,1,PSA,Jordan Elbridge,71.6,20.6,22.2,14.6,14.2
2026,4,PSA,Jordan Elbridge,83.55,25.0,25.65,16.3,16.6
2026,5,PSA,Jordan Elbridge,86.45,25.4,26.55,17.2,17.3
2026,6,PSA,Jordan Elbridge,88.7,25.9,26.7,18.1,18.0
2026,5,PSO,Jordan HS,80.9,24.45,15.5,25.2,15.75
2026,3,PSA,Jordan-Elbridge HS,81.85,25.05,17.5,23.4,15.9
2026,2,PHSSA,Justin Garza HS Indoor Percussion,72.05,21.0,23.85,13.4,13.8
2026,8,PHSSA,Justin Garza HS Indoor Percussion,82.15,24.2,22.95,17.4,17.6
2026,5,R1,Justin Garza High School,65.0,13.4,12.3,13.6,13.4
2026,2,R1,Justin Garza Winter Guard,55.74,12.12,10.12,11.3,11.4
2026,4,R2,Justin Garza Winter Guard,64.36,12.38,12.58,13.4,12.3
2026,8,GHSSRA,Justin Garza Winter Guard,69.3,12.38,12.52,15.6,14.1
2026,9,IW,Juxtaposition,92.2,18.4,18.5,18.2,18.7
2026,1,PIO,Kaizen,75.3,23.7,15.4,21.7,14.5
2026,5,PIO,Kaizen,84.7,25.5,17.3,25.2,16.7
2026,7,PIW,Kaizen,83.601,25.2,16.4,25.2,16.8
2026,4,PIO,Kaizen Percussion,83.05,25.65,16.3,24.7,16.4
2026,2,SRA,Kaleidoscope,66.54,10.9,10.84,12.9,12.2
2026,5,SRA,Kaleidoscope,72.56,13.3,13.36,13.9,12.2
2026,6,SRA,Kaleidoscope,72.98,12.56,14.7,12.8,13.1
2026,8,SRA,Kaleidoscope,72.54,13.3,11.64,14.3,12.2
2026,8,SA,Kamiak High School,80.25,15.81,15.94,16.3,17.1
2026,9,SA,Kamiak High School,83.58,16.41,17.27,16.7,16.4
2026,5,SRA,Kamiakin High School,56.74,9.62,10.92,13.0,10.7
2026,7,SRA,Kamiakin High School,66.081,13.44,12.6,13.3,13.3
2026,9,SRA,Kamiakin High School,74.991,14.58,15.46,15.2,16.5
2026,5,PIA,Kannapolis Independent,79.25,25.05,13.5,25.1,15.6
2026,5,PSA,Karns HS,76.975,22.575,16.3,23.4,14.7
2026,2,SRA,Karns High School JV Guard,55.021,10.44,11.18,11.9,10.7
2026,4,SRA,Karns High School JV Guard,65.1,13.06,12.94,13.1,13.9
2026,8,SRA,Karns High School JV Guard,76.58,15.24,15.94,15.0,15.3
2026,9,R2,Karns High School JV Guard,78.981,16.26,15.12,16.0,16.2
2026,2,SA,Karns High School Varsity Winter Guard,59.37,12.86,10.81,11.3,12.2
2026,4,SA,Karns High School Varsity Winter Guard,65.31,13.87,12.94,13.8,11.9
2026,8,SA,Karns High School Varsity Winter Guard,79.88,15.94,15.54,16.2,16.3
2026,9,SA,Karns High School Varsity Winter Guard,81.85,16.87,16.28,15.8,16.5
2026,4,PSA,Karns Indoor Percussion,70.4,21.2,20.7,14.3,14.2
2026,8,PSA,Karns Indoor Percussion,81.2,23.9,24.6,16.5,16.2
2026,9,PSA,Karns Indoor Percussion,83.7,23.5,24.6,18.1,17.5
2026,2,B2,Katella HS,64.751,18.75,13.3,19.6,13.1
2026,5,B2,Katella HS,76.65,23.25,15.4,23.6,14.4
2026,7,PSA,Katella HS,77.45,23.55,14.8,23.1,16.0
2026,9,R2,Katella HS,82.351,24.3,17.7,24.3,16.05
2026,5,IRA,Kennedy Catholic Combined JV,56.26,10.22,11.44,11.9,10.1
2026,8,IRA,Kennedy Catholic Combined JV,68.74,13.12,14.52,13.4,14.5
2026,9,IRA,Kennedy Catholic Combined JV,71.04,13.38,15.66,13.9,13.7
2026,5,IS,Kennedy Catholic Combined Varsity,52.2,10.09,11.01,11.9,8.4
2026,8,IS,Kennedy Catholic Combined Varsity,66.91,12.47,12.34,14.1,14.1
2026,9,IS,Kennedy Catholic Combined Varsity,68.68,12.94,12.94,13.5,14.7
2026,7,SRA,Kennewick Winter Guard,71.24,13.92,14.0,14.6,14.8
2026,9,SRA,Kennewick Winter Guard,85.71,17.4,17.66,16.9,17.3
2026,2,N,Kenton High School Winter Guard,64.848,10.948,11.62,15.26,14.28
2026,6,N,Kenton High School Winter Guard,68.74,11.396,11.704,14.84,14.7
2026,8,N,Kenton High School Winter Guard,80.92,14.896,14.784,19.04,16.38
2026,5,PSO,Kettering Fairmont HS,79.475,23.925,16.3,23.45,15.8
2026,7,PSO,Kettering Fairmont HS,78.275,23.325,16.2,23.3,15.45
2026,9,SO,Kettering Fairmont High School,84.4,17.2,16.8,16.7,16.9
2026,9,PSO,Kettering Fairmont Indoor Percussion,83.4,24.0,17.1,26.6,15.7
2026,9,SRA,Kettering Junior Varsity,78.0,16.68,14.92,16.1,14.8
2026,9,JHCG,Kettering Juniors,72.6,14.3,14.3,14.6,14.7
2026,7,PSA,Kickapoo HS,83.4,24.6,16.95,25.05,16.8
2026,8,PSA,Kings,86.0,25.8,17.2,27.1,15.9
2026,9,PSA,Kings,91.6,27.3,18.7,28.0,17.6
2026,5,PSA,Kings HS,85.075,25.575,17.35,25.35,16.8
2026,9,,Kings HS,79.65,15.94,16.01,15.6,16.0
2026,9,N,Kings Junior Varisty,79.18,16.32,15.46,16.1,15.8
2026,0,GHSSA,Kingsburg HS Winterguard,52.11,103.4,11.0,10.3,10.8
2026,2,GHSSA,Kingsburg HS Winterguard,57.78,109.4,129.4,11.4,11.0
2026,5,SA,Kingston,63.99,12.41,13.68,13.0,11.6
2026,7,SA,Kingston,69.48,15.68,13.8,13.0,12.6
2026,9,SA,Kingston,78.22,15.88,15.74,15.7,16.0
2026,2,PSO,Kingsway Regional,68.45,19.95,14.6,19.8,14.1
2026,3,PSO,Kingsway Regional,69.95,20.25,14.0,21.7,14.0
2026,4,PSO,Kingsway Regional,76.15,22.35,15.0,23.0,15.8
2026,7,PSO,Kingsway Regional,77.5,23.7,15.0,23.4,15.4
2026,9,PSO,Kingsway Regional,78.35,23.55,15.9,23.3,15.6
2026,6,PSO,Kingsway Regional HS,75.051,22.65,14.7,23.0,14.7
2026,4,SRA,Knoxville Central High School Varisty Winterguard,63.141,13.26,13.18,11.7,13.1
2026,8,SRA,Knoxville Central High School Varisty Winterguard,76.8,15.92,16.58,14.9,14.8
2026,9,R2,Knoxville Central High School Varisty Winterguard,79.66,16.84,15.72,15.4,16.4
2026,9,IO,Kompass Winterguard,70.5,13.9,14.8,13.7,13.9
2026,2,B1,La Habra HS,76.95,23.55,15.0,24.5,13.9
2026,5,PSA,La Habra HS,80.2,24.15,16.2,25.25,14.6
2026,8,PSO,La Habra HS,79.651,24.45,16.3,22.6,16.3
2026,9,GJHSA,La Joya MS Winterguard,54.761,10.84,10.12,10.8,11.8
2026,2,B2,La Quinta HS,67.9,19.2,13.6,21.2,13.9
2026,5,PSA,La Quinta HS,76.301,22.65,14.2,24.1,15.35
2026,8,PSA,La Quinta HS,80.35,25.5,15.2,23.15,16.5
2026,9,R3,La Quinta HS,82.451,25.05,16.4,24.4,16.6
2026,1,JV,Lafayette H.S. JV,61.96,12.72,10.34,12.7,13.0
2026,2,JV,Lafayette H.S. JV,68.6,13.88,14.12,14.2,13.7
2026,1,SA,Lafayette H.S. Varsity,64.28,12.94,11.74,12.6,13.8
2026,2,SA,Lafayette H.S. Varsity,68.79,14.21,14.48,14.1,13.5
2026,3,SA,Lafayette HS,69.42,15.14,14.68,13.4,13.9
2026,5,SA,Lafayette HS,76.57,15.74,14.93,14.9,15.3
2026,6,SA,Lafayette HS,78.72,15.48,15.74,15.4,16.0
2026,7,SA,Lafayette HS,81.35,16.27,15.28,16.7,16.3
2026,9,PR,Lafayette HS,84.8,16.14,17.06,17.3,16.3
2026,3,SA,Lafayette HS - JV,57.941,11.73,11.21,12.1,12.2
2026,5,SA,Lafayette HS - JV,62.891,12.15,14.14,12.4,11.9
2026,6,BR,Lafayette HS - JV,68.591,13.35,14.14,14.2,13.4
2026,9,BR,Lafayette HS - JV,71.8,14.34,14.46,14.8,14.5
2026,7,PSO,Laguna Creek HS,72.551,21.3,14.4,21.85,15.0
2026,5,SO,Laguna Creek HS Winter Guard,77.0,15.7,15.5,15.3,15.2
2026,5,B1,Laguna Hills HS,71.551,21.3,13.2,23.05,14.0
2026,8,B1,Laguna Hills HS,76.35,21.75,14.5,25.4,14.7
2026,9,R2,Laguna Hills HS,78.95,23.25,15.5,24.7,15.5
2026,4,PIA,Lake Effect Percussion,73.25,21.45,14.6,22.1,15.1
2026,6,PIA,Lake Effect Percussion,81.85,24.75,17.0,23.7,16.4
2026,9,PIA,Lake Effect Percussion,83.5,24.9,16.4,25.0,17.2
2026,6,PSA,Lake Hamilton HS,82.05,24.15,16.8,24.8,16.3
2026,7,PSA,Lake Hamilton Indoor Percussion,84.65,24.15,17.2,26.5,16.8
2026,8,PSA,Lake Hamilton Indoor Percussion,84.95,25.35,17.3,25.7,16.6
2026,9,R2,Lake Norman HS JV,73.98,15.14,14.74,15.2,14.1
2026,9,R2,Lake Norman Valor,76.22,13.8,15.42,15.5,15.3
2026,6,PSA,Lake Orion HS,77.65,23.25,16.2,22.5,15.7
2026,4,PSA,Lake Orion Percussion,71.8,21.6,14.5,21.6,14.1
2026,7,PSA,Lake Orion Percussion,80.1,23.7,16.1,23.5,16.8
2026,0,R2,Lakeshore H.S.,58.76,11.08,11.98,11.0,12.0
2026,2,R2,Lakeshore H.S.,68.78,14.92,14.06,13.5,15.2
2026,9,C,Lakeside Cadets,61.1,11.72,12.18,13.1,11.7
2026,9,R1,Lakeside HS Varsity,77.94,15.07,15.07,15.1,17.2
2026,5,PSA,Lakeway Christian Academy,77.85,24.75,15.6,23.8,13.7
2026,8,PSA,Lakeway Christian Academy,76.701,22.8,15.4,23.9,14.6
2026,9,PSA,Lakeway Christian Academy Percussion,85.0,24.7,25.2,18.0,17.1
2026,2,SA,Lakeway Christian Academy Winterguard,54.36,11.21,11.0,11.0,10.6
2026,8,SA,Lakeway Christian Academy Winterguard,73.72,15.14,14.08,14.3,15.1
2026,9,SA,Lakeway Christian Academy Winterguard,73.861,14.08,14.08,15.3,15.8
2026,5,PSA,Lakewood HS,70.75,21.75,13.0,22.0,14.0
2026,8,PSA,Lakewood HS,70.15,20.85,14.0,22.1,13.2
2026,9,R1,Lakewood HS,76.425,22.125,15.0,23.9,15.4
2026,9,SRA,Lakota East JV Winter Guard,73.08,13.38,15.0,14.7,14.7
2026,9,,Lakota East Varsity Winter Guard,85.98,16.94,17.74,17.2,17.1
2026,4,SRA,Lakota West HS JV,64.74,12.58,12.46,13.8,12.9
2026,6,SRA,Lakota West HS JV,72.001,14.54,13.86,16.2,13.4
2026,8,PR,Lakota West HS JV,76.681,14.44,14.94,16.2,15.2
2026,4,SA,Lakota West HS Varsity,70.72,14.35,14.27,14.7,13.8
2026,6,BR,Lakota West HS Varsity,75.35,14.88,15.07,15.2,15.1
2026,9,BR,Lakota West HS Varsity,82.03,16.34,16.94,16.5,16.5
2026,8,PSO,Lambert HS,78.576,23.4,15.3,24.875,15.0
2026,2,SRA,Lancaster High School,58.041,10.3,11.64,12.7,11.9
2026,5,SRA,Lancaster High School,67.061,11.5,15.46,13.0,12.5
2026,8,SRA,Lancaster High School,68.471,14.27,12.3,14.5,13.9
2026,9,SRA,Lancaster High School,77.051,15.98,14.32,16.0,15.35
2026,9,R4,Landrum HS,67.601,13.18,13.32,14.0,13.4
2026,5,PSA,Langham Creek HS,76.401,22.5,16.1,22.1,15.7
2026,1,SA,Larry A Ryle HS,69.86,12.74,14.42,14.7,14.7
2026,3,SA,Larry A Ryle HS,74.99,14.75,14.54,15.6,14.9
2026,6,SA,Larry A Ryle HS,85.54,17.07,16.87,16.9,17.5
2026,9,BR,Larry A Ryle HS,91.6,18.27,18.73,17.8,18.6
2026,1,PR,Larry A Ryle HS JV,61.62,10.94,12.28,12.9,13.3
2026,3,SA,Larry A Ryle HS JV,62.89,11.34,11.95,13.0,13.8
2026,6,PR,Larry A Ryle HS JV,72.41,14.54,14.87,14.7,13.7
2026,9,PR,Larry A Ryle HS JV,80.69,15.17,16.87,15.05,17.2
2026,9,R3,Laurens District 55 HS,64.221,12.74,12.88,13.1,13.0
2026,2,PSA,Lebanon HS,67.25,19.65,14.0,19.9,13.7
2026,3,PSA,Lebanon HS,70.0,20.7,13.5,21.7,14.1
2026,4,PSA,Lebanon HS,70.5,21.6,13.8,20.4,14.7
2026,6,PSA,Lebanon HS,74.8,21.9,14.7,23.0,15.2
2026,9,PSA,Lebanon HS,76.1,22.5,15.9,22.3,15.4
2026,7,PSA,Lebanon HS (IN),71.801,20.4,14.5,23.1,13.8
2026,3,SRA,Lebanon HS Tigerettes,59.0,12.24,11.96,12.1,10.4
2026,9,PSA,Lebanon High School Indoor Percussion,69.401,19.8,14.8,21.8,13.0
2026,9,N,Lebanon High School Junior Varsity Winterguard,75.621,15.94,15.38,15.0,14.3
2026,9,SA,Lebanon High School Winterguard,78.32,15.01,15.61,15.8,16.1
2026,9,ECG,Lebanon Little Arrows,90.1,19.0,17.3,17.5,17.1
2026,7,PSA,Lee's Summit High School,80.5,24.6,15.9,24.2,15.8
2026,7,PSO,Legacy HS,84.25,25.35,16.6,25.6,16.7
2026,4,PIA,Legacy Percussion,74.85,21.75,15.4,21.5,16.2
2026,5,GSRA,Legacy Winter Guard,68.62,12.98,15.4,14.3,13.3
2026,7,GSRA,Legacy Winter Guard,73.1,13.92,13.78,16.2,15.6
2026,8,GSRA,Legacy Winter Guard,76.5,14.24,15.46,15.9,16.0
2026,7,PSA,Lemoore HS,82.15,24.45,16.5,25.8,15.4
2026,0,GHSSA,Lemoore HS A Winterguard,57.75,114.1,11.7,11.8,11.9
2026,2,GHSSA,Lemoore HS A Winterguard,62.58,129.4,125.4,12.0,12.6
2026,0,PHSSO,Lemoore HS Percussion,73.8,22.8,22.5,15.1,13.4
2026,2,PHSSO,Lemoore HS Percussion,68.35,18.6,22.05,12.4,15.3
2026,4,PHSSO,Lemoore HS Percussion,72.7,21.1,20.4,16.1,15.1
2026,6,PHSSO,Lemoore HS Percussion,80.25,23.4,24.15,15.9,16.8
2026,8,PHSSO,Lemoore HS Percussion,83.2,24.5,24.3,17.2,17.2
2026,6,SRA,Lennox HS,71.86,12.86,14.6,15.6,14.0
2026,9,SRA,Lenoir City High School Junior Varsity,71.061,13.64,14.32,14.1,14.7
2026,5,SA,Lenoir City Winter Guard,58.281,11.94,12.94,11.2,10.7
2026,9,SA,Lenoir City Winter Guard,70.56,13.28,14.28,14.9,14.6
2026,5,PSA,Lewis Central HS,66.9,21.0,13.3,20.0,12.6
2026,9,PSA,Lewis Central HS,69.3,21.3,14.4,21.3,12.3
2026,7,PSA,Lewisburg HS Scholastic Marching A,76.4,22.5,15.3,23.3,15.3
2026,9,R2,Lewisville HS,67.44,11.92,13.92,14.8,13.3
2026,9,R1,Lexington HS Spin Club,63.901,11.32,12.38,14.2,13.0
2026,2,SRA,Lexington High School,51.481,9.04,11.34,11.2,10.5
2026,5,SRA,Lexington High School,63.521,11.9,12.62,12.6,12.9
2026,6,SRA,Lexington High School,64.84,13.34,13.5,12.1,12.7
2026,8,SRA,Lexington High School,69.181,13.76,12.52,14.2,14.3
2026,9,SRA,Lexington High School,73.56,14.36,15.8,14.7,14.9
2026,2,PRA,Lexington Winterline of Gold,71.15,22.95,15.2,18.4,14.6
2026,5,PRA,Lexington Winterline of Gold,69.6,21.3,15.2,19.0,14.1
2026,6,PRA,Lexington Winterline of Gold,76.4,23.7,14.9,22.6,15.2
2026,8,PRA,Lexington Winterline of Gold,78.65,22.95,16.8,21.8,17.1
2026,9,PRA,Lexington Winterline of Gold,83.7,24.9,17.5,24.1,17.2
2026,1,IW,Lexis Winter Guard,72.6,13.8,14.0,14.9,14.5
2026,3,IW,Lexis Winter Guard,80.1,16.4,15.7,15.5,16.1
2026,6,IW,Lexis Winter Guard,85.6,17.0,16.7,17.2,17.1
2026,9,IW,Lexis Winter Guard,89.8,17.7,18.5,18.1,17.9
2026,6,PSO,Liberty HS,73.5,20.4,15.9,23.2,14.0
2026,7,PSO,Liberty HS (CA),82.876,25.875,16.7,23.7,16.6
2026,0,R1,Liberty HS Winterguard,53.12,11.44,10.58,10.8,9.6
2026,2,R2,Liberty HS Winterguard,50.98,9.32,12.86,9.5,10.3
2026,8,GHSSRA,Liberty HS Winterguard,69.46,12.84,13.72,14.2,14.3
2026,4,PJHSA,Liberty MS Percussion,70.7,20.8,21.6,15.1,13.2
2026,8,PJHSA,Liberty MS Percussion,72.95,21.8,24.75,13.8,12.6
2026,2,GJHSO,Liberty MS Winterguard,53.88,12.12,11.46,9.9,10.2
2026,8,GJHSO,Liberty MS Winterguard,67.3,14.52,13.58,13.7,13.2
2026,9,GJHSO,Liberty MS Winterguard,72.08,14.06,14.52,14.0,14.7
2026,7,PSO,Liberty Union High Combined Schools,76.1,22.95,15.1,23.0,15.05
2026,8,PSA,Lightridge HS,80.1,25.2,16.0,24.6,14.3
2026,4,PSRA,Lincoln HS,71.9,21.3,14.0,23.7,12.9
2026,5,PSRA,Lincoln HS,78.25,24.15,14.95,24.8,14.35
2026,7,PSRA,Lincoln HS,79.75,24.75,16.2,24.0,14.8
2026,5,SRA,Lincoln Standing Bear HS,54.201,10.1,11.7,10.3,10.9
2026,6,SRA,Lincoln Standing Bear HS,59.861,12.12,12.04,11.3,12.5
2026,9,SRA,Lincoln Standing Bear HS,62.43,12.06,11.92,12.7,13.25
2026,4,PSA,Lincoln-Way Community Schools,80.6,24.3,16.5,23.5,16.3
2026,7,PSA,Lincoln-Way Community Schools,73.901,22.5,13.9,22.8,14.7
2026,9,R4,Lincolnton NC,70.21,14.14,14.87,13.0,14.0
2026,5,R2,Linden Lion Regiment Winter Guard,59.58,12.76,12.42,11.6,11.0
2026,7,R1,Linden Lion Regiment Winter Guard,67.26,12.18,12.98,12.5,14.8
2026,2,SA,Linganore HS Guard,60.62,13.21,10.81,13.4,9.7
2026,3,SA,Linganore HS Guard,58.69,12.81,11.28,12.6,9.8
2026,4,SA,Linganore HS Guard,59.88,12.74,12.14,12.1,11.2
2026,6,SA,Linganore HS Guard,68.26,13.74,12.62,14.1,13.8
2026,7,SA,Linganore HS Guard,72.25,14.94,14.01,14.2,15.0
2026,8,SA,Linganore HS Guard,76.02,15.34,14.28,15.2,15.5
2026,9,SA,Linganore HS Guard,74.3,14.21,14.74,15.55,14.85
2026,9,CP-SA,Linganore HS Percussion,89.45,43.9,44.4,44.7,45.9
2026,3,P-SA,Littlestown HS Percussion,67.65,20.25,19.8,13.8,13.8
2026,4,P-SA,Littlestown HS Percussion,69.25,21.3,19.95,13.4,14.6
2026,5,P-SA,Littlestown HS Percussion,71.1,20.85,20.55,14.7,15.0
2026,6,P-SA,Littlestown HS Percussion,74.501,22.5,21.6,15.2,15.2
2026,8,P-SA,Littlestown HS Percussion,76.701,23.55,22.05,15.2,15.9
2026,9,P-SA,Littlestown HS Percussion,78.525,24.15,22.275,15.65,16.45
2026,7,PSA,Live Oak HS,78.8,22.8,16.2,23.4,16.4
2026,2,PSA,Liverpool,69.05,21.3,20.25,13.9,13.6
2026,5,PSA,Liverpool,77.101,24.5,22.65,15.15,14.8
2026,6,PSA,Liverpool,77.6,24.7,21.3,15.7,15.9
2026,8,PSA,Liverpool,87.95,26.6,27.15,17.5,16.7
2026,3,PSA,Liverpool HS,70.401,19.5,13.8,22.8,14.3
2026,2,R1,Livingston HS,58.3,17.4,10.9,18.8,11.2
2026,7,R2,Livingston HS,64.45,19.65,13.4,20.1,11.3
2026,3,C,Liza Lion Guard,60.78,11.5,11.78,12.4,13.1
2026,5,C,Liza Lion Guard,66.06,13.3,13.26,12.6,13.8
2026,6,E,Lloyd Elementary,71.58,12.96,14.52,14.7,14.6
2026,4,SJ,Lloyd Memorial HS JV,52.82,10.24,10.98,10.4,10.4
2026,6,SJ,Lloyd Memorial HS JV,61.88,10.88,13.2,12.7,12.9
2026,8,SJ,Lloyd Memorial HS JV,65.64,12.58,14.26,14.1,11.9
2026,9,SJ,Lloyd Memorial HS JV,71.66,13.86,13.8,14.1,15.5
2026,1,SRA,Lloyd Memorial HS Varsity,54.28,10.82,11.76,10.9,11.1
2026,4,SRA,Lloyd Memorial HS Varsity,64.76,13.14,13.32,13.2,12.6
2026,6,SRA,Lloyd Memorial HS Varsity,71.821,13.64,14.18,15.1,14.4
2026,8,BR,Lloyd Memorial HS Varsity,75.96,14.44,15.32,16.0,14.6
2026,7,PSA,Loara HS,66.3,19.5,13.9,19.3,13.6
2026,2,SRA,London High School Winter Guard,65.82,13.84,12.78,13.7,12.8
2026,5,SRA,London High School Winter Guard,70.081,13.04,14.54,13.1,15.3
2026,8,SRA,London High School Winter Guard,68.521,13.16,12.16,14.8,13.9
2026,9,SRA,London High School Winter Guard,74.15,15.3,14.15,15.4,15.7
2026,3,PSO,Los Alamitos HS,71.15,21.45,13.5,23.2,13.0
2026,5,B2,Los Alamitos HS,74.201,22.2,13.8,23.7,14.5
2026,8,B2,Los Alamitos HS,78.25,22.05,15.3,24.4,16.5
2026,9,R4,Los Alamitos HS,82.951,25.8,16.8,24.0,16.35
2026,2,R1,Los Banos HS,62.35,18.75,12.4,19.8,11.4
2026,4,PSRA,Los Banos HS,64.3,19.35,13.2,19.9,11.85
2026,2,R2,Los Banos HS Varsity,61.14,12.52,12.5,12.2,11.8
2026,5,R2,Los Banos JH Winter Guard,52.44,11.26,10.38,9.8,10.3
2026,7,PSA,Los Gatos HS,77.426,23.625,14.3,24.7,14.8
2026,5,PSO,Los Osos HS,77.201,23.25,15.6,23.35,15.0
2026,6,PSO,Los Osos HS,74.951,21.75,15.7,22.0,15.5
2026,8,PSO,Los Osos HS,79.076,23.175,15.5,23.3,17.1
2026,3,PIO,Lotus,72.1,21.6,14.8,21.6,14.1
2026,6,PIO,Lotus,79.15,23.55,15.7,24.8,15.1
2026,8,PIO,Lotus,79.4,23.85,15.6,24.85,15.1
2026,5,IS,Lotus Performing Arts,64.72,13.74,12.48,12.6,12.4
2026,6,IS,Lotus Performing Arts,66.08,13.34,12.74,13.3,13.4
2026,9,IS,Lotus Performing Arts,72.6,14.545,14.505,14.75,14.45
2026,0,IA,Louisiana St. University,64.06,12.14,12.92,12.7,13.2
2026,2,IA,Louisiana St. University,69.2,14.48,13.72,13.5,14.1
2026,4,PR,Louisville Male HS,58.38,11.84,12.04,11.3,11.7
2026,7,PR,Louisville Male HS,67.76,13.78,14.58,13.4,13.3
2026,8,BR,Louisville Male HS,67.06,13.64,13.72,13.1,12.5
2026,9,SRA,Louisville Male HS,70.281,13.92,14.26,13.5,14.7
2026,4,SRA,Loveland,66.94,13.32,14.12,13.9,13.0
2026,6,SRA,Loveland,74.6,14.32,14.68,15.3,15.5
2026,8,PR,Loveland,75.561,14.64,16.42,14.6,15.5
2026,7,PSO,Loveland HS,77.95,22.95,16.3,23.7,15.0
2026,9,SP-SA,Lower Dauphin HS Percussion,89.6,46.6,45.1,43.4,44.1
2026,9,R1,Lucy Beckham Varsity,76.07,14.88,14.69,15.0,16.3
2026,9,R2,Lugoff-Elgin HS,68.751,14.14,13.61,14.0,13.4
2026,4,SRA,Lynchburg Clay HS,51.321,11.04,8.58,11.2,10.1
2026,7,BR,Lynchburg Clay HS,58.401,10.44,12.26,12.1,12.0
2026,1,IA,Lyra Winterguard,61.19,12.48,11.21,11.4,12.9
2026,5,IA,Lyra Winterguard,71.13,15.21,12.82,14.4,14.5
2026,7,IA,Lyra Winterguard,73.35,14.21,15.14,14.9,14.4
2026,9,IA,Lyra Winterguard,76.251,14.74,15.61,14.6,15.2
2026,2,JN,MOV Novice,71.456,9.968,12.768,15.82,16.38
2026,5,JN,MOV Novice,79.156,13.496,17.22,18.62,14.0
2026,2,IRA,MOV Winter Guard,63.24,12.42,11.72,13.2,13.7
2026,5,IRA,MOV Winter Guard,77.02,14.36,15.56,15.6,15.5
2026,6,IRA,MOV Winter Guard,73.4,15.5,15.6,13.7,13.8
2026,9,IRA,MOV Winter Guard,77.581,14.36,16.72,15.1,16.2
2026,2,PR,Madeira HS,53.011,10.08,11.73,11.1,10.2
2026,4,SA,Madeira HS,62.111,12.07,12.94,11.8,13.1
2026,7,BR,Madeira HS,63.701,11.28,12.82,13.3,13.1
2026,9,PR,Madeira HS,68.27,13.28,13.34,13.0,15.05
2026,2,PHSSA,Madera,67.751,21.3,21.3,12.45,12.7
2026,8,PHSSA,Madera,72.251,22.4,19.35,15.6,14.9
2026,0,PHSSA,Madera HS Winter Percussion,72.15,21.6,22.05,15.2,13.3
2026,2,PHSSA,Madera HS Winter Percussion,67.201,19.1,21.9,13.1,13.1
2026,6,PHSSA,Madera HS Winter Percussion,77.251,22.8,23.55,15.1,15.8
2026,8,PHSSA,Madera HS Winter Percussion,82.95,23.9,23.55,17.3,18.2
2026,0,R2,Madera HS Winterguard,53.76,10.9,11.46,10.6,9.9
2026,2,R2,Madera HS Winterguard,58.7,12.26,11.44,12.0,11.0
2026,4,R2,Madera HS Winterguard,62.16,13.38,11.78,12.2,13.1
2026,6,R1,Madera HS Winterguard,63.38,12.46,12.32,11.8,13.4
2026,8,GHSSRA,Madera HS Winterguard,70.32,13.7,13.92,15.0,13.0
2026,0,R2,Madera South HS Winterguard,54.9,11.24,12.46,10.5,10.3
2026,2,R2,Madera South HS Winterguard,57.0,12.38,12.52,11.6,10.6
2026,8,GHSSRA,Madera South HS Winterguard,73.86,14.3,13.96,16.0,13.9
2026,2,PHSSA,Madera South Indoor Percussion Ensemble,67.751,21.3,21.3,12.45,12.7
2026,8,PHSSA,Madera South Indoor Percussion Ensemble,72.251,22.4,19.35,15.6,14.9
2026,3,SA,Madison Central HS,75.45,15.34,15.21,14.9,14.9
2026,7,SA,Madison Central HS,87.78,17.47,17.41,18.1,16.9
2026,9,PR,Madison Central HS,92.09,17.87,18.67,18.45,18.7
2026,3,SA,Madison Central HS JV,67.38,13.34,14.14,13.4,13.2
2026,5,SA,Madison Central HS JV,73.54,15.14,16.2,13.8,14.4
2026,7,PR,Madison Central HS JV,74.65,12.88,15.07,15.6,15.8
2026,9,BR,Madison Central HS JV,81.29,16.07,16.27,16.45,16.3
2026,2,BR,Madison Consolidated HS,52.48,11.84,11.04,10.3,9.9
2026,4,PR,Madison Consolidated HS,61.9,11.44,12.26,12.4,12.2
2026,6,PR,Madison Consolidated HS,66.02,13.04,12.78,11.8,13.8
2026,7,BR,Madison Consolidated HS,70.5,14.12,14.58,13.8,14.7
2026,8,PR,Madison Consolidated HS,70.58,15.26,13.92,13.6,13.2
2026,9,SRA,Madison Consolidated HS,77.74,15.72,15.12,15.9,15.5
2026,6,PSA,Madison HS,68.75,19.95,13.4,21.7,13.7
2026,3,SRA,Madison Southern HS,69.8,13.72,14.28,14.1,13.6
2026,5,SRA,Madison Southern HS,75.52,14.58,16.94,15.0,14.5
2026,6,PR,Madison Southern HS,71.05,13.82,14.53,14.2,14.9
2026,9,BR,Madison Southern HS,76.411,14.81,15.8,15.4,15.6
2026,2,GIA,Maharlika,70.08,138.1,140.7,14.2,14.2
2026,0,R2,Mandeville H.S.,55.42,10.47,10.05,11.4,11.9
2026,6,B2,Mansfield HS,70.8,21.0,13.4,21.9,14.5
2026,3,GSN,Mansfield Tigers Varsity Winterguard,64.38,12.3,13.18,12.4,13.2
2026,7,GSN,Mansfield Tigers Varsity Winterguard,64.1,13.58,14.12,10.9,13.6
2026,8,GSN,Mansfield Tigers Varsity Winterguard,66.321,13.58,13.64,13.0,12.6
2026,6,PSO,Maple Mountain HS,73.2,21.0,14.0,24.1,14.1
2026,2,PSA,Marietta Indoor,69.3,19.8,13.9,21.6,14.0
2026,5,PSA,Marietta Indoor,67.1,22.2,14.0,18.2,12.7
2026,6,PSA,Marietta Indoor,69.925,19.425,14.1,22.3,14.1
2026,9,PSA,Marietta Indoor,75.7,23.4,15.3,21.9,15.1
2026,4,BR,Marion Co HS,54.781,11.2,11.58,10.7,10.6
2026,5,SRA,Marion Co HS,57.0,12.0,10.9,11.0,11.7
2026,7,PR,Marion Co HS,61.361,12.3,12.66,12.3,12.1
2026,8,PR,Marion Co HS,62.741,13.1,12.44,12.2,11.6
2026,2,SRA,Marion Harding Indoor Guard,65.96,11.94,16.42,11.5,13.5
2026,6,SRA,Marion Harding Indoor Guard,63.18,13.56,10.12,13.8,12.1
2026,8,SRA,Marion Harding Indoor Guard,71.721,14.46,13.86,15.5,13.3
2026,9,SRA,Marion Harding Indoor Guard,81.521,17.0,15.42,16.6,17.3
2026,2,PSA,Marion Harding Indoor Percussion,67.9,19.5,14.2,21.0,13.2
2026,6,PSA,Marion Harding Indoor Percussion,73.525,20.625,14.6,23.3,15.0
2026,8,PSA,Marion Harding Indoor Percussion,72.101,21.6,15.0,21.4,14.1
2026,9,PSA,Marion Harding Indoor Percussion,78.55,24.15,16.0,22.3,16.1
2026,2,PSA,Marple Newtown,61.901,18.3,11.7,19.4,12.5
2026,4,PSA,Marple Newtown,69.0,20.1,13.9,21.0,14.0
2026,8,PSA,Marple Newtown,68.5,19.8,14.3,20.4,14.0
2026,9,PSA,Marple Newtown,71.25,20.25,14.6,21.8,14.6
2026,5,PSA,Mars Area HS,79.4,23.85,16.55,23.15,15.85
2026,1,PR,Martha Layne Collins HS,53.7,10.18,9.92,12.5,11.8
2026,3,SRA,Martha Layne Collins HS,63.62,11.92,12.1,13.3,12.7
2026,6,SRA,Martha Layne Collins HS,70.701,14.98,12.72,14.2,13.9
2026,8,PR,Martha Layne Collins HS,79.201,15.04,15.26,17.0,15.4
2026,2,PJHSA,Martin Luther King MS Percussion,55.15,17.1,15.75,10.6,11.7
2026,8,PJHSA,Martin Luther King MS Percussion,57.3,18.3,18.0,11.0,10.0
2026,9,CP-SJ,Martinsburg South Middle School Percussion Ensemble,84.6,45.6,42.1,40.9,40.6
2026,9,C,Marvin Ridge Cadets,58.841,11.32,11.12,12.0,12.4
2026,9,R4,Marvin Ridge HS JV,78.2,15.34,15.76,15.4,15.3
2026,5,SRA,Mary G. Montgomery Viking Guard,63.001,13.92,12.58,12.2,12.2
2026,4,SO,Maryville High School,55.5,11.2,10.9,10.0,11.6
2026,5,SO,Maryville High School,63.0,12.4,12.6,13.4,12.0
2026,9,SO,Maryville High School,71.2,14.5,14.5,14.3,14.2
2026,4,SO,Maryville Winter Guard,55.5,11.2,10.9,10.0,11.6
2026,5,SO,Maryville Winter Guard,63.0,12.4,12.6,13.4,12.0
2026,9,SO,Maryville Winter Guard,71.2,14.5,14.5,14.3,14.2
2026,7,SRA,Mascoutah High School,71.6,13.38,13.32,15.3,14.1
2026,3,SRA,Mason Co HS,56.261,12.32,11.44,11.1,10.1
2026,4,SRA,Mason Co HS,60.12,11.5,11.52,12.8,12.4
2026,5,SRA,Mason Co HS,61.301,12.9,10.3,13.2,12.5
2026,6,BR,Mason Co HS,64.22,12.5,12.52,13.8,12.3
2026,8,BR,Mason Co HS,70.36,13.84,13.92,14.5,13.4
2026,9,SRA,Mason Co HS,72.501,14.72,14.58,13.7,14.1
2026,9,SO,Mason HS,85.5,16.8,17.3,16.8,17.1
2026,4,SRA,Mater Dei High School,56.74,10.26,12.3,12.0,11.6
2026,2,PIW,Matrix,83.0,24.9,16.6,24.4,17.1
2026,7,PIW,Matrix,87.85,26.55,18.0,24.9,18.4
2026,8,PIW,Matrix,90.7,27.0,18.4,26.7,18.6
2026,9,PIW,Matrix,92.2,28.2,19.4,26.3,18.3
2026,2,PIO,Matrix Open,76.7,22.5,15.0,23.3,15.9
2026,7,PIO,Matrix Open,85.675,25.125,17.15,26.1,17.3
2026,8,PIO,Matrix Open,86.05,25.95,17.6,25.9,16.6
2026,9,PIO,Matrix Open,88.7,26.4,18.4,26.3,17.6
2026,9,C,Mauldin Cadets,72.64,14.52,14.32,15.0,14.5
2026,2,N,Maumee HS JV Winterguard,66.444,10.416,9.688,15.68,14.7
2026,6,N,Maumee HS JV Winterguard,78.372,12.824,13.888,17.36,16.1
2026,2,SRA,Maumee HS Winterguard,54.621,12.64,8.48,10.8,11.1
2026,6,SRA,Maumee HS Winterguard,62.041,12.48,9.76,12.9,12.8
2026,9,SRA,Maumee HS Winterguard,72.84,14.7,14.84,14.6,14.6
2026,5,PSA,Maumee Indoor Percussion,69.65,23.25,13.9,19.1,13.4
2026,6,PSA,Maumee Indoor Percussion,70.501,20.1,13.8,22.5,14.1
2026,8,PSA,Maumee Indoor Percussion,72.651,21.15,14.9,22.3,14.3
2026,9,PSA,Maumee Indoor Percussion,77.65,23.7,15.95,22.6,15.4
2026,0,C,Max Charter School,50.261,9.0,9.66,10.5,10.9
2026,1,C,Max Charter School,50.59,9.28,9.61,11.0,10.0
2026,2,SRA,Maysville Winter Guard,61.381,10.42,11.06,10.8,11.1
2026,5,SRA,Maysville Winter Guard,66.62,11.84,12.18,11.8,12.4
2026,8,SRA,Maysville Winter Guard,67.52,12.44,11.78,12.4,11.5
2026,9,SRA,Maysville Winter Guard,71.22,12.5,12.72,12.5,13.0
2026,2,PJHSO,McFarland Ca,62.95,18.1,19.05,12.2,13.6
2026,8,PJHSO,McFarland Ca,80.65,22.8,24.75,16.1,17.0
2026,2,PJHSO,McFarland Jr. High Drumline,62.95,18.1,19.05,12.2,13.6
2026,8,PJHSO,McFarland Jr. High Drumline,80.65,22.8,24.75,16.1,17.0
2026,3,SRA,McGill-Toolen Catholic High School Winter Guard,57.701,11.02,12.98,11.1,11.0
2026,7,SRA,McMinn County Winter Guard,65.22,13.32,12.4,14.4,12.5
2026,2,S,McNeese St. University,51.38,10.16,10.82,8.3,10.9
2026,2,SRA,Mead High School,52.86,9.44,11.52,9.4,11.3
2026,7,SRA,Mead High School,68.04,14.12,12.8,14.0,13.0
2026,9,SRA,Mead High School,77.811,15.1,16.46,14.5,16.6
2026,1,PR,Meade County HS,53.2,10.48,10.72,11.4,11.4
2026,4,BR,Meade County HS,62.1,12.12,11.38,13.5,12.3
2026,7,PR,Meade County HS,64.981,12.32,13.46,12.9,13.4
2026,8,PSO,Mechanicsburg HS,81.75,24.15,16.0,25.8,15.8
2026,0,SA,Mechanicsburg HS Guard,57.281,12.34,11.54,8.9,12.7
2026,3,SA,Mechanicsburg HS Guard,62.85,13.61,12.14,13.2,12.3
2026,4,SA,Mechanicsburg HS Guard,62.92,12.61,12.61,12.5,12.3
2026,6,SA,Mechanicsburg HS Guard,70.89,14.88,15.21,13.6,13.5
2026,8,SA,Mechanicsburg HS Guard,78.91,15.54,17.47,15.0,15.9
2026,9,SA,Mechanicsburg HS Guard,82.195,16.135,16.935,16.45,16.15
2026,0,P-SO,Mechanicsburg HS Percussion,70.1,20.7,21.9,13.7,13.8
2026,6,P-SO,Mechanicsburg HS Percussion,81.85,25.2,25.35,14.7,16.6
2026,7,P-SO,Mechanicsburg HS Percussion,83.9,25.65,24.75,16.7,16.8
2026,9,P-SO,Mechanicsburg HS Percussion,87.75,27.525,25.875,16.85,17.5
2026,0,SN,Mechanicsburg MS Guard,53.78,10.61,10.27,11.0,10.1
2026,3,SN,Mechanicsburg MS Guard,64.05,12.14,11.61,12.9,13.1
2026,4,SN,Mechanicsburg MS Guard,62.55,12.61,10.74,12.9,12.9
2026,6,SN,Mechanicsburg MS Guard,70.81,13.87,13.74,15.4,14.0
2026,8,SN,Mechanicsburg MS Guard,75.15,15.34,14.21,15.7,15.4
2026,9,SN,Mechanicsburg MS Guard,81.05,16.14,15.81,17.2,16.4
2026,6,B1,Medford HS,67.4,20.7,12.9,20.5,13.3
2026,1,PIW,Meraki,75.251,22.65,15.3,22.6,14.7
2026,2,PIW,Meraki,76.9,23.1,15.6,23.0,15.2
2026,4,PIW,Meraki,82.8,25.2,16.5,25.5,15.6
2026,7,PIW,Meraki,84.451,25.65,16.75,25.15,16.9
2026,7,PSA,Merced HS,76.9,22.2,15.5,23.9,15.3
2026,0,R1,Merced HS Winter Guard,68.32,16.3,14.52,11.9,12.2
2026,2,GHSSA,Merced HS Winter Guard,62.38,127.4,131.4,12.4,11.8
2026,8,GHSSA,Merced HS Winter Guard,76.45,152.7,150.8,15.1,15.3
2026,0,PHSSA,Merced HS Winter Percussion,72.8,22.3,21.6,15.3,13.6
2026,2,PHSSA,Merced HS Winter Percussion,67.751,18.5,22.65,12.0,14.6
2026,8,PHSSA,Merced HS Winter Percussion,82.65,23.6,24.15,16.9,18.0
2026,4,SRA,Mercer Co HS,75.2,14.84,15.26,15.1,14.8
2026,5,SA,Mercer Co HS,70.74,14.74,16.0,12.9,13.8
2026,7,BR,Mercer Co HS,72.8,15.07,14.73,13.7,15.2
2026,9,PR,Mercer Co HS,76.831,15.07,15.41,14.75,15.6
2026,1,IRA,Meridian,70.24,14.64,13.3,13.7,14.7
2026,3,IA,Meridian A,65.41,13.67,13.74,12.1,13.0
2026,5,IA,Meridian A,66.22,14.01,12.21,13.6,13.4
2026,7,IA,Meridian A,70.69,13.35,14.34,14.4,14.8
2026,9,IA,Meridian A,76.021,14.01,15.21,15.4,15.7
2026,1,E,Meridian Cadets,66.06,12.04,12.42,13.3,13.7
2026,3,E,Meridian Cadets,76.12,15.18,15.44,13.8,16.3
2026,5,E,Meridian Cadets,74.7,14.9,13.3,15.6,15.5
2026,7,E,Meridian Cadets,78.14,15.32,16.72,15.7,14.9
2026,8,E,Meridian Cadets,80.08,15.44,16.64,16.6,15.5
2026,9,E,Meridian Cadets,83.34,16.32,16.52,17.1,16.8
2026,1,IA,Meridian Independent,60.5,11.09,12.61,12.4,13.2
2026,3,IA,Meridian Independent,65.96,14.41,13.75,12.4,12.6
2026,5,IA,Meridian Independent,78.59,16.01,14.68,15.8,15.9
2026,7,IA,Meridian Independent,76.26,14.81,15.35,15.4,15.6
2026,9,IA,Meridian Independent,79.95,15.01,16.94,15.9,16.1
2026,3,PSA,Methacton,62.95,17.55,12.9,19.3,13.2
2026,4,PSA,Methacton,65.15,19.35,13.1,19.0,13.7
2026,7,PSA,Methacton,70.25,21.15,13.5,21.2,14.4
2026,9,PSA,Methacton,67.9,19.2,14.7,20.5,13.5
2026,6,B1,Methacton HS,68.05,20.55,12.6,21.0,13.9
2026,9,SRA,Miamisburg A Guard,82.941,15.92,16.72,17.2,16.6
2026,9,ECG,Miamisburg Elementary Guard,87.5,17.5,17.7,16.7,16.7
2026,9,SW,Miamisburg World Guard,90.0,18.1,18.1,17.5,18.2
2026,3,PRA,MidMichigan Impact,72.1,21.6,15.1,21.5,13.9
2026,4,PRA,MidMichigan Impact,73.35,21.75,15.5,21.2,14.9
2026,7,PIA,MidMichigan Impact,75.75,23.25,14.6,22.6,15.3
2026,8,PIA,MidMichigan Impact,77.25,24.45,14.9,21.8,16.1
2026,5,PSA,Middle Creek HS,68.95,21.15,14.3,21.7,11.8
2026,2,SNA,Middletown High School,73.45,14.54,14.41,14.7,15.1
2026,8,SNA,Middletown High School,87.91,17.67,16.74,17.6,18.0
2026,9,SNA,Middletown High School,89.54,17.2,18.34,17.9,18.1
2026,2,SRA,Middletown JV Winterguard,59.02,8.56,9.16,11.9,11.3
2026,8,SRA,Middletown JV Winterguard,71.76,12.84,13.32,13.2,12.0
2026,9,SRA,Middletown JV Winterguard,79.06,14.12,13.64,15.2,14.1
2026,9,R2,Midland Valley HS,67.641,12.98,14.06,13.6,13.7
2026,9,R1,Midland Valley JV,61.181,12.32,11.66,12.9,11.6
2026,7,SW,Milford HS,65.2,12.9,13.0,13.1,13.2
2026,9,SRA,Milford High School (A),70.1,12.98,14.12,14.8,14.3
2026,9,SW,Milford High School (World),72.3,14.4,14.4,14.3,14.6
2026,2,SRA,Millard North HS JV,56.36,11.78,11.58,13.0,10.2
2026,6,SRA,Millard North HS JV,63.94,13.64,14.2,11.1,12.6
2026,9,SRA,Millard North HS JV,71.88,14.06,14.72,14.9,14.1
2026,2,SA,Millard North HS Varsity,63.44,13.6,13.54,11.2,12.8
2026,3,SA,Millard North HS Varsity,59.13,12.61,12.82,11.2,11.1
2026,6,SA,Millard North HS Varsity,69.701,13.41,14.94,13.7,13.9
2026,9,SA,Millard North HS Varsity,78.28,15.34,15.94,16.8,15.3
2026,3,SRA,Millard South HS JV,51.26,12.44,10.22,9.1,10.2
2026,5,SRA,Millard South HS JV,55.821,10.7,12.32,11.5,11.3
2026,6,SRA,Millard South HS JV,60.091,12.66,12.78,11.6,11.5
2026,9,SRA,Millard South HS JV,63.801,12.12,11.98,12.9,13.2
2026,3,SA,Millard South HS Varsity,54.6,11.68,11.42,10.2,10.4
2026,5,SA,Millard South HS Varsity,57.99,12.48,12.01,10.8,12.1
2026,6,SA,Millard South HS Varsity,62.21,12.81,14.0,12.4,11.2
2026,9,SA,Millard South HS Varsity,70.21,13.67,14.34,14.6,14.9
2026,2,SA,Millard West HS,55.791,11.95,12.54,10.4,10.7
2026,3,SA,Millard West HS,52.961,11.15,11.01,10.8,9.8
2026,6,SA,Millard West HS,65.501,13.01,14.54,13.3,12.0
2026,9,SA,Millard West HS,72.781,14.67,14.61,15.7,14.3
2026,6,SRA,Millard West HS JV,51.81,11.22,10.44,10.3,9.8
2026,9,SRA,Millard West HS JV,57.68,11.46,11.12,11.7,12.7
2026,3,PSA,Millikan HS,66.8,19.2,12.8,21.7,13.1
2026,5,B1,Millikan HS,74.55,21.9,13.8,23.65,15.2
2026,8,B1,Millikan HS,73.201,20.4,14.7,22.7,15.4
2026,9,R4,Millikan HS,79.551,24.45,15.0,24.7,15.4
2026,4,PSA,Milton HS,64.001,18.0,13.7,19.3,13.0
2026,8,PSW,Milton HS,82.725,25.125,16.3,25.25,16.05
2026,1,PSA,Milton HS Black Gold Percussion,68.451,22.65,13.0,19.6,13.2
2026,3,PSA,Milton HS Black Gold Percussion,68.901,22.5,13.9,19.2,13.3
2026,5,PSA,Milton HS Black Gold Percussion,72.6,22.8,14.0,21.3,14.5
2026,3,SN,Milton HS JV Winter Guard,71.52,14.62,14.8,14.0,14.6
2026,5,SN,Milton HS JV Winter Guard,73.14,14.48,14.86,14.0,15.3
2026,3,SRA,Milton HS Winter Guard,66.921,13.16,14.36,12.0,13.1
2026,5,SRA,Milton HS Winter Guard,73.76,14.72,14.64,14.8,14.6
2026,0,SRA,Milton Hershey HS Guard,57.18,12.34,12.74,10.7,9.9
2026,1,SRA,Milton Hershey HS Guard,58.79,11.55,11.34,11.3,12.7
2026,5,SRA,Milton Hershey HS Guard,71.78,14.01,13.87,14.1,16.2
2026,7,SRA,Milton Hershey HS Guard,75.28,14.34,14.34,15.0,15.8
2026,8,SRA,Milton Hershey HS Guard,77.55,14.68,15.27,16.1,16.0
2026,9,SRA,Milton Hershey HS Guard,79.201,15.675,15.575,15.8,15.95
2026,9,SP-SRA,Milton Hershey School Percussion,81.9,41.5,40.6,40.6,41.1
2026,9,SRA,Milton-Union Varsity Winter Guard,86.18,19.0,15.18,16.8,17.3
2026,4,PSA,Minooka Community HS,78.9,23.1,15.7,24.0,16.1
2026,7,PSA,Minooka Community HS,75.651,21.45,15.1,23.9,15.2
2026,2,B1,Mira Costa HS,71.951,22.35,13.5,21.7,14.4
2026,5,PSA,Mira Costa HS,78.251,23.25,14.3,25.2,15.5
2026,9,R1,Mira Costa HS,90.0,26.4,18.3,27.3,18.0
2026,4,PSO,Mission Hills HS,77.35,24.15,15.1,22.6,15.5
2026,5,PSO,Mission Hills HS,80.775,24.225,16.5,24.6,15.45
2026,8,PSO,Mission Hills HS,81.0,24.3,16.1,23.8,16.8
2026,0,PHSSA,Mission Oak HS Percussion,67.45,19.8,20.25,14.4,13.0
2026,4,PHSSA,Mission Oak HS Percussion,70.251,21.2,21.75,13.3,14.0
2026,8,PHSSA,Mission Oak HS Percussion,73.1,22.0,21.6,15.2,14.3
2026,4,R1,Mission Oak HS Winterguard,53.62,11.92,11.9,10.8,10.4
2026,8,GHSSRA,Mission Oak HS Winterguard,60.54,12.36,12.38,13.3,11.4
2026,3,PSO,Mission Viejo HS,77.2,23.1,15.1,23.1,15.9
2026,6,PSO,Mission Viejo HS,78.05,22.5,16.1,24.1,15.35
2026,7,PSO,Mission Viejo HS,80.85,25.65,15.5,24.5,15.2
2026,2,R1,Modesto HS,55.25,16.05,10.2,19.0,10.0
2026,4,PSRA,Modesto HS,59.751,19.05,10.7,19.6,10.4
2026,5,R1,Modesto HS,67.5,20.1,12.4,24.1,10.9
2026,7,R1,Modesto HS,67.35,22.95,12.4,20.2,11.8
2026,4,PIA,Modulation Z,82.85,24.15,16.8,25.3,16.6
2026,5,PIA,Modulation Z,83.55,25.35,17.0,24.5,16.7
2026,7,PIA,Modulation Z,88.35,26.55,17.8,26.2,17.8
2026,4,PSA,Mohonasen,69.6,21.8,20.7,13.7,13.4
2026,5,PSA,Mohonasen,71.276,21.6,21.675,13.9,14.1
2026,6,PSA,Mohonasen,72.001,22.5,20.7,14.3,14.5
2026,2,PHSSA,Monache HS Percussion,67.9,19.8,21.3,13.6,13.2
2026,4,PHSSA,Monache HS Percussion,70.9,20.8,21.9,14.1,14.1
2026,6,R2,Monache HS Percussion,71.9,21.9,21.6,14.4,14.0
2026,8,PHSSRA,Monache HS Percussion,78.0,24.3,14.6,23.4,15.7
2026,4,R1,Monache HS Winterguard,53.92,11.16,11.16,10.3,10.2
2026,6,R2,Monache HS Winterguard,58.16,10.64,10.72,10.9,12.5
2026,8,GHSSRA,Monache HS Winterguard,61.34,12.04,11.3,13.9,11.5
2026,7,PSA,Monarch HS,81.35,24.45,16.7,24.4,15.8
2026,5,PIW,Monarch Independent,84.1,26.1,16.75,25.0,16.25
2026,3,B1,Monrovia HS,67.601,18.9,12.6,23.4,12.7
2026,5,B2,Monrovia HS,69.45,20.7,13.4,22.75,12.6
2026,7,PSA,Monrovia HS,69.75,22.35,13.1,20.3,14.0
2026,9,R3,Monrovia HS,82.4,24.3,16.1,26.2,15.8
2026,7,PSA,Monta Vista HS,77.951,23.25,15.5,23.6,15.6
2026,4,IA,Morehead State University,54.8,11.89,10.01,10.8,11.5
2026,6,IA,Morehead State University,58.8,12.42,12.28,11.0,11.6
2026,9,IA,Morehead State University,68.891,12.68,14.81,14.4,13.0
2026,0,R2,Morgan City H.S.,63.8,11.76,12.94,11.3,12.8
2026,2,N,Morgan High School Winter Guard,78.204,15.652,15.232,16.52,16.38
2026,5,N,Morgan High School Winter Guard,79.996,15.848,18.648,16.66,13.44
2026,4,PSA,Morris HS,65.85,19.95,13.5,19.1,13.3
2026,2,IRA,Mosaic Guard,60.0,12.44,10.76,12.2,13.0
2026,5,IRA,Mosaic Guard,66.36,13.78,13.68,12.5,13.3
2026,6,IRA,Mosaic Guard,68.42,14.44,13.58,13.2,13.5
2026,9,IRA,Mosaic Guard,77.141,15.04,15.1,15.4,16.3
2026,3,SRA,Mosley High School Winterguard,68.201,14.38,14.32,11.2,13.8
2026,5,SRA,Mosley High School Winterguard,74.54,14.5,14.94,15.6,14.9
2026,4,PIO,Motor City Percussion,77.25,23.55,15.3,22.6,15.8
2026,6,PIO,Motor City Percussion,83.55,25.65,16.6,24.3,17.0
2026,9,PIO,Motor City Percussion,88.05,26.25,17.9,26.0,17.9
2026,3,GSN,Mount Ida High School Winter Guard,76.04,15.58,15.36,15.7,15.1
2026,5,GSN,Mount Ida High School Winter Guard,81.2,17.28,16.72,14.7,16.5
2026,7,GSN,Mount Ida High School Winter Guard,75.86,15.34,14.72,15.2,15.7
2026,8,GSN,Mount Ida High School Winter Guard,86.14,16.86,15.58,18.5,16.8
2026,4,BR,Mount Vernon HS,56.521,10.9,10.72,12.2,11.1
2026,5,SRA,Mount Vernon HS,59.841,12.64,9.3,12.4,11.9
2026,6,BR,Mount Vernon HS,65.94,12.52,12.92,12.6,13.7
2026,2,PSA,Mount Vernon Sr. HS,57.35,16.65,12.2,17.3,11.2
2026,4,PSA,Mount Vernon Sr. HS,61.201,18.6,12.6,17.8,12.2
2026,5,PSA,Mount Vernon Sr. HS,63.05,18.75,12.8,18.8,12.7
2026,6,PSA,Mount Vernon Sr. HS,65.0,18.9,13.0,20.0,13.1
2026,3,GSRB,Mountain Home High School Winterguard,65.72,14.9,11.72,13.0,13.0
2026,5,GSRB,Mountain Home High School Winterguard,70.66,14.88,11.18,13.2,15.9
2026,8,GSRB,Mountain Home High School Winterguard,72.0,14.72,14.28,14.9,14.6
2026,6,PSO,Mountain Ridge HS (UT),79.15,24.45,15.0,23.8,15.9
2026,9,R1,Mt Pleasant SC,76.07,14.88,14.69,15.0,16.3
2026,2,SA,Mt Spokane High School,54.01,9.67,10.54,10.8,11.6
2026,9,SA,Mt Spokane High School,71.471,14.27,15.6,14.0,13.6
2026,2,SA,Mt Spokane High School Winterguard (A),54.01,9.67,10.54,10.8,11.6
2026,9,SA,Mt Spokane High School Winterguard (A),71.471,14.27,15.6,14.0,13.6
2026,2,SRA,Mt Spokane High School Winterguard (B),50.12,8.9,10.92,9.8,10.4
2026,9,SRA,Mt Spokane High School Winterguard (B),65.465,12.32,12.52,11.1,14.9
2026,2,R1,Mt Whitney HS Percussion,63.85,18.5,20.25,11.6,13.5
2026,4,PHSSRA,Mt Whitney HS Percussion,73.3,22.0,22.5,14.4,14.4
2026,6,R2,Mt Whitney HS Percussion,76.2,24.1,22.8,15.5,13.8
2026,8,PHSSRA,Mt Whitney HS Percussion,80.2,24.4,23.7,16.4,15.7
2026,6,R2,Mt Whitney HS Winterguard,59.82,10.78,12.54,10.6,13.5
2026,8,GHSSRA,Mt Whitney HS Winterguard,59.181,11.52,11.36,13.7,12.0
2026,5,PSW,Mt. Juliet Combined Schools,78.4,22.8,15.9,23.3,16.4
2026,5,PIW,Music City Mystique,88.35,26.7,17.9,26.25,17.5
2026,8,PIW,Music City Mystique,93.675,28.275,19.05,27.65,18.7
2026,5,PIA,Myrtle Beatz Independent Percussion,65.601,19.2,13.8,21.5,11.1
2026,3,C,N.B. Cook Elementary Winter Guard,63.02,11.7,13.32,12.0,13.4
2026,1,N,Natchitoches Central H.S.,55.8,11.46,9.94,12.2,10.8
2026,9,R1,Nation Ford HS JV,76.61,15.34,15.07,16.0,15.5
2026,1,PSA,Navarre HS Indoor Percussion,69.15,22.95,13.3,20.2,12.7
2026,3,PSA,Navarre HS Indoor Percussion,69.675,23.175,13.8,19.5,13.2
2026,5,PSA,Navarre HS Indoor Percussion,72.6,21.0,14.2,21.8,15.6
2026,3,SRA,Navarre Winter Guard,73.88,15.5,14.98,14.0,14.6
2026,5,SRA,Navarre Winter Guard,77.0,15.18,15.32,15.9,15.4
2026,4,BR,New Albany HS,59.56,11.24,12.52,13.0,11.5
2026,7,PR,New Albany HS,64.781,13.44,13.44,12.6,12.7
2026,8,PR,New Albany HS,68.04,14.58,14.46,14.1,11.7
2026,9,SRA,New Albany HS,73.34,14.92,13.92,15.0,14.5
2026,1,PSA,New Hartford,64.601,19.8,18.6,13.1,13.1
2026,2,PSA,New Hartford,64.6,20.0,19.2,12.9,12.5
2026,4,PSA,New Hartford,74.25,23.6,21.75,14.7,14.2
2026,5,PSA,New Hartford,78.6,25.1,23.4,15.1,15.0
2026,8,PSA,New Hartford,85.85,25.7,26.25,16.9,17.0
2026,3,PSA,New Hartford HS,69.451,20.25,13.3,22.8,13.1
2026,1,SA,New Iberia H.S.,66.73,14.14,15.39,12.5,12.5
2026,2,SRA,New London Winter Guard,64.481,12.98,9.5,13.8,14.6
2026,5,SRA,New London Winter Guard,78.82,14.64,16.78,15.3,15.9
2026,8,SRA,New London Winter Guard,81.16,15.86,15.4,15.6,17.6
2026,9,SRA,New London Winter Guard,89.72,16.8,16.92,18.7,18.7
2026,6,PSO,New Milford HS,75.35,23.25,15.3,21.8,15.0
2026,0,P-SA,New Oxford Indoor Percussion Ensemble,60.65,19.05,15.9,13.1,12.6
2026,5,P-SA(,New Oxford Indoor Percussion Ensemble,71.75,20.4,22.65,14.4,14.3
2026,7,P-SA,New Oxford Indoor Percussion Ensemble,74.1,22.5,22.8,14.0,14.8
2026,8,P-SA,New Oxford Indoor Percussion Ensemble,82.45,24.6,25.95,16.4,15.5
2026,9,P-SA,New Oxford Indoor Percussion Ensemble,82.189,25.462,26.025,15.2,15.5
2026,7,PSA,New Palestine HS,81.6,22.8,16.0,26.4,16.4
2026,9,R4,Newberry County,71.841,14.82,14.32,14.3,13.8
2026,4,PSA,Newsome HS,78.3,23.7,16.2,22.35,16.05
2026,9,R2,Newton Conover High School,77.37,14.67,15.2,15.1,16.7
2026,5,PSO,Ninety Six HS,80.125,23.925,16.3,24.25,15.65
2026,8,PSO,Ninety Six HS,85.875,25.875,16.8,26.3,16.9
2026,5,PSO,Noblesville HS,83.55,25.8,17.05,24.25,16.45
2026,7,PSO,Noblesville HS,87.5,24.6,17.7,26.8,18.4
2026,5,PIA,Nomad Indoor,84.05,25.5,16.65,25.1,16.8
2026,2,PRA,Nordonia Winter Percussion,76.7,25.2,15.5,20.6,15.4
2026,5,PSA,Nordonia Winter Percussion,76.6,24.0,14.7,23.4,14.5
2026,9,PSA,Nordonia Winter Percussion,79.676,24.375,16.3,23.1,15.9
2026,6,PSA,North Allegheny HS,80.5,24.45,16.25,24.0,15.8
2026,3,SRA,North Bullitt HS,52.941,10.5,11.04,10.2,10.7
2026,6,PR,North Bullitt HS,60.88,11.16,11.92,11.6,12.7
2026,8,PR,North Bullitt HS,61.521,11.96,12.66,11.9,11.9
2026,5,PSO,North Forsyth HS,76.0,23.1,14.6,24.3,14.0
2026,8,PSO,North Forsyth HS,80.95,25.35,15.7,24.6,15.3
2026,8,PSO,North Gwinnett HS,73.201,22.2,14.3,22.9,13.8
2026,2,B2,North HS,71.3,21.0,15.2,20.7,14.4
2026,6,B2,North HS,82.75,25.05,16.3,24.8,16.6
2026,8,PSA,North HS,86.2,26.7,17.0,25.4,17.1
2026,9,R4,North HS,89.15,27.45,18.0,25.3,18.4
2026,2,BR,North Hardin,57.89,10.95,12.54,11.0,10.9
2026,4,SA,North Hardin,67.52,13.61,13.81,12.2,13.8
2026,7,BR,North Hardin,71.77,12.86,14.41,15.0,14.6
2026,9,BR,North Hardin,78.94,15.17,16.67,15.7,16.0
2026,2,BR,North Harrison,55.031,10.35,11.28,9.9,11.9
2026,4,SA,North Harrison,60.961,12.08,12.08,11.7,12.7
2026,5,SA,North Harrison,64.85,13.01,14.94,11.5,12.7
2026,6,PR,North Harrison,64.601,12.55,12.55,12.7,13.6
2026,7,BR,North Harrison,64.071,12.2,13.07,13.5,12.6
2026,9,BR,North Harrison,70.41,14.135,14.475,15.1,13.5
2026,9,R4,North Lincoln HS JV,70.21,14.14,14.87,13.0,14.0
2026,1,BR,North Oldham HS,58.48,11.8,11.08,11.3,12.3
2026,2,PR,North Oldham HS,56.21,10.53,12.28,10.9,10.8
2026,4,SA,North Oldham HS,66.75,13.01,13.14,13.7,13.2
2026,6,BR,North Oldham HS,68.921,14.01,13.41,13.6,13.2
2026,9,BR,North Oldham HS,74.131,15.47,14.66,14.2,15.3
2026,3,PSA,North Penn,78.6,23.1,15.7,24.1,15.7
2026,4,PSA,North Penn,85.25,25.95,17.2,25.0,17.1
2026,7,ME,North Penn,83.15,25.05,16.7,24.9,16.5
2026,8,PSO,North Penn,84.6,24.9,17.0,25.5,17.2
2026,9,PSO,North Penn,85.15,25.35,17.3,25.5,17.0
2026,6,PSO,North Penn HS,78.55,23.7,15.1,23.85,15.9
2026,4,SA,North Point High School,68.8,13.87,13.1,13.6,13.5
2026,7,SA,North Point High School,75.09,14.28,15.21,14.9,14.9
2026,4,PSA,North Port HS,69.851,21.15,13.6,21.1,14.0
2026,5,SRA,North Ridgeville High School Winter Guard,66.861,12.04,11.92,12.2,11.7
2026,6,SRA,North Ridgeville High School Winter Guard,71.46,12.72,14.24,13.7,11.8
2026,6,PIA,North Star Independent,81.05,24.75,16.7,23.4,16.2
2026,4,PIA,NorthCoast Academy,68.5,20.1,14.0,20.6,13.8
2026,6,PIA,NorthCoast Academy,74.75,23.25,14.4,22.2,14.9
2026,7,PIA,NorthCoast Academy,76.3,23.4,14.9,23.0,15.0
2026,9,PIA,NorthCoast Academy,76.6,22.8,15.2,23.3,15.3
2026,3,SA,NorthWood Varsity,68.73,13.55,14.08,13.7,13.0
2026,9,SRA,Northeastern Damsels WG,85.501,18.48,15.72,17.7,16.5
2026,0,SJ,Northeastern Guard,56.71,10.74,10.27,11.5,12.6
2026,3,SJ,Northeastern Guard,63.68,12.54,12.74,11.8,12.8
2026,4,SJ,Northeastern Guard,64.48,10.61,13.07,13.3,13.6
2026,5,SJ,Northeastern Guard,66.09,11.35,13.14,13.3,14.3
2026,6,SJ,Northeastern Guard,66.81,12.67,13.14,13.5,14.2
2026,8,SJ,Northeastern Guard,73.28,14.34,14.54,14.7,15.1
2026,9,SJ,Northeastern Guard,79.11,14.94,16.87,16.1,16.1
2026,0,SA,Northeastern HS Guard,59.081,13.34,13.14,10.3,11.2
2026,3,SA,Northeastern HS Guard,63.98,14.54,13.74,12.2,12.4
2026,4,SA,Northeastern HS Guard,65.75,12.21,13.54,13.2,13.6
2026,5,SA,Northeastern HS Guard,69.09,14.35,14.94,13.3,13.6
2026,6,SA,Northeastern HS Guard,68.561,13.75,15.61,12.8,13.6
2026,8,SA,Northeastern HS Guard,73.091,14.48,15.01,14.5,14.5
2026,9,SA,Northeastern HS Guard,74.311,14.57,15.24,15.05,14.65
2026,4,IRA,Northern Kentucky University,52.78,8.96,9.02,11.0,12.0
2026,6,IRA,Northern Kentucky University,55.7,10.36,11.04,11.4,11.8
2026,8,IRA,Northern Kentucky University,62.9,10.56,13.04,12.8,13.2
2026,9,IRA,Northern Kentucky University,63.18,10.82,12.76,12.4,13.7
2026,9,,Northmont High School Varsity Guard,78.651,15.14,16.21,15.8,15.6
2026,9,ECG,Northmont Little Sparks,87.1,18.5,16.5,17.6,16.5
2026,0,R1,Northshore H.S.,60.61,11.74,11.67,12.6,12.6
2026,5,SRA,Northview Academy,59.581,11.98,13.6,10.7,10.9
2026,7,SRA,Northview Academy,62.481,11.72,12.3,12.2,12.2
2026,9,R1,Northview Academy,73.721,13.98,14.84,15.6,14.2
2026,7,PSO,Northview HS,80.075,24.075,16.7,23.2,16.1
2026,9,R2,Northwestern HS,75.68,14.94,14.94,15.3,15.2
2026,1,IA,Northwestern St. University,53.3,11.6,11.8,10.6,9.3
2026,5,SRA,Norton High School Jr. Varsity Winter Guard,66.641,11.36,12.38,11.8,11.8
2026,6,SRA,Norton High School Jr. Varsity Winter Guard,67.52,11.24,13.1,11.8,12.4
2026,8,SRA,Norton High School Jr. Varsity Winter Guard,65.821,11.58,10.84,12.5,11.9
2026,9,SRA,Norton High School Jr. Varsity Winter Guard,73.781,12.9,13.48,13.6,12.9
2026,5,SNA,Norton High School Varsity Winter Guard,74.75,15.01,14.74,14.8,15.2
2026,6,SNA,Norton High School Varsity Winter Guard,75.5,14.75,14.95,15.0,15.0
2026,8,SNA,Norton High School Varsity Winter Guard,80.18,15.81,15.47,17.0,16.2
2026,9,SNA,Norton High School Varsity Winter Guard,79.29,14.68,16.21,16.2,16.3
2026,6,PSO,Norwalk HS,83.45,25.8,16.4,24.95,16.3
2026,4,SRA,Norwood  HS,52.561,10.94,8.32,10.9,10.9
2026,6,BR,Norwood  HS,58.301,10.76,10.84,12.0,12.4
2026,7,BR,Norwood  HS,61.621,12.0,13.52,12.2,12.5
2026,6,B1,Nutley HS,73.25,21.45,14.8,22.05,14.95
2026,7,PIO,OCI,83.85,24.975,17.3,23.875,17.7
2026,2,PSA,Oak Grove H.S.,67.4,20.6,18.9,13.5,14.4
2026,7,PSA,Oak Grove HS (MS),80.951,24.75,15.7,24.0,16.5
2026,8,SRA,Oak Harbor HS,66.5,13.14,13.26,13.9,13.2
2026,9,SRA,Oak Harbor HS,72.451,14.94,14.06,13.8,16.2
2026,7,PR,Oak Hills HS,66.691,12.16,13.63,13.3,14.6
2026,7,SRA,Oak Hills HS JV,71.661,13.56,14.7,14.5,14.3
2026,9,SA,Oak Hills High School Winter Guard,70.821,12.88,15.14,14.5,14.3
2026,9,PSA,Oak Hills Indoor Percussion Ensemble,78.6,22.8,15.8,25.8,14.2
2026,9,SRA,Oak Hills Junior Varsity Winter Guard,72.64,14.18,14.86,14.0,15.2
2026,3,PSA,Oak Park HS,68.301,19.35,12.3,22.25,14.4
2026,6,PSA,Oak Park HS,67.601,19.5,14.1,20.6,13.4
2026,9,R1,Oak Park HS,73.3,22.2,13.6,22.6,14.9
2026,7,PSO,Oak Ridge HS (CA),75.876,22.575,15.5,22.35,15.45
2026,2,SA,Oak Ridge High School Winter Guard,55.92,10.41,11.01,11.6,11.6
2026,4,SA,Oak Ridge High School Winter Guard,61.95,13.34,12.61,12.4,11.5
2026,7,SA,Oak Ridge High School Winter Guard,75.07,17.07,13.6,14.4,14.4
2026,9,SA,Oak Ridge High School Winter Guard,80.141,17.2,15.94,15.3,16.3
2026,4,PSA,Oak Ridge Indoor Percussion,74.55,22.9,22.35,14.5,14.8
2026,7,PSA,Oak Ridge Indoor Percussion,80.0,26.0,23.1,15.0,15.9
2026,9,PSA,Oak Ridge Indoor Percussion,89.15,25.9,26.25,18.9,18.1
2026,4,P,Oak Ridge Prep,57.82,11.94,11.3,10.7,12.0
2026,9,P,Oak Ridge Prep,79.72,15.61,15.41,16.0,16.1
2026,1,SRA,Oakdale H.S.,53.141,10.98,10.46,11.2,10.0
2026,2,R2,Oakdale HS,64.68,13.74,13.2,13.0,12.1
2026,5,SRA,Oakdale HS,68.18,13.8,14.08,13.4,13.1
2026,2,R2,Oakdale JH,51.86,9.44,10.92,8.7,11.9
2026,5,R2,Oakdale JH,63.56,12.82,13.54,12.3,12.2
2026,7,R2,Oakdale JH,73.96,14.58,14.78,14.6,14.8
2026,4,PSO,Oakleaf HS,73.8,21.6,15.25,21.05,15.9
2026,8,PSA,Ocean Lakes HS,83.275,25.275,16.6,24.7,16.7
2026,4,PRA(,Odessa High School,72.4,20.85,23.85,12.1,15.6
2026,5,PSA,Odessa High School,71.051,20.85,14.4,21.7,14.1
2026,7,PSA,Odessa High School,60.1,17.4,12.4,18.5,11.8
2026,8,PSA,Odessa High School,70.35,20.4,14.25,21.1,14.6
2026,9,PSA,Odessa High School,72.5,21.6,14.9,21.0,15.0
2026,6,PIA,Ogden HS,76.15,23.25,14.6,24.0,14.3
2026,8,IA,Ohio Wesleyan University Winterguard,60.18,11.49,11.49,12.0,13.8
2026,3,C,Okaloosa Middle School Winter Guard,66.12,12.02,13.9,13.0,13.6
2026,5,C,Okaloosa Middle School Winter Guard,70.22,12.7,15.32,14.0,13.7
2026,2,ME,Old Bridge,70.05,21.45,12.4,21.1,15.1
2026,4,PSA,Old Bridge,82.45,25.35,16.2,24.5,16.4
2026,5,PSO,Old Bridge,75.3,22.5,15.1,23.4,14.3
2026,7,PSO,Old Bridge,82.2,24.6,16.3,25.0,16.3
2026,8,PSO,Old Bridge,82.55,24.45,16.4,25.2,16.5
2026,9,PSO,Old Bridge,82.875,24.975,16.9,24.5,16.5
2026,0,IA,Old Line Independent Color Guard,63.55,13.74,12.61,11.2,14.2
2026,4,IA,Old Line Independent Color Guard,71.23,14.61,13.02,14.7,14.4
2026,5,IA,Old Line Independent Color Guard,80.62,16.21,16.01,16.4,15.6
2026,9,IA,Old Line Independent Color Guard,87.545,17.305,17.44,17.6,17.9
2026,2,P-IA,Old Line Independent Percussion,73.55,22.95,22.2,13.9,14.5
2026,3,P-IO,Old Line Independent Percussion,71.1,22.5,21.0,14.5,13.1
2026,6,PIO,Old Line Independent Percussion,80.15,24.15,16.2,23.3,16.5
2026,8,PIO,Old Line Independent Percussion,87.0,25.5,17.0,27.4,17.1
2026,2,IRA,Olentangy Independent,69.0,15.44,12.46,12.8,14.6
2026,5,IRA,Olentangy Independent,76.7,15.36,16.24,14.1,15.6
2026,8,IRA,Olentangy Independent,79.98,15.28,14.1,16.7,16.5
2026,9,IRA,Olentangy Independent,84.14,16.38,17.66,16.5,17.2
2026,2,N,Olentangy Independent JV,73.696,11.704,13.832,16.24,16.66
2026,5,N,Olentangy Independent JV,82.516,14.616,18.9,16.52,16.1
2026,8,N,Olentangy Independent JV,85.064,16.464,14.98,18.62,16.8
2026,6,PSA,Olentangy Liberty HS,79.15,24.75,16.3,23.0,15.1
2026,2,PSA,Olentangy Liberty High School Winterline,75.4,21.9,15.6,22.9,15.0
2026,5,PSA,Olentangy Liberty High School Winterline,80.1,25.5,14.8,24.1,15.7
2026,8,PSA,Olentangy Liberty High School Winterline,83.45,24.15,16.4,26.2,16.7
2026,9,PSA,Olentangy Liberty High School Winterline,86.2,26.55,18.2,24.3,17.15
2026,1,PSJ,Ollivier MS,70.85,22.35,15.1,20.4,13.0
2026,6,IRA,Omaha Winter Arts Gold,52.34,10.24,11.5,10.4,10.0
2026,9,IRA,Omaha Winter Arts Gold,56.2,10.92,11.38,11.7,11.9
2026,3,IA,Omaha Winter Arts Scarlet,52.86,10.82,11.34,11.4,9.6
2026,5,IA,Omaha Winter Arts Scarlet,53.71,11.42,10.89,11.3,9.0
2026,6,IA,Omaha Winter Arts Scarlet,57.01,11.49,11.02,12.2,10.8
2026,9,IA,Omaha Winter Arts Scarlet,58.85,12.81,11.74,11.4,11.8
2026,2,IW,Onyx,80.8,16.2,16.0,16.2,15.9
2026,2,IA,Onyx A,66.39,13.28,14.21,13.0,13.1
2026,3,IA,Onyx A,74.18,14.87,14.81,15.0,14.2
2026,6,IA,Onyx A,80.23,15.8,15.73,16.6,16.2
2026,9,IA,Onyx A,80.3,15.87,16.93,15.7,15.5
2026,5,SRA,Ooltewah High School Winter Guard,65.921,13.5,14.32,12.2,12.5
2026,7,SRA,Ooltewah High School Winter Guard,73.36,15.46,14.7,15.0,13.4
2026,9,R2,Ooltewah High School Winter Guard,81.66,16.24,16.12,16.6,17.1
2026,2,PIO,Orange County Independent,72.9,22.8,14.2,22.2,13.7
2026,5,PIO,Orange County Independent,80.2,24.9,16.9,23.0,15.4
2026,8,GHSSRA,Orange Cove HS Winterguard,56.92,10.98,11.44,11.7,10.7
2026,7,PSA,Orange HS,74.3,21.6,14.9,21.7,16.1
2026,3,B1,Orange Vista HS,64.151,19.05,12.2,20.0,12.9
2026,6,B1,Orange Vista HS,67.401,19.5,13.6,20.0,14.3
2026,8,PSA,Orange Vista HS,70.55,20.25,14.6,21.6,14.1
2026,9,R4,Orange Vista HS,78.575,24.075,16.1,23.7,14.7
2026,0,R2,Orosi HS Winterguard,55.26,10.5,12.06,10.9,9.7
2026,2,R2,Orosi HS Winterguard,55.38,11.12,12.46,10.8,10.6
2026,6,R1,Orosi HS Winterguard,66.62,12.64,13.38,13.5,13.2
2026,8,GHSSRA,Orosi HS Winterguard,78.5,15.18,15.72,16.8,14.8
2026,0,PHSSRA,Orosi Indoor Percussion,70.85,20.6,21.45,14.5,14.3
2026,2,R1,Orosi Indoor Percussion,69.3,19.5,22.65,11.95,15.2
2026,6,R2,Orosi Indoor Percussion,81.3,23.8,24.0,16.7,16.8
2026,8,PHSSRA,Orosi Indoor Percussion,85.0,25.0,26.1,16.6,17.3
2026,5,PSA,Oswego,68.35,20.7,20.55,13.6,13.5
2026,6,PSA,Oswego,70.251,22.1,20.55,13.9,13.7
2026,1,SRA,Owen Co HS,52.92,10.38,11.04,11.3,11.2
2026,4,SRA,Owen Co HS,60.26,11.82,12.44,11.9,11.7
2026,6,PR,Owen Co HS,65.96,12.84,13.12,12.6,13.0
2026,8,PR,Owen Co HS,66.921,13.84,12.98,13.3,12.4
2026,9,SRA,Owen Co HS,69.821,14.12,13.9,13.8,13.6
2026,2,PSA,Owen J Roberts,53.701,16.5,10.6,15.0,11.6
2026,3,PSA,Owen J Roberts,77.7,22.8,15.5,24.0,15.4
2026,4,PSA,Owen J Roberts,83.75,25.5,16.5,25.05,16.7
2026,5,PSA,Owen J Roberts,82.85,24.75,16.1,25.7,16.3
2026,8,PSA,Owen J Roberts,90.55,26.85,17.9,27.8,18.0
2026,6,PSA,Owen J Roberts HS,88.95,27.0,17.7,26.65,17.6
2026,1,PR,Owensboro Catholic HS,53.4,10.28,10.52,11.8,10.9
2026,4,BR,Owensboro Catholic HS,64.38,12.38,13.0,13.7,12.4
2026,7,SRA,Owensboro Catholic HS,76.62,16.0,16.12,15.2,14.5
2026,8,BR,Owensboro Catholic HS,75.96,15.58,15.28,14.9,15.3
2026,1,PIW,POW Percussion,77.65,23.55,15.6,23.0,15.5
2026,4,PIW,POW Percussion,85.15,26.25,16.6,26.1,16.2
2026,7,PIW,POW Percussion,86.5,26.4,17.0,25.95,17.15
2026,8,PIW,POW Percussion,87.05,26.55,17.5,26.1,16.9
2026,7,PSO,Pace HS,86.225,25.65,17.375,25.65,17.55
2026,1,PSO,Pace Indoor Percussion,74.8,24.6,14.2,21.8,14.2
2026,3,PSO,Pace Indoor Percussion,75.3,23.7,15.9,21.0,14.7
2026,5,PSO,Pace Indoor Percussion,77.05,23.85,16.0,22.6,14.6
2026,3,SJV,Pace JV Winter Guard,71.72,14.52,14.0,14.0,14.6
2026,5,SJV,Pace JV Winter Guard,75.14,15.92,14.52,14.7,15.0
2026,3,SA,Pace Winter Guard,70.68,13.88,14.4,14.9,13.3
2026,9,IRA,Pacer Independent Winter Guard,72.06,15.14,14.12,14.1,14.0
2026,2,R2,Pacheco HS,63.1,18.9,12.2,19.8,12.2
2026,5,R2,Pacheco HS,74.8,22.2,15.0,22.9,14.7
2026,7,R2,Pacheco HS,76.2,22.8,14.2,23.7,15.5
2026,5,R2,Pacheco High School Winter Guard,62.0,13.26,12.44,12.9,12.8
2026,7,R1,Pacheco High School Winter Guard,68.94,13.32,13.72,12.8,14.4
2026,2,PSO,Pacifica HS,73.65,21.75,15.4,21.2,15.3
2026,4,PSO,Pacifica HS,81.75,25.05,16.3,24.0,16.4
2026,7,PSO,Pacifica HS,87.05,27.3,17.6,24.95,17.2
2026,8,PSO,Pacifica HS,85.8,26.1,16.8,25.7,17.2
2026,5,C,Pacificaires Cadet,51.48,9.36,12.52,9.1,8.9
2026,8,C,Pacificaires Cadet,69.22,13.8,13.72,13.0,14.3
2026,5,IRA,Pacificaires Regional A,76.56,15.44,14.52,15.7,15.9
2026,8,IRA,Pacificaires Regional A,91.42,18.46,19.06,18.3,17.9
2026,5,PSA,Page HS,78.8,25.2,16.0,23.2,14.4
2026,6,B2,Palisades CHS,71.4,20.7,15.5,20.5,14.7
2026,8,PSA,Palisades CHS,72.15,21.15,14.8,21.8,14.4
2026,9,R1,Palisades CHS,83.3,24.15,16.7,25.9,16.55
2026,9,R4,Palisades HS,69.651,13.34,14.21,14.0,13.5
2026,5,PSA,Palisades HS (NC),73.526,21.825,15.7,22.0,14.0
2026,9,R4,Palmetto HS,69.381,13.76,13.12,13.5,14.5
2026,5,PIA,Palmetto Indoor Theatre,74.8,22.8,14.1,23.3,14.6
2026,5,PSO,Panther Creek HS,83.125,24.675,16.75,25.4,16.3
2026,6,SRA,Papillion-La Vista HS,59.571,12.04,11.38,12.3,11.8
2026,9,SRA,Papillion-La Vista HS,62.04,11.86,12.18,12.6,13.4
2026,5,PSO,Papillion-La Vista South HS,81.05,23.85,16.2,24.4,16.6
2026,8,PSO,Papillion-La Vista South HS,84.2,26.4,16.8,24.3,16.7
2026,9,PSO,Papillion-La Vista South HS,83.9,25.5,17.1,25.1,16.2
2026,2,SRA,Papillion-La Vista South HS JV,58.3,12.72,11.78,11.7,10.7
2026,6,SRA,Papillion-La Vista South HS JV,68.21,14.44,13.12,13.8,13.3
2026,9,SRA,Papillion-La Vista South HS JV,72.3,13.52,13.98,15.7,14.2
2026,2,SA,Papillion-La Vista South HS Varsity,63.33,13.69,13.74,11.8,12.1
2026,6,SA,Papillion-La Vista South HS Varsity,75.11,15.34,15.67,15.0,14.4
2026,9,SA,Papillion-La Vista South HS Varsity,78.66,15.67,16.74,15.5,14.85
2026,8,PIO,Paradigm Percussion,85.825,25.575,16.85,25.8,17.6
2026,8,GJHSA,Parkview MS Winterguard,52.44,10.5,10.44,11.6,11.3
2026,9,GJHSA,Parkview MS Winterguard,60.921,11.58,12.04,12.4,12.6
2026,5,B1,Patriot HS,76.5,22.8,14.3,23.3,16.1
2026,8,PSA,Patriot HS,75.601,20.7,15.4,23.6,15.9
2026,9,R4,Patriot HS,83.801,24.75,17.25,25.4,16.4
2026,7,R1,Patterson HS,60.221,11.44,11.98,12.3,12.2
2026,4,SRA,Pattonville High School Junior Varsity,65.23,12.06,13.85,13.3,13.7
2026,3,SA,Paul Laurence Dunbar HS,66.32,13.94,13.48,12.3,12.2
2026,6,SA,Paul Laurence Dunbar HS,73.951,14.81,14.94,14.0,15.0
2026,7,SA,Paul Laurence Dunbar HS,76.601,14.86,15.74,15.3,15.8
2026,9,BR,Paul Laurence Dunbar HS,83.141,15.74,16.8,17.1,16.2
2026,3,SA,Paul Laurence Dunbar HS JV,61.61,13.07,13.74,11.7,11.9
2026,6,BR,Paul Laurence Dunbar HS JV,70.98,14.34,13.94,13.8,14.4
2026,7,PR,Paul Laurence Dunbar HS JV,72.19,14.21,13.48,14.7,15.2
2026,9,BR,Paul Laurence Dunbar HS JV,77.671,15.87,15.6,14.6,15.8
2026,3,PSA,Paul V. Moore HS,77.15,23.55,14.9,23.7,15.0
2026,7,PSA,Pearl HS,82.35,26.55,16.0,23.8,16.0
2026,0,R1,Pearl River Central H.S.,58.59,11.14,12.15,11.1,11.9
2026,2,N,Pearl River Central H.S.,69.981,14.87,14.41,13.2,15.3
2026,9,R2,Pelion HS,55.8,10.92,10.98,11.1,10.6
2026,9,R2,Pendleton HS,82.48,15.74,16.54,16.1,17.6
2026,5,SRA,Peninsula Combined WG,53.94,9.16,9.78,12.4,10.9
2026,9,SRA,Peninsula Combined WG,71.915,13.88,14.46,12.9,15.5
2026,6,B2,Penncrest HS,70.95,21.15,12.8,23.4,13.6
2026,3,PSA,Pennridge,72.001,21.0,14.9,21.6,14.5
2026,4,PSA,Pennridge,74.751,20.85,16.8,21.5,15.6
2026,7,PSA,Pennridge,82.6,24.9,16.5,24.8,16.4
2026,8,PSA,Pennridge,85.0,25.05,17.25,26.8,15.9
2026,9,PSA,Pennridge,83.15,24.45,18.0,24.6,16.1
2026,6,B1,Pennridge HS,78.15,23.4,15.5,23.6,15.65
2026,4,PSA,Perkiomen Valley,72.75,22.5,13.8,22.05,14.4
2026,8,PSA,Perkiomen Valley,74.05,22.05,14.9,21.9,15.2
2026,9,PSA,Perkiomen Valley,79.6,22.2,15.6,24.8,17.0
2026,6,B2,Perkiomen Valley HS,71.2,20.4,12.6,23.1,15.1
2026,5,PSA,Perry HS,73.6,21.3,15.1,22.9,14.3
2026,2,BR,Perry Meridian HS,63.89,13.28,13.01,12.1,12.5
2026,3,SA,Perry Meridian HS,67.98,13.27,13.61,13.5,14.2
2026,9,BR,Perry Meridian HS,79.89,15.67,16.07,16.8,16.65
2026,3,PSA,Perry Meridian HS Percussion,72.05,21.15,14.2,22.0,14.7
2026,3,SRA,Perry Meridian JV,55.1,11.52,10.78,11.2,9.6
2026,0,R1,Petal H.S.,63.32,12.32,12.6,12.5,13.5
2026,2,PSA,Petal H.S.,67.5,21.4,19.2,13.4,13.5
2026,0,C,Petal M.S.,61.03,11.88,12.35,12.7,12.0
2026,5,PSO,Pflugerville HS,78.95,23.85,15.8,24.0,15.3
2026,8,PSO,Pflugerville HS,78.201,23.4,14.6,23.8,16.4
2026,1,PSA,Phoenix,65.35,18.4,19.95,13.5,13.5
2026,5,PSA,Phoenix,77.6,24.0,21.9,16.6,15.1
2026,8,PSA,Phoenix,87.4,25.3,26.7,17.9,17.5
2026,2,IA,Phoenix Independent,75.32,15.15,15.47,15.0,14.9
2026,6,IW,Phoenix Independent,82.7,16.6,16.3,16.5,16.5
2026,9,IW,Phoenix Independent,87.3,17.3,18.1,17.2,17.5
2026,2,BR,Phoenix Winter Guard,57.7,11.24,12.06,11.2,11.6
2026,4,PSA,Phoenixville,74.05,22.35,14.4,22.5,14.8
2026,5,PSA,Phoenixville,74.9,23.4,14.3,22.6,14.6
2026,8,PSA,Phoenixville,78.976,22.425,16.95,23.4,16.2
2026,9,PSA,Phoenixville,79.676,24.075,15.5,25.7,14.4
2026,7,PIA,Pi Percussion Inc.,84.175,25.125,16.95,25.55,16.55
2026,0,R1,Picayune Memorial H.S.,57.761,10.84,12.32,12.0,11.1
2026,2,R1,Picayune Memorial H.S.,60.301,13.84,11.96,11.9,13.0
2026,9,R1,Pickens High School JV,69.66,12.72,13.84,14.8,14.5
2026,3,PSA,Piedmont HS,73.65,22.35,13.9,22.9,14.5
2026,8,PSA,Piedmont HS,82.7,24.6,15.6,24.9,17.6
2026,7,SRA,Pigeon Forge High School Winterguard,64.181,11.52,13.0,13.0,12.8
2026,8,SRA,Pigeon Forge High School Winterguard,68.681,14.98,13.5,14.0,13.1
2026,9,R1,Pigeon Forge High School Winterguard,72.781,14.98,15.1,13.9,14.6
2026,2,GJHSO,Pioneer MS Winterguard,54.58,11.72,11.86,9.8,10.5
2026,8,GJHSO,Pioneer MS Winterguard,64.02,13.24,12.18,13.6,13.0
2026,9,GJHSO,Pioneer MS Winterguard,68.1,13.72,13.58,13.6,13.2
2026,6,GJHSA,Pioneer Mustang Guard,60.34,11.92,11.52,12.9,11.6
2026,9,GJHSA,Pioneer Mustang Guard,65.14,12.1,12.24,12.8,13.6
2026,6,PJHSA,Pioneer Mustangs Percussion,65.65,18.6,21.75,13.3,12.0
2026,9,SRA,Piqua Winter Guard,84.421,17.3,16.92,17.1,16.7
2026,8,PJHSA,Pixley CA,57.401,18.2,18.0,10.7,10.5
2026,9,GJHSA,Pixley MS Winterguard,58.72,10.86,10.86,11.4,12.2
2026,8,PJHSA,Pixley Middle School Percussion,57.401,18.2,18.0,10.7,10.5
2026,7,PSO,Plainfield HS (IN),74.3,21.0,14.9,22.4,16.0
2026,4,PSO,Plymouth-Canton Educational Park,71.3,22.5,13.5,20.7,14.6
2026,6,PSO,Plymouth-Canton Educational Park,81.25,24.75,16.6,23.8,16.1
2026,7,PSO,Plymouth-Canton Educational Park,83.1,25.2,17.0,24.4,16.5
2026,4,PSA,Ponte Vedra HS,76.85,22.35,16.0,22.0,16.5
2026,0,R2,Pope John Paul H.S.,55.68,11.07,11.41,10.1,11.1
2026,2,N,Pope John Paul H.S.,67.841,13.09,14.75,12.7,14.3
2026,9,R1,Porter Ridge HS A,73.021,13.94,13.88,15.7,14.6
2026,6,PJHSA,Porterville,65.65,18.6,21.75,13.3,12.0
2026,7,BR,Portland HS,60.261,11.04,12.92,11.4,13.0
2026,5,GSN,Pottsville JV Winterguard,61.761,14.78,12.78,10.5,11.9
2026,8,GSN,Pottsville JV Winterguard,70.441,14.84,14.8,13.5,12.7
2026,5,GSRB,Pottsville Varsity Winter Guard,59.46,8.92,12.64,14.5,12.2
2026,8,GSRB,Pottsville Varsity Winter Guard,66.7,12.58,13.32,13.9,12.7
2026,9,R2,Powdersville HS JV,66.6,12.12,13.18,14.2,13.4
2026,9,R1,Powdersville HS Varsity,72.21,14.34,14.47,15.2,14.0
2026,2,SRA,Powell Bijoux,53.981,11.7,11.58,11.1,9.1
2026,4,SRA,Powell Bijoux,61.441,12.86,11.98,12.1,12.0
2026,5,SRA,Powell Bijoux,67.46,14.44,14.12,12.5,13.5
2026,9,R1,Powell Bijoux,80.48,15.56,16.92,16.0,17.0
2026,0,R2,Prairieville H.S.,53.681,11.62,11.06,10.0,10.6
2026,2,R2,Prairieville H.S.,60.701,12.9,11.7,12.2,13.6
2026,9,PSRA,Preble Shawnee Indoor Percussion,79.55,24.15,16.0,24.1,15.3
2026,5,IRA,Prelude,50.54,9.22,10.12,10.9,8.5
2026,8,IRA,Prelude,60.04,11.72,11.52,11.9,12.8
2026,9,IRA,Prelude,63.7,12.18,12.72,12.8,12.6
2026,1,S,Pride of Nicholls Winterguard,51.62,10.68,10.54,10.4,9.5
2026,1,BR,Pulaski County HS,56.06,10.36,11.3,11.5,12.8
2026,5,SRA,Pulaski County HS,69.66,14.38,14.18,14.0,13.1
2026,6,SRA,Pulaski County HS,74.98,14.36,15.32,15.5,14.2
2026,8,BR,Pulaski County HS,80.78,15.36,16.32,16.9,16.3
2026,9,SRA,Pulaski County HS,79.381,15.46,16.32,15.9,15.5
2026,7,IS,Pullman WA,69.725,14.34,13.61,14.0,13.8
2026,9,IS,Pullman WA,65.18,11.94,12.34,13.0,14.1
2026,1,PIW,Pulse Percussion,84.45,25.65,17.0,25.1,16.7
2026,4,PIW,Pulse Percussion,90.35,27.75,17.8,27.4,17.4
2026,7,PIW,Pulse Percussion,92.863,27.862,18.85,27.45,18.7
2026,8,PIW,Pulse Percussion,94.35,28.65,19.1,27.7,18.9
2026,7,PIO-AA,Purple Lancers,69.9,19.5,21.3,14.3,14.8
2026,8,PIO,Q2,89.425,27.3,17.95,26.325,17.85
2026,3,PSA,Quakertown,68.951,20.25,14.1,21.1,13.5
2026,5,PSA,Quakertown,76.85,21.9,14.7,24.05,16.2
2026,8,PSA,Quakertown,84.451,25.05,17.3,24.9,17.2
2026,9,PSA,Quakertown,80.851,24.75,16.5,24.0,15.6
2026,6,B1,Quakertown HS,79.95,24.45,16.5,24.5,14.5
2026,5,SN,Quince Orchard Indoor Color Guard,53.16,10.68,10.68,10.5,9.0
2026,7,SN,Quince Orchard Indoor Color Guard,64.08,14.14,12.34,12.3,13.0
2026,8,SN,Quince Orchard Indoor Color Guard,68.04,14.14,14.0,13.7,12.7
2026,9,SN,Quince Orchard Indoor Color Guard,77.151,15.21,15.14,15.7,16.3
2026,1,PIW,RCC,85.9,26.4,17.5,24.5,17.5
2026,4,PIW,RCC,90.0,27.3,18.3,26.9,17.5
2026,7,PIW,RCC,93.675,28.275,19.35,27.0,19.05
2026,8,PIW,RCC,95.4,28.8,19.4,27.8,19.4
2026,2,B1,Rancho Alamitos HS,65.251,18.45,13.4,20.2,13.2
2026,4,PSA,Rancho Alamitos HS,73.65,21.0,14.6,23.95,14.1
2026,6,B1,Rancho Alamitos HS,78.05,23.85,15.7,22.6,15.9
2026,7,PSA,Rancho Alamitos HS,81.176,24.075,16.0,24.9,16.2
2026,9,R4,Rancho Alamitos HS,86.6,26.4,17.1,26.4,16.7
2026,3,PSO,Rancho Cucamonga HS,82.875,24.375,16.5,25.0,17.0
2026,4,PSO,Rancho Cucamonga HS,84.45,25.95,16.6,25.1,16.8
2026,7,PSO,Rancho Cucamonga HS,88.3,27.75,17.5,25.35,17.7
2026,8,PSO,Rancho Cucamonga HS,89.2,27.0,18.0,26.2,18.0
2026,1,PSJ,Rancho Starbuck IS,70.301,21.3,14.4,21.5,13.1
2026,3,PSJ,Rancho Starbuck IS,76.3,22.2,14.9,23.3,15.9
2026,6,PSJ,Rancho Starbuck IS,75.05,22.05,15.3,23.2,14.5
2026,2,JRA,Rangerette Wranglers,66.025,10.125,12.65,13.75,14.375
2026,5,JRA,Rangerette Wranglers,78.475,14.9,17.825,16.0,15.0
2026,2,IRA,Rangerettes,71.14,13.88,13.36,14.2,15.0
2026,5,IA,Rangerettes,78.01,15.54,16.07,15.0,15.9
2026,9,IA,Rangerettes,86.47,18.2,17.67,17.0,17.2
2026,5,PIA,Ravenwood HS,85.6,27.3,17.9,25.1,15.3
2026,0,R2,Rayne H.S.,55.511,10.88,11.03,10.9,11.5
2026,1,N,Rayne H.S.,59.93,10.95,12.08,13.3,11.1
2026,5,SRA,Red Devil Indoor B,74.82,13.52,14.8,14.1,13.0
2026,8,SRA,Red Devil Indoor B,77.44,15.0,13.04,15.6,12.3
2026,9,SRA,Red Devil Indoor B,80.85,14.32,14.18,14.1,15.55
2026,5,SNA,Red Devil Indoor Guard A,75.09,14.73,15.06,14.9,15.1
2026,8,SNA,Red Devil Indoor Guard A,79.79,15.28,16.01,16.8,16.3
2026,9,SNA,Red Devil Indoor Guard A,82.34,15.81,17.13,15.9,16.9
2026,5,PRA,Red Devil Indoor Percussion,76.4,24.0,15.3,21.6,15.5
2026,8,PRA,Red Devil Indoor Percussion,83.25,24.75,17.8,24.0,16.7
2026,9,PRA,Red Devil Indoor Percussion,89.95,26.55,18.3,26.5,18.6
2026,5,JN,Red Devil Juniors,78.54,14.056,17.164,17.5,15.12
2026,8,JN,Red Devil Juniors,81.788,16.408,16.38,18.9,14.14
2026,4,PIW,Red Wave Indoor from Fresno State,78.401,23.7,15.2,23.6,15.9
2026,7,PIW,Red Wave Indoor from Fresno State,81.151,24.0,16.5,24.4,16.25
2026,4,PIW,Redline,79.15,23.85,16.2,22.8,16.3
2026,6,PIW,Redline,84.5,25.8,17.4,24.7,16.6
2026,7,PIW,Redline,88.175,25.875,17.55,27.1,17.65
2026,9,PIW,Redline,89.85,26.85,17.8,27.2,18.0
2026,5,PSO,Redwood HS,70.875,22.275,13.4,21.4,13.8
2026,0,R1,Reedley HS Winterguard,51.02,10.44,11.18,9.9,9.1
2026,8,GHSSRA,Reedley HS Winterguard,67.9,13.98,13.32,13.8,13.4
2026,3,PIW,Resistance Indoor Percussion,76.3,23.1,15.3,23.2,14.7
2026,7,PIW,Resistance Indoor Percussion,81.45,24.75,15.6,24.5,16.6
2026,8,PIW,Resistance Indoor Percussion,82.35,24.45,15.9,25.2,16.8
2026,5,PIA,Revelation A,79.425,23.925,15.9,23.6,16.0
2026,5,PIO,Revelation Open,78.275,22.425,16.15,24.25,15.45
2026,9,IO,Revival Winter Guard,90.7,18.7,18.2,17.9,18.0
2026,9,IA,Revival Winter Guard A,86.08,17.01,17.27,17.3,17.0
2026,5,SRA,Reynoldsburg HS,78.22,14.92,17.2,15.3,15.3
2026,2,JRA,Reynoldsburg Junior Guard,65.6,13.15,10.95,14.625,15.0
2026,6,JRA,Reynoldsburg Junior Guard,69.325,13.45,12.125,14.5,14.625
2026,8,JRA,Reynoldsburg Junior Guard,78.55,14.475,16.075,18.25,14.0
2026,2,SRA,Reynoldsburg Winterguard Varsity,67.94,13.98,14.36,13.0,14.1
2026,6,SRA,Reynoldsburg Winterguard Varsity,72.1,15.62,14.18,13.8,13.6
2026,8,SRA,Reynoldsburg Winterguard Varsity,80.36,16.52,14.54,16.7,15.4
2026,9,SRA,Reynoldsburg Winterguard Varsity,88.12,18.06,16.46,17.8,18.2
2026,5,IA,Rhapsody,72.18,14.81,14.47,14.3,14.7
2026,8,IA,Rhapsody,83.68,16.34,16.34,17.8,17.1
2026,9,IA,Rhapsody,84.95,16.41,17.14,17.6,17.8
2026,8,IS,Rhapsody Senior Independent,76.64,14.07,14.07,16.0,16.2
2026,9,IS,Rhapsody Senior Independent,78.64,14.27,14.67,16.3,17.0
2026,2,SRA,Rhea County High School Winter Guard,66.4,13.84,14.46,12.7,13.2
2026,5,SA,Rhea County High School Winter Guard,65.39,13.08,13.21,13.6,12.7
2026,9,SA,Rhea County High School Winter Guard,80.48,15.34,16.54,16.1,16.4
2026,5,PIW,Rhythm X,90.0,27.45,18.7,25.85,18.0
2026,7,PIW,Rhythm X,94.825,28.575,19.05,28.05,19.15
2026,5,PIW,Rhythmic Force Percussion,87.0,26.7,17.15,26.15,17.0
2026,8,PIW,Rhythmic Force Percussion,90.225,27.075,18.0,27.15,18.0
2026,6,PJHSA,Richgrove Elementary Warrior Percussion,67.4,19.3,21.9,13.4,12.8
2026,2,N,Richland H. S.,68.731,14.28,13.95,13.0,14.8
2026,5,PSO,Ridge Point HS,70.176,20.925,12.95,22.65,13.65
2026,2,SRA,Ridgeline High School JV,60.34,10.96,11.98,12.5,12.4
2026,9,SRA,Ridgeline High School JV,81.935,16.4,15.86,16.5,17.1
2026,2,SA,Ridgeline High School Varsity,59.49,11.48,11.61,12.2,12.2
2026,9,SA,Ridgeline High School Varsity,84.58,16.26,17.07,17.0,17.2
2026,7,PSA,Ridgeview HS,76.8,22.5,15.4,22.5,16.4
2026,4,PJHSA,Ridgeview Middle School Percussion,65.0,18.3,21.15,12.9,12.65
2026,8,PJHSA,Ridgeview Middle School Percussion,65.001,20.6,19.5,12.9,12.0
2026,7,SRA,Ridgevue High School Winter Guard,67.46,12.98,13.5,13.7,14.3
2026,6,PIO,Rift Percussion,78.95,25.05,15.1,24.1,14.7
2026,7,PIW,Rise Percussion,76.9,23.4,15.2,23.4,14.9
2026,9,R1,River Bluff JV,75.421,14.66,15.26,15.5,14.2
2026,4,PSA,River Ridge HS,77.65,23.25,15.3,23.3,15.8
2026,7,R1,Rivera MS,63.7,11.58,13.32,12.9,12.8
2026,2,R2,Riverbank HS,68.76,14.18,13.6,13.4,13.2
2026,5,SA,Riverbank HS,73.42,14.54,15.08,14.7,14.7
2026,5,PSA,Rivercrest Indoor Percussion Ensemble,72.6,22.5,13.6,23.6,12.9
2026,7,PSA,Rivercrest Indoor Percussion Ensemble,80.15,24.45,15.8,23.8,16.1
2026,8,PSA,Rivercrest Indoor Percussion Ensemble,80.9,24.0,15.9,24.8,16.2
2026,9,R2,Riverside HS JV,69.26,13.92,14.54,13.2,12.9
2026,9,R3,Riverside HS Varsity,78.08,15.14,15.54,16.2,15.7
2026,4,PSA,Riverview HS,70.651,21.45,14.2,20.8,14.2
2026,5,SA,Roane County High School Winterguard,63.99,12.41,13.68,13.0,11.6
2026,7,SA,Roane County High School Winterguard,69.48,15.68,13.8,13.0,12.6
2026,9,SA,Roane County High School Winterguard,78.22,15.88,15.74,15.7,16.0
2026,2,GHSSA,Robert F Kennedy Winter Guard,58.08,110.1,138.7,10.4,11.6
2026,2,PHSSA,Robert F. Kennedy HS Percussion,72.35,21.4,22.35,14.1,14.5
2026,6,PHSSA,Robert F. Kennedy HS Percussion,79.35,23.1,24.75,16.3,15.2
2026,5,PSA,Robert Vela HS,78.3,24.0,16.5,22.4,15.4
2026,3,SJV,Robertsdale High School Junior Varsity Winter Guard,69.52,13.84,13.78,13.3,13.8
2026,3,SA,Robertsdale High School Varsity Winter Guard,65.48,12.87,12.61,13.6,12.9
2026,2,PIA-AA,Rochester Institute of Technology (RIT),62.2,18.6,18.9,12.2,12.5
2026,4,PIA-AA,Rochester Institute of Technology (RIT),63.0,18.5,18.9,12.8,12.8
2026,5,PIA-AA,Rochester Institute of Technology (RIT),64.9,20.0,19.5,12.4,13.0
2026,9,R1,Rock Hill HS,75.731,14.26,14.47,15.9,15.5
2026,9,R2,Rock Hill HS JV,61.461,12.32,12.14,13.1,12.2
2026,8,PIO,Rock Ridge HS Combined,80.75,24.15,15.6,24.9,16.1
2026,7,PSO,Rodriguez HS,74.851,22.95,15.0,21.7,15.2
2026,5,PSN,Rogers HS Indoor Percussion Ensemble,68.0,22.2,12.2,21.7,11.9
2026,7,PSN,Rogers HS Indoor Percussion Ensemble,76.05,23.25,14.3,22.9,15.6
2026,8,PSN,Rogers HS Indoor Percussion Ensemble,74.75,21.45,14.2,23.3,15.8
2026,3,GSRB,Rogers HS Varsity Guard,58.601,11.58,11.12,11.6,12.0
2026,7,GSRB,Rogers HS Varsity Guard,65.24,13.32,12.5,12.8,13.1
2026,8,GSRB,Rogers HS Varsity Guard,65.6,12.36,12.24,13.6,13.6
2026,0,R1,Roosevelt HS Winterguard,52.78,10.08,11.1,10.6,9.8
2026,2,R1,Roosevelt HS Winterguard,57.78,12.52,12.46,10.9,10.9
2026,6,R1,Roosevelt HS Winterguard,64.48,12.12,12.86,12.5,12.9
2026,8,GHSSRA,Roosevelt HS Winterguard,70.52,13.06,14.46,15.1,13.4
2026,5,PSA,Ross HS,74.201,22.2,16.0,21.6,14.4
2026,9,PSA,Ross High School,77.601,23.1,16.3,23.0,15.2
2026,2,PSJ,Ross MS,70.9,21.0,14.5,21.4,14.0
2026,8,PSJ,Ross MS,84.8,25.2,17.6,24.6,17.4
2026,9,PSA,Round 1,89.05,26.55,18.0,26.9,17.6
2026,9,PSA,Round 2,86.05,24.9,17.9,26.6,16.65
2026,9,R2,Rowan County Combined Winterguard,72.38,13.74,15.34,14.6,14.2
2026,1,PSW,Rowland HS,69.4,21.0,12.8,21.3,14.3
2026,3,PSW,Rowland HS,72.3,21.9,14.5,21.8,14.1
2026,5,PSW,Rowland HS,80.05,25.05,15.6,24.0,15.4
2026,6,PSW,Rowland HS,81.3,23.7,15.8,25.7,16.1
2026,5,SA,Russell HS,71.82,14.61,14.01,14.0,14.7
2026,6,SA,Russell HS,73.321,14.34,14.28,14.6,15.2
2026,7,SA,Russell HS,75.221,14.81,14.81,15.5,15.1
2026,9,BR,Russell HS,80.571,15.94,16.33,15.8,15.8
2026,5,GIA,SAU Independent Winterguard,56.95,8.94,14.21,11.3,11.3
2026,7,GIA,SAU Independent Winterguard,64.25,13.94,14.21,12.3,12.3
2026,8,GIA,SAU Independent Winterguard,70.79,14.08,14.61,14.4,13.4
2026,4,PIW,STRYKE Percussion,80.2,24.45,16.15,23.85,15.75
2026,7,PIO,Sac State Indoor,80.95,24.75,15.35,24.5,16.35
2026,8,PSO,Saginaw HS,80.101,24.9,15.6,24.1,15.5
2026,9,IRA,Saints Independent,68.04,13.92,13.52,13.3,13.2
2026,5,PIA,Saints Indoor Percussion,72.8,22.5,15.1,21.6,13.6
2026,9,PIA,Saints Indoor Percussion,69.35,19.05,13.4,22.1,14.8
2026,1,SRA,Sam Houston H.S.,74.18,15.04,15.74,14.0,14.6
2026,2,R1,Sam Houston H.S.,76.14,16.28,16.16,15.4,14.1
2026,3,PSA,San Marino HS,68.226,19.725,13.2,21.5,13.8
2026,5,PSA,Sandra Day OConnor HS,78.45,23.55,15.8,23.9,15.2
2026,2,R1,Sanger HS Winterguard,54.44,12.32,12.12,10.1,10.7
2026,6,R1,Sanger HS Winterguard,63.181,12.86,11.52,12.6,12.9
2026,8,GHSSRA,Sanger HS Winterguard,69.56,13.3,14.46,14.3,12.6
2026,2,PHSSA,Sanger High School Indoor Percussion,68.7,21.4,22.8,12.4,12.1
2026,6,PHSSA,Sanger High School Indoor Percussion,74.601,21.9,23.1,14.7,14.9
2026,8,PHSSA,Sanger High School Indoor Percussion,79.25,24.6,22.35,16.1,16.2
2026,3,B2,Santa Monica HS,69.851,21.45,12.65,22.75,13.0
2026,5,B1,Santa Monica HS,67.4,19.65,12.6,22.35,12.8
2026,8,B2,Santa Monica HS,74.401,21.0,14.7,22.5,16.2
2026,9,R4,Santa Monica HS,79.525,24.825,16.5,23.3,14.9
2026,3,SRA,Saraland HS Winter Guard,74.98,15.7,15.28,13.9,15.0
2026,7,PSW,Saratoga HS,86.175,26.025,17.8,25.95,16.4
2026,7,PSA,Saratoga HS A,73.251,22.5,14.6,22.85,13.3
2026,3,C,Satsuma Cadets,59.321,10.62,12.3,11.4,12.8
2026,3,SRA,Satsuma HS Winter Guard,61.861,13.04,13.72,11.6,11.0
2026,4,PJHM,Savage MS,60.55,19.35,9.4,19.5,12.3
2026,5,PJHM,Savage MS,64.3,19.8,13.1,19.5,11.9
2026,7,PJHM,Savage MS,66.65,19.65,13.0,21.5,12.5
2026,2,PSA,Scottsburg HS,60.85,17.85,12.4,17.9,12.7
2026,3,SRA,Scottsburg HS,68.42,14.12,13.1,14.7,13.0
2026,4,SRA,Scottsburg HS,67.721,13.98,12.84,13.6,13.5
2026,6,SRA,Scottsburg HS,75.72,14.9,15.72,14.8,15.0
2026,7,SRA,Scottsburg HS,78.22,15.66,16.66,15.1,15.7
2026,8,BR,Scottsburg HS,81.2,15.98,16.92,15.6,16.6
2026,9,SRA,Scottsburg HS,86.22,16.86,17.46,17.4,16.8
2026,4,SJ,Scottsburg MS,63.62,11.76,12.26,12.5,13.2
2026,6,SJ,Scottsburg MS,62.6,12.84,12.86,11.6,12.5
2026,7,SJ,Scottsburg MS,63.84,12.72,12.52,12.3,14.5
2026,8,SJ,Scottsburg MS,64.06,13.58,13.18,12.8,12.0
2026,3,PSA,Scripps Ranch HS,73.75,20.85,14.7,22.0,16.2
2026,6,PSA,Scripps Ranch HS,77.4,23.1,15.8,22.4,16.1
2026,8,B1,Scripps Ranch HS,81.25,24.15,16.2,24.7,16.2
2026,9,R3,Scripps Ranch HS,90.85,27.15,18.1,27.5,18.1
2026,7,PSA,Selma HS,81.55,24.15,16.35,24.85,16.2
2026,2,PHSSA,Selma HS Percussion,75.85,22.3,24.0,12.95,16.6
2026,4,PHSSA,Selma HS Percussion,79.3,22.5,24.3,15.7,16.8
2026,6,PHSSA,Selma HS Percussion,82.4,23.4,24.6,16.4,18.0
2026,2,GHSSA,Selma HS Winterguard,62.13,130.1,130.2,12.7,11.6
2026,8,GHSSA,Selma HS Winterguard,75.29,150.8,154.1,15.5,14.9
2026,2,PHSSA,Selma High School,75.85,22.3,24.0,12.95,16.6
2026,4,PHSSA,Selma High School,79.3,22.5,24.3,15.7,16.8
2026,6,PHSSA,Selma High School,82.4,23.4,24.6,16.4,18.0
2026,8,GHSSA,Selma High School,75.29,150.8,154.1,15.5,14.9
2026,9,R2,Seneca HS JV,62.841,12.52,12.52,13.0,11.6
2026,9,R3,Seneca HS Varsity,76.72,14.64,14.58,15.9,15.0
2026,2,SN,Seneca Valley HS Guard,61.38,12.14,13.14,13.8,8.9
2026,4,SN,Seneca Valley HS Guard,62.78,12.14,11.14,12.0,13.1
2026,6,SN,Seneca Valley HS Guard,68.15,13.34,13.01,13.0,14.9
2026,8,SN,Seneca Valley HS Guard,72.44,14.47,14.47,14.5,14.4
2026,9,SN,Seneca Valley HS Guard,77.331,15.54,15.54,16.0,15.6
2026,6,GJHSA,Sequoia MS Winterguard (Fresno),52.84,10.78,10.66,10.1,10.2
2026,9,GJHSA,Sequoia MS Winterguard (Fresno),64.36,12.12,12.34,13.0,13.2
2026,6,GJHSA,Sequoia MS Winterguard A (Porterville),57.06,11.18,10.58,11.8,11.5
2026,8,GJHSA,Sequoia MS Winterguard A (Porterville),60.6,13.32,12.18,12.4,11.7
2026,9,GJHSA,Sequoia MS Winterguard A (Porterville),66.86,13.32,12.84,13.4,13.4
2026,9,GJHSA,Sequoia MS Winterguard B (Porterville),54.741,11.18,10.66,10.4,11.5
2026,3,PSA,Serrano HS,72.525,20.925,14.6,21.4,15.6
2026,5,B1,Serrano HS,74.375,21.375,13.6,23.8,15.6
2026,6,PSA,Serrano HS,73.825,20.925,15.9,21.6,15.4
2026,9,R1,Serrano HS,81.801,25.05,15.3,24.1,17.35
2026,1,PSJ,Serrano IS,71.5,22.2,14.6,21.3,13.4
2026,6,PSJ,Serrano IS,70.851,21.45,13.7,21.8,13.9
2026,4,SN,Severn Run HS,57.48,11.54,11.34,12.0,12.5
2026,6,SN,Severn Run HS,69.54,13.93,12.61,13.9,14.6
2026,7,SN,Severn Run HS,72.14,14.6,13.34,15.1,14.2
2026,8,SN,Severn Run HS,76.2,15.53,14.67,15.5,15.0
2026,5,PSA,Seymour HS,77.35,23.55,16.1,23.9,13.8
2026,4,SRA,Seymour JV,56.88,11.66,12.12,11.6,10.8
2026,9,SRA,Seymour JV,78.38,15.98,15.4,15.9,15.8
2026,4,PSA,Seymour Percussion,71.85,22.3,22.05,14.1,13.4
2026,7,PSA,Seymour Percussion,76.55,24.7,22.65,14.5,14.7
2026,9,PSA,Seymour Percussion,82.65,24.4,23.85,17.1,17.3
2026,4,SA,Seymour Varsity,67.35,13.54,13.21,13.7,13.1
2026,5,SA,Seymour Varsity,74.5,14.74,14.66,15.2,15.2
2026,2,SRA,Shenandoah Valley Winter Guard,55.691,10.75,10.94,11.0,11.8
2026,4,SRA,Shenandoah Valley Winter Guard,58.811,12.14,11.47,11.4,12.0
2026,5,SRA,Shenandoah Valley Winter Guard,62.281,11.67,12.21,12.4,13.5
2026,8,SRA,Shenandoah Valley Winter Guard,71.651,14.28,14.67,14.4,14.1
2026,9,SRA,Shenandoah Valley Winter Guard,71.971,14.8,14.47,14.0,14.5
2026,8,PSO,Sherando HS,73.201,22.2,14.1,23.0,13.9
2026,4,PIO,Siege Percussion,78.375,22.125,16.2,23.75,16.3
2026,8,GHSSRA,Sierra Pacific HS JV Winterguard,73.82,14.04,13.78,16.4,14.4
2026,0,PHSSRA,Sierra Pacific HS Percussion,69.65,21.1,20.25,14.6,13.7
2026,2,R2,Sierra Pacific HS Percussion,64.05,18.0,20.55,11.1,14.4
2026,6,R1,Sierra Pacific HS Percussion,72.8,22.2,20.7,14.1,15.8
2026,8,PHSSRA,Sierra Pacific HS Percussion,79.251,23.1,23.55,16.0,16.6
2026,2,GHSSO,Sierra Pacific HS Varsity Winterguard,57.2,11.8,12.2,11.0,11.6
2026,9,R2,Silver Bluff HS,72.331,14.22,14.01,14.2,15.4
2026,2,SRA,Silver Creek HS,58.68,9.76,13.52,12.4,11.0
2026,4,SRA,Silver Creek HS,68.56,13.44,13.92,13.9,13.8
2026,5,SRA,Silver Creek HS,72.6,14.38,16.72,14.6,13.1
2026,7,SRA,Silver Creek HS,76.55,15.64,15.06,15.6,15.6
2026,8,PR,Silver Creek HS,82.1,15.84,16.06,16.5,16.6
2026,9,SRA,Silver Creek HS,84.18,15.92,17.86,16.6,16.5
2026,3,B1,Simi Valley HS,65.251,18.3,12.3,21.35,13.3
2026,5,PSA,Simi Valley HS,68.2,21.3,12.6,20.4,13.9
2026,8,B2,Simi Valley HS,64.851,19.95,12.3,20.0,12.6
2026,9,R2,Simi Valley HS,74.15,23.85,14.4,21.8,14.1
2026,9,SRA,Simon Kenton Winter Guard,75.74,15.12,15.92,15.1,15.3
2026,3,PSRA,Sioux City North HS,53.1,16.2,9.8,16.4,10.7
2026,5,PSRA,Sioux City North HS,58.9,18.6,11.5,16.6,12.2
2026,5,SA,Sioux Falls Lincoln HS,67.39,14.68,14.81,12.9,12.7
2026,6,SA,Sioux Falls Lincoln HS,71.53,13.94,15.14,14.6,13.7
2026,9,SA,Sioux Falls Lincoln HS,78.08,14.94,16.34,15.8,15.9
2026,3,SRA,Sioux Falls Roosevelt HS,55.5,11.84,12.16,10.6,10.9
2026,5,SRA,Sioux Falls Roosevelt HS,57.92,12.02,12.1,12.4,10.8
2026,9,SRA,Sioux Falls Roosevelt HS,64.341,12.12,12.12,13.7,13.3
2026,0,R2,Slidell H.S.,62.34,12.22,12.62,12.5,13.0
2026,4,PSRA,Soddy Daisy Indoor Percussion,60.8,16.9,18.9,12.2,12.8
2026,7,PSRA,Soddy Daisy Indoor Percussion,68.25,21.3,19.95,12.9,14.1
2026,9,PSRA,Soddy Daisy Indoor Percussion,76.25,22.4,22.65,15.5,15.7
2026,4,SRA,Soddy-Daisy Winterguard,68.32,14.46,14.46,13.4,13.0
2026,7,SRA,Soddy-Daisy Winterguard,77.88,15.72,16.3,15.8,15.4
2026,9,R1,Soddy-Daisy Winterguard,88.46,18.2,16.66,17.6,18.0
2026,5,PSO,Sonia Sotomayor HS,84.575,25.275,16.9,25.2,17.2
2026,8,PSO,Sonia Sotomayor HS,86.775,26.55,17.625,24.85,17.75
2026,3,PSA,Souderton High School,72.05,21.75,13.4,22.7,14.2
2026,7,PSA,Souderton High School,76.051,23.25,14.8,23.2,14.8
2026,8,PSA,Souderton High School,77.601,22.05,16.35,23.1,16.1
2026,9,PSA,Souderton High School,78.45,23.25,16.9,21.4,16.9
2026,9,R1,South Charlotte Winter Guard,64.181,13.34,13.34,12.4,12.4
2026,8,PIA,South County Combined,85.05,25.95,16.3,26.3,16.5
2026,3,SRA,South Dearborn HS,54.301,11.72,10.68,11.0,9.7
2026,4,SRA,South Dearborn HS,55.761,11.02,12.24,11.6,10.0
2026,6,PR,South Dearborn HS,60.421,12.44,12.38,12.0,11.7
2026,8,PR,South Dearborn HS,61.681,12.7,12.18,12.1,11.2
2026,8,PSO,South Forsyth HS,78.725,23.775,15.2,24.95,14.8
2026,2,B1,South Hills HS,74.6,23.4,15.4,21.3,14.5
2026,3,B1,South Hills HS,80.0,23.1,15.8,24.3,16.8
2026,6,B1,South Hills HS,83.5,25.5,16.9,23.9,17.2
2026,9,R2,South Hills HS,91.0,27.3,18.3,26.9,18.5
2026,0,SA,South Lafourche H.S.,65.09,12.35,13.74,11.9,13.8
2026,8,PSA,South Lakes HS,77.701,24.0,14.6,24.3,14.8
2026,9,R4,South Mecklenburg HS,74.98,15.14,15.74,15.1,14.9
2026,2,SA,South Oldham HS,66.83,14.48,13.35,12.4,13.4
2026,6,SA,South Oldham HS,80.68,16.14,16.14,15.8,16.4
2026,9,PR,South Oldham HS,85.545,16.81,17.035,16.4,17.5
2026,9,R2,South Pointe HS Varsity,67.2,12.92,13.38,14.4,13.8
2026,3,PSO,South Torrance HS,69.451,21.15,14.7,20.9,12.7
2026,5,PSO,South Torrance HS,68.8,21.3,13.0,21.3,13.2
2026,6,PSO,South Torrance HS,70.625,20.775,14.1,21.5,14.25
2026,3,SRA,South Walton High School Winter Guard,58.321,9.44,11.98,11.6,13.0
2026,5,SRA,South Walton High School Winter Guard,67.88,14.64,12.24,12.6,14.4
2026,8,PSA,Southaven HS,83.725,24.675,16.6,25.3,17.15
2026,2,PSA,Southern Regional,69.6,21.3,13.0,20.5,14.8
2026,7,PSA,Southern Regional,78.951,23.55,16.0,23.5,15.9
2026,8,PSA,Southern Regional,84.051,25.5,17.15,24.6,16.8
2026,9,PSA,Southern Regional,78.4,22.5,17.2,22.3,16.4
2026,6,B1,Southern Regional HS,80.35,23.25,16.0,24.4,16.7
2026,3,PSA,Southern Tioga HS,62.9,18.3,12.4,19.5,12.7
2026,4,PRA,Southgate Winter Percussion,62.3,18.0,13.5,18.8,12.0
2026,7,PRA,Southgate Winter Percussion,72.45,21.15,12.8,23.5,15.0
2026,8,PSO,Southlake Carroll HS,85.025,26.025,17.125,24.925,16.95
2026,3,PSA,Southmoore HS,71.75,21.45,13.4,22.3,14.6
2026,7,PSO,Southport HS,77.85,20.85,17.3,23.5,16.2
2026,1,JV,Southside H.S. JV,54.84,11.58,10.96,10.2,10.8
2026,1,SA,Southside H.S. Varsity,56.62,11.81,12.21,11.5,10.4
2026,7,BR,Southwestern HS,55.501,10.18,11.72,11.2,11.4
2026,3,SRA,Spanish Fort HS Winterguard,72.24,15.04,15.0,13.5,14.4
2026,5,SRA,Spanish Fort HS Winterguard,78.28,15.72,15.06,15.7,16.0
2026,2,PIA,Spark Percussion,72.1,22.8,15.0,21.5,12.8
2026,5,PIA,Spark Percussion,75.3,23.1,15.1,22.3,14.8
2026,8,PIA,Spark Percussion,82.65,25.05,16.4,24.3,16.9
2026,5,PSO,Sparkman HS,80.15,24.45,15.8,24.1,15.8
2026,7,PIO,Sparta Indoor Percussion,87.45,26.1,17.4,26.5,17.45
2026,9,R3,Spartanburg HS Blue,74.36,13.86,14.9,15.5,15.1
2026,9,R1,Spartanburg HS Gold,81.21,15.54,15.87,16.3,17.0
2026,8,PIO,Spectre Percussion,88.7,26.4,18.2,25.9,18.2
2026,6,GIRA,Spin Academy,60.34,11.52,11.32,11.5,12.6
2026,8,GIRA,Spin Academy,62.12,11.62,13.1,12.3,12.1
2026,9,GIRA,Spin Academy,67.08,14.44,13.44,12.9,12.7
2026,2,PSA,Spokane Valley,66.55,20.6,20.55,12.9,12.5
2026,9,PSA,Spokane Valley,79.7,23.85,23.85,16.3,15.7
2026,0,SRA,Spring Grove HS Guard,57.38,12.94,12.94,9.4,11.5
2026,2,SRA,Spring Grove HS Guard,63.38,12.14,13.34,13.0,12.1
2026,4,SRA,Spring Grove HS Guard,68.53,13.29,13.74,13.9,13.8
2026,8,SRA,Spring Grove HS Guard,76.51,14.01,14.8,16.4,16.3
2026,9,SRA,Spring Grove HS Guard,78.529,15.005,15.373,16.85,15.1
2026,9,R4,Spring Valley HS,64.951,13.54,13.01,12.4,13.2
2026,4,BR,Spring Valley HS (IN),56.541,10.44,11.6,11.0,11.7
2026,3,PSO,Spring-Ford,77.85,23.85,15.0,23.9,15.1
2026,4,PSO,Spring-Ford,80.05,23.85,16.4,23.6,16.2
2026,8,PSO,Spring-Ford,84.3,24.6,16.7,26.4,16.6
2026,9,PSO,Spring-Ford,81.95,25.05,17.5,23.0,16.4
2026,6,PSO,Spring-Ford HS,80.45,23.85,15.6,24.8,16.2
2026,5,PSA,Springboro HS,81.375,24.675,16.2,23.75,16.75
2026,9,,Springboro High School Winterguard,82.0,16.13,17.27,15.7,16.4
2026,9,N,Springboro High School Winterguard (JV),74.301,13.38,15.12,15.8,14.7
2026,2,SA,Springfield Holland High School,52.37,9.62,8.95,11.0,11.3
2026,6,SA,Springfield Holland High School,75.42,14.88,15.34,14.7,14.8
2026,8,SA,Springfield Holland High School,76.08,15.27,14.81,15.0,16.3
2026,9,SA,Springfield Holland High School,79.32,15.21,16.41,15.6,16.2
2026,2,JRA,Springfield Holland JV,57.8,8.1,10.7,13.25,13.125
2026,6,JRA,Springfield Holland JV,71.975,12.625,13.725,15.125,14.875
2026,2,PSA,Springfield Indoor Drumline,75.05,22.05,15.1,22.0,15.9
2026,5,PSA,Springfield Indoor Drumline,77.45,25.05,14.7,22.8,14.9
2026,6,PSA,Springfield Indoor Drumline,77.9,21.9,15.6,24.8,15.6
2026,9,PSA,Springfield Indoor Drumline,84.85,25.8,17.6,24.4,17.05
2026,2,PR,Springfield. KY,53.59,9.61,11.48,11.3,10.4
2026,4,SA,Springfield. KY,62.191,11.88,12.61,12.3,12.8
2026,6,PR,Springfield. KY,69.031,12.95,13.08,13.6,15.0
2026,7,BR,Springfield. KY,68.751,14.53,12.62,13.9,14.3
2026,9,BR,Springfield. KY,71.41,14.61,15.2,13.4,14.8
2026,3,SA,Springs Valley HS (WV),55.321,12.14,12.28,10.4,10.2
2026,7,PR,Springs Valley HS (WV),61.271,11.02,12.35,12.9,12.6
2026,0,R1,St. Amant H.S. Black,56.2,10.61,10.59,12.0,11.3
2026,2,SA,St. Amant H.S. Black,60.131,12.16,12.87,12.2,12.7
2026,0,JV,St. Amant H.S. Gold,60.58,11.92,11.66,11.1,12.6
2026,2,JV,St. Amant H.S. Gold,65.08,12.96,13.12,13.7,13.5
2026,1,PSA,St. Genevieve HS,66.276,19.875,12.9,20.6,12.9
2026,5,PSA,St. Genevieve HS,73.65,22.35,13.7,23.4,14.2
2026,8,PSA,St. Genevieve HS,77.551,24.45,15.0,23.4,14.7
2026,9,R2,St. Genevieve HS,85.6,27.0,16.8,24.6,17.2
2026,0,R1,St. Mary's Dominican H.S.,61.19,11.41,12.08,12.4,12.9
2026,2,SA,St. Mary's Dominican H.S.,62.34,12.62,12.82,12.9,12.5
2026,7,PSA,Starkville HS,81.9,25.2,16.9,22.7,17.1
2026,2,SA,Sterlington H.S.,62.57,13.55,13.02,11.8,12.1
2026,3,PSO,Stockdale HS,73.55,21.75,14.9,22.8,14.1
2026,8,PSO,Stockdale HS,77.501,22.5,15.7,23.9,15.4
2026,5,PSRA,Stockton,77.25,23.25,15.5,23.5,15.0
2026,4,PSA,Stoneman Douglas HS,74.576,21.675,15.6,21.4,15.9
2026,9,R2,Stratford HS,78.54,15.33,15.21,15.9,16.3
2026,3,PSRA,Stuart MS The Spartan Drumline,55.6,16.5,10.0,19.0,10.1
2026,7,PSRA,Stuart MS The Spartan Drumline,53.75,15.75,10.6,16.2,11.2
2026,9,PSRA,Stuart MS The Spartan Drumline Exhibition,57.05,16.65,11.1,18.1,11.2
2026,9,R3,Stuart W. Cramer HS,70.181,14.14,14.54,14.3,13.3
2026,1,N,"Sulphur H.S. ""F3""",59.32,12.41,11.81,11.7,11.4
2026,1,JV,"Sulphur H.S. ""F4""",59.42,12.18,11.44,11.2,12.6
2026,1,SA,"Sulphur H.S. ""F5""",63.42,12.61,13.61,12.3,12.6
2026,5,PSO,Summit HS (TN),72.3,22.2,14.2,21.7,14.2
2026,8,PIO,Sun City Independent,85.85,25.8,17.35,25.75,16.95
2026,4,PJHSA,Sundale Union Percussion,66.3,18.1,21.3,12.8,14.1
2026,6,PJHSA,Sundale Union Percussion,69.0,19.9,22.2,13.9,13.0
2026,8,PJHSA,Sundale Union Percussion,71.6,23.0,20.4,14.5,13.7
2026,2,GJHSO,Sundale Union Winterguard,53.84,11.32,11.12,10.2,10.9
2026,6,GJHSO,Sundale Union Winterguard,60.44,12.32,10.92,12.0,12.4
2026,8,GJHSO,Sundale Union Winterguard,66.5,14.92,12.58,13.8,12.4
2026,9,GJHSO,Sundale Union Winterguard,68.2,13.18,13.12,14.5,12.8
2026,3,B2,Sunny Hills HS,78.275,23.325,14.9,23.35,16.7
2026,5,PSA,Sunny Hills HS,83.525,24.075,17.2,25.65,16.6
2026,6,B2,Sunny Hills HS,82.85,24.45,17.1,24.3,17.0
2026,5,IRA,Supernova Winter Guard,52.0,9.96,11.24,10.0,10.2
2026,6,IRA,Supernova Winter Guard,53.17,10.22,11.3,10.6,10.5
2026,9,IRA,Supernova Winter Guard,61.48,12.86,12.32,12.1,12.2
2026,4,SRA,Susquehannock HS Guard,62.59,12.35,11.94,12.8,12.8
2026,5,SRA,Susquehannock HS Guard,63.201,12.75,12.55,12.9,12.6
2026,7,SRA,Susquehannock HS Guard,66.02,12.01,13.61,14.0,13.3
2026,9,SRA,Susquehannock HS Guard,71.83,14.26,14.07,14.6,14.8
2026,4,P-SA,Susquehannock HS Percussion,78.6,24.45,22.35,16.0,15.8
2026,5,P-SA,Susquehannock HS Percussion,81.35,23.55,25.2,16.2,16.4
2026,6,P-SA,Susquehannock HS Percussion,80.8,24.45,24.75,15.1,16.5
2026,7,P-SA,Susquehannock HS Percussion,83.3,24.75,24.45,17.1,17.0
2026,9,P-SA,Susquehannock HS Percussion,91.125,27.825,27.75,17.55,18.0
2026,9,R1,Swansea HS,76.74,14.72,16.32,15.6,14.6
2026,4,SA,Sycamore HS,63.16,12.15,13.21,12.3,13.0
2026,5,PSA,Sycamore HS,81.725,24.525,16.8,24.45,15.95
2026,6,BR,Sycamore HS,69.291,13.15,14.34,14.4,14.1
2026,9,PR,Sycamore HS,71.56,13.75,14.81,13.4,15.4
2026,9,PSA,Sycamore High School,87.3,26.7,17.8,24.9,17.9
2026,5,PSN,Sylvan Hills High School Indoor Percussion,63.9,21.3,12.5,19.7,10.4
2026,7,PSN,Sylvan Hills High School Indoor Percussion,69.3,21.9,13.2,19.7,14.5
2026,8,PSN,Sylvan Hills High School Indoor Percussion,68.35,19.65,14.7,20.1,13.9
2026,7,GSN,Sylvan Hills High School Winterguard,59.041,12.38,13.66,10.3,11.3
2026,8,PIO,Synergy,84.825,25.575,16.75,25.35,17.15
2026,9,R2,T.L. Hanna HS JV,79.22,15.12,14.9,16.4,16.1
2026,5,SA,Tahoma High School,54.27,9.96,10.61,11.8,10.0
2026,8,SA,Tahoma High School,73.91,14.87,14.54,14.8,15.5
2026,9,SA,Tahoma High School,78.51,15.34,15.87,15.6,15.8
2026,3,SRA,Tate HS Chaparrals,59.42,11.12,12.2,11.5,11.6
2026,5,SRA,Tate HS Chaparrals,67.54,14.74,12.6,12.5,13.4
2026,1,PSA,Tate High School,70.55,23.55,12.5,20.4,14.1
2026,1,PSA,Tate Indoor Percussion,70.55,23.55,12.5,20.4,14.1
2026,3,PSA,Tate Indoor Percussion,72.9,23.1,14.2,21.1,14.5
2026,5,PSA,Tate Indoor Percussion,78.3,23.7,15.7,22.9,16.0
2026,3,SA,Tates Creek HS,63.38,12.74,13.34,12.3,12.8
2026,5,SA,Tates Creek HS,69.85,14.14,15.21,13.4,13.3
2026,7,PR,Tates Creek HS,74.82,15.0,14.82,15.2,14.8
2026,9,PR,Tates Creek HS,75.901,14.54,15.61,14.3,15.75
2026,5,SJ,Tates Creek MS,52.84,11.64,8.3,10.8,10.9
2026,7,SJ,Tates Creek MS,56.96,11.04,11.92,11.5,11.1
2026,4,SRA,Taylor HS,62.74,13.42,12.12,12.8,12.3
2026,6,SRA,Taylor HS,69.921,14.58,13.04,14.6,13.1
2026,7,SRA,Taylor HS,71.001,13.78,13.72,14.7,14.8
2026,5,B1,Temescal Canyon HS,71.701,20.4,13.4,23.0,14.9
2026,6,PSA,Temescal Canyon HS,72.6,20.4,15.3,21.7,15.2
2026,8,B1,Temescal Canyon HS,74.15,20.85,14.3,23.5,15.5
2026,9,R4,Temescal Canyon HS,81.501,24.6,16.3,23.2,17.4
2026,3,PSA,Temple City HS,76.0,22.2,14.2,23.2,16.4
2026,5,B2,Temple City HS,83.9,24.6,16.5,26.4,16.4
2026,7,PSA,Temple City HS,85.825,25.875,17.85,24.55,17.55
2026,9,R4,Temple City HS,91.85,28.35,18.3,27.0,18.2
2026,7,PSA,Terre Haute North HS,68.451,19.95,13.1,22.0,13.4
2026,0,R2,Terrebonne H.S.,60.23,11.94,11.59,11.9,12.2
2026,0,JV,Terrebonne H.S. JV,59.8,11.72,12.28,11.8,11.6
2026,2,PIO,Terrebonne Parish,63.35,18.8,19.35,12.3,12.9
2026,8,PIA,Terrebonne Parish Combined Schools,77.4,23.1,14.85,24.2,15.25
2026,9,ECG,The Belles and the Beaux,88.9,17.7,18.8,17.1,16.8
2026,2,SRA,The Collective Guard,52.011,10.27,10.54,10.8,9.0
2026,4,SRA,The Collective Guard,61.65,12.14,11.61,12.7,12.5
2026,6,SRA,The Collective Guard,70.55,14.21,15.14,14.5,13.0
2026,8,SRA,The Collective Guard,77.41,15.54,15.07,15.9,15.7
2026,9,SRA,The Collective Guard,79.43,16.06,14.97,16.5,15.7
2026,9,ECG,The Milton Minis,82.001,16.9,15.7,16.3,15.8
2026,9,SRA,The Pride of Clarkston Winter Guard,65.14,11.92,12.92,11.0,15.05
2026,1,SA,Thibodaux H.S.,53.776,10.95,11.725,10.5,9.7
2026,5,R2,Thomas Downey High School,50.1,10.0,10.4,10.1,10.1
2026,8,PSO,Thomas Jefferson HS,84.05,25.35,16.2,26.0,16.5
2026,2,SRA,Thomas S. Wootton HS Guard,59.35,11.81,11.34,12.5,11.2
2026,5,SRA,Thomas S. Wootton HS Guard,65.85,12.21,13.74,13.2,13.9
2026,7,SRA,Thomas S. Wootton HS Guard,73.49,14.94,14.75,14.5,14.8
2026,8,SRA,Thomas S. Wootton HS Guard,75.721,15.34,15.08,15.8,14.5
2026,9,SRA,Thomas S. Wootton HS Guard,79.775,16.6,15.175,16.3,16.0
2026,9,SP-SRA,Thomas S. Wootton HS Percussion,84.2,42.0,41.6,42.4,42.4
2026,5,PSA,Thompson HS,75.201,23.1,15.3,21.8,15.0
2026,3,B1,Thousand Oaks HS,70.951,21.3,14.3,21.75,13.6
2026,5,PSA,Thousand Oaks HS,73.35,21.9,15.8,21.55,14.1
2026,6,B1,Thousand Oaks HS,71.151,20.85,15.2,20.9,14.2
2026,9,R2,Thousand Oaks HS,86.3,26.85,18.2,23.8,17.45
2026,4,PRA,Thurston High School Winter Percussion Ensemble,63.9,18.9,13.2,19.4,12.4
2026,7,PRA,Thurston High School Winter Percussion Ensemble,73.0,22.5,13.6,22.7,14.2
2026,6,PIA,Toms River Percussion,70.8,21.0,14.1,21.5,14.2
2026,3,B2,Torrance HS,72.251,21.15,12.7,23.0,15.4
2026,5,B2,Torrance HS,72.401,21.0,13.2,23.4,14.8
2026,8,PSA,Torrance HS,77.6,22.2,15.6,24.4,15.4
2026,9,R3,Torrance HS,82.526,24.975,15.7,25.2,16.65
2026,7,PSO,Torres HS,81.226,24.825,17.4,23.9,15.1
2026,6,PHSSO,Torres HS Indoor Percussion,82.9,24.0,24.9,16.1,17.9
2026,8,PHSSO,Torres HS Indoor Percussion,88.8,25.1,26.7,18.4,18.6
2026,2,PHSSO,Torres HS Percussion,76.75,21.8,24.75,13.5,16.7
2026,0,R1,Torres HS Winterguard,58.24,12.18,12.86,12.2,10.0
2026,2,R2,Torres HS Winterguard,57.7,11.78,12.12,12.3,10.9
2026,4,R2,Torres HS Winterguard,61.741,12.3,12.84,12.6,12.6
2026,8,GHSSRA,Torres HS Winterguard,69.24,13.1,13.04,15.2,14.6
2026,3,PSJ,Townsend JHS,75.45,23.25,15.6,21.8,14.8
2026,6,PSJ,Townsend JHS,79.45,23.55,14.5,25.4,16.0
2026,7,PSA,Townsend Jr. HS,70.1,20.4,13.5,21.0,15.2
2026,2,IA,Towson University Guard,60.93,12.55,11.48,12.7,11.4
2026,4,IA,Towson University Guard,66.48,13.34,13.34,13.2,13.3
2026,6,IA,Towson University Guard,70.08,14.14,13.74,14.5,13.6
2026,9,IA,Towson University Guard,75.99,14.845,15.145,15.3,15.4
2026,2,B2,Trabuco Hills HS,71.775,20.175,14.2,22.4,15.0
2026,5,B2,Trabuco Hills HS,81.4,23.85,15.8,25.65,16.1
2026,7,PSA,Trabuco Hills HS,85.0,24.9,16.6,26.0,17.5
2026,8,B2,Trabuco Hills HS,83.25,24.45,17.8,23.6,17.4
2026,9,R3,Trabuco Hills HS,89.55,27.45,17.8,27.6,16.7
2026,5,R1,Tracy HS,63.58,11.94,12.94,12.7,12.7
2026,3,SRA,Traditions Winter Guard,65.76,13.12,14.14,12.4,13.2
2026,5,SRA,Traditions Winter Guard,70.06,14.3,14.66,13.0,14.3
2026,9,R2,Travelers Rest HS,72.071,14.51,14.26,13.8,14.7
2026,7,PIO,Tri-City Percussion,78.1,23.4,15.8,23.8,15.1
2026,5,PIA,Trilogy Independent,74.2,23.4,13.3,23.9,13.6
2026,3,B2,Troy HS,72.275,21.375,14.2,22.6,14.1
2026,5,PSA,Troy HS,79.6,24.0,16.5,23.3,15.8
2026,8,B2,Troy HS,76.201,22.5,15.5,21.4,16.8
2026,9,R1,Troy HS,82.901,24.0,17.6,24.8,16.5
2026,9,PSA,Troy Indoor Percussion,85.95,26.55,16.9,26.3,16.2
2026,3,PSO,Trumbull HS,76.3,24.0,15.6,22.1,14.6
2026,2,PSJ,Tuffree MS,65.15,19.35,13.2,19.7,12.9
2026,8,PSJ,Tuffree MS,78.05,24.15,16.2,21.4,16.3
2026,2,PHSSO,Tulare Union HS Percussion,58.25,18.1,19.05,10.9,10.2
2026,4,PHSSO,Tulare Union HS Percussion,64.95,19.4,19.35,14.6,11.6
2026,6,PHSSO,Tulare Union HS Percussion,69.45,22.2,20.55,13.1,13.6
2026,8,PHSSO,Tulare Union HS Percussion,77.6,22.3,23.1,16.4,15.8
2026,6,R1,Tulare Union HS Winterguard,62.041,12.32,11.12,13.9,12.2
2026,8,GHSSRA,Tulare Union HS Winterguard,73.18,14.72,15.06,15.7,12.3
2026,0,PHSSO,Tulare Western HS Percussion,64.0,19.6,18.9,12.8,12.7
2026,2,PHSSO,Tulare Western HS Percussion,57.25,17.7,18.45,10.5,10.6
2026,6,PHSSO,Tulare Western HS Percussion,70.55,21.3,21.75,12.6,14.9
2026,8,PHSSO,Tulare Western HS Percussion,72.55,21.1,19.95,16.0,15.5
2026,0,R2,Tulare Western HS Winterguard,51.161,9.64,11.12,10.1,9.0
2026,2,R1,Tulare Western HS Winterguard,51.86,8.84,12.52,10.8,9.8
2026,6,R2,Tulare Western HS Winterguard,62.2,11.92,11.58,14.1,11.6
2026,8,GHSSRA,Tulare Western HS Winterguard,67.26,12.48,13.58,14.5,13.2
2026,5,PSO,Tupelo HS,71.901,22.5,14.9,20.2,14.3
2026,8,PSO,Tupelo HS,77.901,22.65,14.8,25.0,15.45
2026,2,R2,Turlock HS,61.6,18.75,11.8,19.85,11.2
2026,4,PSRA,Turlock HS,62.5,19.2,12.4,19.0,11.9
2026,7,R2,Turlock HS,63.8,17.7,12.8,21.2,12.1
2026,7,R1,Turlock High JV Winter Guard,71.44,13.72,14.12,13.2,15.2
2026,9,R3,Tuscola High School,73.11,14.34,15.07,14.8,14.6
2026,8,PIO,UTSA,89.8,26.4,18.65,26.95,17.8
2026,9,R1,Union County HS,73.62,14.26,15.46,15.0,13.8
2026,3,PSA,Unionville,75.1,21.3,15.2,23.7,14.9
2026,4,PSA,Unionville,82.6,24.15,16.45,25.1,16.9
2026,8,ME,Unionville,87.0,26.4,17.5,25.9,17.2
2026,9,PSA,Unionville,89.05,26.55,18.0,26.9,17.6
2026,6,PSA,Unionville HS,85.05,26.325,16.55,25.275,16.9
2026,6,PIW,United Percussion,86.2,25.8,17.1,26.3,17.0
2026,9,PIW,United Percussion,87.75,26.55,18.2,25.7,17.3
2026,6,PIO,United Percussion 2,81.7,24.3,16.6,24.2,16.6
2026,8,PIO,United Percussion 2,84.4,25.5,17.0,25.3,16.6
2026,9,PIO,United Percussion 2,82.4,23.7,17.4,25.4,15.9
2026,9,PSA,University HS Indoor Percussion,79.25,24.45,24.3,15.4,15.1
2026,9,SRA,University High School,75.586,14.84,14.92,15.0,16.35
2026,6,IA,University of Nebraska Husker Winter Guard,65.77,13.21,12.21,13.7,13.2
2026,9,IA,University of Nebraska Husker Winter Guard,74.38,15.14,14.94,15.2,14.8
2026,2,IA,University of Nebraska Omaha,69.89,13.35,13.74,14.0,14.3
2026,3,IA,University of Nebraska Omaha,69.4,14.01,14.09,13.6,13.9
2026,6,IA,University of Nebraska Omaha,75.61,15.42,15.94,15.2,14.3
2026,9,IA,University of Nebraska Omaha,83.71,16.87,16.94,16.5,16.8
2026,1,PSA,Upland HS,74.25,20.85,14.3,23.9,15.2
2026,3,B2,Upland HS,80.675,23.175,16.2,25.0,16.3
2026,6,B2,Upland HS,81.175,24.375,17.0,23.6,16.2
2026,8,B2,Upland HS,85.25,24.75,18.0,24.6,17.9
2026,9,R3,Upland HS,91.925,27.825,17.5,28.0,18.6
2026,3,PSA,Upper Darby,70.501,21.9,14.5,20.3,13.8
2026,4,PSA,Upper Darby,78.201,24.9,14.5,22.9,15.9
2026,7,PSA,Upper Darby,81.4,25.2,14.9,25.5,15.8
2026,8,PSA,Upper Darby,79.801,23.1,15.6,25.6,15.5
2026,9,PSA,Upper Darby,81.526,22.875,16.7,26.85,15.1
2026,3,PRA(,Upper Dublin,70.35,22.35,19.35,14.35,14.3
2026,4,PRA(,Upper Dublin,70.15,19.8,23.1,12.95,14.3
2026,7,PRA(,Upper Dublin,71.425,21.225,21.45,14.25,14.5
2026,9,PRA(,Upper Dublin,80.325,24.975,24.15,15.7,15.5
2026,4,PSA,Upper Moreland,76.401,22.65,15.5,22.15,16.1
2026,5,PSA,Upper Moreland,79.15,22.65,15.6,24.3,16.6
2026,7,PSA,Upper Moreland,84.65,25.05,17.5,25.1,17.0
2026,9,PSA,Upper Moreland,86.05,24.9,17.9,26.6,16.65
2026,6,B2,Upper Moreland HS,80.15,24.0,16.9,23.7,15.55
2026,8,PSA,Urbana HS,72.501,22.2,13.9,22.7,13.7
2026,2,SRA,Urbana HS Guard,56.52,12.08,11.14,12.2,8.8
2026,5,SRA-E,Urbana HS Guard,66.26,13.15,12.41,14.4,13.1
2026,8,SRA,Urbana HS Guard,81.38,16.74,16.54,17.0,15.5
2026,9,SRA,Urbana HS Guard,83.28,16.61,15.87,17.7,16.6
2026,2,P-SA,Urbana High School Indoor Percussion,62.15,18.3,19.95,11.7,12.2
2026,5,P-SA(,Urbana High School Indoor Percussion,73.15,21.75,23.1,14.2,14.1
2026,7,P-SA,Urbana High School Indoor Percussion,77.35,23.4,23.85,14.5,15.6
2026,9,P-SA,Urbana High School Indoor Percussion,83.314,25.762,25.5,15.95,16.1
2026,5,R2,Ustach MS,61.78,12.46,13.32,12.1,11.8
2026,7,R2,Ustach MS,71.54,14.32,14.52,14.3,13.8
2026,2,PSO,Valencia HS,68.701,20.7,13.6,20.8,13.6
2026,6,PSO,Valencia HS,78.2,23.4,16.3,22.6,15.9
2026,7,PSO,Valencia HS,82.501,27.15,14.8,23.8,16.75
2026,4,PIA,Valley Independent Percussion,75.8,21.0,24.6,14.9,15.3
2026,6,PIA,Valley Independent Percussion,80.0,22.3,24.6,16.8,16.3
2026,8,PIA,Valley Independent Percussion,82.1,24.2,24.6,16.2,17.1
2026,3,PSA,Valley View HS,67.451,20.25,13.4,20.9,12.9
2026,8,B1,Valley View HS,67.501,19.5,13.3,21.1,13.6
2026,9,R4,Valley View HS,76.4,24.0,16.2,22.1,14.1
2026,9,N,Valley View High School Winter Guard,66.821,12.3,13.72,13.8,13.3
2026,6,PSA,Van Buren HS,78.7,24.3,15.7,23.2,15.5
2026,3,PSA,Van Buren HS Indoor Percussion,69.35,21.15,14.3,19.5,14.4
2026,7,PSA,Van Buren HS Indoor Percussion,82.9,24.6,16.6,25.3,16.4
2026,8,PSA,Van Buren HS Indoor Percussion,83.55,25.65,16.3,24.9,16.7
2026,3,GSN,Van Buren Senior High School Junior Varsity Winter Guard,79.16,16.18,16.18,16.4,15.4
2026,5,GSN,Van Buren Senior High School Junior Varsity Winter Guard,79.4,17.06,14.14,14.5,17.0
2026,7,GSN,Van Buren Senior High School Junior Varsity Winter Guard,80.96,17.4,17.26,15.5,16.0
2026,8,GSN,Van Buren Senior High School Junior Varsity Winter Guard,85.98,17.66,17.32,18.0,16.2
2026,3,GSB,Van Buren Senior High School Varsity Winter Guard,67.21,13.34,13.67,13.3,12.8
2026,5,GSB,Van Buren Senior High School Varsity Winter Guard,67.35,14.27,13.68,14.6,12.4
2026,7,GSB,Van Buren Senior High School Varsity Winter Guard,73.38,14.74,14.94,15.7,13.6
2026,8,GSB,Van Buren Senior High School Varsity Winter Guard,77.65,15.81,15.94,15.2,14.5
2026,2,PSRA,Vancleave H. S.,69.85,20.55,12.9,21.6,14.8
2026,0,R1,Vancleave H.S.,59.52,11.22,12.1,10.6,12.7
2026,2,N,Vancleave H.S.,71.36,14.36,15.2,13.6,14.9
2026,0,R1,Vandebilt Catholic H.S.,55.251,11.21,9.74,10.8,12.3
2026,7,PIO,Veritas,90.55,27.15,18.1,27.2,18.1
2026,1,E,Vermilion Charter Academy,53.64,10.26,10.48,11.3,11.1
2026,2,SRA,Vermilion HS Winter Guard,62.58,10.9,10.78,11.4,11.5
2026,5,SRA,Vermilion HS Winter Guard,73.6,12.42,14.88,12.8,12.9
2026,6,SRA,Vermilion HS Winter Guard,72.4,14.24,13.16,13.3,11.5
2026,9,SRA,Vermilion HS Winter Guard,81.94,13.92,15.12,14.6,15.5
2026,5,PSA,Verrado HS,67.951,19.35,13.9,21.6,13.1
2026,9,SA,Versailles Winter Guard,74.91,16.2,15.41,14.4,14.2
2026,1,PSO,Victor,66.0,19.7,19.5,13.2,13.6
2026,7,PSO,Victor,81.2,23.8,24.9,16.2,16.3
2026,8,PSO,Victor,84.8,25.2,25.8,16.9,16.9
2026,3,PSO,Victor HS,69.8,19.8,13.6,21.4,15.0
2026,5,PSO,Victor HS,76.625,22.875,15.95,22.4,15.4
2026,4,PSO,Victor J. Andrew HS,80.85,24.15,16.8,22.9,17.0
2026,7,PSO,Victor J. Andrew HS,89.5,27.0,18.1,26.4,18.0
2026,8,PIW,Vigilantes Indoor Percussion,85.925,25.425,17.2,26.2,17.1
2026,1,SRA,Vinton H.S.,59.8,12.52,12.28,11.5,11.6
2026,5,PIO,Vision Percussion,76.825,22.125,15.1,24.3,15.3
2026,7,PIO,Vision Percussion,79.275,23.925,16.3,22.75,16.3
2026,5,PSA,Vista Grande HS,61.1,18.6,12.1,19.7,10.7
2026,3,B2,Vista HS,75.175,23.025,14.6,23.65,13.9
2026,6,B2,Vista HS,71.351,21.15,15.0,20.4,14.8
2026,9,R3,Vista HS,88.376,27.375,17.1,26.7,17.2
2026,3,PSW,Vista Murrieta HS,83.8,25.2,17.0,24.8,16.8
2026,5,PSW,Vista Murrieta HS,88.1,26.25,17.4,27.05,17.4
2026,7,PSW,Vista Murrieta HS,92.15,27.45,19.05,26.8,18.85
2026,3,PIA,Vortex Percussion,70.2,21.9,13.8,20.1,14.4
2026,6,PIA,Vortex Percussion,78.4,23.7,16.0,23.0,15.7
2026,8,PIA,Vortex Percussion,82.85,25.35,16.6,24.4,16.5
2026,4,SA,WB Blue,57.06,11.08,11.8,11.3,11.4
2026,5,SA,WB Blue,62.821,12.81,14.21,11.4,11.8
2026,7,SA,WB Blue,71.81,16.21,13.9,13.6,13.3
2026,8,SA,WB Blue,71.72,14.34,13.68,14.7,14.7
2026,9,SA,WB Blue,75.16,14.68,15.5,15.6,15.1
2026,4,SRA,WB Orange,51.801,9.92,9.58,10.7,10.5
2026,7,SRA,WB Orange,64.68,12.66,12.6,13.9,12.0
2026,8,SRA,WB Orange,68.12,14.58,12.64,14.3,13.3
2026,9,SRA,WB Orange,68.3,13.38,14.92,13.5,13.7
2026,7,IS,WSU Winterguard,69.725,14.34,13.61,14.0,13.8
2026,9,IS,WSU Winterguard,65.18,11.94,12.34,13.0,14.1
2026,9,R2,Wade Hampton HS,65.201,11.72,14.18,12.6,12.5
2026,2,SA,Wadsworth HS Winter Guard,52.95,10.61,10.34,10.6,10.3
2026,5,SA,Wadsworth HS Winter Guard,68.56,13.48,13.08,13.9,14.0
2026,6,SA,Wadsworth HS Winter Guard,70.76,14.15,14.41,13.8,13.9
2026,8,SA,Wadsworth HS Winter Guard,72.96,14.48,14.08,14.8,15.3
2026,9,SA,Wadsworth HS Winter Guard,74.26,14.08,14.68,14.7,15.2
2026,9,R2,Walhalla HS,55.1,11.32,10.78,10.6,11.1
2026,8,PSRA,Walker Valley High School Percussion,74.5,23.0,23.1,14.8,13.6
2026,3,C,Wallace Lake Winterguard,69.0,13.7,14.2,12.5,15.4
2026,5,C,Wallace Lake Winterguard,72.56,14.58,14.88,13.5,14.5
2026,4,PSW,Walled Lake Consolidated Schools,76.1,23.1,14.6,22.8,15.6
2026,6,PSW,Walled Lake Consolidated Schools,81.75,25.65,17.0,23.5,15.6
2026,9,PSW,Walled Lake Consolidated Schools,85.55,25.65,17.8,24.5,17.6
2026,5,PSO,Walnut HS,73.801,22.05,14.2,23.55,14.0
2026,8,PSO,Walnut HS,72.4,21.3,13.4,23.0,14.7
2026,9,R3,Wando HS JV,76.76,14.08,15.58,16.1,14.9
2026,5,PSA,Wapakoneta HS,71.95,21.6,14.4,22.55,13.4
2026,2,N,Wapakoneta HS Winter Guard,87.108,17.136,14.952,18.34,18.48
2026,6,SRA,Wapakoneta HS Winter Guard,72.8,13.3,13.6,13.0,12.6
2026,8,SRA,Wapakoneta HS Winter Guard,75.56,13.9,13.66,14.9,12.2
2026,9,SRA,Wapakoneta HS Winter Guard,78.371,13.1,14.52,14.3,14.25
2026,2,PRA,War Eagle Winterline,71.25,21.75,14.1,22.0,13.4
2026,5,PRA,War Eagle Winterline,74.3,23.1,14.2,22.5,14.5
2026,8,PRA,War Eagle Winterline,80.8,26.4,16.1,24.4,13.9
2026,9,PRA,War Eagle Winterline,84.15,25.05,17.1,25.2,16.8
2026,3,PSJ,Warm Springs MS,73.55,22.35,14.6,21.0,15.6
2026,5,PSJ,Warm Springs MS,79.4,22.8,16.2,25.0,15.4
2026,3,PSO,Warren Center Winter Percussion,73.4,20.4,15.2,22.8,15.0
2026,2,SW,Warren Central HS,73.9,15.4,15.0,14.4,14.6
2026,3,SW,Warren Central HS,76.3,15.5,15.6,15.3,14.9
2026,6,SW,Warren Central HS,84.9,17.2,17.0,16.8,16.9
2026,9,SW,Warren Central HS,89.5,17.2,18.1,18.4,18.0
2026,7,PSO,Warren Central HS (IN),82.001,24.0,16.75,24.4,16.85
2026,7,PSA,Warren Central HS (MS),79.801,24.6,16.4,22.1,16.7
2026,3,SRA,Warren Central JV,69.0,13.52,12.18,14.4,14.2
2026,1,PSA,Warren HS,66.251,19.95,13.5,19.7,13.1
2026,2,B1,Warren HS,65.051,19.35,13.0,19.6,13.1
2026,9,R2,Warren HS,84.951,25.8,17.5,25.7,15.95
2026,2,PR,Washington Co HS,53.59,9.61,11.48,11.3,10.4
2026,4,SA,Washington Co HS,62.191,11.88,12.61,12.3,12.8
2026,6,PR,Washington Co HS,69.031,12.95,13.08,13.6,15.0
2026,7,BR,Washington Co HS,68.751,14.53,12.62,13.9,14.3
2026,9,BR,Washington Co HS,71.41,14.61,15.2,13.4,14.8
2026,2,E,Washington Co Juniors,63.64,12.32,12.92,13.3,12.5
2026,7,E,Washington Co Juniors,73.72,14.98,15.44,15.1,13.7
2026,8,E,Washington Co Juniors,77.22,14.84,15.38,15.7,16.0
2026,9,E,Washington Co Juniors,80.64,15.58,16.06,16.6,15.9
2026,4,P-SA,Washington County Indoor Percussion,64.9,19.35,19.95,12.5,13.1
2026,7,P-SA,Washington County Indoor Percussion,73.701,23.55,21.75,14.3,14.1
2026,8,P-SA,Washington County Indoor Percussion,76.4,23.1,23.7,14.9,14.7
2026,9,P-SA,Washington County Indoor Percussion,76.525,23.925,22.8,14.6,15.2
2026,1,SRA,Washington County Winter Guard,60.35,12.01,11.54,12.8,12.2
2026,4,SRA,Washington County Winter Guard,63.65,13.08,12.07,13.2,13.1
2026,7,SRA,Washington County Winter Guard,77.39,15.94,16.0,15.6,15.2
2026,8,SRA,Washington County Winter Guard,80.94,16.47,16.47,15.6,16.0
2026,9,SRA,Washington County Winter Guard,82.81,16.105,15.955,16.75,16.85
2026,2,PHSSRA,Washington Union HS Percussion,68.1,21.7,22.05,10.75,13.6
2026,8,PHSSRA,Washington Union HS Percussion,71.95,22.8,19.65,14.3,15.2
2026,2,SRA,Waverly HS,52.041,11.96,9.98,8.9,10.9
2026,6,SRA,Waverly HS,56.52,12.14,12.58,10.9,10.3
2026,9,SRA,Waverly HS,60.38,12.32,12.46,11.5,12.9
2026,1,SRA,Waynesboro HS Guard,61.68,12.41,11.07,12.4,12.9
2026,4,SRA,Waynesboro HS Guard,62.29,13.28,10.61,13.0,12.9
2026,5,SRA,Waynesboro HS Guard,65.29,12.48,12.01,13.8,13.3
2026,6,SRA,Waynesboro HS Guard,73.41,14.87,14.74,15.3,14.4
2026,8,SRA,Waynesboro HS Guard,78.74,16.07,15.47,15.4,15.9
2026,9,SRA,Waynesboro HS Guard,79.566,15.41,15.505,16.25,15.6
2026,9,SP-SO,Waynesboro HS Percussion,86.85,44.8,44.1,43.2,41.6
2026,1,SJ,Waynesboro MS Guard,54.32,11.21,8.61,11.5,11.3
2026,4,SJ,Waynesboro MS Guard,63.15,12.41,12.14,13.3,12.4
2026,6,SJ,Waynesboro MS Guard,68.48,13.74,13.14,14.3,13.5
2026,8,SJ,Waynesboro MS Guard,74.01,14.54,14.27,14.4,15.5
2026,9,SJ,Waynesboro MS Guard,78.55,15.01,16.34,16.6,15.6
2026,9,SRA,Waynesville High School Varsity Winter Guard,72.1,13.98,13.72,14.9,14.5
2026,8,PSA,Weatherford HS,81.625,25.275,16.05,23.75,16.55
2026,5,R1,Weaver MS,63.02,12.84,13.18,12.9,11.7
2026,7,R1,Weaver MS,70.72,14.18,14.24,14.0,13.7
2026,2,SA,Wenatchee High School,54.67,9.69,10.88,11.4,11.2
2026,5,SA,Wenatchee High School,60.86,11.62,12.14,12.5,12.0
2026,7,SA,Wenatchee High School,75.255,16.21,15.47,14.4,14.1
2026,9,SA,Wenatchee High School,80.51,15.14,16.47,16.1,16.2
2026,4,PIA,Wentzville Independent,79.65,23.55,16.0,24.0,16.1
2026,5,PIA,Wentzville Independent,77.2,22.8,15.7,23.0,15.7
2026,7,PIA,Wentzville Independent,83.7,24.9,16.8,24.8,17.2
2026,4,PSA,West Broward HS,75.1,22.5,15.0,22.6,15.0
2026,9,SRA,West Carrollton High School Color Guard,78.64,17.34,14.2,15.5,15.6
2026,2,SRA,West Central HS,50.641,9.72,9.92,10.5,10.5
2026,9,SRA,West Central HS,65.38,12.46,12.72,13.4,13.6
2026,9,JHCG,West Clermont Middle School Winterguard,74.3,15.8,14.1,15.1,14.1
2026,9,SRA,West Clermont Winter Guard,87.58,18.46,17.32,18.0,16.8
2026,6,B2,West Covina HS,73.1,21.6,14.8,22.1,14.6
2026,3,SRA,West Florida HS Noir,70.66,14.36,14.3,12.6,14.2
2026,5,SRA,West Florida HS Noir,73.18,14.24,14.84,15.1,14.5
2026,3,SN,West Florida HS Red,71.28,13.84,13.64,14.7,14.8
2026,5,SN,West Florida HS Red,71.26,14.68,14.18,13.9,14.9
2026,1,PSA,West Florida Indoor Percussion,68.751,22.35,12.7,20.1,13.6
2026,3,PSA,West Florida Indoor Percussion,71.225,23.025,14.4,19.6,14.2
2026,5,PSA,West Florida Indoor Percussion,75.65,23.55,15.0,22.4,14.7
2026,8,PSA,West Forsyth HS,78.401,23.4,15.9,22.9,16.2
2026,9,R1,West Forsyth HS,68.511,13.89,13.42,13.4,13.6
2026,3,PSO,West HS,69.201,20.1,13.6,22.2,13.3
2026,5,PSO,West HS,73.551,22.35,14.6,21.8,14.8
2026,8,PSO,West HS,74.1,21.9,14.6,21.6,16.0
2026,0,SA,West Harrison H.S.,61.44,11.2,12.14,11.8,13.2
2026,4,PSRA,West High School Indoor Percussion,58.001,17.0,17.4,11.6,12.0
2026,8,PSRA,West High School Indoor Percussion,71.3,21.1,21.6,14.6,14.0
2026,9,PSRA,West High School Indoor Percussion,74.2,21.2,23.4,14.4,15.2
2026,4,SRA,West High School Winterguard,53.201,9.72,10.18,11.0,10.9
2026,8,SRA,West High School Winterguard,66.221,13.42,13.1,13.0,13.1
2026,9,SRA,West High School Winterguard,70.841,14.92,14.52,14.9,13.3
2026,6,B2,West Milford HS,78.651,22.35,14.6,24.3,17.4
2026,3,IRA,West Mobile Independent,67.92,13.44,13.78,13.3,12.5
2026,5,IRA,West Mobile Independent,74.04,14.58,15.66,14.3,15.0
2026,2,SA,West Ouachita H.S.,56.821,10.88,11.74,11.2,11.7
2026,7,PSO,West Park HS,85.925,25.725,16.55,26.4,17.25
2026,4,PSO,West Ranch HS,72.001,22.5,13.1,23.4,13.0
2026,5,PSO,West Ranch HS,73.3,21.9,13.6,22.9,14.9
2026,7,PSO,West Ranch HS,75.15,24.45,13.7,22.9,14.1
2026,8,PSO,West Ranch HS,78.65,22.95,14.4,26.3,15.0
2026,0,SJ,West Shore SD JV Guard,55.41,10.34,10.47,10.6,12.2
2026,6,SJ,West Shore SD JV Guard,68.99,12.48,12.81,14.3,14.7
2026,8,SJ(,West Shore SD JV Guard,75.65,14.74,14.01,15.8,15.8
2026,9,SJ,West Shore SD JV Guard,81.78,16.14,16.54,17.0,16.9
2026,0,P-SA,West Shore SD Percussion,72.65,22.65,20.1,14.7,15.2
2026,3,P-SA,West Shore SD Percussion,75.85,23.25,22.2,15.9,14.5
2026,4,P-SA,West Shore SD Percussion,79.5,24.0,22.8,16.3,16.4
2026,8,P-SO,West Shore SD Percussion,85.45,26.25,25.5,16.7,17.0
2026,9,P-SO,West Shore SD Percussion,90.85,28.65,27.15,17.5,17.55
2026,6,PSO,West Shore School District,81.15,25.05,16.1,24.2,15.8
2026,7,PSO,West Shore School District,85.55,25.95,17.1,25.6,16.9
2026,0,SA,West Shore Varsity Colorguard,61.88,13.74,12.74,11.0,11.9
2026,6,SA,West Shore Varsity Colorguard,76.95,15.21,16.34,15.3,14.8
2026,8,SA(,West Shore Varsity Colorguard,82.35,16.27,16.08,16.8,16.5
2026,9,SA,West Shore Varsity Colorguard,82.915,15.675,16.14,17.175,17.05
2026,9,R1,West-Oak HS,73.44,14.16,14.98,14.8,15.6
2026,2,SA,Western Frederick Guard A,60.15,12.41,11.54,12.7,10.7
2026,4,SA,Western Frederick Guard A,63.75,13.01,12.54,13.3,12.1
2026,5,SA,Western Frederick Guard A,66.73,13.28,12.95,13.6,13.0
2026,6,SA,Western Frederick Guard A,71.29,13.55,13.94,14.8,14.4
2026,7,SA,Western Frederick Guard A,75.65,14.61,14.74,15.5,15.4
2026,8,SA,Western Frederick Guard A,77.09,13.88,15.01,15.9,16.1
2026,9,SA,Western Frederick Guard A,77.561,14.245,14.94,16.15,16.2
2026,2,P-SA,Western Frederick Indoor Percussion,67.3,21.3,21.0,12.1,12.9
2026,4,P-SA,Western Frederick Indoor Percussion,73.7,22.2,21.0,14.7,15.8
2026,6,P-SA,Western Frederick Indoor Percussion,78.8,22.65,24.15,15.9,16.1
2026,7,P-SA,Western Frederick Indoor Percussion,83.4,25.05,25.65,16.2,16.5
2026,8,P-SA,Western Frederick Indoor Percussion,84.15,25.8,25.65,16.1,16.6
2026,9,P-SA,Western Frederick Indoor Percussion,89.9,27.825,27.525,17.1,17.45
2026,9,SRA,Westerville Central Winterguard,64.42,12.3,13.12,13.0,12.5
2026,2,IRA,Westerville City School District,65.02,12.3,11.92,13.3,13.5
2026,9,IRA,Westerville City School District,82.06,15.58,16.88,16.4,17.5
2026,6,IRA,Westerville Independent,79.12,16.44,15.98,15.8,15.6
2026,8,IRA,Westerville Independent,80.86,16.78,13.78,17.1,16.3
2026,2,JN,Westerville Juniors,73.64,11.228,13.412,15.54,16.1
2026,6,JN,Westerville Juniors,75.012,13.104,12.768,17.08,16.94
2026,8,JN,Westerville Juniors,82.936,13.832,15.064,17.92,18.62
2026,7,PSO,Westfield HS (IN),75.15,20.7,15.5,23.95,15.0
2026,3,PSA,Westhill HS,82.8,25.2,16.8,25.7,15.1
2026,6,PSA,Westhill HS,84.575,25.875,16.8,25.5,16.4
2026,1,SA,Westlake H.S.,64.42,13.74,12.28,13.2,12.2
2026,2,B1,Westlake HS,64.301,18.0,13.3,20.5,12.5
2026,5,B2,Westlake HS,72.601,21.6,14.4,22.0,14.6
2026,6,PSA,Westlake HS,71.701,21.15,15.5,19.8,15.25
2026,9,R4,Westlake HS,85.525,25.125,17.6,25.5,17.3
2026,2,SA,Westland High School Winter Guard,51.4,9.15,8.95,10.8,10.9
2026,8,SA,Westland High School Winter Guard,63.87,11.62,11.75,12.6,15.2
2026,9,SA,Westland High School Winter Guard,68.57,12.89,13.48,14.0,14.1
2026,2,B2,Westminster HS,61.951,18.15,12.2,18.9,12.7
2026,5,B2,Westminster HS,72.651,22.35,13.7,22.3,14.3
2026,7,PSA,Westminster HS,73.8,20.1,15.8,22.8,15.1
2026,9,R3,Westminster HS,83.351,25.65,17.3,25.0,15.4
2026,3,SRA,Westminster HS Guard,57.7,10.49,12.61,12.0,10.6
2026,5,SRA,Westminster HS Guard,65.191,13.68,14.21,13.1,11.0
2026,7,SRA,Westminster HS Guard,71.25,14.54,13.9,14.6,13.8
2026,3,SA,Westside HS,53.96,11.35,10.81,11.0,10.1
2026,5,SA,Westside HS,57.081,11.08,13.0,11.1,10.9
2026,6,SA,Westside HS,65.831,13.74,14.74,12.0,12.9
2026,9,SA,Westside HS,72.811,14.67,15.34,14.7,14.7
2026,6,SRA,Westside HS JV,55.5,10.96,10.64,12.1,10.5
2026,9,SRA,Westside HS JV,60.59,11.92,12.32,12.05,12.6
2026,3,GSRB,Westside Winterguard,60.901,13.38,12.12,12.1,11.2
2026,5,GSRB,Westside Winterguard,55.34,6.92,11.72,12.1,11.7
2026,8,GSRB,Westside Winterguard,64.501,12.9,13.0,13.4,12.2
2026,9,R2,White Knoll HS JV,73.15,14.34,14.41,15.0,14.8
2026,7,PSA,Widefield HS,73.8,21.9,14.1,23.2,14.6
2026,6,IRA,Wildcat Color Guard,64.54,12.62,12.92,12.6,13.3
2026,8,IRA,Wildcat Color Guard,65.26,13.84,13.72,12.1,12.9
2026,9,IRA,Wildcat Color Guard,68.98,14.04,13.44,13.4,14.2
2026,9,N,William Henry Harrison Winter Guard,81.48,17.6,15.78,16.3,15.7
2026,5,PSA,Williams Field HS,81.2,24.75,16.1,24.25,16.1
2026,1,PR,Williamstown HS,55.68,10.92,10.26,12.7,12.2
2026,5,SRA,Williamstown HS,64.221,13.5,13.32,12.6,12.7
2026,6,PR,Williamstown HS,67.7,13.98,13.72,13.2,12.9
2026,8,BR,Williamstown HS,69.66,14.04,13.32,14.1,13.3
2026,9,SRA,Williamstown HS,71.201,14.46,15.34,13.1,13.8
2026,4,PJHSA,Wilson Middle School Indoor Percussion,64.551,19.2,19.35,14.3,11.7
2026,8,PJHSA,Wilson Middle School Indoor Percussion,63.251,18.8,19.65,12.7,12.1
2026,9,SRA,Winchester Community High School,82.281,16.84,15.04,16.6,17.1
2026,4,SRA,Windsor High School,67.92,13.06,13.7,13.7,14.2
2026,7,SRA,Windsor High School,70.5,13.24,12.66,14.6,14.3
2026,5,R1,Winton MS,52.52,9.44,10.18,11.0,10.8
2026,7,R1,Winton MS,64.14,12.72,13.12,12.5,12.9
2026,2,B1,Woodbridge HS,72.3,21.0,13.8,22.9,14.6
2026,6,PSO,Woodbridge HS,75.551,22.65,15.2,23.4,14.3
2026,7,PSO,Woodbridge HS,80.0,25.35,14.0,24.55,16.1
2026,8,PSO,Woodbridge HS,81.45,23.55,17.0,24.5,16.4
2026,1,SA,Woodford County HS,62.55,11.21,13.34,13.0,13.2
2026,3,SA,Woodford County HS,65.321,13.54,13.08,13.0,12.7
2026,5,SA,Woodford County HS,71.59,13.35,15.74,14.4,14.2
2026,7,SA,Woodford County HS,74.621,14.54,15.08,14.9,15.3
2026,9,PR,Woodford County HS,81.391,15.54,16.6,16.6,16.15
2026,7,P-SA,Woodgrove HS Percussion,71.551,22.95,21.0,13.4,14.2
2026,2,R2,Woodlake HS Percussion,58.501,17.85,19.95,10.5,10.2
2026,6,R1,Woodlake HS Percussion,65.151,20.4,19.35,13.3,12.1
2026,8,PHSSRA,Woodlake HS Percussion,69.65,20.55,12.6,22.4,14.1
2026,6,R2,Woodlake HS Winterguard,54.001,10.58,10.32,9.0,11.3
2026,8,GHSSRA,Woodlake HS Winterguard,54.24,10.9,11.04,11.6,11.0
2026,9,R1,Woodmont HS Varsity,67.451,13.74,13.01,13.6,13.7
2026,9,R2,Woodruff HS Gold,71.001,14.24,14.26,13.1,14.6
2026,9,R1,Woodruff HS Maroon,63.381,11.72,11.86,14.0,12.5
2026,2,SNA,Worthington Kilbourne HS,73.63,14.62,14.61,14.8,15.0
2026,8,SNA,Worthington Kilbourne HS,85.26,16.81,16.75,17.4,17.3
2026,9,SNA,Worthington Kilbourne HS,86.68,16.74,17.54,17.3,17.7
2026,2,SRA,Worthington Kilbourne JV,72.52,13.38,14.34,15.1,15.2
2026,6,SRA,Worthington Kilbourne JV,80.34,16.2,16.14,16.9,16.1
2026,8,SRA,Worthington Kilbourne JV,85.2,16.54,15.66,17.2,18.0
2026,9,SRA,Worthington Kilbourne JV,90.65,16.78,17.57,18.8,19.0
2026,2,JN,Worthington Kilbourne Juniors,67.48,8.848,13.272,15.4,15.4
2026,6,JN,Worthington Kilbourne Juniors,73.388,12.684,12.404,16.1,16.66
2026,8,JN,Worthington Kilbourne Juniors,86.436,15.82,17.556,17.5,17.92
2026,9,R2,Wren HS,74.88,14.68,15.4,15.2,14.4
2026,8,PSA,Wylie HS PSA Scholastic Marching A,70.3,21.6,12.6,20.6,15.5
2026,4,SRA,Wyoming HS,55.681,10.64,10.24,12.6,11.1
2026,6,BR,Wyoming HS,59.52,11.9,11.72,11.6,12.2
2026,8,BR,Wyoming HS,58.881,13.04,11.64,11.1,11.2
2026,6,SJ,Wyoming MS,55.361,10.36,11.3,10.7,11.4
2026,5,PSA,Xenia HS,72.6,21.75,14.8,22.35,13.7
2026,9,PSA,Xenia Indoor Percussion Ensemble,70.551,19.95,15.2,20.8,14.6
2026,9,SA,Xenia Winterguard,74.821,14.61,15.81,14.7,14.5
2026,9,C,York Comprehensive HS Cadet,67.34,12.52,13.72,13.9,13.7
2026,9,R1,York Comprehensive HS Varsity,73.21,14.14,14.67,14.6,15.0
2026,2,IO,ZEUS Independent,67.5,14.0,13.8,12.2,14.3
2026,0,R1,Zachary H.S.,61.48,10.86,12.12,12.3,13.4
2026,2,R1,Zachary H.S.,65.38,15.18,11.7,12.9,14.3
2026,0,R1,Zachary H.S. JV,61.15,12.34,11.01,12.8,12.5
2026,2,N,Zachary H.S. JV,71.52,14.68,14.74,14.3,15.4
2026,2,SRA,Zanesville HS Winter Guard,64.14,12.26,10.58,12.2,11.4
2026,5,SRA,Zanesville HS Winter Guard,67.42,12.44,12.08,12.0,11.9
2026,8,SRA,Zanesville HS Winter Guard,68.66,11.1,10.96,14.2,12.6
2026,9,SRA,Zanesville HS Winter Guard,75.751,13.44,12.46,14.8,13.2
2026,2,PRA,Zanesville Indoor Percussion,72.6,22.2,14.5,21.1,14.8
2026,5,PRA,Zanesville Indoor Percussion,70.8,21.9,13.7,21.2,14.0
2026,8,PRA,Zanesville Indoor Percussion,75.9,23.4,15.8,23.8,12.9
2026,9,PRA,Zanesville Indoor Percussion,82.8,24.0,16.8,25.5,16.5
2026,5,PSO,Zionsville Community HS,82.775,24.675,16.75,24.6,16.75
2026,7,PSO,Zionsville Community HS,89.375,26.475,17.95,27.275,17.675
2026,2,BR,duPont Manual HS Varsity,61.0,11.28,11.82,12.4,12.7
2026,4,SA,duPont Manual HS Varsity,64.251,12.81,12.94,12.6,13.4
2026,6,BR,duPont Manual HS Varsity,72.68,13.48,14.8,14.9,13.9
2026,9,PR,duPont Manual HS Varsity,77.76,15.47,16.34,14.9,16.0
2026,1,PSA,,65.251,22.05,12.2,18.8,12.2
2026,2,PSA,,67.25,19.65,14.0,19.9,13.7
2026,3,PSA,,70.0,20.7,13.5,21.7,14.1
2026,4,IA,,74.42,15.35,15.87,14.8,14.2
2026,5,IA,,78.59,16.01,14.68,15.8,15.9
2026,6,IA,,78.34,16.07,16.07,15.9,14.9
2026,7,IA,,76.26,14.81,15.35,15.4,15.6
2026,9,CP-SJ,,84.6,45.6,42.1,40.9,40.6
