year,week,class,name,overall score,music effect,visual effect,music,visual
2024,4,PJHSA,Abraham Lincoln MS Percussion,71.05,21.5,22.05,13.6,13.9
2024,6,PJHSA,Abraham Lincoln MS Percussion,76.4,23.1,23.4,16.0,13.9
2024,8,PJHSA,Abraham Lincoln MS Percussion,80.1,24.2,24.0,15.8,16.1
2024,11,PJHSA,Abraham Lincoln MS Percussion,83.3,24.8,25.5,16.4,16.6
2024,1,GJHSO,Abraham Lincoln MS Winterguard,62.01,123.5,134.6,12.0,11.9
2024,4,GJHSO,Abraham Lincoln MS Winterguard,62.42,126.1,126.1,12.5,12.6
2024,6,GJHSO,Abraham Lincoln MS Winterguard,68.78,147.4,137.4,12.9,13.2
2024,8,GJHSO,Abraham Lincoln MS Winterguard,75.06,147.3,147.3,15.0,15.7
2024,7,PSO,Academy District 20 Combined Schools,76.5,22.2,14.6,24.3,15.4
2024,3,PR,Adair Co,64.18,13.67,13.01,13.6,11.9
2024,6,SRA,Adair Co,70.68,13.14,14.14,14.7,14.6
2024,8,SRA,Adair Co,77.65,16.14,14.81,15.4,15.4
2024,9,PR,Adair Co,82.87,16.47,16.5,16.6,16.5
2024,10,SRA,Adair Co,86.51,17.54,17.07,17.0,17.6
2024,6,PSA,Agua Fria HS,72.151,21.15,15.8,20.7,14.5
2024,3,PIA,Albany,64.3,20.2,18.6,12.8,12.7
2024,8,PIA,Albany,68.3,18.7,21.9,13.6,14.1
2024,11,PIA,Albany,75.55,23.3,22.05,15.3,14.9
2024,7,PSA,Albemarle County Combined Schools,71.25,21.3,15.3,20.85,13.8
2024,13,R3,Albemarle County Combined Schools,79.801,23.85,16.4,23.4,16.15
2024,3,SRA,Alcoa High School Winter Guard,61.581,11.28,12.14,11.46,13.8
2024,5,SRA,Alcoa High School Winter Guard,62.411,11.0,12.41,13.0,15.0
2024,11,R2,Alcoa High School Winter Guard,71.041,13.4,13.94,15.5,14.1
2024,1,PSRA,Alcoa Indoor Percussion,59.651,19.5,19.35,10.2,10.6
2024,11,PSRA,Alcoa Indoor Percussion,77.1,23.5,23.1,15.0,15.5
2024,7,B2,Aliso Niguel HS,72.725,22.875,12.7,23.45,13.7
2024,8,B2,Aliso Niguel HS,75.75,23.25,14.7,23.8,14.0
2024,9,PSA,Aliso Niguel HS,76.101,23.1,14.4,24.3,14.3
2024,10,R2,Aliso Niguel HS,82.701,27.0,14.5,24.7,16.5
2024,6,GSRB,Alma High School Winterguard,51.14,6.36,9.38,12.2,11.1
2024,7,GSRB,Alma High School Winterguard,56.56,13.98,13.58,12.4,8.4
2024,10,GSRB,Alma High School Winterguard,66.72,13.24,13.58,12.4,13.8
2024,11,GSRB,Alma High School Winterguard,68.201,13.78,13.72,14.0,13.4
2024,7,PSO,Alpine Combined Schools,75.0,22.5,14.2,23.4,14.9
2024,9,PSO,Amador Valley HS,80.026,23.025,15.9,25.7,15.4
2024,2,SA,Anderson Co,58.061,12.68,12.48,10.8,10.7
2024,4,SA,Anderson Co,62.02,12.74,12.28,12.8,11.9
2024,7,SA,Anderson Co,67.49,14.21,13.08,12.7,13.6
2024,10,PR,Anderson Co,71.261,13.88,14.48,14.5,14.4
2024,1,PSRA,Anderson County High School Percussion Ensemble,57.701,19.3,18.0,10.0,10.4
2024,11,PSRA,Anderson County High School Percussion Ensemble,71.101,21.6,21.3,14.2,14.0
2024,7,PIA,Apex Friendship HS,74.7,21.3,15.5,22.3,15.6
2024,9,PSA,Appoquinimink HS,77.05,24.0,14.8,23.1,15.15
2024,6,PSA,Arbor View HS,81.3,23.85,17.25,23.5,16.7
2024,9,PSA,Arbor View HS,84.725,25.275,17.5,24.85,17.1
2024,2,PSW,Arcadia HS,81.55,24.45,16.5,24.4,16.2
2024,4,PSW,Arcadia HS,81.3,25.5,17.0,23.4,15.4
2024,6,PSW,Arcadia HS,85.5,25.5,17.6,25.0,17.4
2024,9,PSW,Arcadia HS,89.625,26.475,17.95,27.45,17.75
2024,10,R3,Arcadia HS,92.2,27.3,18.5,28.5,17.9
2024,11,R2,Arcadia HS,91.7,27.6,18.7,27.4,18.0
2024,12,PSA,Arcadia HS,90.625,26.55,18.4,27.225,18.45
2024,13,R2,Arcadia HS,89.326,26.475,18.15,26.15,18.55
2024,5,GSN,Arkadelphia High School Varsity Guard,85.22,17.06,15.86,14.8,19.1
2024,7,GSRB,Arkadelphia High School Varsity Guard,71.72,15.8,15.72,11.2,14.5
2024,10,GSRB,Arkadelphia High School Varsity Guard,76.08,16.66,16.32,13.6,14.7
2024,11,GSRB,Arkadelphia High School Varsity Guard,83.52,16.26,16.46,16.9,16.7
2024,3,B1,Arlington HS,68.25,19.35,13.2,22.8,12.9
2024,4,B1,Arlington HS,68.651,19.95,13.6,21.7,13.4
2024,7,B1,Arlington HS,69.451,22.05,14.6,19.0,13.8
2024,10,R2,Arlington HS,79.3,24.0,16.7,23.6,15.0
2024,2,PSO,Arroyo HS,73.9,22.2,15.6,20.9,15.2
2024,4,PSO,Arroyo HS,73.901,23.4,13.6,23.1,13.8
2024,7,PSO,Arroyo HS,79.25,25.05,16.4,21.8,16.0
2024,11,R2,Arroyo HS,81.851,25.35,15.3,23.9,17.3
2024,4,PHSSA,Arvin HS Percussion,72.8,24.0,20.7,14.0,14.1
2024,8,PHSSA,Arvin HS Percussion,78.351,23.6,21.9,16.75,16.1
2024,3,PIO,Ascension Percussion,66.3,20.4,13.3,19.4,13.2
2024,6,PIO,Ascension Percussion,75.1,21.3,15.1,23.8,14.9
2024,8,PIO,Ascension Percussion,76.4,22.5,15.3,23.3,15.3
2024,9,PIO,Ascension Percussion,77.7,22.8,15.8,23.5,15.6
2024,12,PIO,Ascension Percussion,81.1,24.075,16.45,24.525,16.05
2024,13,R2,Ascension Percussion,79.425,24.225,15.95,22.7,16.55
2024,6,PIW,Atlanta Quest,82.5,24.3,16.7,24.4,17.1
2024,13,R1,Atlanta Quest,89.289,26.887,18.175,27.025,17.2
2024,5,PSA,Auburn,67.65,22.0,19.35,13.1,13.2
2024,7,PSA,Auburn,71.601,21.2,21.6,14.3,14.5
2024,10,PSA,Auburn,72.351,20.6,22.05,15.1,14.6
2024,11,PSA,Auburn,73.75,22.7,21.45,15.4,14.2
2024,4,PIW,Audio Theater,76.85,22.35,15.3,24.7,14.5
2024,13,R1,Audio Theater,82.625,25.275,16.6,24.6,16.15
2024,3,P,Avery Trace Cavalier Winterguard,56.92,11.48,11.34,11.8,11.2
2024,6,P,Avery Trace Cavalier Winterguard,62.82,13.94,11.1,11.5,12.2
2024,11,P,Avery Trace Cavalier Winterguard,72.961,14.35,14.61,14.5,14.9
2024,6,PRA(,Avon Grove,80.875,25.275,23.55,14.95,17.1
2024,7,ME,Avon Grove,81.95,23.2,25.05,16.2,17.5
2024,8,PRA(,Avon Grove,77.5,22.2,23.7,15.8,15.8
2024,11,PRA(,Avon Grove,85.325,25.875,24.15,18.1,17.2
2024,12,PRA(,Avon Grove,87.9,27.15,24.6,17.45,18.7
2024,6,PSW,Avon HS,86.95,25.95,18.0,26.0,17.0
2024,13,PSW,Avon HS,96.113,28.612,19.525,28.775,19.2
2024,3,PSW,Avon High School,77.7,21.3,16.0,24.4,16.0
2024,5,PSW,Avon High School,86.05,26.25,17.6,26.2,16.0
2024,7,PSW,Avon High School,86.75,25.35,17.9,26.0,17.5
2024,8,PSW,Avon High School,88.5,27.3,17.2,26.5,17.5
2024,9,PSW,Avon High School,90.9,27.0,18.1,27.5,18.3
2024,11,PSW,Avon High School,93.6,27.9,19.0,27.75,18.95
2024,4,PSW,Ayala HS,86.3,26.7,17.8,25.5,16.3
2024,6,PSW,Ayala HS,88.95,27.15,18.5,25.5,17.8
2024,7,PSW,Ayala HS,88.45,26.55,18.1,25.5,18.3
2024,9,PSW,Ayala HS,92.9,27.9,18.9,27.2,18.9
2024,11,PSW,Ayala HS,92.1,27.0,19.1,27.3,18.7
2024,12,PSW,Ayala HS,94.175,28.35,19.2,27.7,18.925
2024,13,PSW,Ayala HS,97.538,29.212,19.6,29.075,19.65
2024,6,PSO,Azle HS,81.35,25.05,16.4,23.8,16.1
2024,13,R4,Azle HS,90.45,26.1,17.65,28.25,18.45
2024,7,PIO,BKO,76.7,22.5,14.8,24.4,15.0
2024,11,PJHSA,Bakersfield,84.0,25.2,25.8,16.6,16.4
2024,6,PIO,Bakersfield College,83.6,24.3,16.9,26.0,16.4
2024,9,PIO,Bakersfield College,88.75,26.55,17.9,26.8,17.5
2024,13,R2,Bakersfield College,91.863,27.862,18.65,27.2,18.15
2024,3,B2,Baldwin Park HS,69.05,20.55,12.9,22.6,13.0
2024,4,B2,Baldwin Park HS,70.001,20.4,13.5,21.5,14.6
2024,7,B2,Baldwin Park HS,74.1,21.0,13.2,24.1,15.8
2024,10,R1,Baldwin Park HS,78.5,24.0,14.5,23.5,16.5
2024,3,SA,Ballard HS,61.25,12.67,12.88,11.5,12.3
2024,5,SA,Ballard HS,66.18,13.14,13.54,13.0,13.5
2024,6,SA,Ballard HS,70.85,13.88,14.07,14.4,14.3
2024,8,BR,Ballard HS,73.91,15.07,15.54,14.6,14.5
2024,10,BR,Ballard HS,78.0,14.67,15.73,15.9,15.5
2024,6,PSO,Basha HS,77.9,22.8,15.6,24.4,15.1
2024,4,PSA,Bay Port HS,72.35,22.65,14.4,21.7,13.6
2024,1,PSA,Bearden High School Indoor Percussion,64.151,18.9,18.6,13.6,13.05
2024,11,PSA,Bearden High School Indoor Percussion,82.3,24.7,24.9,16.4,16.3
2024,5,SRA,Bearden JV,63.66,11.08,11.68,12.7,14.4
2024,11,R1,Bearden JV,78.11,15.27,14.74,16.5,15.9
2024,1,SA,Bearden Varsity,50.78,11.87,9.41,7.7,11.7
2024,5,SA,Bearden Varsity,70.31,13.67,13.74,13.9,14.4
2024,11,SA,Bearden Varsity,74.67,15.33,13.14,15.8,15.3
2024,1,IA,Beau Monde Independent,58.92,13.21,13.01,7.4,13.4
2024,3,IA,Beau Monde Independent,70.62,14.28,13.54,15.5,13.9
2024,5,IA,Beau Monde Independent,76.05,16.01,16.14,13.7,15.1
2024,6,IA,Beau Monde Independent,80.45,16.41,16.34,15.8,15.9
2024,11,IA,Beau Monde Independent,85.48,16.74,17.94,16.8,16.9
2024,4,PSO,Beavercreek HS,72.85,22.05,13.9,22.4,14.5
2024,13,R2,Beavercreek HS,87.8,27.15,17.85,26.05,16.75
2024,3,PRA,Beech Grove Indoor Percussion Ensemble,54.501,16.2,10.0,17.1,11.2
2024,5,PRA,Beech Grove Indoor Percussion Ensemble,67.6,19.5,12.8,21.7,13.6
2024,6,PRA,Beech Grove Indoor Percussion Ensemble,69.7,20.4,14.4,20.8,14.1
2024,7,PRA,Beech Grove Indoor Percussion Ensemble,70.65,20.85,14.7,21.8,13.3
2024,9,PRA,Beech Grove Indoor Percussion Ensemble,72.55,22.8,14.725,21.7,13.325
2024,2,SA,Beechwood HS,65.981,13.67,13.21,13.4,13.1
2024,4,SA,Beechwood HS,67.65,13.34,13.41,13.3,13.9
2024,7,SA,Beechwood HS,74.05,15.54,15.41,13.7,15.2
2024,8,SA,Beechwood HS,76.321,14.88,15.14,15.6,15.4
2024,10,PR,Beechwood HS,77.671,15.33,15.14,15.5,15.5
2024,7,SJ,Beechwood JV,54.64,11.42,11.22,9.5,12.2
2024,8,SJ,Beechwood JV,59.09,12.48,11.81,11.9,10.9
2024,9,SJ,Beechwood JV,61.86,12.35,13.21,11.7,12.7
2024,10,SJ,Beechwood JV,66.79,13.28,13.81,13.6,13.0
2024,4,PSA,Bellbrook HS,68.001,21.0,12.9,20.2,13.9
2024,13,R1,Bellbrook HS,82.251,24.9,16.25,25.15,15.95
2024,8,PSA,Bellevue Combined Schools,77.4,24.3,15.1,23.3,14.7
2024,3,PSO,Bellflower HS,69.201,20.1,13.8,22.3,13.0
2024,6,PSO,Bellflower HS,74.851,21.75,14.5,23.2,15.4
2024,8,PSO,Bellflower HS,78.951,24.15,16.0,25.0,13.8
2024,11,R1,Bellflower HS,74.75,21.45,14.0,23.3,16.0
2024,3,PSA,Ben Davis High School,71.0,19.5,15.2,22.0,14.3
2024,5,PSA,Ben Davis High School,75.3,21.3,14.0,23.8,16.2
2024,8,PSA,Ben Davis High School,81.95,23.85,16.1,25.8,16.2
2024,9,R1,Ben Davis High School,84.975,24.825,16.8,26.75,16.6
2024,11,PSA,Ben Davis High School,88.489,25.538,16.975,28.75,17.225
2024,5,PSA,Biddeford HS,71.85,21.45,14.4,20.9,15.1
2024,4,SRA,Biglerville HS Guard,79.73,16.02,16.61,16.5,16.4
2024,6,SRA,Biglerville HS Guard,83.36,16.75,16.21,17.0,16.5
2024,7,SRA,Biglerville HS Guard,87.31,17.67,17.14,17.8,17.3
2024,9,SRA,Biglerville HS Guard,88.28,17.87,17.41,18.0,17.8
2024,11,SP-SA(,Biglerville HS Percussion,79.7,37.6,40.9,39.7,41.2
2024,7,PSA,Bingham HS,76.75,22.95,15.2,23.0,15.6
2024,3,PRA,Bishop Dwenger Winter Percussion,57.0,16.8,11.6,16.7,11.9
2024,4,PRA,Bishop Dwenger Winter Percussion,67.1,19.2,12.6,21.2,14.1
2024,6,PRA,Bishop Dwenger Winter Percussion,62.55,18.15,11.6,20.5,12.3
2024,7,PRA,Bishop Dwenger Winter Percussion,67.4,23.1,12.4,18.8,13.1
2024,8,PRA,Bishop Dwenger Winter Percussion,71.95,22.65,13.6,21.8,13.9
2024,9,PRA,Bishop Dwenger Winter Percussion,72.251,22.05,13.6,22.65,13.95
2024,7,B2,Bloomington HS,67.9,21.3,13.5,19.7,13.4
2024,8,B1,Bloomington HS,66.051,19.65,13.3,20.1,13.0
2024,10,R4,Bloomington HS,73.8,24.9,13.9,22.1,12.9
2024,5,PSA,Bloomington HS (CA),66.001,18.3,13.7,21.2,12.8
2024,9,PSA,Bloomington HS (CA),69.6,20.4,13.4,22.5,13.3
2024,4,PSA,Bloomington HS (IL),70.201,21.3,14.1,20.8,14.0
2024,6,PSA,Bloomington HS (IL),69.3,20.4,14.0,21.0,13.9
2024,7,PIW,Blue Knights,83.55,24.75,16.6,25.5,16.7
2024,13,R1,Blue Knights,83.938,25.387,17.3,24.4,16.85
2024,6,PSO,Bob Jones HS,79.7,22.95,16.3,23.55,16.9
2024,13,R2,Bob Jones HS,86.225,26.1,16.925,26.6,16.6
2024,3,B2,Bolsa Grande HS,67.401,19.35,12.5,21.75,13.8
2024,4,B2,Bonita HS,75.45,22.65,14.5,22.8,15.5
2024,6,B1,Bonita HS,78.25,23.55,15.3,23.4,16.0
2024,7,B2,Bonita HS,81.15,24.45,14.0,26.1,16.6
2024,10,R4,Bonita HS,88.675,27.675,17.9,25.8,17.3
2024,11,R1,Bonita HS,87.15,26.85,17.4,26.5,16.4
2024,12,PSA,Bonita HS,86.501,25.65,17.2,26.6,17.05
2024,6,PSW,Boswell HS,82.15,24.15,16.4,25.3,16.3
2024,13,R2,Boswell HS,90.576,27.375,17.025,27.875,18.3
2024,6,SN,Bowie HS  Guard,62.32,11.88,12.14,12.9,12.8
2024,7,SN,Bowie HS  Guard,66.05,12.41,14.14,13.8,12.9
2024,8,SN,Bowie HS  Guard,68.65,12.68,14.47,14.5,14.0
2024,6,SDS,Bowie HS Dance,64.875,13.5,17.125,17.125,17.125
2024,7,SDS,Bowie HS Dance,70.875,19.0,16.0,18.0,17.875
2024,8,SDS,Bowie HS Dance,74.5,21.75,15.75,18.25,18.75
2024,11,SDS,Bowie HS Dance,81.75,21.438,20.25,20.125,19.938
2024,2,SRA,Boyle Co HS,59.151,12.03,10.62,10.8,12.6
2024,6,SRA,Boyle Co HS,61.46,10.88,11.88,12.7,13.1
2024,8,SRA,Boyle Co HS,66.25,13.61,14.34,12.8,12.8
2024,9,BR,Boyle Co HS,74.711,14.41,14.6,14.6,15.7
2024,2,PSA,Boyle County HS,52.75,17.0,15.45,10.1,10.2
2024,6,PSA,Boyle County HS,63.85,18.7,18.75,13.5,12.9
2024,10,PSA,Boyle County HS,69.9,20.6,20.7,14.1,14.5
2024,6,PIO,Breakthrough Indoor Percussion,83.2,25.05,16.8,25.55,15.8
2024,9,PIO,Breakthrough Indoor Percussion,85.875,25.725,17.15,25.95,17.05
2024,13,R2,Breakthrough Indoor Percussion,91.513,27.413,18.125,27.45,18.525
2024,6,PSO,Bridgeland HS,88.25,25.95,18.3,26.0,18.0
2024,13,R1,Bridgeland HS,92.525,28.275,18.4,27.15,18.7
2024,3,PSA,Bridgewater Raritan,72.85,21.1,22.95,14.8,14.0
2024,4,PSA,Bridgewater Raritan,78.3,23.3,23.7,15.9,15.4
2024,8,PSA,Bridgewater Raritan,83.75,25.6,26.55,16.4,15.2
2024,11,PSA,Bridgewater Raritan,87.85,26.3,27.0,17.4,17.15
2024,12,BD,Bridgewater Raritan,91.8,27.6,28.5,17.4,18.3
2024,5,PSA,Bridgewater Raritan HS,75.451,23.55,15.0,22.4,14.5
2024,9,PSA,Bridgewater Raritan HS,84.201,26.25,15.35,25.6,17.0
2024,6,PSW,Broken Arrow HS,80.6,24.6,16.1,23.9,16.0
2024,13,R1,Broken Arrow HS,89.051,27.45,17.4,26.6,17.6
2024,3,PIW,Broken City,89.45,26.85,18.0,26.6,18.0
2024,5,PIW,Broken City,90.0,27.15,18.1,26.6,18.15
2024,8,PIW,Broken City,92.85,28.2,18.95,27.3,18.4
2024,9,PIW,Broken City,92.85,28.2,18.8,27.35,18.5
2024,11,PIW,Broken City,94.8,28.5,19.3,28.1,18.9
2024,12,PIW,Broken City,95.1,28.425,19.2,28.4,19.075
2024,13,R1,Broken City,96.263,29.062,19.35,28.675,19.175
2024,8,PSA,Brookings HS,75.951,22.65,14.8,22.9,15.6
2024,6,PSO,Brownsburg HS,84.1,25.5,16.4,25.6,16.6
2024,13,R1,Brownsburg HS,88.701,27.3,17.15,26.9,17.35
2024,5,PSO,Brownsburg High School Winter Percussion,81.9,24.45,16.75,25.3,15.4
2024,8,PSO,Brownsburg High School Winter Percussion,84.85,25.95,16.2,25.5,17.2
2024,9,PSO,Brownsburg High School Winter Percussion,86.275,26.475,17.2,25.45,17.15
2024,11,PSW,Brownsburg High School Winter Percussion,84.925,24.225,16.8,27.0,16.9
2024,7,PSA,Bryant HS,78.401,23.7,16.3,22.7,15.7
2024,5,PSA,Bryant Indoor Percussion,88.2,22.8,27.6,18.8,19.0
2024,6,PSA,Bryant Indoor Percussion,85.0,23.3,27.6,17.4,16.7
2024,11,PSA,Bryant Indoor Percussion,87.55,25.8,26.25,18.0,17.5
2024,5,GSRB,Bryant Winter Guard,74.68,14.64,12.04,15.3,17.9
2024,6,GSRB,Bryant Winter Guard,72.0,12.12,13.38,14.9,15.9
2024,10,GSRB,Bryant Winter Guard,74.98,14.26,14.12,15.5,15.4
2024,11,GSRB,Bryant Winter Guard,74.74,14.86,14.78,14.7,15.1
2024,6,PSA,Buckeye Union HS,76.451,23.85,16.6,20.8,15.2
2024,2,PSO,Buena HS,69.951,21.15,14.9,19.9,14.0
2024,6,PSO,Buena HS,77.85,24.75,14.8,23.9,14.4
2024,8,PSO,Buena HS,75.15,21.75,16.2,23.1,14.1
2024,11,R2,Buena HS,79.95,22.65,16.8,24.4,16.1
2024,6,B1,Buena Park HS,63.001,18.9,12.3,19.8,12.0
2024,7,B1,Buena Park HS,64.051,19.5,12.5,19.3,12.75
2024,10,R1,Buena Park HS,73.65,22.65,14.3,22.7,14.0
2024,2,PSJ,Buena Park MS,70.85,21.75,15.0,22.4,11.7
2024,4,PSJ,Buena Park MS,75.7,22.2,15.1,24.3,14.1
2024,7,PSJ,Buena Park MS,77.55,23.85,15.5,24.6,13.6
2024,11,PSJ,Buena Park MS,87.126,26.775,17.35,25.95,17.05
2024,8,PSA,Buffalo HS,68.501,20.4,14.2,20.2,13.7
2024,2,PR,Bullitt East HS,54.501,9.96,9.74,10.1,12.8
2024,5,PR,Bullitt East HS,60.39,11.35,11.74,12.6,12.2
2024,6,SRA,Bullitt East HS,58.381,11.02,10.96,13.2,10.8
2024,8,BR,Bullitt East HS,65.76,12.81,12.75,13.5,13.7
2024,9,BR,Bullitt East HS,66.911,12.56,12.35,13.4,14.7
2024,10,BR,Bullitt East HS,72.861,14.61,14.15,14.2,14.4
2024,6,PSW,Burleson Centennial HS,85.45,25.35,16.7,26.5,16.9
2024,13,R1,Burleson Centennial HS,92.538,28.688,17.8,27.9,18.15
2024,6,PSO,Burleson HS,80.25,24.75,15.7,25.0,14.8
2024,13,R2,Burleson HS,89.676,27.3,18.025,26.45,17.9
2024,8,PSA,Burnsville HS,82.05,25.35,16.7,23.5,16.5
2024,5,BR,Butler Traditional HS,58.12,10.75,11.67,11.7,11.8
2024,6,SRA,Butler Traditional HS,58.49,11.61,11.88,11.3,11.5
2024,9,PR,Butler Traditional HS,66.451,12.48,14.27,13.4,13.5
2024,10,BR,Butler Traditional HS,74.2,15.06,14.34,14.9,15.1
2024,8,PSO,C.E. King HS,77.251,23.25,15.7,23.1,15.2
2024,5,GSB,Cabot High School Winter Guard,74.02,15.88,16.94,15.6,12.6
2024,6,GSB,Cabot High School Winter Guard,75.6,15.35,15.35,14.9,14.7
2024,11,GSB,Cabot High School Winter Guard,83.11,16.94,17.07,16.4,16.4
2024,6,PSO,Camarillo HS,74.701,23.4,15.1,21.6,14.6
2024,8,PSO,Camarillo HS,79.551,23.85,15.8,24.3,15.6
2024,11,R1,Camarillo HS,78.751,22.8,16.1,23.25,16.6
2024,0,SA,Camp Hill HS Guard,54.38,9.21,11.27,11.4,11.3
2024,2,SA,Camp Hill HS Guard,63.18,11.47,12.41,14.0,13.8
2024,7,SA,Camp Hill HS Guard,75.62,15.14,14.68,15.6,15.1
2024,9,SA,Camp Hill HS Guard,78.81,16.07,15.14,16.2,16.1
2024,1,SRA,Campbell Co HS - JV,57.91,9.13,9.88,13.1,13.1
2024,4,SRA,Campbell Co HS - JV,64.221,11.81,11.61,14.1,13.0
2024,8,SRA,Campbell Co HS - JV,73.84,15.55,14.49,15.3,14.3
2024,9,BR,Campbell Co HS - JV,74.801,15.48,14.22,14.3,15.6
2024,1,SA,Campbell Co HS Varsity,59.17,10.15,11.02,12.4,12.5
2024,4,SA,Campbell Co HS Varsity,72.06,14.15,14.41,14.4,14.5
2024,8,SA,Campbell Co HS Varsity,79.841,16.42,16.02,15.8,15.7
2024,10,BR,Campbell Co HS Varsity,83.27,17.33,16.34,16.5,16.7
2024,8,IA,Campbellsville University,77.85,15.81,15.94,15.2,15.5
2024,6,PSA,Campo Verde HS,77.9,23.55,17.1,21.55,15.7
2024,4,PSO,Canyon HS,69.201,20.7,14.2,20.8,13.5
2024,6,PSO,Canyon HS,74.551,24.15,13.6,22.8,14.0
2024,8,PSO,Canyon HS,76.1,25.2,15.5,21.7,13.7
2024,11,R2,Canyon HS,79.6,23.85,14.8,25.15,15.8
2024,2,PSJ,Canyon Hills JHS,73.75,22.05,15.6,23.1,13.0
2024,4,PSJ,Canyon Hills JHS,75.35,22.95,14.7,23.1,14.6
2024,6,PSJ,Canyon Hills JHS,79.2,24.6,15.2,25.1,14.3
2024,8,PSJ,Canyon Hills JHS,82.5,25.8,16.9,24.5,15.3
2024,11,PSJ,Canyon Hills JHS,89.626,27.825,17.75,26.45,17.6
2024,11,PIA,Canyon Percussion,79.55,25.05,16.6,22.6,15.3
2024,7,PIA,Canyons School District Combined Schools,77.55,22.65,15.3,23.6,16.0
2024,4,PIW,Cap City,76.8,23.4,14.9,23.2,15.3
2024,6,PIW,Cap City,84.25,25.65,17.1,25.1,16.4
2024,13,R2,Cap City,89.251,26.625,18.125,26.5,18.0
2024,4,PIO,Cap City 2,81.75,24.15,16.4,24.8,16.4
2024,6,PIO,Cap City 2,83.1,24.9,16.2,25.4,16.6
2024,13,PIO,Cap City 2,93.95,28.05,19.1,28.05,18.75
2024,7,PSA,Carlisle HS,69.95,19.65,13.5,20.8,16.0
2024,0,P-SA(,Carlisle HS Percussion,55.651,15.6,18.15,11.1,10.8
2024,4,P-SA(,Carlisle HS Percussion,67.85,20.7,21.45,13.3,12.4
2024,9,P-SA(,Carlisle HS Percussion,81.05,25.8,22.95,15.9,16.4
2024,11,P-SA(,Carlisle HS Percussion,81.726,24.488,24.712,16.55,15.975
2024,1,SRA,Carlisle High School,54.85,8.21,11.74,10.8,12.7
2024,2,SRA,Carlisle High School,65.28,12.34,12.14,15.2,12.5
2024,4,SRA,Carlisle High School,68.45,14.61,12.74,14.9,13.5
2024,7,SRA,Carlisle High School,72.251,15.14,15.21,14.5,14.2
2024,8,SRA,Carlisle High School,72.51,15.34,15.47,14.2,13.3
2024,9,SRA,Carlisle High School,76.081,15.74,14.94,14.6,15.7
2024,5,PSA,Carlsbad HS,78.5,22.95,15.9,23.7,15.95
2024,6,B1,Carlsbad HS,76.95,23.85,14.2,24.8,14.1
2024,7,PSO,Carlsbad HS,79.7,24.9,16.5,22.9,15.4
2024,11,R1,Carlsbad HS,80.401,22.65,15.8,25.05,16.9
2024,6,PIA,Carolina Storm Indoor Percussion,70.7,20.7,14.5,20.6,14.9
2024,13,PIA,Carolina Storm Indoor Percussion,83.476,24.975,16.5,25.9,16.1
2024,6,PSO,Carroll HS (IN),79.276,24.375,15.6,24.1,15.2
2024,4,PSO,Carroll High School Indoor Percussion,74.05,23.25,14.7,21.8,14.3
2024,5,PSO,Carroll High School Indoor Percussion,74.05,19.35,15.6,24.1,15.0
2024,7,PSO,Carroll High School Indoor Percussion,77.6,22.5,15.8,23.5,15.8
2024,8,PSO,Carroll High School Indoor Percussion,81.9,25.2,16.0,24.2,16.5
2024,9,PSO,Carroll High School Indoor Percussion,79.026,23.325,16.3,23.2,16.2
2024,11,PSO,Carroll High School Indoor Percussion,82.001,24.3,16.9,23.7,17.1
2024,1,PSRA,Carter Indoor Percussion,72.2,21.7,21.9,14.4,14.2
2024,11,PSRA,Carter Indoor Percussion,74.001,22.3,22.2,15.1,14.4
2024,3,SA,Carter Varsity Guard,53.27,10.08,10.34,11.85,10.4
2024,5,SA,Carter Varsity Guard,58.14,11.53,12.61,12.6,10.8
2024,11,SA,Carter Varsity Guard,64.38,12.74,12.34,12.6,12.8
2024,4,GHSSRAB,Caruthers HS Winterguard,52.381,113.6,106.2,9.2,10.2
2024,6,GHSSRAB,Caruthers HS Winterguard,57.07,116.1,10.7,10.7,10.8
2024,8,GHSSRAB,Caruthers HS Winterguard,59.801,125.6,131.4,11.5,11.6
2024,11,GHSSRAB,Caruthers HS Winterguard,60.921,127.4,122.8,12.3,11.2
2024,6,PSO,Casa Grande HS,76.7,21.9,16.5,23.2,15.1
2024,9,PSO,Casa Grande HS,80.076,23.175,16.55,23.95,16.4
2024,1,SRA,Cedar Crest HS Guard,61.24,10.2,12.14,13.6,12.1
2024,4,SRA,Cedar Crest HS Guard,68.75,13.01,12.94,14.9,14.3
2024,7,SRA,Cedar Crest HS Guard,78.27,16.53,16.34,15.5,15.7
2024,9,SRA,Cedar Crest HS Guard,80.78,16.34,16.94,16.4,15.3
2024,7,PSA,Centaurus HS,84.45,25.05,16.9,25.5,17.0
2024,13,PSA,Centaurus HS,89.351,26.7,17.45,27.5,17.7
2024,6,PSW,Center Grove HS,83.55,25.35,16.4,25.4,16.4
2024,13,R1,Center Grove HS,94.175,29.175,18.1,28.85,18.05
2024,4,PSW,Center Grove High School,81.95,24.75,16.0,25.0,16.2
2024,7,PSW,Center Grove High School,83.75,24.75,16.8,25.6,16.6
2024,8,PSW,Center Grove High School,86.65,25.65,17.0,26.8,17.2
2024,9,PSW,Center Grove High School,89.0,27.15,17.25,27.15,17.45
2024,11,PSW,Center Grove High School,91.975,27.375,18.35,27.85,18.4
2024,7,PSA,Center Hill HS,81.65,24.45,17.3,23.5,16.4
2024,4,PSA,Centerville HS,78.25,23.55,15.3,23.1,16.3
2024,13,PSA,Centerville HS,94.55,28.425,19.3,28.15,18.675
2024,3,SRA,Central Anne Arundel County Color Guard,66.22,13.21,13.21,14.4,13.1
2024,6,SRA,Central Anne Arundel County Color Guard,73.85,14.21,14.74,15.7,14.4
2024,7,SRA,Central Anne Arundel County Color Guard,74.06,15.35,15.41,14.5,14.4
2024,8,SRA,Central Anne Arundel County Color Guard,79.18,16.21,16.07,16.0,15.9
2024,9,SRA,Central Anne Arundel County Color Guard,81.72,16.81,16.21,17.7,16.0
2024,6,P-SRA(,Central Anne Arundel County Percussion,71.475,21.75,23.025,13.5,13.2
2024,7,P-SRA(,Central Anne Arundel County Percussion,69.175,23.25,23.625,11.2,11.1
2024,8,P-SRA(,Central Anne Arundel County Percussion,71.85,20.7,24.75,13.2,13.2
2024,9,P-SRA(,Central Anne Arundel County Percussion,76.55,24.0,25.35,13.2,14.0
2024,11,P-SRA(,Central Anne Arundel County Percussion,76.838,23.175,24.863,14.05,14.75
2024,4,PIA,Central Bucks School District,71.4,22.1,20.7,13.7,14.9
2024,8,PIA,Central Bucks School District,74.8,24.0,22.2,14.8,13.8
2024,11,PIA,Central Bucks School District,73.2,23.2,19.8,15.6,14.6
2024,12,PIA,Central Bucks School District,81.65,24.3,25.65,15.5,16.2
2024,5,PSA,Central Dauphin East HS,65.1,19.5,13.8,19.8,12.0
2024,0,SRA,Central Dauphin East HS Guard,51.82,6.88,10.94,10.7,11.9
2024,1,SRA-E,Central Dauphin East HS Guard,60.01,9.67,11.34,12.8,13.2
2024,9,SRA,Central Dauphin East HS Guard,78.81,15.27,15.74,16.1,16.0
2024,0,P-SA(,Central Dauphin East HS Indoor Drumline,54.351,15.9,17.55,10.4,10.5
2024,9,P-SA(,Central Dauphin East HS Indoor Drumline,75.95,24.75,20.4,15.6,15.2
2024,11,P-SA(,Central Dauphin East HS Indoor Drumline,73.4,20.625,24.075,14.2,14.5
2024,7,PSA,Central Dauphin HS,83.6,25.2,17.2,25.3,15.9
2024,13,PSA,Central Dauphin HS,89.163,26.062,17.625,27.35,18.125
2024,0,SRA,Central Dauphin HS Guard,51.72,7.55,11.47,10.4,11.5
2024,1,SRA,Central Dauphin HS Guard,56.19,8.95,11.14,11.9,12.5
2024,2,SRA,Central Dauphin HS Guard,64.85,11.74,11.61,15.6,12.6
2024,4,SRA,Central Dauphin HS Guard,65.72,12.28,12.54,13.2,13.8
2024,7,SRA,Central Dauphin HS Guard,72.85,15.54,14.61,14.1,15.0
2024,8,SRA,Central Dauphin HS Guard,74.72,15.94,15.28,14.7,13.7
2024,9,SRA,Central Dauphin HS Guard,79.08,16.07,16.01,15.2,16.4
2024,0,P-SA(,Central Dauphin HS Percussion,65.4,19.05,19.65,14.0,12.7
2024,1,P-SA(,Central Dauphin HS Percussion,68.75,21.3,21.45,13.9,12.1
2024,4,P-SA(,Central Dauphin HS Percussion,74.05,21.75,23.7,15.3,13.3
2024,8,P-SA(,Central Dauphin HS Percussion,81.5,25.05,22.95,16.6,16.9
2024,11,P-SA(,Central Dauphin HS Percussion,88.525,26.175,27.45,17.6,17.3
2024,6,PSA,Central HS (TX),71.101,18.9,15.1,22.9,14.2
2024,13,R2,Central HS (TX),79.85,23.7,15.3,24.7,16.15
2024,1,SA,Central Hardin HS,51.221,8.22,8.1,11.3,11.3
2024,5,SA,Central Hardin HS,70.621,14.41,14.21,13.8,14.4
2024,6,SA,Central Hardin HS,75.65,15.34,14.81,15.1,14.4
2024,8,SA,Central Hardin HS,79.91,15.21,16.0,16.7,16.9
2024,10,PR,Central Hardin HS,78.11,15.34,15.67,16.0,15.6
2024,2,PSA,Central Square High School,70.076,22.2,20.925,14.05,12.9
2024,4,PSA,Central Square High School,70.901,21.2,21.6,13.8,14.3
2024,6,PSA,Central Square High School,74.0,21.6,22.8,14.5,15.1
2024,7,PSA,Central Square High School,79.1,23.2,24.3,15.8,15.8
2024,8,PSA,Central Square High School,80.25,23.4,25.65,15.7,15.5
2024,10,PSA,Central Square High School,78.676,22.0,24.075,15.8,16.8
2024,11,PSA,Central Square High School,84.701,26.05,25.5,16.25,16.9
2024,3,SRA-E,Century HS Guard,65.09,14.01,13.88,13.0,10.9
2024,6,SRA,Century HS Guard,70.69,13.68,14.21,13.8,14.6
2024,7,SRA,Century HS Guard,74.53,14.02,14.81,16.1,14.9
2024,8,SRA,Century HS Guard,76.26,14.48,14.88,16.5,15.3
2024,9,SRA,Century HS Guard,76.75,15.74,15.21,17.2,15.3
2024,6,P-SA(,Century HS Percussion,74.25,22.8,23.25,14.1,14.1
2024,7,P-SA(,Century HS Percussion,75.65,23.85,23.7,13.8,14.3
2024,8,P-SA(,Century HS Percussion,76.551,23.55,25.2,14.1,13.7
2024,9,P-SA(,Century HS Percussion,80.601,25.65,23.85,16.5,14.6
2024,11,P-SA(,Century HS Percussion,79.925,23.7,25.5,15.7,15.025
2024,4,PSO,Cerritos HS,75.575,21.975,15.2,23.7,14.7
2024,6,PSO,Cerritos HS,80.525,24.525,16.2,24.6,15.2
2024,8,PSO,Cerritos HS,85.55,26.25,17.1,24.9,17.3
2024,11,R1,Cerritos HS,86.8,25.35,17.9,25.65,17.9
2024,12,PSO,Cerritos HS,89.868,27.488,18.5,26.03,17.85
2024,6,PSA,Cesar Chavez HS (AZ),72.951,22.65,14.9,20.7,14.7
2024,5,PSO,Cesar E Chavez HS,77.5,24.0,16.3,21.5,15.7
2024,13,R2,Cesar E Chavez HS,85.575,25.95,17.325,24.6,17.7
2024,4,GHSSRAS,Cesar E Chavez Winter Guard,59.97,118.8,106.9,12.3,13.0
2024,8,GHSSRAS,Cesar E Chavez Winter Guard,68.7,133.6,141.4,13.0,15.3
2024,11,GHSSRAS,Cesar E Chavez Winter Guard,68.361,132.2,143.4,14.2,13.1
2024,4,PHSSO,Cesar E. Chavez HS Percussion,82.8,24.4,24.3,17.4,16.7
2024,6,PHSSO,Cesar E. Chavez HS Percussion,85.85,24.3,25.65,17.8,18.1
2024,8,PHSSW,Cesar E. Chavez HS Percussion,85.4,25.5,25.2,17.6,17.1
2024,2,SRA,Chambersburg Trojan Guard,63.18,12.54,12.74,12.3,12.8
2024,4,SRA,Chambersburg Trojan Guard,67.59,15.08,13.61,13.1,13.3
2024,5,SRA,Chambersburg Trojan Guard,67.15,13.74,12.41,13.9,13.3
2024,7,SRA,Chambersburg Trojan Guard,71.05,13.61,13.94,15.7,14.0
2024,9,SRA,Chambersburg Trojan Guard,74.35,14.54,14.81,14.6,15.4
2024,7,PSA,Chantilly HS,86.05,25.95,18.4,24.8,16.9
2024,13,R1,Chantilly HS,81.451,24.225,15.475,26.75,15.0
2024,4,B1,Chaparral HS,72.4,21.6,14.2,21.9,14.7
2024,7,PSO,Chaparral HS,74.1,22.8,15.1,21.3,14.9
2024,8,PSO,Chaparral HS,76.85,23.25,16.1,23.0,14.5
2024,11,R2,Chaparral HS,79.35,22.35,16.7,25.0,15.3
2024,5,PSA,Chaparral HS (CA),78.1,22.8,16.0,23.8,15.5
2024,6,PIA,Charles Towne Percussion,81.6,23.4,16.9,24.4,16.9
2024,13,PIA,Charles Towne Percussion,94.25,28.65,18.65,28.15,18.8
2024,13,R3,Chattahoochee HS,87.625,26.925,17.4,26.7,16.6
2024,8,GJHSA,Cherry Ave MS Winterguard,53.731,110.5,110.8,10.2,10.7
2024,11,GJHSA,Cherry Ave MS Winterguard,54.821,105.4,102.8,10.8,11.9
2024,4,PSO,Chino HS,76.5,22.5,15.4,22.9,15.7
2024,6,PSO,Chino HS,78.65,24.45,15.9,23.5,14.8
2024,8,PSO,Chino HS,80.6,24.0,17.1,24.7,14.8
2024,11,R2,Chino HS,86.1,25.8,16.9,27.4,16.0
2024,12,PSO,Chino HS,87.014,26.137,17.2,26.95,16.725
2024,3,PSW,Chino Hills HS,87.7,26.4,17.5,26.3,17.5
2024,5,PSW,Chino Hills HS,90.35,27.15,18.4,26.3,18.5
2024,6,PSW,Chino Hills HS,90.1,27.6,18.6,25.8,18.1
2024,9,PSW,Chino Hills HS,94.7,28.575,18.875,28.35,18.9
2024,11,PSW,Chino Hills HS,94.95,28.35,18.9,28.6,19.1
2024,12,PSW,Chino Hills HS,95.013,28.613,19.0,28.45,18.95
2024,13,PSW,Chino Hills HS,98.638,29.663,19.8,29.5,19.675
2024,6,PSO,Chisholm Trail HS,75.401,23.7,14.5,22.1,15.1
2024,2,PSA,Cicero North Syracuse,71.501,22.25,22.35,13.8,13.1
2024,4,PSA,Cicero North Syracuse,71.251,21.8,23.25,12.7,13.5
2024,7,PSA,Cicero North Syracuse,76.551,22.7,23.85,15.0,15.0
2024,8,PSA,Cicero North Syracuse,79.35,24.6,23.85,15.5,15.4
2024,9,PSA,Cicero North Syracuse,82.2,24.5,25.5,16.2,16.0
2024,10,PSA,Cicero North Syracuse,81.75,22.9,25.65,16.5,16.7
2024,11,PSA,Cicero North Syracuse,83.676,25.6,24.975,16.7,16.4
2024,6,PIO,Civitas Independent,82.15,23.25,17.2,24.4,17.3
2024,13,PIO,Civitas Independent,93.35,28.05,18.675,27.6,19.025
2024,1,PSRA,Claiborne High School Indoor Percussion,63.6,20.4,20.4,11.8,11.0
2024,6,PSRA,Claiborne High School Indoor Percussion,68.85,20.6,21.45,13.3,13.5
2024,11,PSRA,Claiborne High School Indoor Percussion,71.151,21.9,21.75,13.8,13.7
2024,5,SRA,Claiborne High School Winterguard,55.4,11.55,11.35,11.7,11.3
2024,6,R1,Claiborne High School Winterguard,57.591,11.88,12.01,11.1,11.3
2024,8,SRA,Claiborne High School Winterguard,65.92,12.55,13.87,13.5,13.0
2024,11,R2,Claiborne High School Winterguard,71.881,14.14,14.74,14.9,14.5
2024,7,PSA,Clarke County HS,71.5,19.35,15.2,22.55,14.4
2024,3,SA,Clarke County HS Guard,60.33,11.67,12.06,12.9,11.4
2024,5,SA,Clarke County HS Guard,68.15,13.8,13.15,14.0,13.5
2024,6,SA,Clarke County HS Guard,71.19,14.21,13.88,14.9,14.3
2024,7,SA,Clarke County HS Guard,76.34,15.47,15.27,15.1,15.2
2024,9,SA,Clarke County HS Guard,86.5,17.93,17.67,17.7,16.2
2024,3,SN,Clarke County HS JV Guard,64.07,11.8,11.87,15.0,12.8
2024,5,SN,Clarke County HS JV Guard,68.5,13.59,14.21,14.1,13.1
2024,7,SN,Clarke County HS JV Guard,71.34,12.68,15.06,14.8,14.3
2024,9,SN,Clarke County HS JV Guard,79.61,16.07,15.94,16.0,14.9
2024,3,P-SA(,Clarke County HS Percussion,69.5,21.9,19.8,13.7,14.1
2024,6,P-SA(,Clarke County HS Percussion,77.95,23.7,24.15,14.8,15.3
2024,8,P-SA(,Clarke County HS Percussion,85.5,26.7,26.1,16.5,16.2
2024,9,P-SA(,Clarke County HS Percussion,86.85,27.3,25.95,17.2,16.4
2024,11,P-SA(,Clarke County HS Percussion,82.964,25.163,25.95,16.075,15.775
2024,3,SDS,Clarksburg HS Blue Essence,63.25,16.25,15.375,16.0,15.625
2024,6,SDS,Clarksburg HS Blue Essence,67.375,15.375,18.0,17.375,16.625
2024,8,SDS,Clarksburg HS Blue Essence,74.25,20.125,16.875,18.625,18.625
2024,9,SDS,Clarksburg HS Blue Essence,80.125,20.75,18.375,20.875,20.125
2024,11,SDS,Clarksburg HS Blue Essence,82.375,21.062,20.75,20.469,20.094
2024,3,P-SA(,Clarksburg HS Indoor Percussion,67.3,21.0,20.1,12.8,13.4
2024,6,P-SA(,Clarksburg HS Indoor Percussion,75.05,22.05,24.9,13.8,14.3
2024,8,P-SA(,Clarksburg HS Indoor Percussion,81.3,24.6,25.5,15.6,15.6
2024,9,P-SA(,Clarksburg HS Indoor Percussion,81.5,25.2,24.6,15.8,15.9
2024,11,P-SA(,Clarksburg HS Indoor Percussion,81.588,22.763,26.7,15.55,16.575
2024,3,SRA,Clarksburg HS Winter Guard,58.06,11.61,12.15,12.0,10.0
2024,6,SRA,Clarksburg HS Winter Guard,65.29,13.21,12.48,14.1,13.1
2024,8,SRA,Clarksburg HS Winter Guard,73.26,13.48,14.68,15.8,14.9
2024,9,SRA,Clarksburg HS Winter Guard,74.39,14.68,14.81,16.4,14.7
2024,8,PSW,Clear Brook HS,90.05,27.15,17.0,27.8,18.1
2024,13,PSW,Clear Brook HS,91.101,27.3,18.2,27.6,18.0
2024,2,PSO,Cleveland Charter HS,75.05,23.55,14.7,20.8,16.0
2024,5,PSO,Cleveland Charter HS,77.65,24.75,15.5,21.5,15.9
2024,8,PSO,Cleveland Charter HS,81.75,24.45,15.5,25.4,16.4
2024,9,PSO,Cleveland Charter HS,82.8,25.2,16.2,25.2,16.2
2024,11,R2,Cleveland Charter HS,85.275,25.425,17.0,25.9,16.95
2024,12,PSO,Cleveland Charter HS,85.989,26.363,17.15,25.6,16.875
2024,5,P,Clinton City Blaze,68.61,13.54,13.67,13.2,13.8
2024,6,P,Clinton City Blaze,72.71,14.14,15.8,14.1,14.6
2024,11,P,Clinton City Blaze,78.31,15.67,15.74,15.7,15.6
2024,7,PSA,Clinton HS,84.45,26.25,17.6,24.1,16.5
2024,1,SRA,Clinton High School Winterguard,51.52,12.21,12.81,6.7,8.9
2024,5,SRA,Clinton High School Winterguard,61.146,11.825,13.02,13.2,12.2
2024,6,R2,Clinton High School Winterguard,64.29,11.68,12.2,12.6,14.0
2024,11,R2,Clinton High School Winterguard,72.77,15.33,14.54,14.8,14.2
2024,11,P,Clinton TN,78.31,15.67,15.74,15.7,15.6
2024,11,PSW,Clovis HS,83.851,25.35,15.9,26.0,16.6
2024,12,PSW,Clovis HS,83.926,24.675,16.8,26.2,16.25
2024,3,PSA,Coatesville,65.801,19.8,20.4,12.9,12.7
2024,4,PSA,Coatesville,64.775,20.1,19.575,13.0,12.1
2024,7,PSA,Coatesville,73.0,22.1,22.5,14.2,14.2
2024,8,PSA,Coatesville,74.2,20.6,23.7,14.8,15.1
2024,11,PSA,Coatesville,79.275,22.1,25.275,16.25,15.65
2024,12,BD,Coatesville,81.751,25.0,24.15,15.8,16.8
2024,2,PR,Collins HS,54.59,11.08,8.81,10.3,10.9
2024,5,BR,Collins HS,55.66,11.42,9.74,11.8,11.7
2024,8,PR,Collins HS,61.421,12.41,11.41,11.8,13.0
2024,9,PR,Collins HS,62.891,12.15,12.54,12.3,13.0
2024,7,PSA,Columbus HS,75.8,21.3,15.5,23.5,15.5
2024,7,PSA,Columbus HS (MS),72.825,23.325,14.6,21.9,13.0
2024,13,R1,Columbus HS (MS),73.325,21.075,14.0,24.3,13.95
2024,13,PIA,Columbus Saints Indoor Percussion Ensemble,80.263,24.413,15.65,24.45,15.75
2024,6,PIW,ConneXus,82.95,25.05,16.2,25.0,16.7
2024,13,R2,ConneXus,88.814,26.962,18.4,26.05,17.4
2024,4,SRA,Conner HS,60.621,12.01,13.21,11.9,12.5
2024,7,SRA,Conner HS,67.29,13.75,14.54,12.6,12.2
2024,9,PR,Conner HS,71.051,13.21,14.5,15.3,14.3
2024,6,PIA,Convergence Indoor Percussion,75.45,21.45,16.3,23.4,14.3
2024,3,SRA,Cookeville High School Winterguard,62.68,13.34,11.94,11.7,13.7
2024,6,R2,Cookeville High School Winterguard,64.92,13.28,12.9,11.9,13.1
2024,8,SRA,Cookeville High School Winterguard,71.18,14.34,14.74,13.8,14.2
2024,11,R2,Cookeville High School Winterguard,76.78,14.74,15.74,16.3,15.2
2024,7,PSA,Copper Hills HS,79.325,23.925,16.0,23.1,16.3
2024,6,PIA,Cornell University,62.8,18.3,19.2,12.7,12.6
2024,8,PIA,Cornell University,66.5,19.5,21.0,12.5,13.5
2024,11,PIA,Cornell University,75.75,23.4,22.95,14.9,14.5
2024,5,PIA,Cornerstone Percussion,71.7,20.4,14.9,21.5,14.9
2024,7,PIA,Cornerstone Percussion,78.75,24.75,16.4,22.8,14.8
2024,8,PIA,Cornerstone Percussion,82.45,25.05,17.1,22.7,17.6
2024,9,PIA,Cornerstone Percussion,80.8,23.1,17.0,24.1,16.6
2024,11,PIA,Cornerstone Percussion,81.15,23.25,16.2,24.5,17.2
2024,12,PIA,Cornerstone Percussion,84.075,25.125,16.05,25.5,17.4
2024,3,PSA,Corning-Painted Post,65.35,21.4,19.05,12.6,12.3
2024,5,PSA,Corning-Painted Post,70.6,22.7,21.3,13.8,12.8
2024,8,PSA,Corning-Painted Post,76.201,23.2,24.3,14.2,14.5
2024,9,PSA,Corning-Painted Post,78.2,23.5,24.6,14.8,15.3
2024,11,PSA,Corning-Painted Post,80.801,24.45,24.45,15.9,16.0
2024,5,PSA,Cranston Combined Schools,78.376,24.075,15.5,23.2,15.6
2024,13,R4,Cranston Combined Schools,87.913,26.887,17.2,25.9,17.925
2024,8,PSA,Crater HS,68.75,20.25,14.3,20.9,13.3
2024,4,PIA,Creekside Independent,73.45,21.45,15.0,20.8,16.2
2024,6,B2,Crescenta Valley HS,71.6,22.95,14.7,20.75,13.2
2024,8,B1,Crescenta Valley HS,78.651,22.95,16.7,23.6,15.4
2024,10,R4,Crescenta Valley HS,80.6,24.0,16.3,24.2,16.1
2024,11,R1,Crescenta Valley HS,79.15,24.45,15.5,23.5,15.7
2024,8,PIO,Crossroads Percussion,85.25,25.35,17.1,25.9,16.9
2024,13,R3,Crossroads Percussion,85.851,25.725,18.0,24.875,17.25
2024,6,PIA,Crystal Lake Thunder,76.1,22.8,15.6,22.6,15.1
2024,13,R1,Crystal Lake Thunder,81.976,24.375,16.9,24.1,16.6
2024,2,SRA,Cumberland Co HS,60.281,12.87,10.61,11.6,12.2
2024,7,SRA,Cumberland Co HS,71.28,14.61,15.27,12.8,14.2
2024,8,SRA,Cumberland Co HS,72.721,14.61,15.41,14.7,13.5
2024,9,PR,Cumberland Co HS,75.511,14.2,15.0,16.0,15.9
2024,10,SRA,Cumberland Co HS,76.33,15.67,14.26,15.0,15.3
2024,8,SRA,Cumberland Gap High School Winter Guard,53.15,10.88,12.0,10.0,9.8
2024,11,SRA,Cumberland Gap High School Winter Guard,55.45,11.61,11.74,11.0,10.7
2024,0,SA,Cumberland Valley HS Guard,59.51,10.01,12.8,12.2,12.3
2024,0,P-SA(,Cumberland Valley HS Percussion,55.301,15.75,17.85,11.0,10.7
2024,2,P-SA(,Cumberland Valley HS Percussion,67.9,20.4,20.1,14.8,12.6
2024,4,P-SA(,Cumberland Valley HS Percussion,67.25,19.95,21.6,13.2,12.5
2024,6,P-SA(,Cumberland Valley HS Percussion,70.25,20.7,21.75,14.0,13.8
2024,8,P-SA(,Cumberland Valley HS Percussion,69.501,21.0,19.5,14.7,14.3
2024,11,P-SA(,Cumberland Valley HS Percussion,80.638,24.337,24.525,16.25,15.525
2024,1,SA,Cumberland Valley HS Varsity Guard,64.25,11.35,13.2,13.4,13.2
2024,4,SA,Cumberland Valley HS Varsity Guard,72.34,14.67,13.87,15.6,14.0
2024,5,SA,Cumberland Valley HS Varsity Guard,76.01,15.54,15.27,15.2,15.2
2024,7,SA,Cumberland Valley HS Varsity Guard,80.68,15.74,16.14,17.1,15.8
2024,9,SA(,Cumberland Valley HS Varsity Guard,83.81,16.87,16.74,16.7,16.7
2024,1,SN,Cumberland Valley JV Guard,53.52,6.08,11.74,11.3,12.6
2024,4,SN,Cumberland Valley JV Guard,63.22,12.48,12.54,12.8,12.8
2024,5,SN,Cumberland Valley JV Guard,71.42,14.74,14.48,13.4,14.3
2024,7,SN,Cumberland Valley JV Guard,74.51,15.27,15.34,14.4,14.5
2024,9,SN(,Cumberland Valley JV Guard,76.55,15.47,15.68,14.9,15.2
2024,9,PSW,Cupertino HS,80.001,23.7,15.6,24.7,16.0
2024,8,PSW,Cy-Fair HS,86.2,26.4,17.6,24.6,17.6
2024,2,PSA,Cypress HS,72.525,21.825,13.0,23.6,14.1
2024,4,B1,Cypress HS,72.75,20.85,15.4,23.5,13.0
2024,7,B1,Cypress HS,78.0,24.0,15.7,22.7,15.6
2024,10,R1,Cypress HS,88.25,26.55,17.6,27.8,16.3
2024,11,R2,Cypress HS,85.826,25.725,16.5,26.5,17.1
2024,12,PSA,Cypress HS,82.65,24.75,16.55,24.65,16.7
2024,8,PSO,Cypress Park HS,86.4,27.0,17.8,23.7,17.9
2024,13,R2,Cypress Park HS,87.0,25.575,17.275,26.2,17.95
2024,6,PSA,Dakota Combined Schools,78.1,23.4,15.7,24.4,14.6
2024,13,R4,Dakota Combined Schools,87.25,26.25,17.4,26.3,17.3
2024,7,PSA,Dakota High School,81.0,24.3,16.4,24.7,15.6
2024,9,PSA,Dakota High School,83.05,24.75,16.8,25.1,16.4
2024,12,PSA,Dakota High School,85.975,25.875,16.85,25.85,17.4
2024,4,PSA,Daniel Boone,62.75,18.7,19.35,12.4,12.3
2024,6,PSA,Daniel Boone,65.5,20.2,19.2,12.4,13.7
2024,7,PSA,Daniel Boone,68.45,20.2,22.05,12.4,13.8
2024,8,PSA,Daniel Boone,68.95,19.9,22.05,14.0,13.0
2024,11,PSA,Daniel Boone,55.7,18.2,15.0,11.0,11.5
2024,12,GD,Daniel Boone,73.5,23.8,24.0,12.1,13.6
2024,2,PIW,Dark Sky,78.45,23.25,16.2,23.8,15.2
2024,6,PIW,Dark Sky,83.5,24.6,17.3,24.8,16.8
2024,11,PIW,Dark Sky,85.65,25.35,17.0,26.4,16.9
2024,12,PIW,Dark Sky,87.55,26.55,18.0,25.9,17.1
2024,5,PIW,Dark Sky Percussion,83.175,24.975,16.9,24.8,16.5
2024,9,PIW,Dark Sky Percussion,84.976,25.275,17.25,25.65,16.8
2024,13,R1,Dark Sky Percussion,86.801,26.475,17.95,25.4,16.975
2024,5,PSW,Dartmouth HS,87.5,26.4,17.8,25.9,17.4
2024,9,PSW,Dartmouth HS,92.95,27.75,18.8,27.8,18.6
2024,13,R2,Dartmouth HS,96.025,29.025,18.975,28.85,19.175
2024,8,PSA,Dassel-Cokato HS,82.0,24.6,16.8,24.9,15.7
2024,7,PSO,Davis HS,75.5,23.1,15.3,22.6,14.5
2024,4,PSA,Dawson Bryant HS,66.251,19.95,12.4,21.4,12.5
2024,6,GSN,De Queen Leopard Colorguard,61.42,12.68,13.04,13.0,10.6
2024,7,GSN,De Queen Leopard Colorguard,69.18,13.24,13.24,13.0,15.2
2024,11,GSN,De Queen Leopard Colorguard,69.421,14.24,13.18,14.5,13.3
2024,4,PSA,DeKalb Winter Percussion,77.1,23.55,14.55,24.7,14.3
2024,5,PSA,DeKalb Winter Percussion,77.4,21.3,15.6,25.7,14.8
2024,7,PSA,DeKalb Winter Percussion,79.626,24.525,15.9,25.6,13.6
2024,8,PSA,DeKalb Winter Percussion,81.05,24.45,15.3,25.4,15.9
2024,9,R2,DeKalb Winter Percussion,82.75,25.2,15.85,25.75,15.95
2024,11,PSA,DeKalb Winter Percussion,85.439,24.038,16.25,27.575,17.575
2024,7,PSO,DeSoto Central HS,78.551,24.15,15.8,23.6,15.0
2024,13,R2,DeSoto Central HS,77.975,22.125,14.75,26.15,14.95
2024,6,PSA,Decatur Central HS,70.85,21.45,13.9,20.7,14.8
2024,13,R3,Decatur Central HS,81.551,23.475,16.35,25.15,16.575
2024,4,PSA,Decatur Central Winter Percussion Ensemble,73.5,21.6,14.3,23.8,13.8
2024,5,PSA,Decatur Central Winter Percussion Ensemble,72.801,20.1,13.8,23.6,15.3
2024,7,PSA,Decatur Central Winter Percussion Ensemble,77.401,24.15,15.7,23.5,14.05
2024,9,R2,Decatur Central Winter Percussion Ensemble,80.076,24.075,15.7,24.05,16.25
2024,11,PSA,Decatur Central Winter Percussion Ensemble,81.3,23.625,16.0,25.475,16.2
2024,2,PR,Deer Park HS,61.68,12.54,12.14,12.3,12.4
2024,4,SRA,Deer Park HS,66.78,12.74,12.94,13.1,14.0
2024,8,SRA,Deer Park HS,69.091,13.81,13.68,14.8,13.6
2024,9,BR,Deer Park HS,80.6,16.53,16.17,16.2,16.2
2024,10,SRA,Deer Park HS,80.051,16.73,14.92,16.4,16.9
2024,8,SJ,Deer Park Junior HS,58.39,12.75,11.54,11.1,11.8
2024,6,B1,Del Norte HS,70.201,20.7,13.5,22.3,13.7
2024,7,B2,Del Norte HS,71.001,22.35,14.8,19.65,14.2
2024,8,B1,Del Norte HS,71.6,21.3,14.6,22.4,13.3
2024,10,R2,Del Norte HS,84.001,26.85,14.6,26.5,16.05
2024,11,R1,Del Norte HS,82.201,24.0,16.6,25.4,16.2
2024,11,GHSSRAS,Delano CA,68.361,132.2,143.4,14.2,13.1
2024,4,PHSSA,Delano HS Percussion,74.75,23.1,22.35,14.8,14.5
2024,6,PHSSA,Delano HS Percussion,76.65,23.8,21.75,15.6,15.5
2024,8,PHSSA,Delano HS Percussion,77.401,24.8,21.6,15.1,15.9
2024,8,GHSSRAB,Delano High School Winterguard,62.23,122.2,122.1,12.4,12.9
2024,11,GHSSRAB,Delano High School Winterguard,63.451,124.7,124.8,12.8,13.0
2024,13,R3,Dennis-Yarmouth HS,75.688,22.163,15.8,22.1,15.625
2024,13,R2,Desert Vox,84.126,25.575,16.85,25.35,16.35
2024,4,PJHSA,Desmond MS Percussion,64.1,19.5,20.1,12.0,12.5
2024,6,PJHSA,Desmond MS Percussion,71.3,22.2,22.8,14.4,11.9
2024,8,PJHSA,Desmond MS Percussion,72.2,21.8,22.5,13.6,14.3
2024,11,PJHSA,Desmond MS Percussion,75.65,23.0,23.25,14.8,14.6
2024,1,GJHSA,Desmond Middle School Winterguard,52.93,107.4,109.9,10.6,9.6
2024,6,GJHSA,Desmond Middle School Winterguard,54.8,110.8,96.2,10.5,12.5
2024,8,GJHSA,Desmond Middle School Winterguard,62.64,126.7,128.7,11.9,12.6
2024,11,GJHSA,Desmond Middle School Winterguard,64.53,119.3,136.0,12.5,13.4
2024,11,GJHSA,Divisadero MS Winterguard,52.09,104.8,110.1,10.1,10.3
2024,2,SA,Dixie Heights HS,58.431,12.06,11.27,12.3,11.1
2024,4,SA,Dixie Heights HS,65.38,13.34,13.34,13.0,12.5
2024,6,SA,Dixie Heights HS,70.32,14.54,14.28,13.5,13.9
2024,7,SA,Dixie Heights HS,69.58,14.94,14.54,12.5,13.4
2024,8,BR,Dixie Heights HS,74.85,15.27,14.68,14.9,14.8
2024,10,PR,Dixie Heights HS,77.77,15.73,15.34,16.1,15.8
2024,4,PSA,Dobyns-Bennett HS,79.75,23.25,16.0,24.2,16.3
2024,6,PSA,Dobyns-Bennett HS,81.0,24.0,17.0,22.9,17.1
2024,2,PSA,Don Lugo HS,67.001,21.0,11.9,22.2,11.9
2024,4,B1,Don Lugo HS,65.101,19.2,12.6,20.8,12.5
2024,6,B2,Don Lugo HS,69.801,21.0,14.1,20.8,13.9
2024,7,B1,Don Lugo HS,69.451,22.65,13.5,19.3,14.0
2024,10,R1,Don Lugo HS,79.1,23.4,17.0,23.9,14.8
2024,6,PSW,Dorman HS,79.75,24.15,15.9,24.5,15.2
2024,13,R1,Dorman HS,87.326,27.075,16.725,26.3,17.225
2024,3,PSJ,Dorothy McElhinney MS,77.0,22.5,15.4,23.6,15.5
2024,5,PSA,Dorothy McElhinney MS,73.501,22.2,15.2,22.7,13.4
2024,7,PSJ,Dorothy McElhinney MS,85.65,26.85,16.7,26.0,16.1
2024,8,PSJ,Dorothy McElhinney MS,88.45,26.55,17.5,26.1,18.3
2024,11,PSJ,Dorothy McElhinney MS,95.463,28.913,19.35,27.95,19.25
2024,4,P-SRA(,Dover Area HS Indoor Percussion,58.875,18.0,18.375,12.3,10.2
2024,7,P-SRA(,Dover Area HS Indoor Percussion,67.675,21.15,19.125,13.6,13.8
2024,9,P-SRA(,Dover Area HS Indoor Percussion,73.325,24.45,20.775,14.5,13.6
2024,11,P-SRA(,Dover Area HS Indoor Percussion,76.463,22.425,23.138,15.25,15.65
2024,2,P-SRA(,Dover Area High School Indoor Percussion,59.125,16.8,17.325,13.3,11.7
2024,7,PSA,Downingtown East HS,78.001,24.0,15.9,23.4,14.7
2024,4,PSA,Downingtown HS East,73.001,21.7,22.05,14.15,15.1
2024,5,PSA,Downingtown HS East,72.85,23.0,20.85,14.1,14.9
2024,6,PSA,Downingtown HS East,75.101,21.3,23.4,16.0,14.4
2024,11,PSA,Downingtown HS East,80.9,26.15,22.5,16.65,15.6
2024,12,GD,Downingtown HS East,86.15,26.3,27.15,16.2,16.5
2024,4,PSA,Downingtown HS West,78.1,22.6,24.3,15.3,15.9
2024,6,PSA,Downingtown HS West,80.9,24.9,23.7,16.5,15.8
2024,7,PSO,Downingtown HS West,80.45,23.9,24.75,15.3,16.5
2024,8,PSO,Downingtown HS West,82.9,24.6,25.2,16.4,16.7
2024,11,PSO,Downingtown HS West,83.5,24.5,25.5,16.0,17.5
2024,12,PSO,Downingtown HS West,86.5,25.9,27.0,16.2,17.4
2024,7,PSA,Dutchtown HS (LA),78.901,24.9,15.2,23.0,15.8
2024,6,PSA,E.D. White Catholic HS,81.15,22.35,16.4,26.1,16.3
2024,8,PSA,E.D. White Catholic HS,86.9,27.15,17.7,23.75,18.3
2024,3,PIA,ECR Independent,74.4,21.6,15.4,23.0,14.4
2024,6,PIA,ECR Independent,72.1,21.9,15.5,21.5,13.2
2024,9,PIA,ECR Independent,80.05,22.95,17.3,23.9,15.9
2024,11,PIA,ECR Independent,80.75,22.95,15.3,25.4,17.1
2024,12,PIA,ECR Independent,82.9,24.75,16.7,24.25,17.2
2024,1,P-IA,EPIC Indoor Percussion,69.85,22.05,21.9,13.4,12.5
2024,4,P-IA,EPIC Indoor Percussion,74.8,23.25,23.55,15.0,13.0
2024,6,P-IA,EPIC Indoor Percussion,78.65,22.8,25.05,15.7,15.1
2024,9,P-IA,EPIC Indoor Percussion,84.7,25.5,26.4,16.4,16.4
2024,11,P-IA,EPIC Indoor Percussion,86.213,25.387,27.6,16.825,16.4
2024,11,PJHSA,Earlimart MS,70.151,21.2,21.45,14.1,13.4
2024,4,PJHSA,Earlimart MS Percussion,63.75,18.9,19.35,12.2,13.3
2024,8,PJHSA,Earlimart MS Percussion,67.301,21.3,20.4,13.4,12.2
2024,11,PJHSA,Earlimart MS Percussion,70.151,21.2,21.45,14.1,13.4
2024,11,PSRA,East Hamilton High School,76.7,23.8,23.4,14.7,14.8
2024,1,PSRA,East Hamilton Indoor Percussion,68.3,20.8,21.0,12.8,13.7
2024,11,PSRA,East Hamilton Indoor Percussion,76.7,23.8,23.4,14.7,14.8
2024,6,R1,East Hamilton JV Winter Guard,59.321,11.68,12.54,11.4,11.6
2024,11,R1,East Hamilton JV Winter Guard,71.081,13.54,13.54,14.9,14.3
2024,6,SA,East Hamilton Varsity Winter Guard,63.22,11.88,13.14,12.9,13.0
2024,11,SA,East Hamilton Varsity Winter Guard,68.87,13.53,13.14,13.9,13.9
2024,2,SRA,East Jessamine,62.54,13.6,12.74,13.0,10.7
2024,4,SRA,East Jessamine,65.68,12.54,12.74,13.4,13.5
2024,6,SRA,East Jessamine,65.771,11.81,12.26,14.1,14.0
2024,9,PR,East Jessamine,76.84,14.6,16.1,14.9,16.3
2024,10,SRA,East Jessamine,79.67,16.33,15.34,15.8,15.7
2024,0,SRA,East Pennsboro HS Guard,50.59,7.02,12.07,10.9,10.2
2024,2,SRA-E,East Pennsboro HS Guard,63.88,11.54,12.34,15.4,12.3
2024,7,SRA,East Pennsboro HS Guard,72.28,14.34,14.94,14.9,14.4
2024,9,SRA,East Pennsboro HS Guard,77.58,15.74,15.74,14.9,15.6
2024,2,PSA,East Syracuse Minoa,68.801,21.8,21.3,12.7,13.0
2024,4,PSA,East Syracuse Minoa,72.175,21.5,22.575,14.4,13.7
2024,6,PSA,East Syracuse Minoa,73.251,22.3,22.35,14.3,14.3
2024,8,PSA,East Syracuse Minoa,77.701,23.3,24.6,14.9,14.9
2024,10,PSA,East Syracuse Minoa,79.501,22.7,24.0,16.4,16.4
2024,11,PSA,East Syracuse Minoa,81.351,25.25,23.25,16.4,16.45
2024,3,SRA,Eastern HS (IN),50.83,9.95,11.68,10.9,9.6
2024,5,SRA,Eastern HS (IN),56.861,11.42,11.54,11.6,10.8
2024,6,SRA,Eastern HS (IN),65.16,12.28,11.88,14.7,12.8
2024,7,SRA,Eastern HS (IN),65.621,12.48,14.14,13.1,12.8
2024,9,BR,Eastern HS (IN),67.82,13.15,13.67,13.8,15.2
2024,3,BR,Eastern HS (KY),55.48,10.81,12.07,11.3,10.7
2024,6,SRA,Eastern HS (KY),67.7,13.14,13.86,14.1,14.0
2024,8,SRA,Eastern HS (KY),72.721,15.14,15.68,13.4,15.1
2024,9,PR,Eastern HS (KY),79.04,15.47,16.4,15.6,15.5
2024,10,SRA,Eastern HS (KY),85.01,17.07,16.54,17.4,17.1
2024,0,SRA,Eastern York HS Guard,51.28,7.21,11.27,10.6,11.2
2024,2,SRA,Eastern York HS Guard,64.55,11.34,11.21,16.2,13.1
2024,6,SRA,Eastern York HS Guard,73.28,15.94,15.14,15.0,14.5
2024,8,SRA,Eastern York HS Guard,76.91,15.74,15.27,15.3,15.3
2024,6,P-SRA(,Eastern York HS Indoor Percussion,69.5,20.7,20.7,14.6,13.5
2024,8,P-SA(,Eastern York HS Indoor Percussion,72.7,20.55,22.35,15.3,14.5
2024,11,P-SA(,Eastern York HS Indoor Percussion,78.913,23.025,26.062,15.1,14.725
2024,0,P-SRA(,Eastern York High School Indoor Percussion,60.575,18.3,16.875,12.9,12.5
2024,2,P-SRA(,Eastern York High School Indoor Percussion,63.425,18.9,19.125,14.2,11.2
2024,2,PSA,Eastridge,73.05,23.6,20.55,14.6,14.3
2024,4,PSA,Eastridge,75.05,23.1,22.35,14.7,14.9
2024,6,PSA,Eastridge,78.3,22.5,23.7,16.2,15.9
2024,8,PSA,Eastridge,82.75,24.2,25.35,16.8,16.4
2024,10,PSA,Eastridge,82.5,23.1,27.0,16.2,16.2
2024,11,PSA,Eastridge,86.65,26.9,25.05,17.4,17.3
2024,8,PSO,Eden Prairie HS,88.45,26.85,17.8,26.5,17.3
2024,13,R1,Eden Prairie HS,85.676,26.775,16.45,26.2,16.25
2024,3,PSA,Edgewood High School,67.401,18.6,14.8,20.7,13.3
2024,4,PSA,Edgewood High School,79.725,23.925,15.8,24.0,16.0
2024,6,PSA,Edgewood High School,81.3,23.7,16.7,24.5,16.4
2024,7,PSA,Edgewood High School,83.35,24.6,16.15,26.6,16.0
2024,8,PSA,Edgewood High School,84.35,25.65,15.7,26.3,16.7
2024,9,R2,Edgewood High School,88.213,26.062,17.7,26.6,17.85
2024,11,PSA,Edgewood High School,92.325,27.075,18.35,28.3,18.6
2024,8,PSA,Edinburg HS,73.0,21.9,13.4,23.1,14.6
2024,8,PSA,Edinburg North HS,79.351,23.55,15.6,24.2,16.0
2024,4,PSA,Edison HS,68.2,20.9,21.15,12.65,13.5
2024,5,PSA,Edison HS,69.3,21.4,20.1,13.3,14.5
2024,11,ME,Edison HS,75.35,24.2,21.9,14.15,15.1
2024,9,PSA,Edison HS (NJ),75.8,25.2,13.2,23.7,13.7
2024,3,PSA,Egg Harbor Township HS,74.5,22.4,22.5,13.9,15.7
2024,5,PSA,Egg Harbor Township HS,75.65,23.7,21.75,14.3,15.9
2024,6,PSA,Egg Harbor Township HS,83.5,25.2,24.9,16.6,16.8
2024,8,PSA,Egg Harbor Township HS,86.1,26.4,26.1,16.7,16.9
2024,11,PSA,Egg Harbor Township HS,86.425,26.65,26.325,15.75,17.7
2024,12,GD,Egg Harbor Township HS,92.15,27.8,28.65,17.4,18.3
2024,4,PHSSA,El Diamante HS Percussion,65.101,19.6,20.1,13.0,12.4
2024,8,PHSSA,El Diamante HS Percussion,71.6,21.3,20.7,14.5,15.1
2024,1,GHSSRAB,El Diamante HS Winterguard,57.15,108.1,105.4,12.8,10.8
2024,4,GHSSRAB,El Diamante HS Winterguard,58.58,120.0,126.8,12.0,11.5
2024,8,GHSSRAB,El Diamante HS Winterguard,66.88,148.1,138.7,12.9,12.2
2024,11,GHSSRAB,El Diamante HS Winterguard,72.94,151.4,144.0,15.3,14.4
2024,3,PSO,El Dorado HS,78.35,23.55,15.4,24.0,15.4
2024,6,PSO,El Dorado HS,83.8,25.2,16.8,25.1,16.7
2024,9,PSO,El Dorado HS,83.775,24.825,17.05,25.45,16.45
2024,11,R2,El Dorado HS,86.05,24.9,18.5,24.55,18.1
2024,12,PSO,El Dorado HS,88.864,27.112,18.3,25.75,17.7
2024,1,GIA,El Ritmo Winter Guard,55.12,107.0,104.2,11.3,11.2
2024,4,GIA,El Ritmo Winter Guard,57.05,117.6,106.9,11.4,11.6
2024,8,GIA,El Ritmo Winter Guard,69.7,144.8,138.2,13.4,13.7
2024,11,GIA,El Ritmo Winter Guard,74.91,151.3,150.8,15.2,15.0
2024,2,PSA,El Segundo HS,70.551,19.05,15.1,21.5,14.9
2024,4,B2,El Segundo HS,68.701,21.3,13.9,20.5,13.0
2024,7,B2,El Segundo HS,78.0,23.85,14.8,23.75,15.6
2024,10,R1,El Segundo HS,82.751,25.95,14.8,25.1,16.9
2024,11,R2,El Segundo HS,80.25,24.15,15.4,24.1,16.6
2024,4,B2,El Toro HS,72.65,21.45,14.8,22.9,13.5
2024,6,B1,El Toro HS,71.8,23.1,13.7,22.6,12.4
2024,8,PSO,El Toro HS,72.101,21.9,14.5,22.1,13.6
2024,11,R1,El Toro HS,74.6,22.2,15.1,22.4,14.9
2024,5,PIO,Elan Percussion,78.7,24.0,16.4,22.0,16.3
2024,9,PIO,Elan Percussion,81.876,24.225,16.65,24.0,17.0
2024,13,R1,Elan Percussion,86.651,26.4,17.8,24.9,17.55
2024,3,IW,Elevate,64.9,13.5,13.7,11.4,13.5
2024,7,IW,Elevate,72.3,14.3,14.2,14.2,14.7
2024,10,IW,Elevate,77.5,15.3,15.7,15.5,15.6
2024,9,PSA,Elizabeth HS,83.801,26.1,16.8,25.7,15.2
2024,3,SA,Elizabethtown HS,71.58,14.27,13.81,14.2,14.8
2024,5,SA,Elizabethtown HS,72.92,14.21,14.01,14.5,15.2
2024,6,SA,Elizabethtown HS,77.78,15.14,15.54,15.8,15.4
2024,7,SA,Elizabethtown HS,78.79,15.88,16.21,15.1,15.7
2024,10,PR,Elizabethtown HS,82.19,16.72,16.47,17.0,15.7
2024,3,PR,Elizabethtown HS JV,51.94,10.87,10.47,10.5,10.3
2024,5,PR,Elizabethtown HS JV,59.02,11.68,12.34,11.6,11.4
2024,6,SRA,Elizabethtown HS JV,60.87,12.94,12.13,12.2,11.6
2024,9,BR,Elizabethtown HS JV,65.911,13.12,12.79,13.2,14.0
2024,8,PSA,Elk River Combined Schools,85.6,25.8,17.6,25.0,17.2
2024,7,PSA,Enloe Magnet HS,81.3,24.9,16.5,23.3,16.6
2024,3,B1,Escondido Union HSD,66.251,19.05,12.7,21.1,13.4
2024,7,B2,Escondido Union HSD,71.951,21.75,14.2,21.7,14.3
2024,10,R2,Escondido Union HSD,78.25,22.65,15.6,24.4,15.6
2024,6,PSA,Estrella Foothills HS,62.9,18.6,12.6,18.3,13.4
2024,4,PSW,Etiwanda HS,79.7,24.9,16.3,23.5,15.0
2024,7,PSW,Etiwanda HS,79.8,23.4,16.6,23.6,16.2
2024,8,PSW,Etiwanda HS,86.55,25.95,17.4,25.9,17.3
2024,9,PSW,Etiwanda HS,88.325,26.55,17.925,26.5,17.35
2024,11,PSW,Etiwanda HS,89.825,26.625,17.6,27.4,18.2
2024,12,PSW,Etiwanda HS,90.625,27.225,18.7,26.75,17.95
2024,5,PSA,Everett HS,79.2,24.45,16.7,23.15,14.9
2024,9,PSA,Everett HS,87.975,26.4,18.175,26.2,17.2
2024,13,PSA,Everett HS,89.238,26.288,18.85,26.675,17.425
2024,4,PHSSRA,Exeter Union HS Percussion,61.601,16.7,18.9,12.7,13.3
2024,6,PHSSRA,Exeter Union HS Percussion,64.4,18.9,18.75,13.6,13.15
2024,8,PHSSRA,Exeter Union HS Percussion,63.201,19.4,18.9,11.9,13.0
2024,1,GHSSRAS,Exeter Union HS Winterguard,57.831,114.2,113.6,11.4,11.55
2024,4,GHSSRAS,Exeter Union HS Winterguard,57.39,107.5,109.4,11.7,12.4
2024,6,GHSSRAS,Exeter Union HS Winterguard,58.591,114.1,104.8,12.0,12.7
2024,8,GHSSRAS,Exeter Union HS Winterguard,64.621,132.1,128.1,12.0,14.4
2024,11,GHSSRAS,Exeter Union HS Winterguard,66.241,140.7,134.7,13.4,12.5
2024,5,PSW,Fair Lawn HS,75.65,22.95,15.1,23.0,14.6
2024,9,PSW,Fair Lawn HS,81.35,23.55,16.8,24.5,16.5
2024,13,R1,Fair Lawn HS,84.75,26.1,16.5,25.7,16.45
2024,4,PRA,Fairfield Indoor Percussion,71.95,21.45,13.6,21.9,15.0
2024,6,PRA,Fairfield Indoor Percussion,73.0,21.3,14.8,22.3,14.6
2024,7,PRA,Fairfield Indoor Percussion,73.95,22.65,15.1,21.7,14.5
2024,8,PRA,Fairfield Indoor Percussion,72.2,22.5,14.0,21.1,14.6
2024,9,PRA,Fairfield Indoor Percussion,78.75,24.9,14.55,24.4,14.9
2024,11,GHSSRAB,Farmersville,67.221,148.1,128.1,14.1,12.5
2024,1,GHSSRAB,Farmersville HS Winterguard,57.15,114.1,111.4,12.2,10.5
2024,4,GHSSRAB,Farmersville HS Winterguard,56.401,123.4,101.6,12.8,11.1
2024,8,GHSSRAB,Farmersville HS Winterguard,63.3,125.4,132.6,13.3,12.3
2024,11,GHSSRAB,Farmersville HS Winterguard,67.221,148.1,128.1,14.1,12.5
2024,7,PSO,Farmington HS,71.6,21.6,13.4,22.3,14.3
2024,5,SA,Farragut High School Varsity Winterguard,64.49,12.88,13.41,13.3,11.8
2024,11,SA,Farragut High School Varsity Winterguard,69.451,14.21,12.94,14.3,14.1
2024,5,P,Farragut Middle School,58.651,12.07,12.08,12.1,10.9
2024,11,P,Farragut Middle School,74.35,14.81,15.14,15.3,15.3
2024,6,GSB,Fayetteville HS Eminence Winterguard,69.58,12.54,13.34,13.8,15.1
2024,10,GSB,Fayetteville HS Eminence Winterguard,80.8,15.4,17.0,15.7,16.0
2024,4,PHSSRA,Firebaugh HS Percussion,67.4,19.5,21.3,14.1,12.5
2024,8,PHSSRA,Firebaugh HS Percussion,69.6,20.7,21.3,13.0,14.6
2024,6,PSO,Fishers HS,82.4,24.6,16.3,25.8,15.7
2024,13,PSO,Fishers HS,97.113,29.288,18.925,29.3,19.6
2024,7,PSO,Fishers Indoor Drumline (PSO),83.7,25.5,16.3,25.2,16.7
2024,8,PSO,Fishers Indoor Drumline (PSO),83.25,25.35,16.5,25.0,16.4
2024,9,PSO,Fishers Indoor Drumline (PSO),84.55,25.875,17.3,24.45,16.925
2024,11,PSO,Fishers Indoor Drumline (PSO),93.263,27.562,18.85,27.8,19.05
2024,2,SA,Floyd Central HS,70.29,14.08,14.01,14.0,14.2
2024,3,SA,Floyd Central HS,73.02,14.28,14.34,14.6,14.9
2024,5,SA,Floyd Central HS,76.18,15.07,14.61,15.2,15.6
2024,7,SA,Floyd Central HS,77.56,15.35,16.01,15.4,15.0
2024,10,BR,Floyd Central HS,82.48,16.54,16.14,16.8,16.5
2024,3,PSA,Floyd Central High School,57.6,17.4,11.6,17.2,11.4
2024,7,PRA,Floyd Central High School,69.4,19.8,14.0,21.5,14.1
2024,8,PRA,Floyd Central High School,74.85,22.95,14.5,22.8,14.6
2024,9,PRA,Floyd Central High School,76.725,24.675,14.2,23.8,14.05
2024,6,PIW,Flux Indoor Percussion,83.7,24.9,16.9,25.3,16.6
2024,9,PIW,Flux Indoor Percussion,86.751,26.1,18.0,25.85,16.8
2024,13,R1,Flux Indoor Percussion,85.789,26.138,17.25,25.225,17.175
2024,1,IA,Forest Hills,62.55,12.21,12.14,12.3,12.2
2024,4,IA,Forest Hills,69.96,13.35,14.21,14.2,14.2
2024,7,IA,Forest Hills,78.18,15.22,15.86,15.0,15.9
2024,9,PR,Forest Hills,78.01,15.67,15.9,15.7,15.2
2024,10,SRA,Forest Hills,83.231,17.79,15.54,17.3,15.8
2024,4,PSO,Fort Zumwalt Combined Schools,77.85,23.55,15.8,23.2,15.3
2024,13,PSO,Fort Zumwalt Combined Schools,93.763,28.312,18.925,27.725,18.8
2024,7,PSO,Fossil Ridge HS (CO),74.65,22.05,15.0,22.8,14.8
2024,6,PSO,Fossil Ridge HS (TX),77.651,23.55,14.4,23.7,16.0
2024,5,GSN,Fountain Lake Cobra Guard,76.14,15.32,14.52,13.0,16.5
2024,10,GSN,Fountain Lake Cobra Guard,67.6,13.72,13.58,14.9,13.2
2024,11,GSN,Fountain Lake Cobra Guard,71.6,13.98,13.72,14.7,14.5
2024,3,PSO,Fountain Valley HS,74.4,22.2,14.5,23.4,14.3
2024,6,PSO,Fountain Valley HS,80.25,24.15,15.4,24.6,16.1
2024,7,PSO,Fountain Valley HS,78.401,23.7,16.1,22.7,15.9
2024,9,PSO,Fountain Valley HS,80.851,23.85,16.9,23.2,16.9
2024,11,R2,Fountain Valley HS,84.151,23.55,17.1,26.3,17.2
2024,12,PSO,Fountain Valley HS,84.638,25.688,17.4,24.55,17.0
2024,13,R1,Francis Howell HS,80.626,25.275,15.45,24.2,15.7
2024,6,PSW,Franklin Central HS,77.45,23.25,15.8,23.5,14.9
2024,13,R1,Franklin Central HS,86.926,26.175,17.15,26.1,17.5
2024,3,PSW,Franklin Central Percussion Symphony,71.65,20.85,14.2,22.5,14.1
2024,7,PSW,Franklin Central Percussion Symphony,80.3,23.1,16.5,24.7,16.0
2024,9,PSW,Franklin Central Percussion Symphony,83.675,26.175,16.3,24.8,16.4
2024,11,PSW,Franklin Central Percussion Symphony,86.75,25.5,17.35,26.5,17.4
2024,6,PSO,Franklin Community HS,82.101,24.75,16.6,24.95,15.8
2024,13,R1,Franklin Community HS,90.489,27.112,18.025,26.85,18.5
2024,3,PSO,Franklin Community Indoor Percussion,69.1,18.3,14.2,22.6,14.0
2024,5,PSO,Franklin Community Indoor Percussion,77.4,23.4,15.5,22.6,15.9
2024,8,PSO,Franklin Community Indoor Percussion,84.2,24.3,16.3,26.9,16.7
2024,9,PSO,Franklin Community Indoor Percussion,82.326,24.675,16.75,24.25,16.65
2024,11,PSO,Franklin Community Indoor Percussion,84.275,25.425,17.05,24.4,17.4
2024,5,SN,Frederick HS Guard,64.79,13.34,12.15,11.8,13.7
2024,6,SN,Frederick HS Guard,63.85,12.34,12.81,14.1,12.3
2024,7,SN,Frederick HS Guard,64.56,12.88,13.08,13.7,12.5
2024,9,SN,Frederick HS Guard,70.561,15.08,14.08,14.8,14.0
2024,7,PSO,Freedom HS (VA),80.15,25.05,16.4,23.0,15.7
2024,6,PIO,Freedom Percussion,78.9,22.8,16.4,24.4,15.3
2024,13,R4,Freedom Percussion,84.676,24.825,16.5,26.45,16.9
2024,1,GHSSRAB,Fresno Christian HS Winterguard,61.21,119.5,120.1,12.6,11.15
2024,4,GHSSRAB,Fresno Christian HS Winterguard,67.34,130.6,120.8,14.3,13.9
2024,6,GHSSRAS,Fresno Christian HS Winterguard,66.341,130.6,120.8,13.7,14.2
2024,11,GHSSRAS,Fresno Christian HS Winterguard,68.181,128.1,136.7,14.3,13.6
2024,6,PHSSRA,Fresno HS Percussion,62.651,19.6,17.55,12.9,12.6
2024,1,GHSSRAS,Fresno HS Winter Guard,63.99,129.5,125.4,13.5,11.8
2024,4,GHSSRAS,Fresno HS Winter Guard,69.85,136.1,125.4,14.1,13.9
2024,6,GHSSRAS,Fresno HS Winter Guard,67.62,145.4,132.8,12.9,14.5
2024,8,GHSSRAG,Fresno HS Winter Guard,73.55,149.5,144.0,14.9,15.2
2024,11,GHSSRAG,Fresno HS Winter Guard,79.88,164.1,164.7,17.5,14.3
2024,4,PHSSRA,Fresno HS Winter Percussion,58.201,15.3,18.3,12.4,12.2
2024,8,PHSSRA,Fresno HS Winter Percussion,62.451,18.4,18.45,12.8,12.8
2024,3,PIA,Fruitport Independent,65.05,19.95,13.5,18.6,13.0
2024,8,PIA,Fruitport Independent,77.9,24.6,15.2,22.7,15.4
2024,9,PIA,Fruitport Independent,76.15,23.25,15.5,22.4,15.0
2024,12,PIA,Fruitport Independent,81.225,24.675,16.2,24.25,16.1
2024,6,PIA,Fruitport Independent Percussion,69.2,18.9,13.7,22.8,13.8
2024,13,PIA,Fruitport Independent Percussion,83.901,25.65,16.85,25.1,16.3
2024,3,PSW,Gahr HS,81.0,24.0,16.1,24.5,16.4
2024,6,PSW,Gahr HS,83.45,24.75,16.8,25.0,16.9
2024,9,PSW,Gahr HS,86.225,25.725,16.85,26.6,17.05
2024,11,PSW,Gahr HS,87.101,25.5,17.2,26.7,17.7
2024,12,PSW,Gahr HS,87.251,26.55,17.4,26.3,17.0
2024,7,PIW,George Mason University,86.25,25.95,17.4,25.6,17.3
2024,9,PIW,George Mason University,87.625,26.025,18.1,26.0,17.5
2024,13,R2,George Mason University,90.776,27.9,18.025,26.8,18.05
2024,7,IO,George Mason University Guard,81.5,16.4,16.1,16.4,16.2
2024,6,SJ,George Rogers Clark Cadet,53.53,10.67,10.26,10.7,11.1
2024,8,SJ,George Rogers Clark Cadet,61.11,12.94,12.47,12.2,11.7
2024,2,BR,George Rogers Clark HS - JV,52.4,10.33,8.87,12.0,10.4
2024,6,SRA,George Rogers Clark HS - JV,60.45,11.14,12.41,13.4,11.0
2024,8,BR,George Rogers Clark HS - JV,70.49,13.47,14.12,14.5,13.6
2024,9,PR,George Rogers Clark HS - JV,74.62,14.8,16.12,14.9,14.4
2024,10,BR,George Rogers Clark HS - JV,76.9,15.73,16.07,14.8,14.9
2024,2,SA,George Rogers Clark HS - Varsity,67.32,13.88,13.54,13.2,13.8
2024,6,SA,George Rogers Clark HS - Varsity,75.11,14.54,15.47,16.1,14.0
2024,8,SA,George Rogers Clark HS - Varsity,76.151,15.74,16.21,14.8,14.7
2024,10,BR,George Rogers Clark HS - Varsity,78.141,16.27,15.87,15.6,15.4
2024,7,PSA,Germantown HS,87.325,26.325,18.2,25.0,17.8
2024,5,SRA,Gibbs High School Winterguard,57.18,12.94,13.14,9.7,11.7
2024,6,R2,Gibbs High School Winterguard,64.35,13.34,12.3,12.2,13.7
2024,11,R1,Gibbs High School Winterguard,72.641,14.4,14.94,15.1,14.1
2024,11,P,Gibbs Middle School,74.74,14.8,14.94,14.7,15.2
2024,5,P,Gibbs Prep,59.85,12.34,12.81,12.5,11.5
2024,6,P,Gibbs Prep,61.48,12.81,10.5,12.8,12.7
2024,11,P,Gibbs Prep,74.74,14.8,14.94,14.7,15.2
2024,6,PSA,Gilbert HS,75.351,22.2,15.05,23.8,14.3
2024,9,PSA,Gilbert HS,81.701,24.6,15.7,25.9,15.5
2024,2,SRA,Glasgow HS,58.03,12.86,12.27,11.1,10.5
2024,6,SRA,Glasgow HS,64.191,12.61,12.28,13.3,12.9
2024,8,SRA,Glasgow HS,72.461,14.81,14.15,14.1,15.0
2024,9,BR,Glasgow HS,77.211,15.47,15.94,15.7,14.9
2024,10,SRA,Glasgow HS,80.761,16.0,16.46,16.2,15.1
2024,4,B2,Glen A. Wilson HS,68.751,21.75,13.2,21.2,12.6
2024,6,B1,Glen A. Wilson HS,75.95,23.25,14.8,24.0,13.9
2024,8,B1,Glen A. Wilson HS,80.201,25.5,15.3,24.2,15.2
2024,10,R1,Glen A. Wilson HS,84.901,26.4,15.1,25.9,17.5
2024,11,R2,Glen A. Wilson HS,78.45,23.85,15.3,23.9,15.4
2024,8,PSA,Glencoe HS Combined Schools,79.2,23.4,15.5,23.7,16.6
2024,6,B2,Glendora HS,70.651,22.35,14.1,21.2,13.0
2024,10,R4,Glendora HS,74.4,23.4,14.1,21.8,15.1
2024,3,SN,Glenelg HS Color Guard,61.41,11.81,12.2,12.5,12.5
2024,8,SN,Glenelg HS Color Guard,68.46,12.88,14.28,13.0,14.1
2024,6,PSO,Glenn HS,84.0,25.2,16.8,24.9,17.1
2024,8,PSO,Glenn HS,89.35,27.45,18.4,24.9,18.6
2024,6,PSA,Godley HS,71.3,19.2,14.1,24.5,13.5
2024,4,PIW,Gold Indoor Percussion,79.5,24.9,16.6,23.2,14.8
2024,7,PIW,Gold Indoor Percussion,81.6,24.9,17.1,22.5,17.1
2024,9,PIW,Gold Indoor Percussion,85.4,25.8,17.5,25.0,17.1
2024,11,PIW,Gold Indoor Percussion,84.651,25.95,16.7,25.4,16.6
2024,12,PIW,Gold Indoor Percussion,85.526,26.025,17.25,25.35,16.9
2024,13,R1,Gold Indoor Percussion,82.45,24.75,16.75,24.575,16.375
2024,7,PIO,Gold Spike Percussion,82.75,24.45,16.9,24.4,17.0
2024,13,R2,Gold Spike Percussion,83.576,24.9,17.575,24.15,16.95
2024,4,GHSSAG,Golden Valley HS (Varsity),70.79,129.6,128.3,15.0,15.0
2024,4,GHSSRAG,Golden Valley HS JV,57.97,108.2,99.5,12.0,12.8
2024,6,GHSSRAG,Golden Valley HS JV,62.59,106.3,12.6,14.5,12.0
2024,6,PHSSA,Golden Valley HS Percussion,75.351,23.85,21.9,14.5,15.1
2024,4,GHSSRAB,Golden West B Guard,57.86,118.1,123.5,12.5,11.0
2024,6,GHSSRAB,Golden West B Guard,61.79,125.5,12.4,11.5,11.8
2024,8,GHSSRAB,Golden West B Guard,64.13,136.8,129.5,12.0,12.8
2024,11,GHSSRAB,Golden West B Guard,68.58,145.4,135.4,14.0,13.4
2024,4,PHSSA,Golden West HS Percussion,73.2,22.5,22.2,15.3,13.2
2024,6,PHSSA,Golden West HS Percussion,77.4,22.8,23.85,15.3,15.45
2024,4,GHSSAS,Golden West HS Winterguard,64.39,119.5,111.4,13.7,14.2
2024,6,GHSSAS,Golden West HS Winterguard,62.6,123.5,12.7,13.3,11.3
2024,8,GHSSAS,Golden West HS Winterguard,62.49,119.4,131.5,11.5,13.8
2024,11,GHSSAS,Golden West HS Winterguard,71.15,138.7,144.8,13.8,14.6
2024,6,PSO,Goshen HS,82.251,25.95,16.2,25.9,14.2
2024,13,R2,Goshen HS,81.701,24.0,15.7,25.1,16.9
2024,5,PSO,Goshen High School,73.7,20.1,14.6,24.5,14.5
2024,8,PSO,Goshen High School,78.15,23.85,14.8,23.5,16.0
2024,9,PSO,Goshen High School,76.9,23.1,15.55,22.85,15.4
2024,11,PSO,Goshen High School,79.226,23.025,15.9,24.1,16.2
2024,11,IRA,Grace Baptist Church,63.15,12.54,12.01,12.9,12.8
2024,3,IA,Grace Christian Independent Fierce IA,55.02,10.68,10.74,12.1,10.5
2024,5,IA,Grace Christian Independent Fierce IA,57.63,12.55,12.08,10.6,11.9
2024,11,IA,Grace Christian Independent Fierce IA,62.18,12.34,11.54,12.7,12.7
2024,3,IRA,Grace Christian Independent Fierce IRA,56.39,10.95,9.54,11.5,12.6
2024,5,IRA,Grace Christian Independent Fierce IRA,55.57,10.55,11.02,10.2,12.0
2024,11,IRA,Grace Christian Independent Fierce IRA,63.15,12.54,12.01,12.9,12.8
2024,3,SRA,Grainger High School,52.87,10.48,10.94,9.75,11.2
2024,8,SRA,Grainger High School,63.87,12.54,12.93,13.3,12.7
2024,11,R2,Grainger High School,65.44,13.2,12.54,15.2,12.3
2024,6,B2,Granada Hills Charter,69.051,21.45,14.5,20.3,12.8
2024,8,B1,Granada Hills Charter,73.35,21.45,15.9,21.1,14.9
2024,10,R3,Granada Hills Charter,81.051,24.75,16.8,24.1,15.4
2024,6,PSA,Grand Blanc HS,71.15,20.85,13.9,23.4,13.0
2024,7,PSA,Grand Blanc HS,74.4,21.9,15.0,22.7,14.8
2024,9,PSA,Grand Blanc HS,82.1,24.9,16.0,25.1,16.1
2024,12,PSA,Grand Blanc HS,84.413,25.312,17.15,24.85,17.1
2024,13,R3,Grand Blanc HS,84.901,25.2,17.3,25.5,16.9
2024,7,PSA,Grandville High School Winter Percussion,75.45,22.95,14.4,23.0,15.1
2024,9,PSA,Grandville High School Winter Percussion,76.6,23.7,15.3,21.9,15.7
2024,12,PSA,Grandville High School Winter Percussion,81.126,24.525,15.2,25.1,16.3
2024,2,SA,Grant Co,62.09,13.48,12.81,11.1,12.3
2024,4,SA,Grant Co,64.75,13.74,13.61,12.5,13.0
2024,7,SA,Grant Co,72.66,14.75,14.61,14.5,14.5
2024,8,BR,Grant Co,75.25,15.47,14.88,14.5,15.3
2024,10,PR,Grant Co,76.65,15.01,15.54,15.5,15.1
2024,2,PSA,Grant Co HS,56.85,18.5,15.75,11.3,11.3
2024,4,PSA,Grant Co HS,61.15,18.5,18.75,12.5,11.4
2024,8,PSA,Grant Co HS,66.6,20.2,20.1,13.1,13.2
2024,10,PSA,Grant Co HS,77.0,22.7,23.1,15.5,15.7
2024,5,PSO,Great Oak HS,80.775,24.525,16.5,23.5,16.25
2024,7,PSO,Great Oak HS,85.4,25.2,16.7,27.0,16.5
2024,8,PSO,Great Oak HS,87.5,26.7,18.0,26.1,16.7
2024,9,PSO,Great Oak HS,89.225,26.775,18.15,26.9,17.4
2024,11,R1,Great Oak HS,89.8,27.3,18.1,26.4,18.0
2024,12,PSO,Great Oak HS,94.063,28.312,19.2,27.85,18.7
2024,2,PSA,Greece,61.3,19.9,17.7,11.4,12.3
2024,4,PSA,Greece,63.15,19.5,19.05,12.0,12.6
2024,6,PSA,Greece,63.901,18.8,19.5,12.7,12.9
2024,8,PSA,Greece,66.051,19.6,20.85,12.3,13.3
2024,9,PSA,Greece,68.35,20.0,21.45,12.9,14.0
2024,10,PSA,Greece,68.801,19.3,21.6,13.7,14.2
2024,11,PSA,Greece,72.0,21.8,21.0,14.7,14.5
2024,8,GJHSA,Green Acres MS Winterguard,53.661,105.5,116.1,11.3,10.1
2024,11,GJHSA,Green Acres MS Winterguard,57.811,108.1,122.0,11.0,12.6
2024,6,PSA,Green Hope HS,76.6,21.6,15.8,22.6,16.6
2024,7,PSA,Green Level HS,75.951,21.6,15.5,23.65,15.2
2024,9,PSA,Green Level HS,79.15,24.15,15.9,24.5,14.6
2024,5,SA,Greencastle-Antrim HS Indoor Guard,74.77,15.07,15.0,14.7,14.8
2024,8,SA,Greencastle-Antrim HS Indoor Guard,81.61,16.34,16.07,17.2,16.2
2024,9,SA,Greencastle-Antrim HS Indoor Guard,84.02,17.01,16.21,18.0,16.1
2024,5,P-SA(,Greencastle-Antrim HS Winter Percussion,71.15,22.05,21.9,13.5,13.7
2024,6,P-SA(,Greencastle-Antrim HS Winter Percussion,70.6,20.55,22.05,14.5,13.5
2024,8,P-SA(,Greencastle-Antrim HS Winter Percussion,80.85,25.95,26.7,14.2,14.0
2024,9,P-SA(,Greencastle-Antrim HS Winter Percussion,81.15,25.8,25.35,15.3,14.7
2024,11,P-SA(,Greencastle-Antrim HS Winter Percussion,81.851,24.3,25.875,15.95,15.725
2024,0,SA,Greencastle-Antrim High School Indoor Guard,55.98,10.21,12.07,11.1,12.0
2024,1,SA,Greencastle-Antrim High School Indoor Guard,61.86,10.82,12.34,12.9,12.9
2024,2,SA,Greencastle-Antrim High School Indoor Guard,69.98,12.74,12.94,16.2,14.9
2024,1,P-SA(,Greencastle-Antrim High School Winter Percussion,63.45,20.25,18.6,11.8,12.8
2024,2,P-SA(,Greencastle-Antrim High School Winter Percussion,65.15,18.15,19.5,14.4,13.1
2024,1,SJ,Greencastle-Antrim MS Guard,52.09,6.35,11.14,11.2,11.2
2024,2,SJ,Greencastle-Antrim MS Guard,63.64,11.34,12.2,15.5,12.5
2024,4,SJ(,Greencastle-Antrim MS Guard,68.05,13.61,12.94,15.5,12.9
2024,5,SJ,Greencastle-Antrim MS Guard,69.87,14.47,14.4,13.3,13.6
2024,8,SJ,Greencastle-Antrim MS Guard,75.38,14.21,15.07,15.8,15.5
2024,9,SJ,Greencastle-Antrim MS Guard,74.92,14.54,14.88,15.9,15.8
2024,7,PSB,Greene County Tech Indoor Percussion,71.9,24.2,21.3,13.5,12.9
2024,11,PSB,Greene County Tech Indoor Percussion,76.2,23.3,23.4,15.1,14.4
2024,5,GSB,Greene County Tech Winter Guard,71.6,16.26,16.54,14.3,12.3
2024,7,GSB,Greene County Tech Winter Guard,69.5,14.74,15.26,13.4,13.0
2024,11,GSB,Greene County Tech Winter Guard,73.71,15.74,15.07,14.4,14.3
2024,1,PSRA,Greeneville High School Percussion,69.5,21.1,21.6,13.2,13.6
2024,6,PSA,Greeneville High School Percussion,78.75,22.6,24.75,15.7,15.7
2024,11,PSA,Greeneville High School Percussion,80.401,24.3,24.6,15.4,16.1
2024,6,PSA,Greenfield-Central HS,80.9,23.7,16.9,23.9,16.4
2024,13,R2,Greenfield-Central HS,92.075,27.375,18.525,27.575,18.6
2024,3,PSA,Greenfield-Central Indoor Percussion Ensemble,72.1,20.1,16.0,21.1,14.9
2024,5,PSA,Greenfield-Central Indoor Percussion Ensemble,78.45,22.5,15.1,24.5,16.35
2024,9,R1,Greenfield-Central Indoor Percussion Ensemble,89.1,27.15,17.6,26.65,17.7
2024,11,PSA,Greenfield-Central Indoor Percussion Ensemble,92.288,27.113,18.4,28.1,18.675
2024,6,PSA,Greenwood HS,84.2,26.1,16.4,24.5,17.2
2024,7,PSA,Greenwood High School Indoor Percussion,60.4,18.2,18.9,10.9,12.4
2024,10,PSA,Greenwood High School Indoor Percussion,67.65,21.5,21.15,12.4,12.6
2024,11,PSA,Greenwood High School Indoor Percussion,73.05,22.5,21.15,15.8,13.6
2024,7,GSN,Greenwood High School Winter Guard,71.46,12.98,14.58,14.6,14.5
2024,10,GSN,Greenwood High School Winter Guard,72.78,13.76,15.12,14.4,15.4
2024,11,GSN,Greenwood High School Winter Guard,75.66,14.44,14.92,14.9,15.0
2024,4,PSA,Greenwood Indoor Percussion,78.95,24.15,16.0,22.4,16.4
2024,7,PSA,Greenwood Indoor Percussion,85.7,25.8,16.9,26.3,16.7
2024,8,PSA,Greenwood Indoor Percussion,84.35,26.25,16.3,24.8,17.0
2024,9,R1,Greenwood Indoor Percussion,87.8,26.925,16.875,27.35,16.65
2024,11,PSA,Greenwood Indoor Percussion,91.438,26.888,18.15,28.15,18.25
2024,8,PIA,Groove Pursuit,81.5,24.3,16.8,24.1,16.3
2024,13,PIA,Groove Pursuit,89.076,26.55,18.35,25.875,18.3
2024,7,PSO,Gulfport HS,83.15,25.95,16.3,24.8,16.1
2024,13,R2,Gulfport HS,85.976,26.55,15.725,27.7,16.0
2024,5,PSO,H.B. Plant HS,71.75,22.65,13.8,22.1,13.2
2024,2,SN,Halifax HS Color Guard,58.48,10.14,10.34,14.0,12.2
2024,4,SN,Halifax HS Color Guard,58.79,11.68,11.21,11.3,12.6
2024,7,SN,Halifax HS Color Guard,68.92,14.41,13.21,13.9,14.3
2024,9,SN,Halifax HS Color Guard,72.15,14.94,13.81,14.4,14.6
2024,11,SP-SRA(,Halifax HS Percussion,74.6,35.7,37.3,38.8,37.4
2024,4,PSA,Halls HS,76.9,21.9,15.1,23.7,16.2
2024,6,PSA,Halls HS,79.001,24.6,15.0,23.0,16.4
2024,5,SA,Halls High School Varsity Winterguard,50.2,8.7,9.3,11.3,11.1
2024,6,SA,Halls High School Varsity Winterguard,52.84,10.89,11.15,10.3,9.8
2024,11,SA,Halls High School Varsity Winterguard,61.151,12.21,12.14,12.2,11.9
2024,1,PSA,Halls Indoor Percussion Ensemble,73.0,22.3,22.8,13.6,14.3
2024,11,PSA,Halls Indoor Percussion Ensemble,86.6,26.2,26.1,17.5,16.8
2024,5,P,Halls JV,59.24,12.4,12.14,12.7,11.4
2024,6,P,Halls JV,59.821,12.41,10.8,12.4,12.0
2024,11,P,Halls JV,71.611,14.27,14.14,14.2,14.5
2024,3,PSA,Hamilton Heights Indoor Percussion,65.15,19.65,13.0,18.7,13.8
2024,5,PSA,Hamilton Heights Indoor Percussion,69.801,21.0,14.7,20.3,13.8
2024,6,PSA,Hamilton Heights Indoor Percussion,72.15,21.45,14.2,21.4,15.1
2024,8,PSA,Hamilton Heights Indoor Percussion,72.251,22.05,13.6,21.8,14.8
2024,9,R2,Hamilton Heights Indoor Percussion,75.651,22.5,14.55,23.15,15.45
2024,11,PSA,Hamilton Heights Indoor Percussion,75.9,21.075,15.175,23.65,16.0
2024,6,PSO,Hamilton Southeastern HS,77.4,24.3,14.0,24.5,14.6
2024,13,R4,Hamilton Southeastern HS,85.425,25.5,16.9,25.85,17.175
2024,4,PSO,Hamilton Southeastern High School,73.15,22.95,12.9,23.1,14.2
2024,5,PSO,Hamilton Southeastern High School,73.3,21.9,14.1,23.0,14.3
2024,8,PSO,Hamilton Southeastern High School,77.85,24.45,15.4,22.6,15.4
2024,9,PSO,Hamilton Southeastern High School,77.801,24.45,14.9,23.05,15.4
2024,11,PSO,Hamilton Southeastern High School,79.576,23.175,16.1,24.2,16.1
2024,7,PSA,Hancock HS,73.25,22.35,16.0,21.3,13.6
2024,11,GIA,Hanford,74.91,151.3,150.8,15.2,15.0
2024,4,PHSSRA,Hanford HS Percussion,60.601,17.8,18.0,12.1,12.7
2024,8,PHSSRA,Hanford HS Percussion,63.451,19.8,19.05,12.6,12.0
2024,1,GHSSRAS,Hanford HS Winterguard,59.66,117.6,113.5,11.65,11.7
2024,4,GHSSRAS,Hanford HS Winterguard,62.181,114.7,114.1,13.2,13.6
2024,8,GHSSRAS,Hanford HS Winterguard,70.28,138.1,148.7,12.8,15.1
2024,11,GHSSRAS,Hanford HS Winterguard,73.87,152.0,148.7,15.4,14.2
2024,4,PHSSA,Hanford West HS Indoor Percussion,67.601,20.1,21.0,13.5,13.0
2024,6,PHSSA,Hanford West HS Indoor Percussion,73.801,23.0,21.15,14.4,15.25
2024,8,PHSSA,Hanford West HS Indoor Percussion,75.75,22.5,22.35,14.9,16.0
2024,4,GHSSRAB,Hanford West HS JV Winterguard,56.92,111.4,128.8,9.8,10.8
2024,6,GHSSRAB,Hanford West HS JV Winterguard,62.79,129.5,12.9,11.7,12.7
2024,11,GHSSRAB,Hanford West HS JV Winterguard,72.94,148.7,146.7,15.2,14.2
2024,1,GHSSAG,Hanford West HS Varsity Winterguard,68.48,134.8,132.0,14.7,14.3
2024,4,GHSSAG,Hanford West HS Varsity Winterguard,73.24,150.1,130.3,15.7,14.7
2024,6,GHSSAG,Hanford West HS Varsity Winterguard,76.22,145.5,15.3,15.8,15.1
2024,11,GHSSAG,Hanford West HS Varsity Winterguard,85.5,170.0,168.0,17.2,16.7
2024,2,SRA,Hanover HS Guard,52.21,9.74,9.67,11.2,10.8
2024,4,SRA,Hanover HS Guard,58.48,12.27,10.61,11.6,11.9
2024,6,SRA,Hanover HS Guard,61.09,13.35,11.14,12.4,12.6
2024,9,SRA,Hanover HS Guard,69.35,13.74,12.81,13.8,14.2
2024,1,SRA,Hardin Valley Academy JV Winter Guard,52.59,12.48,11.21,8.1,12.2
2024,3,SRA,Hardin Valley Academy JV Winter Guard,62.89,11.88,13.74,11.57,13.6
2024,6,R2,Hardin Valley Academy JV Winter Guard,67.35,12.81,12.7,12.7,15.0
2024,11,R1,Hardin Valley Academy JV Winter Guard,79.31,15.47,15.94,16.3,16.2
2024,1,SA,Hardin Valley Academy Varsity Winter Guard,52.0,11.88,9.82,8.2,12.1
2024,3,SA,Hardin Valley Academy Varsity Winter Guard,66.69,13.88,13.01,14.5,12.7
2024,11,SA,Hardin Valley Academy Varsity Winter Guard,79.94,16.34,14.6,16.3,16.6
2024,4,PSO,Hardin Valley Combined Schools,72.85,22.05,14.2,22.8,13.8
2024,6,PSO,Hardin Valley Combined Schools,79.8,24.1,26.1,15.4,14.2
2024,13,R3,Hardin Valley Combined Schools,80.8,24.6,16.0,24.0,16.2
2024,3,P,Hardin Valley Middle School Winter Guard,61.72,12.28,12.34,12.4,12.2
2024,6,P,Hardin Valley Middle School Winter Guard,71.95,14.34,15.3,13.8,13.9
2024,11,P,Hardin Valley Middle School Winter Guard,80.18,16.14,15.54,16.1,16.2
2024,11,R1,Harriman High School,62.98,12.54,12.14,13.7,12.2
2024,5,SRA,Harriman High School Winter Guard,51.62,12.28,12.34,8.5,10.3
2024,6,R1,Harriman High School Winter Guard,55.691,10.68,11.01,11.3,11.0
2024,11,R1,Harriman High School Winter Guard,62.98,12.54,12.14,13.7,12.2
2024,7,PSO,Harrison Central HS,81.65,24.75,16.6,23.9,16.4
2024,13,R3,Harrison Central HS,83.776,24.225,17.0,25.25,17.3
2024,7,PSA,Harrison HS,73.55,22.05,15.8,22.3,13.4
2024,2,PSA,Helix CHS,71.101,21.3,14.9,21.0,13.9
2024,7,B1,Helix CHS,78.85,24.45,15.7,23.3,15.4
2024,10,R4,Helix CHS,87.85,27.75,18.2,25.0,16.9
2024,11,R1,Helix CHS,91.35,27.75,18.2,27.2,18.2
2024,12,PSA,Helix CHS,86.389,25.763,18.0,25.125,17.5
2024,7,PSA,Hempfield HS,83.95,25.05,17.7,24.7,16.5
2024,13,R4,Hempfield HS,85.876,25.875,17.1,26.65,16.25
2024,0,SA,Hempfield HS Guard,52.36,8.89,11.47,10.5,10.8
2024,2,SA,Hempfield HS Guard,68.08,12.34,12.74,15.9,14.5
2024,8,SA(,Hempfield HS Guard,79.48,16.14,15.34,15.8,16.2
2024,9,SA,Hempfield HS Guard,83.25,17.34,16.41,16.6,16.0
2024,0,SN,Hempfield HS JV Guard,54.74,5.67,11.47,12.4,12.4
2024,2,SN,Hempfield HS JV Guard,68.01,12.34,12.87,15.7,13.3
2024,8,SN(,Hempfield HS JV Guard,77.65,15.61,15.34,15.3,15.0
2024,9,SN,Hempfield HS JV Guard,80.68,16.54,16.14,16.5,15.4
2024,0,P-SA(,Hempfield Indoor Percussion Ensemble,64.35,20.1,18.45,13.4,12.4
2024,4,P-SA(,Hempfield Indoor Percussion Ensemble,74.05,22.2,22.95,15.1,13.8
2024,9,P-SO(,Hempfield Indoor Percussion Ensemble,85.45,25.8,25.35,17.2,17.1
2024,11,P-SO(,Hempfield Indoor Percussion Ensemble,85.825,25.575,26.1,17.2,16.95
2024,2,SA,Henry Clay HS,65.46,13.8,14.26,12.6,12.7
2024,5,SA,Henry Clay HS,68.45,13.81,14.14,13.6,13.8
2024,6,SA,Henry Clay HS,70.79,14.21,11.88,14.8,15.0
2024,8,BR,Henry Clay HS,75.41,16.07,15.94,14.4,14.4
2024,10,BR,Henry Clay HS,79.32,15.48,15.74,15.7,16.1
2024,3,PSA,Henryville HS,63.05,19.4,18.75,12.5,12.4
2024,5,PSA,Henryville HS,67.35,20.4,19.95,13.7,13.3
2024,6,PSA,Henryville HS,66.7,20.5,20.7,12.6,12.9
2024,7,PSA,Henryville HS,66.3,19.9,21.3,12.3,12.8
2024,9,BR,Henryville HS,62.48,12.22,12.16,12.9,13.1
2024,10,PSA,Henryville HS,69.3,20.2,21.3,13.7,14.1
2024,4,PSA,Heritage HS (TN),68.751,20.55,13.2,21.5,13.5
2024,5,PR,Heritage Hills HS,58.72,10.48,10.94,12.1,11.7
2024,6,SRA,Heritage Hills HS,61.3,10.75,10.95,13.5,13.5
2024,7,SRA,Heritage Hills HS,62.151,11.61,12.14,11.8,13.0
2024,6,SJ,Heritage Hills MS,53.56,10.62,10.74,11.3,10.5
2024,7,SJ,Heritage Hills MS,55.82,10.88,11.54,11.2,10.7
2024,1,PSA,Heritage Indoor Percussion Ensemble,66.751,20.3,21.45,12.4,12.6
2024,11,PSA,Heritage Indoor Percussion Ensemble,78.151,23.0,23.85,15.6,15.7
2024,3,SA,Heritage Indoor Performance Ensemble  - HIPE BLUE,63.36,13.02,12.54,13.4,12.3
2024,5,SA,Heritage Indoor Performance Ensemble  - HIPE BLUE,68.92,14.08,14.14,13.6,13.2
2024,8,SA,Heritage Indoor Performance Ensemble  - HIPE BLUE,73.51,14.47,14.34,15.7,14.6
2024,11,SA,Heritage Indoor Performance Ensemble  - HIPE BLUE,76.14,15.27,13.47,15.7,16.1
2024,3,SRA,Heritage Indoor Performance Ensemble - HIPE RED,55.05,10.21,10.74,10.1,12.1
2024,5,SRA,Heritage Indoor Performance Ensemble - HIPE RED,51.61,9.95,10.21,10.0,11.65
2024,11,R1,Heritage Indoor Performance Ensemble - HIPE RED,65.28,12.34,12.74,14.2,12.7
2024,7,PSO,Hernando HS,86.7,26.4,17.5,25.6,17.2
2024,13,R1,Hernando HS,85.05,26.4,16.1,25.45,17.1
2024,7,PSA,Herriman HS,69.551,20.85,14.0,20.5,14.2
2024,5,PSA,Hialeah Gardens HS,77.15,24.45,15.5,22.8,14.4
2024,13,R4,Hialeah Gardens HS,85.876,25.875,16.8,26.35,16.85
2024,7,PSA,Hickory HS,85.95,26.55,17.7,25.9,15.8
2024,5,SJ,Highland Hills MS,57.69,11.68,10.81,12.4,10.7
2024,7,SJ,Highland Hills MS,60.06,11.88,12.08,11.8,11.5
2024,9,SJ,Highland Hills MS,66.35,13.41,13.54,13.1,13.3
2024,10,SJ,Highland Hills MS,70.44,12.74,14.0,14.7,14.3
2024,6,PSA,Highland Park HS,77.15,20.85,15.2,26.0,15.1
2024,4,PSA,Highland Regional,74.05,23.0,21.9,14.45,14.7
2024,5,PSA,Highland Regional,75.65,24.0,21.15,14.8,15.7
2024,6,PSA,Highland Regional,83.2,24.95,26.25,15.6,16.4
2024,11,PSO,Highland Regional,82.95,25.0,25.35,15.4,17.2
2024,12,PSO,Highland Regional,84.95,26.2,25.95,16.7,16.1
2024,9,PSO,Highland Regional HS,82.475,24.525,17.0,25.05,15.9
2024,1,SA,Highlands HS,52.0,8.81,9.49,11.2,11.1
2024,3,SA,Highlands HS,61.89,11.08,13.41,12.3,12.6
2024,6,SA,Highlands HS,71.15,14.81,14.94,14.3,13.6
2024,7,SA,Highlands HS,72.65,15.21,14.94,14.0,14.9
2024,8,PR,Highlands HS,73.91,15.34,14.67,15.2,14.0
2024,10,BR,Highlands HS,76.14,15.4,15.34,15.2,15.4
2024,6,PSA,Higley HS,68.65,19.2,16.0,19.4,14.05
2024,2,PSA,Hilton,66.3,20.2,19.2,13.3,13.6
2024,4,PSA,Hilton,68.051,20.6,20.55,13.1,13.8
2024,6,PSA,Hilton,71.501,20.8,21.3,14.9,14.5
2024,9,PSA,Hilton,77.2,23.2,23.4,15.4,15.2
2024,11,PSA,Hilton,78.85,24.5,22.5,15.6,16.25
2024,6,PSW,Homestead HS,81.1,24.0,16.7,23.8,16.6
2024,9,PSW,Homestead HS,85.876,25.725,17.25,25.9,17.0
2024,11,PSW,Homestead HS,87.351,26.25,17.8,25.9,17.4
2024,13,R2,Homestead HS,88.689,26.587,17.1,27.05,17.95
2024,4,PSA,Homestead Indoor Percussion,74.55,22.65,14.1,23.0,14.8
2024,7,PSA,Homestead Indoor Percussion,82.45,25.05,14.6,25.9,16.9
2024,8,PSA,Homestead Indoor Percussion,80.501,24.3,15.2,24.2,16.8
2024,2,PSA,Hoover HS,72.9,20.7,13.8,22.8,15.6
2024,6,PSO,Hoover HS,76.3,24.3,14.7,23.1,14.2
2024,8,PSO,Hoover HS,75.601,23.1,15.0,22.2,15.3
2024,11,R2,Hoover HS,76.1,21.9,14.0,25.2,15.0
2024,4,GHSSRAB,Hoover HS Winterguard,51.321,106.8,85.4,12.7,9.6
2024,8,GHSSRAB,Hoover HS Winterguard,58.831,122.7,126.6,11.3,11.5
2024,11,GHSSRAB,Hoover HS Winterguard,60.901,121.4,122.6,12.6,11.7
2024,7,GSN,Hope Varsity Winter Guard,84.08,15.46,15.72,16.6,19.2
2024,10,GSRB,Hope Varsity Winter Guard,82.84,16.32,16.52,16.6,16.5
2024,11,GSRB,Hope Varsity Winter Guard,84.96,16.66,16.8,17.4,17.1
2024,4,PSA,Hopewell Valley Central,73.351,21.0,23.55,13.6,15.2
2024,5,PSA,Hopewell Valley Central,70.3,21.8,19.5,13.7,15.3
2024,8,PSA,Hopewell Valley Central,80.476,24.3,25.575,16.0,14.6
2024,11,PSA,Hopewell Valley Central,82.201,25.1,24.9,15.2,17.0
2024,12,BD,Hopewell Valley Central,87.15,26.3,27.15,15.5,18.2
2024,9,PSA,Hopewell Valley Central HS,79.25,24.75,15.4,24.7,14.4
2024,6,PSA,Horizon Combined Schools,83.65,25.2,18.4,23.65,16.4
2024,13,R1,Horizon Combined Schools,81.851,24.75,16.3,24.5,16.3
2024,7,PIA,Horizon Percussion,76.7,22.2,16.0,21.6,16.9
2024,9,PIA,Horizon Percussion,82.45,23.85,17.4,24.0,17.2
2024,9,PSA-C,Hornell Intermediate,53.6,16.4,16.2,10.0,11.0
2024,11,PSA-C,Hornell Intermediate,80.55,25.1,25.65,14.6,15.2
2024,6,PSA,Hudsonville HS,78.95,23.85,16.6,23.5,15.0
2024,13,R4,Hudsonville HS,83.151,24.45,17.15,23.3,18.25
2024,3,PSA,Hudsonville Winter Percussion,68.25,20.55,13.9,20.3,13.5
2024,8,PSA,Hudsonville Winter Percussion,80.0,24.75,16.2,22.75,16.3
2024,9,PSA,Hudsonville Winter Percussion,79.95,25.05,15.7,22.8,16.4
2024,12,PSA,Hudsonville Winter Percussion,84.75,25.125,17.25,25.525,16.85
2024,4,PRA,Huntington North Winter Percussion,62.95,17.55,12.2,19.7,13.5
2024,6,PRA,Huntington North Winter Percussion,59.151,17.55,11.0,19.3,11.3
2024,8,PRA,Huntington North Winter Percussion,65.501,18.9,13.3,19.9,13.4
2024,9,PRA,Huntington North Winter Percussion,61.775,18.975,12.325,18.9,11.575
2024,5,PIA,Huron Valley Percussion,73.8,20.4,15.7,22.2,15.5
2024,6,PIA,Huron Valley Percussion,75.95,22.35,15.1,23.2,15.3
2024,9,PIO,Huron Valley Percussion,78.45,23.25,16.1,23.0,16.1
2024,12,PIO,Huron Valley Percussion,79.825,23.775,16.55,23.4,16.1
2024,13,R4,Huron Valley Percussion,81.189,24.038,17.45,22.95,16.75
2024,4,IRA,IGNITE,51.53,11.48,10.55,10.0,9.3
2024,7,IRA,IGNITE,56.28,11.29,10.89,10.7,11.1
2024,9,IRA,IGNITE,63.57,11.69,11.88,12.9,14.9
2024,10,IRA,IGNITE,66.82,14.61,12.21,13.7,13.4
2024,3,PIA,IGNITE Winter Percussion,58.3,17.1,12.0,17.4,11.8
2024,6,PIA,IGNITE Winter Percussion,68.6,21.0,13.0,20.8,13.8
2024,8,PIA,IGNITE Winter Percussion,70.6,19.8,15.0,23.0,12.8
2024,11,PIA,IGNITE Winter Percussion,71.775,21.075,14.35,21.85,14.5
2024,13,PIA,IGNITE Winter Percussion,79.963,24.112,15.75,24.0,16.1
2024,8,PIO,IMPACT Percussion,86.7,26.1,17.5,25.8,17.3
2024,13,PIO,IMPACT Percussion,96.35,28.875,19.375,28.8,19.3
2024,4,PIA,Impulse Drumline (OH),62.4,18.0,12.2,19.7,12.5
2024,13,PIA,Impulse Drumline (OH),81.975,24.375,16.85,24.15,16.6
2024,5,PIW,Infinity,87.4,27.0,16.6,26.8,17.0
2024,13,PIW,Infinity,94.726,28.95,18.85,28.225,18.7
2024,5,PIW,Infinity 2,80.65,24.75,14.9,25.3,15.7
2024,13,R2,Infinity 2,85.375,25.95,17.4,25.075,16.95
2024,5,PIO,Infinity 3,80.0,24.0,15.5,25.0,15.5
2024,13,R1,Infinity 3,88.276,27.15,18.25,25.8,17.075
2024,3,PIO,Instinct,75.15,21.15,14.5,23.8,15.7
2024,8,PIO,Instinct,79.75,24.15,16.5,23.0,16.1
2024,9,PIO,Instinct,82.601,23.7,17.9,24.4,16.6
2024,11,PIO,Instinct,79.45,22.95,16.0,23.5,17.0
2024,13,R2,Instinct,83.489,24.487,17.125,24.9,16.975
2024,8,PSO,Irondale Combined Schools,85.45,26.55,17.6,24.8,16.5
2024,13,R1,Irondale Combined Schools,88.001,27.075,17.85,25.3,17.775
2024,6,PSA,Ironwood Ridge HS,71.275,19.875,14.3,22.25,14.85
2024,4,SA,James Buchanan HS Guard,59.88,12.14,11.34,12.2,12.2
2024,7,SA,James Buchanan HS Guard,61.69,12.21,12.28,12.5,12.8
2024,9,SA,James Buchanan HS Guard,64.72,13.14,12.48,13.1,12.8
2024,1,P-SA(,James Buchanan HS Percussion,58.1,18.9,18.0,9.9,11.3
2024,4,P-SA(,James Buchanan HS Percussion,62.3,17.7,19.2,12.5,12.9
2024,7,P-SRA(,James Buchanan HS Percussion,67.85,22.2,18.75,14.0,12.9
2024,9,P-SRA(,James Buchanan HS Percussion,69.725,22.8,18.825,14.0,14.1
2024,11,P-SRA(,James Buchanan HS Percussion,75.4,21.975,22.575,15.2,15.65
2024,13,R1,James Logan HS,85.163,26.212,16.95,24.75,17.25
2024,1,PSRA,Jefferson County High School Indoor Percussion,59.201,18.7,18.3,11.0,11.2
2024,6,PSRA,Jefferson County High School Indoor Percussion,72.45,21.2,23.25,13.9,14.1
2024,11,PSRA,Jefferson County High School Indoor Percussion,76.9,24.4,22.8,14.5,15.2
2024,7,PSA,Jefferson Forest HS,71.0,20.7,12.6,22.9,14.8
2024,6,SRA,Jeffersonville HS,58.161,12.48,12.08,11.5,11.3
2024,7,SRA,Jeffersonville HS,61.241,12.42,11.62,12.1,13.6
2024,8,BR,Jeffersonville HS,65.53,13.22,14.01,12.6,12.6
2024,9,BR,Jeffersonville HS,67.101,13.35,12.75,12.5,14.2
2024,10,PR,Jeffersonville HS,69.131,14.42,12.61,14.0,14.1
2024,8,PSA,Jenks HS,78.326,23.175,16.5,23.2,15.45
2024,8,PSA,John Adams Indoor Percussion,67.0,19.2,12.3,23.0,12.5
2024,9,R1,John Adams Indoor Percussion,70.35,19.95,13.75,22.2,14.45
2024,8,PSA,John B Alexander HS,76.0,23.1,14.8,22.6,15.5
2024,9,PSA,John C. Birdlebough HS,82.801,25.8,15.8,23.9,17.3
2024,13,R4,John C. Birdlebough HS,83.651,25.8,16.825,23.55,17.475
2024,2,SA,John Hardin HS,66.32,13.81,13.21,13.0,12.8
2024,6,SA,John Hardin HS,72.251,14.27,14.28,15.7,13.8
2024,7,SA,John Hardin HS,75.38,14.88,15.6,14.7,14.8
2024,8,SA,John Hardin HS,77.881,15.94,15.54,15.5,15.5
2024,10,PR,John Hardin HS,77.871,15.0,15.87,15.2,16.0
2024,6,PSO,John Marshall HS,74.501,22.8,16.0,21.4,14.3
2024,8,PSO,John Marshall HS,74.501,22.2,14.9,22.5,14.9
2024,9,PSA,John P. Stevens HS,69.75,22.35,12.9,21.5,13.0
2024,2,PSA,Jordan Elbridge,73.05,22.7,23.25,13.7,13.4
2024,4,PSA,Jordan Elbridge,74.15,22.5,24.15,13.3,14.2
2024,5,PSA,Jordan Elbridge,73.05,22.8,21.45,14.5,14.3
2024,7,PSA,Jordan Elbridge,81.2,24.1,24.9,16.1,16.1
2024,11,PSA,Jordan Elbridge,88.45,27.3,26.25,17.0,17.9
2024,9,PSA,Jordan-Elbridge HS,82.701,24.3,17.1,24.85,16.45
2024,8,PSA,Judson HS,81.201,24.0,16.0,24.8,16.4
2024,8,PSO,Kamiak HS,87.25,26.55,17.7,25.6,17.4
2024,9,PSO,Kamiak HS,90.925,27.675,18.65,26.8,17.8
2024,6,PSA,Karns HS,75.1,21.3,16.3,21.5,16.0
2024,1,SRA,Karns High School JV Guard,51.25,8.61,12.94,7.4,11.5
2024,3,SRA,Karns High School JV Guard,62.67,12.28,12.34,10.85,14.1
2024,8,SRA,Karns High School JV Guard,66.75,12.74,13.41,13.2,13.6
2024,11,R1,Karns High School JV Guard,73.011,14.07,14.54,15.5,14.2
2024,3,SA,Karns High School Varsity Winter Guard,64.09,13.35,12.34,14.0,13.1
2024,8,SA,Karns High School Varsity Winter Guard,72.83,14.28,14.15,15.5,14.4
2024,11,SA,Karns High School Varsity Winter Guard,72.92,15.08,12.34,15.6,15.2
2024,1,PSA,Karns Indoor Percussion,68.35,21.6,21.75,12.0,13.0
2024,11,PSA,Karns Indoor Percussion,83.75,25.3,25.05,16.8,16.6
2024,5,P,Karns Middle School Winterguard,59.25,12.74,13.01,12.3,11.0
2024,6,P,Karns Middle School Winterguard,64.55,13.01,12.3,12.5,13.6
2024,11,P,Karns Middle School Winterguard,75.48,15.34,15.34,15.1,15.5
2024,6,PSO,Keller HS,77.8,23.4,15.1,23.8,15.5
2024,8,PSO,Keller HS,78.9,24.3,14.6,23.4,16.6
2024,4,PSO,Kettering Fairmont HS,77.0,24.0,14.6,23.5,14.9
2024,13,PSO,Kettering Fairmont HS,96.45,29.325,19.5,28.8,18.825
2024,6,PSA,Kickapoo HS,83.6,25.2,17.0,25.1,16.3
2024,13,R2,Kickapoo HS,91.975,27.525,18.15,27.5,18.8
2024,4,PSA,Kings HS,71.35,21.15,13.7,22.7,13.8
2024,13,R1,Kings HS,86.85,26.1,17.05,25.9,17.8
2024,1,GHSSAG,Kingsburg HS Winterguard,64.01,131.6,119.5,13.1,13.3
2024,4,GHSSAG,Kingsburg HS Winterguard,67.111,123.5,125.6,14.7,13.7
2024,8,GHSSAG,Kingsburg HS Winterguard,75.07,158.2,149.5,15.4,14.2
2024,11,R1,Kingston,75.84,14.6,12.94,15.9,16.4
2024,6,PSA,Kingsway Regional HS,72.6,22.1,19.65,14.55,16.3
2024,8,PSA,Kingsway Regional HS,75.551,24.8,21.75,14.6,14.4
2024,11,PSA,Kingsway Regional HS,77.125,24.45,23.175,14.2,15.3
2024,12,BD,Kingsway Regional HS,81.251,25.1,24.6,15.4,16.15
2024,11,R1,Knoxville,78.11,15.27,14.74,16.5,15.9
2024,11,SRA,Knoxville Central High School Junior Varsity Winterguard,56.38,11.34,11.14,11.4,11.3
2024,5,SRA,Knoxville Central High School Varisty Winterguard,60.791,10.49,12.4,12.0,13.9
2024,6,R1,Knoxville Central High School Varisty Winterguard,63.88,12.54,12.74,12.5,11.8
2024,11,R2,Knoxville Central High School Varisty Winterguard,74.01,14.47,14.34,15.9,14.8
2024,6,PIO,LINEA,75.0,22.5,15.5,23.0,14.0
2024,2,PSO,La Canada HS,70.9,21.0,14.0,20.2,15.7
2024,6,PSO,La Canada HS,70.25,21.45,13.4,22.1,13.3
2024,7,PSO,La Canada HS,76.326,23.625,15.3,23.2,14.2
2024,11,R1,La Canada HS,74.85,21.6,15.0,23.45,14.8
2024,7,B1,La Costa Canyon HS,59.501,18.6,12.0,17.0,11.9
2024,6,B2,La Habra HS,74.15,23.25,15.1,21.2,14.6
2024,8,B1,La Habra HS,82.35,25.35,17.9,23.5,15.6
2024,10,R2,La Habra HS,83.901,26.7,15.1,24.9,17.2
2024,11,R1,La Habra HS,84.101,25.8,16.95,24.9,16.45
2024,8,GJHSA,La Joya MS Winterguard,58.15,120.1,123.4,12.2,10.8
2024,11,GJHSA,La Joya MS Winterguard,59.381,119.4,129.4,11.5,12.0
2024,3,B2,La Mirada HS,68.35,19.05,13.6,22.3,13.4
2024,6,B2,La Mirada HS,72.1,22.5,13.6,22.3,13.7
2024,8,B1,La Mirada HS,81.1,27.0,16.2,23.3,14.6
2024,10,R4,La Mirada HS,82.7,26.4,15.0,24.9,16.4
2024,6,P-SRA(,La Plata HS Percussion,75.35,22.65,24.0,14.4,14.3
2024,7,P-SA(,La Plata HS Percussion,70.9,21.75,21.45,13.7,14.0
2024,8,P-SA(,La Plata HS Percussion,80.251,24.3,25.35,14.8,15.8
2024,9,P-SA(,La Plata HS Percussion,78.801,24.15,24.75,15.1,14.8
2024,11,P-SA(,La Plata HS Percussion,78.038,23.363,23.925,15.15,15.6
2024,8,PSA,La Porte HS,86.8,26.4,18.2,24.9,17.3
2024,3,B2,La Quinta HS,66.951,18.15,13.4,21.4,14.0
2024,6,B1,La Quinta HS,71.851,22.05,13.7,22.8,13.3
2024,10,R1,La Quinta HS,83.451,24.45,17.5,25.5,16.0
2024,3,PR,LaRue Co HS,52.81,11.4,11.61,10.2,10.9
2024,4,SRA,LaRue Co HS,53.58,10.35,10.53,11.3,11.4
2024,6,SRA,LaRue Co HS,55.521,11.34,10.88,10.8,10.4
2024,9,PR,LaRue Co HS,65.911,13.34,13.47,12.4,13.2
2024,2,SA,Lafayette HS,70.39,13.68,14.21,14.4,14.0
2024,5,SA,Lafayette HS,75.45,14.61,14.94,15.4,15.4
2024,6,SA,Lafayette HS,80.98,16.14,16.14,16.7,16.1
2024,10,BR,Lafayette HS,87.81,16.87,17.74,17.9,17.5
2024,2,SRA,Lafayette HS - JV,61.7,12.76,12.54,13.2,11.6
2024,5,SRA,Lafayette HS - JV,63.46,13.35,13.61,12.6,12.1
2024,6,SRA,Lafayette HS - JV,69.31,14.14,14.67,13.9,13.3
2024,9,BR,Lafayette HS - JV,82.19,16.48,17.41,15.6,16.3
2024,10,SRA,Lafayette HS - JV,85.21,17.34,17.87,16.5,17.5
2024,7,PIO,Lafourche Indoor Percussion,80.35,24.45,16.4,23.2,16.3
2024,9,PSA,Laguna Creek HS,80.776,23.925,16.7,23.8,16.35
2024,6,B2,Laguna Hills HS,66.251,19.95,13.4,20.5,12.4
2024,7,B1,Laguna Hills HS,66.251,19.05,13.3,20.8,13.1
2024,8,B2,Laguna Hills HS,70.9,21.6,13.2,23.5,12.6
2024,10,R3,Laguna Hills HS,72.95,22.35,14.6,22.1,13.9
2024,6,PIA,Lake Effect Percussion,74.9,21.3,14.9,22.7,16.0
2024,7,PIA,Lake Effect Percussion,74.75,22.35,14.8,22.9,14.7
2024,9,PIA,Lake Effect Percussion,77.5,23.4,15.7,22.8,15.6
2024,12,PIA,Lake Effect Percussion,82.525,23.925,16.9,25.15,16.55
2024,13,PIA,Lake Effect Percussion,89.55,27.6,17.55,27.6,16.8
2024,7,PSA,Lake Hamilton Indoor Percussion,77.7,24.0,24.0,14.8,14.9
2024,10,PSA,Lake Hamilton Indoor Percussion,79.6,23.5,22.2,17.4,16.5
2024,11,PSA,Lake Hamilton Indoor Percussion,81.55,23.0,24.45,17.0,17.1
2024,5,PSJ,Lake Hamilton Junior Indoor Percussion,60.05,20.7,19.35,10.0,10.0
2024,7,PSJ,Lake Hamilton Junior Indoor Percussion,62.45,21.4,19.95,10.7,10.4
2024,11,PSJ,Lake Hamilton Junior Indoor Percussion,65.75,22.6,20.25,10.1,12.8
2024,5,GSA,Lake Hamilton Varsity Winter Guard,78.98,16.94,16.74,14.4,15.1
2024,11,GSA,Lake Hamilton Varsity Winter Guard,83.27,17.14,17.53,16.5,16.0
2024,6,PSO,Lake Orion HS,76.05,22.65,15.1,23.3,15.0
2024,13,R2,Lake Orion HS,78.55,22.95,15.1,24.35,16.15
2024,5,PSO,Lake Orion Percussion,72.5,22.2,14.5,21.5,14.3
2024,7,PSO,Lake Orion Percussion,75.9,22.8,14.8,22.9,15.4
2024,12,PSO,Lake Orion Percussion,84.675,25.425,16.65,26.0,16.6
2024,4,PSA,Lakeway Christian Academy,73.4,22.2,13.4,23.0,14.8
2024,6,PSA,Lakeway Christian Academy,73.1,21.9,14.7,21.4,15.1
2024,13,R3,Lakeway Christian Academy,78.375,22.725,15.95,23.55,16.15
2024,1,PSA,Lakeway Christian Academy Percussion,69.7,20.2,21.9,14.2,13.4
2024,11,PSA,Lakeway Christian Academy Percussion,78.601,24.0,23.7,15.5,15.4
2024,6,R1,Lakeway Christian Academy Winterguard,56.491,11.28,11.41,11.2,11.7
2024,11,R2,Lakeway Christian Academy Winterguard,65.52,13.21,12.21,13.9,13.1
2024,1,SA,Lakota West,55.92,9.28,10.94,12.0,12.0
2024,4,SA,Lakota West,71.6,13.54,14.46,14.5,14.8
2024,7,SA,Lakota West,81.08,16.21,16.27,16.4,16.3
2024,8,SA,Lakota West,82.78,16.74,16.94,16.4,16.5
2024,10,PR,Lakota West,84.11,16.34,16.67,17.2,16.9
2024,1,SRA,Lakota West JV,51.23,10.75,10.08,10.2,10.6
2024,4,SRA,Lakota West JV,60.3,11.34,12.06,12.1,12.8
2024,8,BR,Lakota West JV,70.64,13.27,14.67,14.3,13.4
2024,9,PR,Lakota West JV,70.55,13.68,13.3,14.6,14.5
2024,10,BR,Lakota West JV,73.53,14.86,15.07,14.4,14.3
2024,13,R2,Lambert HS,84.088,25.688,16.05,25.4,16.95
2024,1,SA,Larry A Ryle HS,62.92,11.96,12.16,12.8,12.7
2024,2,SA,Larry A Ryle HS,72.19,14.48,14.41,14.2,14.7
2024,4,SA,Larry A Ryle HS,73.95,14.14,14.01,15.2,15.2
2024,7,SA,Larry A Ryle HS,82.31,16.74,16.87,16.1,16.6
2024,8,SA,Larry A Ryle HS,85.21,17.34,17.47,16.9,16.6
2024,10,BR,Larry A Ryle HS,86.13,16.86,17.27,17.3,17.2
2024,1,SRA,Larry A Ryle HS JV,57.23,11.08,10.75,11.6,12.1
2024,2,SRA,Larry A Ryle HS JV,66.32,13.48,12.94,13.4,13.1
2024,4,SRA,Larry A Ryle HS JV,69.47,13.34,14.2,13.4,14.2
2024,7,SRA,Larry A Ryle HS JV,77.08,15.74,15.74,15.9,14.2
2024,8,SRA,Larry A Ryle HS JV,81.61,15.87,16.14,16.5,16.7
2024,9,BR,Larry A Ryle HS JV,85.4,17.2,17.4,17.1,16.9
2024,8,GJHSA,Laton Middle School,51.731,101.5,102.8,10.1,10.6
2024,11,GJHSA,Laton Middle School,51.19,98.8,100.1,9.6,10.8
2024,3,PSA,Lawrence Township Winter Percussion,64.701,19.2,13.8,18.9,12.8
2024,5,PSA,Lawrence Township Winter Percussion,78.05,23.4,15.05,24.2,15.4
2024,8,PSA,Lawrence Township Winter Percussion,82.45,25.65,15.8,25.5,15.5
2024,9,R1,Lawrence Township Winter Percussion,83.525,25.65,15.575,26.7,15.6
2024,11,PSA,Lawrence Township Winter Percussion,88.501,26.1,17.1,27.2,18.1
2024,4,PRA,Lebanon Indoor Percussion,63.5,19.8,11.6,18.7,13.4
2024,5,PRA,Lebanon Indoor Percussion,64.001,17.4,12.9,19.5,14.2
2024,7,PRA,Lebanon Indoor Percussion,62.801,19.2,12.4,19.0,12.2
2024,9,PRA,Lebanon Indoor Percussion,70.401,21.825,13.15,21.95,13.475
2024,8,PSA,Lees Summit HS,75.1,23.7,14.8,22.1,14.5
2024,6,GSB,Legacy Winter Guard,63.65,11.67,11.48,13.5,13.9
2024,10,GSRA,Legacy Winter Guard,74.42,13.56,14.06,15.4,15.5
2024,11,GSRA,Legacy Winter Guard,77.7,14.52,14.58,16.1,16.3
2024,7,PSO,Legacy Winter Percussion Ensemble,81.2,24.3,16.2,24.2,16.5
2024,11,R1,Leigh HS,75.9,21.3,14.7,24.8,15.1
2024,1,GHSSAG,Lemoore HS A Winterguard,61.98,120.9,119.4,12.6,12.7
2024,4,GHSSAG,Lemoore HS A Winterguard,70.27,148.1,123.6,14.7,14.1
2024,6,GHSSAG,Lemoore HS A Winterguard,72.92,140.1,14.9,14.3,14.3
2024,11,GHSSAG,Lemoore HS A Winterguard,83.71,166.7,163.4,17.1,16.8
2024,6,PHSSO,Lemoore HS Percussion,76.1,22.2,22.8,14.7,16.4
2024,8,PHSSO,Lemoore HS Percussion,81.05,24.2,23.85,16.2,16.8
2024,11,R2,Lenoir City High School,66.11,13.67,12.94,14.1,12.7
2024,6,SRA,Lenoir City High School Junior Varsity,52.06,11.08,10.88,9.9,10.2
2024,11,R2,Lenoir City High School Junior Varsity,66.11,13.67,12.94,14.1,12.7
2024,5,SRA,Lenoir City Winter Guard,54.625,10.655,10.02,11.9,13.05
2024,6,R2,Lenoir City Winter Guard,61.621,11.88,12.1,11.8,12.7
2024,11,R1,Lenoir City Winter Guard,72.431,12.74,13.14,15.7,15.1
2024,6,PSA,Lewisville HS,83.65,24.15,16.7,26.0,16.8
2024,2,IW,Lexis Winter Guard,72.6,14.5,14.6,14.8,14.7
2024,6,IW,Lexis Winter Guard,82.1,16.5,16.2,16.8,16.5
2024,8,IW,Lexis Winter Guard,87.0,17.5,17.3,17.4,17.2
2024,10,IW,Lexis Winter Guard,86.9,18.1,17.2,17.4,16.9
2024,9,PSO,Liberty HS (CA),77.325,24.225,15.8,22.4,14.9
2024,8,PSA,Liberty HS (OR),76.1,23.1,15.9,21.8,15.3
2024,1,GHSSRAB,Liberty HS Winterguard,55.09,108.0,101.4,11.6,11.35
2024,4,GHSSRAB,Liberty HS Winterguard,60.22,128.1,102.1,12.6,12.4
2024,8,GHSSRAB,Liberty HS Winterguard,60.291,119.5,117.4,12.5,12.7
2024,11,GHSSRAB,Liberty HS Winterguard,63.791,132.1,120.8,13.7,12.0
2024,6,PJHSA,Liberty MS Percussion,70.65,22.5,21.45,13.9,12.8
2024,8,PJHSA,Liberty MS Percussion,74.0,22.4,21.9,14.6,15.1
2024,11,PJHSA,Liberty MS Percussion,80.65,23.7,25.35,16.0,15.6
2024,1,GJHSO,Liberty MS Winterguard,53.94,102.3,108.1,11.2,11.3
2024,6,GJHSO,Liberty MS Winterguard,56.76,96.8,118.8,11.9,12.3
2024,8,GJHSO,Liberty MS Winterguard,64.37,134.9,128.8,12.6,14.3
2024,11,GJHSO,Liberty MS Winterguard,65.09,134.1,126.8,13.4,12.6
2024,4,PSA,Lincoln-Way Community Schools,71.95,22.05,14.6,21.5,13.8
2024,6,PSA,Lincoln-Way Community Schools,72.45,21.15,14.2,22.9,14.2
2024,13,R2,Lincoln-Way Community Schools,76.575,22.425,14.8,24.15,15.2
2024,11,PIO,Linea,75.201,23.4,14.1,22.6,15.1
2024,3,SA,Linganore HS Guard,60.76,12.61,13.15,10.9,11.8
2024,4,SA,Linganore HS Guard,62.02,13.01,12.21,11.4,12.7
2024,6,SA,Linganore HS Guard,64.53,12.75,12.48,12.5,13.5
2024,7,SA,Linganore HS Guard,68.07,13.62,13.35,13.2,13.9
2024,8,SA,Linganore HS Guard,70.76,14.35,14.61,13.4,14.0
2024,9,SA,Linganore HS Guard,73.83,14.82,15.21,14.9,14.7
2024,11,CP-SA(,Linganore HS Percussion,87.5,42.5,42.9,44.4,45.2
2024,0,P-SA(,Littlestown HS Percussion,59.45,16.95,17.7,13.1,11.7
2024,1,P-SA(,Littlestown HS Percussion,63.4,19.5,19.2,12.3,12.4
2024,3,P-SA(,Littlestown HS Percussion,71.1,21.75,20.25,14.2,14.9
2024,5,P-SA(,Littlestown HS Percussion,73.3,22.8,22.2,14.1,14.2
2024,8,P-SA(,Littlestown HS Percussion,86.95,26.85,26.4,17.1,16.6
2024,9,P-SA(,Littlestown HS Percussion,85.55,27.15,24.0,17.8,16.6
2024,11,P-SA(,Littlestown HS Percussion,84.138,25.613,25.725,16.85,15.95
2024,2,PSA,Liverpool,66.601,21.2,20.4,12.6,12.4
2024,3,PSA,Liverpool,71.1,22.0,22.8,13.4,12.9
2024,4,PSA,Liverpool,69.751,22.1,21.75,12.8,13.1
2024,6,PSA,Liverpool,74.3,22.6,22.2,15.3,14.2
2024,7,PSA,Liverpool,79.9,24.9,24.6,15.2,15.2
2024,11,PSA,Liverpool,82.126,25.8,23.925,16.0,16.4
2024,9,PSA,Liverpool HS,77.35,24.75,13.5,24.0,15.1
2024,13,R2,Liverpool HS,80.751,23.175,15.95,25.725,15.9
2024,5,PSA,Londonderry HS,66.1,19.8,13.0,20.8,12.5
2024,7,PSA,Longmont Combined Schools,80.95,23.85,16.2,24.3,16.6
2024,13,R4,Longmont Combined Schools,87.189,26.137,17.25,26.45,17.35
2024,3,B2,Los Alamitos HS,79.55,23.55,15.6,24.8,15.6
2024,5,PSA,Los Alamitos HS,81.35,23.85,16.2,24.9,16.4
2024,7,B2,Los Alamitos HS,80.75,24.45,16.2,24.1,16.0
2024,9,PSA,Los Alamitos HS,88.2,26.4,18.2,26.4,17.2
2024,10,R3,Los Alamitos HS,94.45,28.05,19.0,28.9,18.5
2024,11,R2,Los Alamitos HS,92.45,28.35,18.6,27.0,18.5
2024,12,PSA,Los Alamitos HS,91.75,27.15,18.7,27.35,18.55
2024,5,PIO,Lotus,74.5,23.3,23.4,13.6,14.2
2024,6,PIO,Lotus,78.3,23.2,23.4,16.3,15.4
2024,11,PIO,Lotus,84.35,25.6,24.75,17.2,16.8
2024,7,PIO,Lotus Indoor Percussion,75.5,22.8,15.0,22.6,15.1
2024,6,SN,Loudoun County HS Guard,71.88,13.47,14.41,15.0,14.5
2024,7,SN,Loudoun County HS Guard,72.91,13.74,15.07,14.7,14.7
2024,9,SN,Loudoun County HS Guard,80.61,16.27,15.54,16.3,16.1
2024,3,SN,Loudoun County High School Guard,69.08,13.34,13.34,14.9,14.6
2024,6,SN,Loudoun Valley HS Guard,67.15,12.54,13.61,14.4,13.2
2024,7,PSO,Loveland HS,78.65,23.85,15.8,23.7,15.3
2024,9,PSA,Lower Dauphin HS,86.013,25.762,17.35,25.675,17.225
2024,13,R1,Lower Dauphin HS,84.4,24.6,16.25,27.75,15.8
2024,0,P-SA(,Lower Dauphin HS Percussion,60.6,18.0,18.9,11.9,11.8
2024,1,P-SA(,Lower Dauphin HS Percussion,66.65,20.85,20.7,12.9,12.2
2024,8,P-SA(,Lower Dauphin HS Percussion,75.55,22.35,21.0,16.1,16.1
2024,11,P-SA(,Lower Dauphin HS Percussion,87.75,25.95,27.075,17.4,17.325
2024,6,SRA,Lynchburg Clay HS,54.22,10.94,10.28,11.4,10.2
2024,8,BR,Lynchburg Clay HS,60.831,12.35,12.08,11.4,12.5
2024,2,IA,Lyra Winterguard,60.13,12.22,12.81,11.7,11.5
2024,6,IA,Lyra Winterguard,68.61,13.54,14.07,13.4,13.1
2024,7,IA,Lyra Winterguard,69.63,14.22,14.21,14.4,12.8
2024,8,IA,Lyra Winterguard,72.72,14.81,14.41,14.4,14.4
2024,10,IA,Lyra Winterguard,74.74,15.53,14.61,14.5,15.3
2024,6,PIA,M3,83.05,25.05,16.6,25.5,15.9
2024,13,PIA,M3,93.425,28.275,18.5,28.35,18.3
2024,8,PIW,MBI Indoor Percussion,83.9,25.2,17.0,25.1,16.6
2024,13,R2,MBI Indoor Percussion,84.3,26.025,17.275,24.75,16.25
2024,2,SA,Madeira HS,56.481,12.27,11.41,10.7,11.2
2024,4,SA,Madeira HS,59.42,12.14,11.08,12.4,12.1
2024,5,SA,Madeira HS,60.491,12.41,11.68,12.2,12.1
2024,8,PR,Madeira HS,68.051,13.61,13.74,13.9,13.2
2024,10,BR,Madeira HS,69.921,14.34,13.88,13.9,14.3
2024,4,PHSSA,Madera HS Winter Percussion,66.501,18.6,21.3,13.8,12.8
2024,8,PHSSA,Madera HS Winter Percussion,77.701,23.9,23.1,15.2,15.5
2024,1,GHSSAS,Madera HS Winterguard,58.69,108.1,108.8,11.9,12.6
2024,4,GHSSAS,Madera HS Winterguard,63.39,124.1,114.8,13.9,12.8
2024,6,GHSSAS,Madera HS Winterguard,66.45,140.8,13.5,13.4,12.4
2024,8,GHSSAS,Madera HS Winterguard,68.61,141.3,144.8,13.5,13.9
2024,11,GHSSAS,Madera HS Winterguard,76.01,148.1,160.0,14.6,15.2
2024,4,PHSSRA,Madera South HS Percussion,61.651,17.0,19.35,13.3,12.0
2024,6,PHSSRA,Madera South HS Percussion,72.45,21.3,22.05,15.0,14.1
2024,8,PHSSRA,Madera South HS Percussion,75.0,22.1,22.5,15.1,15.3
2024,4,GHSSRAS,Madera South HS Winterguard,65.69,132.8,118.1,12.6,13.4
2024,6,GHSSRAS,Madera South HS Winterguard,69.95,146.6,124.9,13.6,15.5
2024,8,GHSSRAG,Madera South HS Winterguard,73.36,147.2,143.4,14.2,15.4
2024,11,GHSSRAG,Madera South HS Winterguard,78.71,161.4,148.7,17.3,15.3
2024,2,SA,Madison Central HS,65.021,12.87,12.75,12.9,13.3
2024,5,SA,Madison Central HS,72.49,13.88,13.81,14.9,15.0
2024,6,SA,Madison Central HS,76.88,14.81,15.87,15.5,14.9
2024,8,SA,Madison Central HS,81.18,15.41,15.87,16.6,16.7
2024,10,BR,Madison Central HS,78.24,15.73,15.21,15.7,16.3
2024,2,SRA,Madison Central HS JV,63.45,12.54,11.81,12.3,13.2
2024,5,SRA,Madison Central HS JV,61.35,12.61,12.74,12.0,12.3
2024,6,SRA,Madison Central HS JV,68.02,13.81,13.61,13.7,13.9
2024,8,SRA,Madison Central HS JV,78.97,14.8,15.87,16.2,16.0
2024,9,BR,Madison Central HS JV,82.75,16.08,16.87,16.8,16.4
2024,10,SRA,Madison Central HS JV,88.71,18.47,18.14,16.7,17.9
2024,3,PR,Madison Consolidated HS,53.98,10.27,11.41,11.2,10.7
2024,6,SRA,Madison Consolidated HS,60.391,11.61,11.88,12.3,12.7
2024,7,SRA,Madison Consolidated HS,62.27,11.14,12.93,13.1,13.1
2024,8,PR,Madison Consolidated HS,60.621,11.94,11.88,11.9,11.7
2024,9,PR,Madison Consolidated HS,67.871,13.01,13.66,13.5,13.8
2024,10,BR,Madison Consolidated HS,69.511,14.06,13.65,13.8,14.1
2024,2,SRA,Madison Southern HS,58.58,12.07,11.61,12.1,11.0
2024,5,SRA,Madison Southern HS,60.621,12.21,12.21,11.5,12.5
2024,6,SRA,Madison Southern HS,63.821,12.21,12.81,12.8,13.7
2024,8,SRA,Madison Southern HS,70.691,14.21,13.88,14.4,14.2
2024,9,PR,Madison Southern HS,71.081,14.09,14.2,14.7,14.6
2024,4,GIA,Maharlika,64.26,134.8,122.8,12.4,12.4
2024,8,GIA,Maharlika,82.48,166.8,168.0,16.2,16.0
2024,11,GIA,Maharlika,85.81,168.7,167.4,17.8,17.3
2024,5,PSA,Mansfield HS,82.35,25.05,17.2,23.9,16.2
2024,8,PSA,Marcus Whitman,63.301,18.1,19.2,13.3,12.7
2024,9,PSA,Marcus Whitman,65.401,19.3,20.1,13.1,12.9
2024,10,PSA,Marcus Whitman,64.801,18.3,19.8,13.3,13.4
2024,11,PSA,Marcus Whitman,68.85,20.5,20.25,14.1,14.0
2024,6,PSA,Marian Catholic HS,65.251,18.75,13.2,21.2,12.1
2024,2,BR,Marion County HS,57.24,10.96,10.68,11.2,13.1
2024,6,SRA,Marion County HS,54.791,10.34,10.55,11.9,10.0
2024,8,PR,Marion County HS,62.88,13.34,13.14,12.2,12.2
2024,9,PR,Marion County HS,71.72,14.01,15.81,14.5,13.6
2024,10,BR,Marion County HS,73.51,14.14,15.47,14.3,14.6
2024,4,PRA(,Marple Newtown,69.575,18.375,22.2,14.7,14.3
2024,6,PSA,Marple Newtown,71.5,21.2,22.2,14.0,14.1
2024,8,PSA,Marple Newtown,73.65,21.7,22.95,15.0,14.0
2024,11,PSA,Marple Newtown,75.05,22.2,22.65,14.8,15.4
2024,12,GD,Marple Newtown,77.7,24.3,24.6,14.6,14.2
2024,9,PSA,Marple Newtown HS,73.55,22.95,13.9,22.9,13.8
2024,3,PSA,Martinsville Indoor Percussion,65.001,18.9,12.8,19.8,13.5
2024,4,PSA,Martinsville Indoor Percussion,76.675,23.475,14.2,24.5,14.5
2024,5,PSA,Martinsville Indoor Percussion,74.501,21.6,14.8,23.0,15.1
2024,7,PSA,Martinsville Indoor Percussion,79.351,24.3,16.5,23.8,14.75
2024,8,PSA,Martinsville Indoor Percussion,80.05,24.45,14.5,25.6,15.5
2024,9,R1,Martinsville Indoor Percussion,81.451,24.9,16.2,25.25,15.1
2024,11,PSA,Martinsville Indoor Percussion,83.825,24.075,16.325,26.175,17.25
2024,11,SA,Maryville High School,69.51,13.74,13.87,13.7,14.1
2024,1,SRA,Maryville Winter Guard,54.76,12.68,12.88,7.2,10.7
2024,3,SRA,Maryville Winter Guard,63.65,13.01,12.54,11.5,13.9
2024,5,SA,Maryville Winter Guard,62.73,12.75,12.88,12.3,12.0
2024,11,SA,Maryville Winter Guard,69.51,13.74,13.87,13.7,14.1
2024,8,BR,Mason Co HS,62.62,12.08,12.94,12.9,11.9
2024,6,PIW,Matrix,84.4,25.2,17.0,25.3,16.9
2024,13,PIW,Matrix,91.351,27.825,18.625,26.9,18.0
2024,6,PIO,Matrix Open,82.1,24.0,16.1,25.6,16.4
2024,13,R3,Matrix Open,88.075,26.325,18.675,25.525,17.55
2024,6,PSO,Mauldin HS,76.8,21.6,15.6,23.5,16.1
2024,13,R4,Mauldin HS,87.339,27.038,17.325,26.625,16.35
2024,11,PJHSA,McFarland Ca,79.5,24.5,23.7,16.2,15.1
2024,4,PJHSA,McFarland Jr. High,66.75,18.3,21.15,13.2,14.1
2024,6,PJHSA,McFarland Jr. High,72.0,21.7,21.3,15.2,13.8
2024,11,PJHSA,McFarland Jr. High,79.5,24.5,23.7,16.2,15.1
2024,3,SA,Meade County HS,55.851,10.81,11.54,11.0,11.5
2024,5,SA,Meade County HS,57.861,11.22,11.34,11.8,11.8
2024,7,SA,Meade County HS,63.48,12.88,13.0,12.8,12.0
2024,10,PR,Meade County HS,70.811,14.86,13.95,14.0,14.1
2024,2,SA,Mechanicsburg HS Guard,63.75,11.94,12.01,14.4,13.1
2024,4,SA,Mechanicsburg HS Guard,67.26,12.88,12.48,15.3,13.2
2024,7,SA(,Mechanicsburg HS Guard,78.08,15.54,15.54,16.2,15.5
2024,9,SA,Mechanicsburg HS Guard,81.84,16.27,16.27,16.8,16.4
2024,2,P-SO(,Mechanicsburg HS Percussion,69.65,21.6,20.25,14.3,13.5
2024,8,P-SO(,Mechanicsburg HS Percussion,70.8,19.5,20.4,14.5,16.4
2024,9,P-SO(,Mechanicsburg HS Percussion,83.15,25.2,24.75,16.6,16.6
2024,11,P-SO(,Mechanicsburg HS Percussion,83.25,25.425,25.275,16.3,16.25
2024,2,SJ,Mechanicsburg MS Guard,60.82,11.61,11.41,12.6,12.8
2024,4,SJ,Mechanicsburg MS Guard,63.88,12.54,12.14,13.3,13.1
2024,7,SJ(,Mechanicsburg MS Guard,73.79,15.54,13.7,14.9,14.3
2024,9,SJ,Mechanicsburg MS Guard,76.58,16.34,15.74,14.5,15.2
2024,3,PIO,Meraki,81.8,24.3,16.2,25.0,16.3
2024,5,PIO,Meraki,84.2,25.65,17.0,23.8,17.75
2024,7,PIO,Meraki,88.35,27.15,18.3,24.6,18.3
2024,9,PIO,Meraki,94.075,28.425,19.1,27.85,18.7
2024,11,PIO,Meraki,93.35,28.35,19.2,26.9,18.9
2024,13,PIO,Meraki,98.488,29.587,19.75,29.3,19.85
2024,8,GHSSRAG,Merced HS Winter Guard,71.3,149.9,148.1,13.5,14.9
2024,8,PHSSA,Merced Unified (PSA),79.1,22.2,24.9,15.8,16.2
2024,9,PSA,Merced Union High School District,75.826,22.125,15.5,22.6,15.6
2024,2,BR,Mercer Co HS,50.71,10.54,8.67,10.5,10.9
2024,5,BR,Mercer Co HS,54.681,11.61,10.47,10.8,10.0
2024,6,SRA,Mercer Co HS,57.721,12.14,11.28,12.1,10.7
2024,9,BR,Mercer Co HS,67.621,13.8,14.12,13.8,12.8
2024,10,PR,Mercer Co HS,71.79,14.12,14.47,14.5,14.2
2024,2,IRA,Meridian,61.23,12.56,12.27,12.9,12.5
2024,5,IRA,Meridian,64.23,12.89,12.94,12.8,12.8
2024,6,IRA,Meridian,67.99,14.01,13.28,13.4,14.0
2024,8,IRA,Meridian,77.28,15.74,16.14,15.5,14.6
2024,9,IRA,Meridian,78.85,15.08,16.07,15.8,16.1
2024,10,IRA,Meridian,78.54,16.67,16.47,15.8,14.7
2024,2,IA,Meridian A,62.56,12.75,12.41,12.5,12.4
2024,5,IA,Meridian A,69.29,12.88,14.21,13.8,14.2
2024,6,IA,Meridian A,70.85,14.28,14.27,13.2,14.4
2024,8,IA,Meridian A,75.71,15.34,15.67,14.9,14.7
2024,10,IA,Meridian A,78.61,16.07,15.94,15.9,15.6
2024,5,PRA(,Methacton,71.0,21.9,19.8,14.4,14.9
2024,6,PRA(,Methacton,79.75,24.15,22.95,15.75,16.9
2024,7,PRA(,Methacton,77.925,21.225,24.3,15.2,17.2
2024,11,PRA(,Methacton,84.45,24.9,25.2,17.25,17.1
2024,12,PRA(,Methacton,87.1,26.55,25.65,17.3,17.6
2024,5,PIA,MidMichigan Impact,66.55,18.45,13.3,20.9,13.9
2024,7,PIA,MidMichigan Impact,68.25,19.35,13.8,21.3,13.8
2024,8,PIA,MidMichigan Impact,72.4,21.9,14.3,22.1,14.1
2024,12,PIA,MidMichigan Impact,73.875,21.9,14.55,22.475,14.95
2024,1,SW,Milford HS,62.2,11.8,12.7,12.2,12.2
2024,7,SA,Milford HS,79.86,16.4,16.26,15.9,15.9
2024,8,SW,Milford HS,83.6,16.6,17.5,16.6,16.5
2024,10,PR,Milford HS,83.24,16.67,16.07,17.4,16.2
2024,13,R3,Milford HS (OH),85.426,25.725,16.8,26.15,16.75
2024,7,SJ,Milford Jr. HS,62.14,12.61,12.33,12.8,13.4
2024,8,SJ,Milford Jr. HS,64.41,13.34,12.87,13.2,12.7
2024,6,PSA,Millennium HS,78.3,24.3,15.5,22.3,16.2
2024,2,PSO,Millikan HS,74.65,22.65,15.7,21.7,14.6
2024,4,PSO,Millikan HS,74.251,21.45,13.9,24.1,14.8
2024,8,PSO,Millikan HS,82.55,25.65,17.6,24.4,14.9
2024,11,R1,Millikan HS,81.501,25.5,15.2,24.9,15.9
2024,13,R3,Milton HS,88.85,25.725,16.8,28.025,18.3
2024,0,SRA,Milton Hershey HS Guard,50.45,6.81,10.14,11.3,11.5
2024,1,SRA,Milton Hershey HS Guard,55.15,8.61,10.54,11.6,12.4
2024,5,SRA,Milton Hershey HS Guard,71.21,13.94,14.07,14.5,14.2
2024,7,SRA,Milton Hershey HS Guard,75.39,14.61,14.88,15.5,15.2
2024,9,SRA,Milton Hershey HS Guard,80.91,15.47,15.14,16.7,17.0
2024,11,SP-SRA(,Milton Hershey School Percussion,79.6,38.3,39.7,41.7,39.5
2024,4,PSA,Minooka Community HS,78.45,24.45,15.8,23.5,14.7
2024,13,R4,Minooka Community HS,85.151,25.35,16.95,25.5,17.35
2024,7,PSA,Minooka community high school,79.601,23.7,16.25,25.0,14.65
2024,4,B2,Mira Costa HS,76.65,22.95,15.4,23.3,15.0
2024,6,B1,Mira Costa HS,78.6,24.6,16.0,23.1,14.9
2024,8,B1,Mira Costa HS,85.175,26.475,17.6,24.3,16.8
2024,10,R2,Mira Costa HS,91.1,27.6,17.9,27.4,18.2
2024,11,R1,Mira Costa HS,87.126,26.775,17.05,26.4,16.9
2024,12,PSA,Mira Costa HS,83.475,24.675,17.15,24.55,17.1
2024,3,B2,Mission Hills HS,74.35,22.35,15.0,22.0,15.0
2024,5,PSA,Mission Hills HS,76.15,22.05,15.0,23.8,15.3
2024,7,B2,Mission Hills HS,80.5,24.0,15.8,24.3,16.4
2024,8,B2,Mission Hills HS,83.85,25.65,17.3,24.3,16.6
2024,10,R1,Mission Hills HS,91.9,27.6,19.2,27.4,17.7
2024,11,R2,Mission Hills HS,89.1,27.0,18.0,26.4,17.7
2024,12,PSA,Mission Hills HS,88.175,26.175,18.15,25.85,18.0
2024,6,PIA,Mission Independent,65.05,20.1,19.05,12.9,13.0
2024,8,PIA,Mission Independent,70.0,22.7,20.4,14.0,12.9
2024,11,PIA,Mission Independent,72.2,23.5,19.5,15.4,13.8
2024,12,PIA,Mission Independent,79.65,24.1,25.95,15.0,14.6
2024,4,PHSSO,Mission Oak HS Percussion,73.0,22.4,21.0,14.7,14.9
2024,6,PHSSO,Mission Oak HS Percussion,78.15,21.9,23.7,15.9,16.65
2024,8,PHSSO,Mission Oak HS Percussion,79.3,23.6,23.1,16.1,16.5
2024,1,GHSSRAS,Mission Oak HS Winterguard,63.71,129.6,125.5,12.9,12.2
2024,4,GHSSRAS,Mission Oak HS Winterguard,67.11,136.0,132.1,13.5,13.2
2024,6,GHSSRAS,Mission Oak HS Winterguard,71.36,147.4,138.2,14.1,14.0
2024,8,GHSSRAG,Mission Oak HS Winterguard,71.15,145.5,133.5,15.3,14.45
2024,11,GHSSRAG,Mission Oak HS Winterguard,73.52,148.8,143.4,16.8,13.6
2024,6,B1,Mission Viejo HS,72.45,22.35,14.9,21.6,13.6
2024,7,B1,Mission Viejo HS,73.55,23.55,15.0,20.1,14.9
2024,9,PSO,Mission Viejo HS,78.0,23.7,16.0,23.2,15.1
2024,10,R2,Mission Viejo HS,87.2,28.2,16.0,25.3,17.7
2024,11,R1,Mission Viejo HS,85.051,25.2,16.85,25.8,17.2
2024,12,PSA,Mission Viejo HS,82.825,24.525,16.7,24.4,17.2
2024,2,PSA,Mohonasen,64.55,21.1,18.45,12.2,12.8
2024,3,PSA,Mohonasen,69.8,20.6,21.9,14.3,13.0
2024,8,PSA,Mohonasen,74.101,20.4,23.7,14.7,15.3
2024,11,PSA,Mohonasen,76.825,23.9,22.125,15.1,15.7
2024,5,PSA,Mohonasen HS,68.45,21.15,12.5,22.6,12.2
2024,4,PHSSA,Monache HS Percussion,71.4,21.8,21.6,14.6,13.4
2024,6,PHSSA,Monache HS Percussion,72.601,21.9,21.6,14.3,14.8
2024,8,PHSSA,Monache HS Percussion,77.251,23.2,22.65,15.7,15.7
2024,1,GHSSRAS,Monache HS Winterguard,59.68,124.2,111.6,11.8,12.0
2024,4,GHSSRAS,Monache HS Winterguard,58.62,104.8,111.4,12.0,12.2
2024,6,GHSSRAS,Monache HS Winterguard,56.18,112.7,116.1,11.0,11.9
2024,8,GHSSRAS,Monache HS Winterguard,64.011,145.5,140.6,12.7,12.2
2024,11,GHSSRAS,Monache HS Winterguard,69.71,151.4,146.7,14.6,12.6
2024,7,PSA,Monarch Combined Schools,73.7,21.0,14.9,22.9,14.9
2024,8,PIW,Monarch Independent,90.45,26.85,17.7,28.1,17.8
2024,13,PIW,Monarch Independent,92.089,28.312,18.175,27.675,17.925
2024,6,B1,Monrovia HS,70.951,20.85,13.2,23.9,13.0
2024,7,B2,Monrovia HS,68.551,22.65,13.0,20.3,12.6
2024,10,R4,Monrovia HS,75.001,23.1,14.8,23.0,14.1
2024,3,PRA,Mooresville Percussion Ensemble,53.5,15.6,11.1,15.6,11.2
2024,5,PRA,Mooresville Percussion Ensemble,65.7,17.1,13.1,20.9,14.6
2024,7,PRA,Mooresville Percussion Ensemble,61.051,17.85,12.8,18.4,12.0
2024,9,PRA,Mooresville Percussion Ensemble,64.575,20.85,12.475,19.8,11.45
2024,2,PSA,Moorpark HS,61.375,18.375,10.0,21.8,11.2
2024,6,B2,Moorpark HS,70.501,21.9,13.9,22.4,12.3
2024,8,B1,Moorpark HS,72.201,22.2,13.4,22.2,14.4
2024,10,R3,Moorpark HS,77.401,24.0,14.2,24.4,14.8
2024,2,IRA,Morehead State University,62.68,13.67,12.21,12.2,12.6
2024,5,IA,Morehead State University,65.69,13.15,13.54,12.7,13.3
2024,7,IA,Morehead State University,69.02,14.21,14.01,14.2,13.4
2024,10,IA,Morehead State University,73.15,15.07,14.08,14.9,14.7
2024,8,PSA,Morton Ranch HS,82.85,25.65,14.9,25.5,16.8
2024,5,PIO,Motor City Percussion,76.35,22.95,15.3,22.2,15.9
2024,6,PIO,Motor City Percussion,82.55,24.75,16.6,24.2,17.0
2024,9,PIO,Motor City Percussion,83.25,25.05,16.8,24.6,16.8
2024,12,PIO,Motor City Percussion,89.025,27.375,17.75,26.05,17.85
2024,13,R1,Motor City Percussion,86.826,26.175,18.05,25.35,17.25
2024,5,GSN,Mount Ida High School Winter Guard,79.38,15.66,14.92,14.0,17.2
2024,7,GSN,Mount Ida High School Winter Guard,73.98,15.44,14.44,15.8,14.6
2024,10,GSN,Mount Ida High School Winter Guard,71.76,15.82,14.24,14.8,14.0
2024,11,GSN,Mount Ida High School Winter Guard,78.14,16.12,15.32,15.5,15.1
2024,3,SRA,Mount Vernon Sr. HS,60.14,11.6,12.54,12.0,12.1
2024,5,PSA,Mount Vernon Sr. HS,66.75,19.6,20.25,13.3,13.6
2024,6,SRA,Mount Vernon Sr. HS,68.75,13.48,13.47,14.3,13.1
2024,7,PSA,Mount Vernon Sr. HS,68.8,21.3,20.7,13.5,13.3
2024,5,GSN,Mountain Pine Red Devil Guard,53.821,10.12,12.7,10.5,10.5
2024,7,GSN,Mountain Pine Red Devil Guard,53.581,9.98,10.3,11.0,10.7
2024,7,PSA,Mountain Ridge HS (UT),82.65,24.15,16.6,25.5,16.4
2024,5,SRA,Mountain View Winterguard,62.68,13.47,12.21,12.5,12.5
2024,8,SRA,Mountain View Winterguard,70.951,14.21,14.34,13.8,14.4
2024,9,SRA,Mountain View Winterguard,72.29,14.88,14.41,14.1,13.9
2024,6,PHSSRA,Mt Whitney HS Percussion,69.75,20.7,21.15,14.8,13.1
2024,8,PHSSRA,Mt Whitney HS Percussion,68.751,21.4,20.1,12.85,14.4
2024,1,GHSSRAS,Mt Whitney HS Winterguard,58.371,112.2,123.5,12.0,10.3
2024,4,GHSSRAS,Mt Whitney HS Winterguard,63.821,120.8,121.4,13.0,12.8
2024,6,GHSSRAS,Mt Whitney HS Winterguard,63.261,124.7,120.9,12.7,13.4
2024,8,GHSSRAS,Mt Whitney HS Winterguard,67.98,128.1,144.7,12.1,15.4
2024,11,GHSSRAS,Mt Whitney HS Winterguard,69.3,131.4,142.6,15.6,13.2
2024,4,PSA,Mt. Juliet Combined Schools,79.55,22.65,16.1,24.7,16.1
2024,13,R1,Mt. Juliet Combined Schools,83.526,25.575,15.75,25.95,16.25
2024,6,PIW,Music City Mystique,88.35,26.55,18.0,26.1,17.7
2024,13,R2,Music City Mystique,95.275,28.35,19.2,28.65,19.075
2024,6,P-SA(,Musselman HS Percussion,74.0,23.25,23.55,13.4,13.8
2024,7,P-SA(,Musselman HS Percussion,77.3,24.15,24.45,14.2,14.5
2024,8,P-SA(,Musselman HS Percussion,80.701,25.8,24.6,15.5,14.8
2024,9,P-SA(,Musselman HS Percussion,81.051,26.7,23.55,15.5,15.3
2024,11,P-SA(,Musselman HS Percussion,78.5,24.075,24.225,15.225,14.975
2024,7,PSA,Nebo School District Combined Schools,79.45,23.85,16.4,24.9,14.3
2024,3,BR,New Albany HS,51.431,10.54,10.69,10.2,9.5
2024,4,SRA,New Albany HS,53.32,9.81,9.61,11.6,12.1
2024,7,SRA,New Albany HS,64.29,12.61,13.48,12.2,13.8
2024,9,BR,New Albany HS,65.7,12.55,13.95,13.1,13.8
2024,2,PSA,New Hartford,73.7,23.3,22.8,14.4,13.2
2024,3,PSA,New Hartford,71.85,22.7,21.15,14.6,13.4
2024,4,PSA,New Hartford,75.25,22.8,23.85,14.0,14.6
2024,7,PSA,New Hartford,83.9,25.2,25.8,16.3,16.6
2024,10,PSA,New Hartford,87.55,25.2,27.75,16.7,17.9
2024,11,PSA,New Hartford,89.825,28.4,26.025,17.7,17.7
2024,5,PSA,New Hartford HS,78.8,24.9,15.1,23.5,15.3
2024,13,R1,New Hartford HS,90.925,27.675,18.525,27.15,17.575
2024,7,PSA,New Hope HS,72.1,21.0,14.2,22.8,14.1
2024,5,PSA,New Milford HS,72.75,22.95,15.7,20.1,14.0
2024,13,R4,New Milford HS,88.088,27.263,17.5,26.3,17.025
2024,3,PSA,New Palestine Audio Theater,64.051,18.0,13.4,20.4,12.25
2024,5,PSA,New Palestine Audio Theater,75.351,21.6,15.55,23.9,14.3
2024,8,PSA,New Palestine Audio Theater,77.651,25.35,14.7,22.7,14.9
2024,9,R1,New Palestine Audio Theater,79.976,24.45,15.175,24.9,15.45
2024,11,PSA,New Palestine Audio Theater,81.763,24.862,15.425,25.65,15.825
2024,4,PSA,New Prairie High School,70.15,20.85,13.5,22.6,13.2
2024,6,PSA,New Prairie High School,73.8,22.2,14.8,22.1,14.7
2024,8,PSA,New Prairie High School,78.001,23.25,15.7,23.9,15.15
2024,11,PSA,New Prairie High School,81.45,22.95,16.4,24.95,17.15
2024,5,PIO,Newsome HS,76.1,23.4,14.7,23.5,14.5
2024,5,PSA,Newtown HS,71.4,21.6,13.4,21.7,14.7
2024,6,PSO,Ninety Six HS,81.15,24.45,16.4,23.8,16.5
2024,6,PSA,Noblesville HS,87.05,25.65,17.8,25.9,17.7
2024,13,PSO,Noblesville HS,93.251,28.35,18.35,27.5,19.05
2024,3,PSA,Noblesville Indoor Percussion Ensemble,74.3,22.8,14.7,22.2,14.6
2024,5,PSA,Noblesville Indoor Percussion Ensemble,84.85,24.9,16.35,27.1,16.5
2024,9,PSO,Noblesville Indoor Percussion Ensemble,83.875,25.875,16.8,24.45,16.75
2024,11,PSO,Noblesville Indoor Percussion Ensemble,90.0,26.475,17.825,27.35,18.35
2024,13,R1,Nomad Indoor,83.689,24.488,17.2,25.4,16.6
2024,4,PSA,North Allegheny HS,71.2,21.3,14.2,21.3,14.4
2024,13,R1,North Allegheny HS,82.376,26.55,16.475,23.85,15.5
2024,6,SRA,North Bullitt HS,52.43,10.42,10.61,10.6,10.4
2024,8,BR,North Bullitt HS,54.771,11.22,11.35,10.7,10.8
2024,9,PR,North Bullitt HS,57.56,11.15,11.21,11.4,12.3
2024,3,SA,North Harrison,61.24,12.13,13.21,11.9,11.9
2024,6,SA,North Harrison,66.62,13.28,13.54,13.5,13.2
2024,7,SA,North Harrison,67.44,13.81,13.33,14.4,13.0
2024,8,PR,North Harrison,69.75,14.61,14.14,13.5,14.1
2024,10,PR,North Harrison,74.05,14.48,14.67,15.3,14.9
2024,6,PSA,North Harrison HS,68.9,21.0,21.3,12.9,13.7
2024,4,PRA,North Harrison Indoor Percussion,65.3,20.4,13.8,18.2,12.9
2024,5,PRA,North Harrison Indoor Percussion,64.85,18.9,12.1,19.3,14.55
2024,8,PRA,North Harrison Indoor Percussion,65.85,19.95,12.7,20.5,12.7
2024,9,PRA,North Harrison Indoor Percussion,64.925,19.95,12.5,20.4,12.075
2024,4,PSA,North Indoor Percussion Ensemble,76.95,23.85,14.4,23.9,14.8
2024,7,PSA,North Indoor Percussion Ensemble,80.725,25.425,15.8,24.7,14.8
2024,9,R2,North Indoor Percussion Ensemble,79.751,24.3,15.95,23.25,16.25
2024,11,PSA,North Indoor Percussion Ensemble,82.55,23.7,16.6,25.175,17.075
2024,3,BR,North Oldham HS,64.55,13.27,12.08,14.1,12.4
2024,4,SRA,North Oldham HS,64.65,12.34,12.41,13.3,12.1
2024,6,SRA,North Oldham HS,70.82,13.88,13.14,14.9,14.3
2024,7,SRA,North Oldham HS,71.28,15.01,15.07,13.8,13.5
2024,9,BR,North Oldham HS,81.21,16.28,16.68,16.3,15.75
2024,10,SRA,North Oldham HS,82.401,18.13,15.07,16.6,16.4
2024,6,PSO,North Paulding Combined Schools,72.8,19.8,15.1,22.3,15.6
2024,4,PSA,North Penn,70.351,19.6,23.4,13.55,13.8
2024,6,PSA,North Penn,75.276,22.9,23.325,14.45,14.6
2024,7,PSA,North Penn,77.101,23.0,24.75,14.45,14.9
2024,8,ME,North Penn,81.15,25.1,25.05,15.4,15.6
2024,11,PSA,North Penn,79.05,24.1,25.35,14.4,15.2
2024,12,GD,North Penn,82.501,25.7,26.7,15.0,15.1
2024,9,PSA,North Penn HS,75.45,24.0,13.6,23.2,14.65
2024,5,PSA,North Port HS,69.65,21.75,13.6,20.8,13.5
2024,7,PIA,North Star Independent,81.85,24.75,17.1,22.7,17.3
2024,13,PIA,North Star Independent,89.65,27.45,17.9,26.8,17.5
2024,3,B1,North Torrance HS,71.1,20.4,14.4,22.3,14.0
2024,6,B1,North Torrance HS,76.4,24.0,14.5,23.4,14.5
2024,8,B2,North Torrance HS,75.501,22.8,14.5,23.5,14.7
2024,10,R4,North Torrance HS,79.376,24.675,14.7,24.55,15.45
2024,0,SRA,Northeastern HS Guard,55.48,7.35,12.33,11.7,12.1
2024,1,SRA,Northeastern HS Guard,60.88,10.35,12.73,12.0,13.1
2024,2,SRA,Northeastern HS Guard,68.55,13.21,13.14,15.9,13.6
2024,4,SRA,Northeastern HS Guard,69.08,14.34,13.34,14.3,14.0
2024,8,SRA,Northeastern HS Guard,76.78,16.47,16.01,14.9,14.4
2024,9,SRA,Northeastern HS Guard,83.81,16.54,16.67,16.0,17.4
2024,0,SN,Northeastern MS Guard,52.41,4.94,11.27,11.7,11.8
2024,1,SN,Northeastern MS Guard,55.22,7.08,11.54,11.9,11.8
2024,2,SN,Northeastern MS Guard,66.05,11.94,12.21,15.5,13.1
2024,4,SN,Northeastern MS Guard,66.35,13.01,13.14,12.9,13.8
2024,8,SN,Northeastern MS Guard,77.25,14.01,15.14,15.7,16.2
2024,9,SN,Northeastern MS Guard,79.88,15.34,16.14,15.0,17.4
2024,2,IRA,Northern Kentucky University,59.46,13.23,12.03,11.6,11.2
2024,4,IRA,Northern Kentucky University,58.7,11.95,11.15,13.2,10.5
2024,8,IRA,Northern Kentucky University,64.19,15.21,14.48,11.3,11.7
2024,9,IRA,Northern Kentucky University,70.26,12.75,13.81,14.0,15.9
2024,10,IRA,Northern Kentucky University,70.26,15.34,13.62,14.5,13.0
2024,7,GSN,Northside Grizzly Guard,66.381,13.46,13.92,13.5,12.4
2024,10,GSN,Northside Grizzly Guard,69.08,14.3,14.58,13.4,13.7
2024,11,R1,Northview Academy,66.88,12.94,13.54,13.9,13.0
2024,6,PSO,Northview HS,80.501,24.0,15.2,24.7,16.6
2024,13,R1,Northview HS,84.101,24.75,16.7,25.0,17.65
2024,3,PSO,Northview Indoor Percussion,66.55,19.65,13.2,20.3,13.4
2024,4,PSO,Northview Indoor Percussion,79.75,24.45,14.9,24.8,15.6
2024,9,PSO,Northview Indoor Percussion,81.576,24.9,15.95,24.25,16.475
2024,11,PSO,Northview Indoor Percussion,89.35,26.4,17.5,27.85,17.6
2024,5,PSO,Norwalk Combined Schools,77.9,23.4,16.3,22.4,15.8
2024,13,R1,Norwalk Combined Schools,92.563,28.012,18.225,27.825,18.5
2024,4,PRA,Norwell Winter Percussion,69.25,19.65,13.9,21.1,14.6
2024,5,PRA,Norwell Winter Percussion,64.95,20.7,14.25,19.0,11.0
2024,6,PRA,Norwell Winter Percussion,67.7,19.8,13.9,20.5,13.5
2024,8,PRA,Norwell Winter Percussion,72.75,21.45,15.0,21.5,14.8
2024,9,PRA,Norwell Winter Percussion,70.501,21.825,14.7,20.35,13.625
2024,7,SRA,Norwood  HS,56.48,11.62,11.86,10.8,11.2
2024,8,BR,Norwood  HS,59.051,11.41,12.34,11.6,11.8
2024,9,BR,Norwood  HS,60.07,11.49,11.48,12.3,12.6
2024,5,PSA,Novi Winter Percussion,75.75,21.45,16.1,23.9,14.3
2024,7,PSA,Novi Winter Percussion,78.85,23.55,15.5,24.0,15.8
2024,9,PSA,Novi Winter Percussion,80.25,23.85,15.9,24.2,16.3
2024,12,PSA,Novi Winter Percussion,83.25,24.9,16.5,25.2,16.65
2024,5,PSA,Nutley HS,75.101,22.5,15.6,22.7,14.3
2024,9,PSA,Nutley HS,86.488,25.988,18.4,24.7,17.4
2024,8,PIO,OCI,85.5,26.1,17.4,25.1,16.9
2024,11,PIO,OCI,86.95,26.25,17.5,25.6,17.6
2024,7,PSO,Oak Grove HS (MS),83.575,25.875,16.8,24.7,16.2
2024,13,R2,Oak Grove HS (MS),78.989,23.288,14.95,25.5,15.25
2024,6,B1,Oak Park HS,69.251,20.55,13.9,20.6,14.2
2024,7,B2,Oak Park HS,67.55,21.0,12.1,21.55,12.9
2024,10,R3,Oak Park HS,74.35,22.95,13.5,22.9,15.0
2024,4,PSA,Oak Ridge HS (TN),72.75,22.05,13.5,22.2,15.0
2024,5,SA,Oak Ridge High School Winter Guard,62.02,12.61,12.41,12.9,12.7
2024,6,SA,Oak Ridge High School Winter Guard,66.42,13.41,13.41,13.1,13.2
2024,11,SA,Oak Ridge High School Winter Guard,72.57,14.67,14.0,14.9,14.6
2024,1,PSA,Oak Ridge Indoor Percussion,74.35,21.9,22.05,15.0,15.4
2024,6,PSA,Oak Ridge Indoor Percussion,84.25,24.8,25.35,17.0,17.1
2024,11,PSA,Oak Ridge Indoor Percussion,88.1,26.6,26.4,17.7,17.4
2024,5,PSA,Oakleaf HS,75.05,23.25,15.7,21.5,14.6
2024,7,PSA,Ocean Lakes HS,74.701,22.5,16.4,22.2,13.6
2024,4,PSA,Odessa High School,66.725,19.5,20.175,13.35,13.7
2024,6,PSA,Odessa High School,69.8,20.5,21.15,13.9,14.25
2024,7,PSA,Odessa High School,75.651,21.9,24.45,14.7,14.6
2024,11,PSA,Odessa High School,77.525,23.4,21.525,16.7,15.9
2024,12,GD,Odessa High School,83.351,25.3,25.65,16.3,16.1
2024,7,PIA,Ogden HS,79.35,24.15,16.5,23.0,15.7
2024,3,PSO,Old Bridge,72.55,21.6,22.35,15.1,13.5
2024,6,PSO,Old Bridge,80.15,25.0,23.85,15.7,15.6
2024,8,PSO,Old Bridge,87.3,26.0,26.1,17.5,17.7
2024,11,PSO,Old Bridge,88.8,25.9,27.3,17.2,18.4
2024,12,PSO,Old Bridge,91.0,26.8,28.8,17.4,18.0
2024,5,PSO,Old Bridge HS,81.4,24.9,16.6,24.4,15.5
2024,9,PSO,Old Bridge HS,89.275,27.225,17.65,27.2,17.2
2024,13,R2,Old Bridge HS,92.838,27.938,18.2,28.225,18.475
2024,3,IA,Old Line Independent Color Guard,72.01,15.07,14.74,14.7,12.9
2024,5,IA,Old Line Independent Color Guard,76.75,15.74,15.21,15.5,14.9
2024,7,IA(,Old Line Independent Color Guard,78.79,15.55,16.14,15.7,15.6
2024,8,IA,Old Line Independent Color Guard,82.68,16.94,16.34,16.7,16.5
2024,3,P-IO(,Old Line Independent Percussion,74.4,23.55,20.25,14.3,16.3
2024,5,P-IO(,Old Line Independent Percussion,76.7,23.1,24.0,14.6,15.0
2024,7,PIO,Old Line Independent Percussion,83.7,24.9,16.6,25.3,16.9
2024,8,P-IO(,Old Line Independent Percussion,85.45,26.25,25.5,16.8,16.9
2024,11,P-IO(,Old Line Independent Percussion,85.75,25.425,26.325,16.85,17.15
2024,13,R2,Old Line Independent Percussion,86.013,25.762,17.25,26.1,16.9
2024,4,PSO,Olentangy Liberty HS,68.05,21.45,13.0,19.9,13.7
2024,13,R1,Olentangy Liberty HS,76.85,22.05,15.75,23.9,15.15
2024,6,PIO,Orange County Independent,79.95,23.55,16.4,23.8,16.2
2024,9,PIO,Orange County Independent,86.45,26.7,18.35,24.7,16.7
2024,13,R2,Orange County Independent,88.064,27.113,18.0,26.25,16.7
2024,5,PSA,Orange HS,71.101,21.3,14.6,20.6,14.6
2024,9,PSA,Orange HS,72.55,20.55,14.7,22.8,14.5
2024,2,PSA,Orange Vista HS,62.2,18.0,11.6,20.1,12.5
2024,7,B1,Orange Vista HS,65.051,20.55,13.0,18.7,12.8
2024,10,R1,Orange Vista HS,73.15,22.35,14.1,22.1,14.6
2024,5,SJ,Orleans Jr/Sr HS Cadet,55.96,11.88,11.68,11.5,9.9
2024,5,SRA,Orleans Jr/Sr HS Varsity,64.4,11.88,12.82,13.0,13.4
2024,4,GHSSRAS,Orosi HS Winterguard,64.701,115.5,103.5,14.2,14.2
2024,6,GHSSRAS,Orosi HS Winterguard,66.49,126.1,106.8,14.6,15.1
2024,8,GHSSRAS,Orosi HS Winterguard,69.67,137.6,132.1,13.6,15.0
2024,11,GHSSRAS,Orosi HS Winterguard,73.07,142.7,152.0,14.7,14.5
2024,4,PHSSRA,Orosi Indoor Percussion,70.4,21.0,21.6,14.7,13.1
2024,6,PHSSRA,Orosi Indoor Percussion,73.2,21.2,22.8,14.7,14.5
2024,8,PHSSRA,Orosi Indoor Percussion,75.9,22.5,23.1,14.3,16.0
2024,8,PSA,Orting HS,73.151,22.05,14.6,22.2,14.3
2024,8,PSA,Osseo Area Combined Schools,83.45,25.05,17.3,24.4,16.7
2024,13,R1,Osseo Area Combined Schools,88.513,27.188,17.375,27.35,16.6
2024,8,PSA,Othello HS,63.3,18.9,12.5,20.0,11.9
2024,2,SRA,Owen Co HS,58.681,11.87,11.21,11.9,11.4
2024,6,SRA,Owen Co HS,64.021,12.94,12.88,13.6,12.5
2024,8,SRA,Owen Co HS,67.55,14.01,14.54,13.1,13.1
2024,9,PR,Owen Co HS,70.911,14.0,14.7,14.8,14.0
2024,4,PSA,Owen J Roberts,77.15,22.7,23.25,15.6,15.6
2024,6,PSA,Owen J Roberts,81.5,24.1,25.5,16.2,15.7
2024,7,PSA,Owen J Roberts,84.05,25.2,26.25,16.1,16.5
2024,11,PSA,Owen J Roberts,85.1,25.8,26.1,16.0,17.2
2024,12,BD,Owen J Roberts,90.05,26.1,28.65,17.2,18.1
2024,9,PSA,Owen J Roberts HS,82.576,24.525,16.5,25.55,16.0
2024,13,R3,Owen J Roberts HS,86.564,25.763,17.7,25.9,17.2
2024,3,PRA,Owen Valley High School Winter Percussion,52.101,15.6,9.6,16.5,10.4
2024,5,PRA,Owen Valley High School Winter Percussion,64.65,17.7,12.7,19.8,14.45
2024,7,PRA,Owen Valley High School Winter Percussion,64.8,18.6,13.4,19.9,12.9
2024,8,PRA,Owen Valley High School Winter Percussion,68.65,19.35,14.6,21.4,13.3
2024,9,PRA,Owen Valley High School Winter Percussion,68.45,21.9,13.0,20.25,13.3
2024,2,SRA,Owensboro Catholic HS,62.19,12.88,12.21,12.8,11.7
2024,6,SRA,Owensboro Catholic HS,67.17,12.75,13.22,13.3,13.7
2024,7,SRA,Owensboro Catholic HS,71.61,14.81,14.8,14.6,13.2
2024,9,PR,Owensboro Catholic HS,76.361,15.01,15.2,15.9,15.3
2024,10,SRA,Owensboro Catholic HS,76.22,15.75,14.67,15.6,15.2
2024,2,PIW,POW Percussion,80.2,23.4,16.6,24.4,15.8
2024,5,PIW,POW Percussion,84.925,24.825,17.3,25.2,17.6
2024,8,PIW,POW Percussion,87.55,26.55,17.9,25.6,17.5
2024,9,PIW,POW Percussion,89.725,27.075,17.95,26.7,18.0
2024,11,PIW,POW Percussion,90.15,27.15,18.2,26.7,18.1
2024,12,PIW,POW Percussion,91.025,27.225,18.4,27.15,18.25
2024,13,R1,POW Percussion,91.45,27.6,18.6,27.2,18.05
2024,7,PSO,Pace HS,87.075,26.475,17.4,25.3,17.9
2024,13,R2,Pace HS,92.838,27.862,18.6,28.0,18.375
2024,3,PSO,Pacifica HS,73.35,20.85,14.9,21.8,15.8
2024,6,PSO,Pacifica HS,81.2,25.5,16.4,22.7,16.6
2024,9,PSO,Pacifica HS,85.9,25.5,18.4,24.75,17.25
2024,11,R1,Pacifica HS,87.0,26.7,17.7,24.65,17.95
2024,12,PSO,Pacifica HS,91.275,28.125,18.825,25.95,18.375
2024,3,B2,Palisades CHS,63.05,17.55,12.3,20.6,12.6
2024,7,B1,Palisades CHS,66.6,19.65,13.6,19.85,13.5
2024,10,R3,Palisades CHS,73.2,22.2,13.9,23.6,13.5
2024,4,PIA,Palm Desert Percussion,71.35,22.35,14.3,21.3,13.4
2024,7,PIA,Palm Desert Percussion,66.35,19.35,12.5,21.1,13.4
2024,11,PIA,Palm Desert Percussion,79.1,24.0,15.0,23.9,16.2
2024,12,PIA,Palm Desert Percussion,80.75,24.0,15.85,24.15,16.75
2024,6,PIO,Palmetto Indoor Theatre,74.6,21.3,15.4,21.8,16.1
2024,13,R2,Palmetto Indoor Theatre,81.539,24.637,17.6,23.0,16.3
2024,7,PSO,Panther Creek HS,82.3,25.2,16.5,24.1,16.5
2024,8,PSO,Papillion-La Vista South HS,73.35,22.05,14.4,22.5,14.4
2024,13,R1,Papillion-La Vista South HS,77.675,22.425,15.55,24.25,15.45
2024,6,PIO,Paradigm Percussion,78.55,22.35,16.5,22.9,16.8
2024,13,R1,Paradigm Percussion,88.8,25.8,18.2,27.15,17.65
2024,8,PIO,Paragon,84.5,25.5,17.5,24.0,17.5
2024,7,PSA,Paragould Indoor Percussion,78.45,25.0,23.25,15.1,15.1
2024,4,PSA,Parkland,67.875,19.65,21.525,13.5,13.2
2024,6,PSA,Parkland,74.15,23.4,22.5,13.6,14.65
2024,8,PSA,Parkland,75.451,20.8,23.55,15.6,15.5
2024,11,PSA,Parkland,77.725,22.7,24.225,14.3,16.5
2024,12,BD,Parkland,83.151,25.3,25.65,14.8,17.4
2024,9,PSA,Parkland HS,73.15,22.5,13.95,22.5,14.2
2024,4,GJHSA,Parkview MS Winterguard,50.69,90.7,104.2,10.4,10.4
2024,6,GJHSA,Parkview MS Winterguard,58.3,104.8,106.2,11.4,13.6
2024,11,GJHSA,Parkview MS Winterguard,63.11,125.0,120.1,12.2,13.6
2024,2,SA,Paul Laurence Dunbar HS,58.241,12.02,11.82,11.5,11.6
2024,5,SA,Paul Laurence Dunbar HS,63.791,12.95,12.94,12.5,12.9
2024,6,SA,Paul Laurence Dunbar HS,69.99,14.01,13.88,13.9,14.6
2024,10,BR,Paul Laurence Dunbar HS,75.35,15.59,15.26,14.4,14.8
2024,2,PR,Paul Laurence Dunbar HS JV,57.28,11.07,10.01,11.6,11.0
2024,5,BR,Paul Laurence Dunbar HS JV,61.86,12.35,12.41,12.2,12.4
2024,6,SRA,Paul Laurence Dunbar HS JV,64.42,12.48,12.94,13.0,12.7
2024,9,BR,Paul Laurence Dunbar HS JV,72.83,14.4,15.13,14.6,14.5
2024,10,PR,Paul Laurence Dunbar HS JV,79.09,15.26,16.13,15.8,15.9
2024,9,PSA,Paul V. Moore HS,81.45,25.05,16.95,23.0,16.45
2024,7,PSA,Pearl HS,82.8,24.6,17.0,24.4,16.8
2024,13,R3,Pearl HS,92.25,27.0,18.75,27.75,18.75
2024,6,PSW,Pearland HS,78.9,23.7,15.6,24.5,15.1
2024,8,PSW,Pearland HS,85.65,26.25,16.0,25.7,17.7
2024,4,PSA,Penn Manor High School,65.9,20.4,20.1,12.8,12.6
2024,5,PSA,Penn Manor High School,68.801,21.1,20.1,13.6,14.0
2024,7,PSA,Penn Manor High School,74.501,21.7,23.4,15.0,14.4
2024,11,PSA,Penn Manor High School,76.8,23.15,21.75,15.25,16.65
2024,12,BD,Penn Manor High School,79.2,24.3,24.3,15.1,15.5
2024,6,PSA,Pennridge,72.6,22.2,20.55,14.1,15.75
2024,7,PSA,Pennridge,80.65,24.9,25.05,14.6,16.1
2024,8,PSA,Pennridge,53.0,15.0,18.0,10.0,10.0
2024,11,PSA,Pennridge,78.35,25.6,22.05,14.25,16.45
2024,12,GD,Pennridge,85.851,25.8,27.6,15.1,17.35
2024,6,PSA,Peoria Unified School District,71.601,21.45,14.35,22.2,13.6
2024,3,PSA,Perkiomen Valley,69.05,20.1,20.85,14.6,13.5
2024,6,PSA,Perkiomen Valley,74.0,21.6,21.9,14.9,15.6
2024,8,PSA,Perkiomen Valley,79.951,22.8,24.15,16.2,16.8
2024,11,PSA,Perkiomen Valley,83.201,23.6,25.2,17.1,17.3
2024,12,BD,Perkiomen Valley,89.9,26.0,28.2,18.1,17.6
2024,9,PSA,Perkiomen Valley HS,78.5,23.25,16.6,22.6,16.05
2024,13,R2,Perkiomen Valley HS,84.776,25.575,17.25,25.35,16.6
2024,6,PSA,Perry Combined Schools,70.5,22.35,13.4,19.65,15.1
2024,6,PSA,Perry Meridian HS,73.65,22.35,14.4,22.5,14.4
2024,13,R4,Perry Meridian HS,79.775,24.0,16.225,23.5,16.05
2024,3,PSA,Perry Meridian Indoor Percussion,67.9,18.3,14.4,21.4,13.8
2024,5,PSA,Perry Meridian Indoor Percussion,76.6,22.2,14.9,24.5,15.0
2024,8,PSA,Perry Meridian Indoor Percussion,76.751,22.95,14.4,24.1,15.3
2024,9,R1,Perry Meridian Indoor Percussion,79.326,22.725,15.0,24.85,16.75
2024,11,PSA,Perry Meridian Indoor Percussion,81.6,23.4,15.8,26.05,16.35
2024,7,PSO,Petal HS,73.051,23.25,14.5,21.3,14.0
2024,6,PSO,Pflugerville HS,74.0,22.5,14.6,21.5,15.4
2024,8,PSO,Pflugerville HS,83.9,25.5,16.9,25.4,16.1
2024,2,PSA,Phoenix,70.101,20.9,20.7,14.7,13.8
2024,3,PSA,Phoenix,72.95,22.3,21.45,15.2,14.0
2024,6,PSA,Phoenix,77.9,23.0,23.4,15.8,15.7
2024,8,PSA,Phoenix,81.15,23.9,25.05,16.1,16.1
2024,10,PSA,Phoenix,85.475,24.0,26.775,17.4,17.3
2024,11,PSA,Phoenix,86.325,26.6,25.875,16.65,17.2
2024,4,PSA,Phoenixville,71.101,21.3,20.55,15.25,14.0
2024,6,PSA,Phoenixville,76.301,24.2,22.8,14.4,14.9
2024,7,PSA,Phoenixville,76.301,22.7,23.1,14.8,15.7
2024,11,PSA,Phoenixville,78.55,21.4,23.1,17.45,16.6
2024,12,BD,Phoenixville,81.551,24.4,24.45,16.9,15.8
2024,9,PSA,Phoenixville Area HS,74.4,22.8,13.7,21.9,16.0
2024,4,PIA,Pi Percussion Inc.,76.9,23.4,15.0,23.5,15.0
2024,6,PIA,Pi Percussion Inc.,73.95,21.75,15.0,22.0,15.2
2024,13,R3,Pi Percussion Inc.,81.376,24.375,16.65,24.0,16.35
2024,5,SRA,Pigeon Forge High School Winterguard,53.16,11.92,11.74,8.8,9.8
2024,11,R2,Pigeon Forge High School Winterguard,70.711,13.87,13.34,15.7,14.0
2024,3,PRA,Pike Indoor Percussion,54.55,16.05,11.8,15.9,10.8
2024,5,PRA,Pike Indoor Percussion,61.901,18.0,12.3,19.2,12.4
2024,7,PRA,Pike Indoor Percussion,63.751,19.65,13.0,18.7,12.4
2024,9,PRA,Pike Indoor Percussion,65.475,20.325,12.55,19.25,13.35
2024,6,PIA,Pinnacle Percussion,75.0,22.2,16.7,21.0,15.1
2024,4,GJHSA,Pioneer MS Winterguard,51.1,108.8,100.2,10.2,9.9
2024,6,GJHSA,Pioneer MS Winterguard,62.99,130.8,120.1,12.2,13.0
2024,8,GJHSA,Pioneer MS Winterguard,65.18,134.8,140.0,12.3,12.7
2024,11,GJHSA,Pioneer MS Winterguard,69.7,140.0,146.0,13.4,14.0
2024,4,PSA,Plainfield Combined Schools,75.8,23.7,15.1,22.4,14.6
2024,13,R3,Plainfield Combined Schools,84.301,25.275,16.525,25.725,16.775
2024,6,PSO,Plainfield HS (IN),82.7,26.7,16.0,25.0,15.0
2024,13,R3,Plainfield HS (IN),85.951,25.725,17.55,26.225,16.45
2024,3,PSO,Plainfield High School Winter Percussion Ensemble,67.3,18.6,13.7,21.3,13.7
2024,5,PSO,Plainfield High School Winter Percussion Ensemble,73.3,22.5,14.6,21.5,14.7
2024,9,PSO,Plainfield High School Winter Percussion Ensemble,78.489,24.938,15.5,22.6,15.45
2024,11,PSO,Plainfield High School Winter Percussion Ensemble,77.051,22.275,16.325,21.8,16.65
2024,7,PSA,Pleasant Grove HS,72.451,21.45,14.8,21.9,14.3
2024,5,PSO,Plymouth-Canton Educational Park,75.7,24.0,14.4,22.4,14.9
2024,6,PSO,Plymouth-Canton Educational Park,79.5,24.0,15.9,23.9,15.7
2024,7,PSO,Plymouth-Canton Educational Park,80.65,24.15,15.9,24.5,16.1
2024,12,PSO,Plymouth-Canton Educational Park,87.875,26.925,17.3,26.35,17.3
2024,13,R3,Plymouth-Canton Educational Park,86.4,26.1,17.3,25.85,17.15
2024,5,PSA,Ponte Vedra Combined Schools,68.551,22.65,12.8,19.1,14.0
2024,5,PSA,Port Huron Northern Thunder Percussion,70.35,19.05,15.8,22.4,13.1
2024,9,PSA,Port Huron Northern Thunder Percussion,73.15,21.75,14.6,21.9,14.9
2024,12,PSA,Port Huron Northern Thunder Percussion,78.001,23.25,15.45,23.85,15.45
2024,5,GSN,Pottsville Winter Guard,74.14,14.72,14.12,14.2,15.5
2024,6,GSN,Pottsville Winter Guard,68.92,14.3,15.32,14.4,11.9
2024,7,GSN,Pottsville Winter Guard,75.64,14.72,14.92,17.4,14.7
2024,10,GSN,Pottsville Winter Guard,77.1,15.64,15.46,15.6,15.0
2024,11,GSN,Pottsville Winter Guard,78.18,15.26,15.12,16.3,15.3
2024,5,SRA,Powell Bijoux,60.371,12.02,13.55,12.4,12.4
2024,6,R2,Powell Bijoux,64.65,13.01,11.9,12.1,14.1
2024,11,R1,Powell Bijoux,77.05,15.28,15.27,16.1,15.2
2024,1,PSA,Powell Indoor Percussion,59.701,20.4,18.9,10.0,10.4
2024,6,PSA,Powell Indoor Percussion,76.45,22.6,23.85,15.0,15.0
2024,11,PSA,Powell Indoor Percussion,79.951,23.8,24.75,15.7,15.7
2024,7,PSA,Powhatan HS,72.8,21.15,13.8,23.25,14.6
2024,13,R2,Powhatan HS,82.176,24.825,16.0,26.05,15.3
2024,6,GSRA,Prairie Grove Winter Guard,69.92,12.54,12.98,15.0,14.9
2024,10,GSRA,Prairie Grove Winter Guard,74.1,13.28,14.32,15.8,15.8
2024,11,GSRA,Prairie Grove Winter Guard,78.02,15.26,15.66,15.5,16.2
2024,5,PSN,Prescott Wolf Pride Indoor Percussion,62.1,20.3,19.8,11.2,10.8
2024,7,PSN,Prescott Wolf Pride Indoor Percussion,58.8,18.1,17.4,11.5,11.8
2024,5,GSN,Prescott Wolf Pride Winter Guard,64.26,12.3,13.66,11.6,13.1
2024,7,GSN,Prescott Wolf Pride Winter Guard,66.841,13.78,13.46,12.8,13.5
2024,3,PRA,Princeton Community,60.4,16.8,11.4,19.0,13.2
2024,5,PRA,Princeton Community,65.45,19.2,14.15,19.7,12.4
2024,7,PSA,Princeton Community,72.7,21.3,14.9,22.6,13.9
2024,8,PSA,Princeton Community,72.251,20.85,14.0,23.1,14.3
2024,9,R1,Princeton Community,75.251,21.0,14.3,23.05,16.9
2024,11,PSA,Princeton Community,71.25,19.35,14.45,22.5,14.95
2024,7,PSA,Provo City School District,76.15,23.55,15.8,21.5,15.3
2024,2,PIW,Pulse Percussion,85.5,24.9,17.2,26.4,17.0
2024,5,PIW,Pulse Percussion,92.4,27.9,18.5,27.5,18.5
2024,8,PIW,Pulse Percussion,94.65,28.65,18.9,28.0,19.1
2024,9,PIW,Pulse Percussion,95.3,28.95,19.0,28.2,19.15
2024,11,PIW,Pulse Percussion,96.3,29.1,19.2,28.6,19.4
2024,12,PIW,Pulse Percussion,96.7,29.175,19.225,29.1,19.2
2024,13,PIW,Pulse Percussion,98.5,29.775,19.6,29.575,19.55
2024,6,PIO,Q2,83.35,24.45,17.1,25.1,16.7
2024,13,PIO,Q2,95.65,29.025,19.325,28.75,18.55
2024,8,PIA,Quad City Percussion,74.9,21.6,15.5,23.2,14.6
2024,13,PIA,Quad City Percussion,85.626,26.025,17.15,25.95,16.5
2024,4,PSA,Quakertown,75.05,22.4,23.1,14.65,14.9
2024,6,PSA,Quakertown,78.4,23.0,23.55,15.8,16.05
2024,11,PSA,Quakertown,85.076,24.5,26.925,15.9,17.75
2024,12,GD,Quakertown,89.35,26.8,28.35,16.5,17.7
2024,9,PSA,Quakertown HS,78.35,24.75,14.4,24.4,14.8
2024,2,PIW,RCC,83.975,24.675,17.0,25.7,16.6
2024,6,PIW,RCC,89.55,27.15,18.3,26.2,17.9
2024,7,PIW,RCC,91.25,27.45,18.4,26.9,18.5
2024,9,PIW,RCC,93.2,28.2,18.9,27.75,18.35
2024,11,PIW,RCC,94.8,28.2,19.6,28.2,18.8
2024,12,PIW,RCC,95.675,28.875,19.35,28.6,18.85
2024,13,PIW,RCC,97.4,29.475,19.6,29.15,19.175
2024,5,PIA,RPT PERCUSSION,72.5,23.7,13.6,21.0,14.2
2024,13,R3,RPT PERCUSSION,76.75,22.95,15.7,22.35,15.75
2024,4,B2,Ramona HS,72.4,19.8,14.9,23.6,14.1
2024,8,B1,Ramona HS,79.65,22.65,16.8,23.6,16.6
2024,10,R2,Ramona HS,91.525,28.275,17.7,27.3,18.25
2024,11,R1,Ramona HS,90.825,27.825,17.8,26.3,18.9
2024,12,PSA,Ramona HS,87.275,26.175,17.525,25.5,18.075
2024,4,B2,Rancho Alamitos HS,74.2,20.1,15.9,23.8,14.4
2024,5,PSA,Rancho Alamitos HS,76.675,22.425,15.4,24.2,14.65
2024,6,B2,Rancho Alamitos HS,74.15,24.15,15.0,21.6,13.4
2024,9,PSA,Rancho Alamitos HS,75.35,22.5,14.75,23.0,15.1
2024,10,R4,Rancho Alamitos HS,80.551,25.05,15.2,24.6,15.7
2024,3,PSO,Rancho Cucamonga HS,76.95,22.95,15.1,23.8,15.1
2024,5,PSO,Rancho Cucamonga HS,79.65,24.45,16.4,22.6,16.2
2024,8,PSO,Rancho Cucamonga HS,87.55,26.55,18.1,25.7,17.2
2024,11,R2,Rancho Cucamonga HS,91.55,28.05,18.0,27.3,18.2
2024,12,PSO,Rancho Cucamonga HS,93.325,27.975,19.075,27.7,18.575
2024,3,PSJ,Rancho Starbuck IS,72.4,21.0,14.1,22.9,14.4
2024,6,PSJ,Rancho Starbuck IS,75.15,23.55,14.6,24.0,13.0
2024,8,PSJ,Rancho Starbuck IS,82.8,25.2,16.4,24.8,16.4
2024,11,PSJ,Rancho Starbuck IS,90.85,26.85,18.35,27.3,18.35
2024,7,B2,Rancho Verde HS,82.15,24.3,15.9,26.0,15.95
2024,8,PSO,Rancho Verde HS,82.35,25.65,16.5,23.3,16.9
2024,11,R1,Rancho Verde HS,85.8,24.9,16.6,27.1,17.2
2024,12,PSO,Rancho Verde HS,84.05,24.9,16.35,25.85,16.95
2024,6,PSO,Ravenwood HS,76.25,22.95,15.1,22.8,15.4
2024,1,SRA,Red Regiment Winterguard,56.25,10.94,13.21,8.9,11.5
2024,5,SRA,Red Regiment Winterguard,69.17,12.61,14.21,14.0,13.45
2024,11,R2,Red Regiment Winterguard,78.74,15.8,15.34,16.5,15.7
2024,9,PIW,Red Wave Indoor,80.901,24.6,16.0,24.0,16.3
2024,13,R2,Red Wave Indoor,81.075,24.675,17.15,23.7,15.55
2024,5,PIW,Redline,77.7,23.4,15.7,23.0,15.6
2024,6,PIW,Redline,81.05,24.15,16.3,24.6,16.0
2024,9,PIW,Redline,83.55,24.75,17.0,25.1,16.7
2024,12,PIW,Redline,88.85,27.0,17.6,26.35,17.9
2024,13,R2,Redline,84.825,25.65,17.775,24.55,16.85
2024,3,B1,Redondo Union HS,64.576,18.675,12.4,21.4,12.1
2024,7,B2,Redondo Union HS,71.301,19.5,14.3,23.5,14.0
2024,10,R3,Redondo Union HS,77.1,23.85,14.65,24.0,14.6
2024,8,GHSSAS,Redwood HS Winterguard,70.64,138.6,148.8,14.0,14.6
2024,6,GHSSRAS,Reedley HS Winterguard,52.96,108.8,94.8,10.8,10.7
2024,8,GHSSRAS,Reedley HS Winterguard,61.451,113.6,114.9,11.8,15.5
2024,7,PIW,Resistance Indoor Percussion,82.0,25.6,24.3,16.2,15.9
2024,8,PIW,Resistance Indoor Percussion,76.05,22.35,15.4,23.0,15.3
2024,13,R2,Resistance Indoor Percussion,81.15,24.75,17.05,23.25,16.1
2024,6,PIA,Revelation,80.05,23.85,16.3,23.1,16.8
2024,13,PIA,Revelation,92.875,28.125,18.15,27.9,18.7
2024,8,PSA,Rex Putnam Combined Schools,84.15,25.65,16.3,24.9,17.3
2024,13,PSA,Rex Putnam Combined Schools,86.925,25.575,17.775,26.075,17.5
2024,3,SRA,Rhea County High School Winter Guard,63.05,12.81,13.34,11.8,12.9
2024,5,SRA,Rhea County High School Winter Guard,63.456,12.015,13.74,12.3,13.3
2024,11,R1,Rhea County High School Winter Guard,73.621,14.48,13.94,15.3,15.0
2024,4,PIW,Rhythm X,84.2,24.9,16.3,26.4,16.6
2024,13,PIW,Rhythm X,98.4,29.775,19.7,29.6,19.325
2024,6,PIW,Rhythmic Force Percussion,82.9,24.6,16.5,25.2,16.6
2024,8,PIW,Rhythmic Force Percussion,86.1,25.8,17.2,25.7,17.4
2024,13,R1,Rhythmic Force Percussion,87.714,26.738,17.5,25.975,17.5
2024,11,PJHSA,Richgrove Elementary Warrior Percussion,73.351,22.2,22.35,14.6,14.2
2024,4,PJHSA,Richgrove School Percussion Ensemble,59.001,17.6,18.6,11.3,11.5
2024,8,PJHSA,Richgrove School Percussion Ensemble,69.251,20.4,21.15,14.0,13.7
2024,8,PSO,Ridgeline HS,80.1,24.6,15.6,23.6,16.3
2024,9,PSA,Ridgeview HS,74.3,21.9,14.7,23.3,14.4
2024,7,PIO,Rift Percussion,78.95,23.25,16.4,23.4,15.9
2024,13,R4,Rift Percussion,79.775,23.925,16.5,23.0,16.35
2024,7,PIW,Rise Percussion,76.4,23.1,15.7,22.6,15.0
2024,13,R1,Rise Percussion,81.55,24.375,17.175,23.3,16.7
2024,8,PIO,River City Rhythm,86.35,26.55,18.0,24.3,17.5
2024,13,R1,River City Rhythm,87.0,26.7,17.3,26.1,16.9
2024,7,PSN,Rivercrest Indoor Percussion Ensemble,69.0,22.0,21.9,12.7,12.4
2024,11,PSN,Rivercrest Indoor Percussion Ensemble,80.55,25.8,26.25,11.7,16.8
2024,5,SRA,Roane County High School Winterguard,63.62,12.39,13.33,12.0,14.0
2024,11,R1,Roane County High School Winterguard,75.84,14.6,12.94,15.9,16.4
2024,4,GHSSRAG,Robert F Kennedy Winter Guard,61.03,122.1,108.2,12.8,12.4
2024,8,GHSSRAG,Robert F Kennedy Winter Guard,68.481,137.0,130.8,13.4,14.5
2024,11,GHSSRAG,Robert F Kennedy Winter Guard,70.831,142.8,133.5,14.9,13.9
2024,4,PHSSA,Robert F. Kennedy HS Percussion,76.45,23.8,23.25,14.7,14.7
2024,6,PHSSA,Robert F. Kennedy HS Percussion,81.65,24.6,24.45,16.5,16.1
2024,8,PHSSA,Robert F. Kennedy HS Percussion,86.05,26.3,25.65,17.1,17.0
2024,8,PSA,Robert Vela HS,73.9,21.45,14.4,23.25,14.8
2024,6,PIA,Rochester Institute of Technology (RIT),62.55,18.7,19.35,12.3,12.2
2024,9,PIA,Rochester Institute of Technology (RIT),63.25,19.9,19.35,12.0,12.0
2024,10,PIA,Rochester Institute of Technology (RIT),62.5,17.8,18.6,12.8,13.3
2024,11,PIA,Rochester Institute of Technology (RIT),69.1,21.8,20.4,13.0,13.9
2024,8,PIA,Rochester Lourdes Drumline,77.75,24.15,15.6,23.3,14.7
2024,6,PSA,Rock Hill HS,75.25,22.05,15.3,22.5,15.4
2024,3,SRA,Rockcastle County High School,56.101,11.01,10.14,11.05,12.5
2024,5,SRA,Rockcastle County High School,56.48,10.95,11.08,11.4,12.25
2024,6,R1,Rockcastle County High School,60.52,11.08,12.94,11.5,12.2
2024,11,R1,Rockcastle County High School,69.18,13.14,14.34,14.4,13.7
2024,8,PSA,Rocori HS,69.701,21.3,15.1,19.2,14.1
2024,6,PSA,Rogers Heritage Indoor Percussion,61.65,16.5,19.05,12.9,13.2
2024,7,PSA,Rogers Heritage Indoor Percussion,66.4,19.1,20.4,13.0,13.9
2024,11,PSA,Rogers Heritage Indoor Percussion,72.201,22.8,20.1,15.0,14.3
2024,6,GSRB,Rogers Heritage Winter Guard,72.58,14.7,14.58,14.4,14.5
2024,7,GSRB,Rogers Heritage Winter Guard,70.92,16.26,15.06,11.7,14.3
2024,11,GSRB,Rogers Heritage Winter Guard,81.72,16.2,15.72,15.9,17.2
2024,1,GHSSRAS,Roosevelt HS Winterguard,61.96,117.5,134.1,11.3,12.8
2024,4,GHSSRAS,Roosevelt HS Winterguard,62.701,110.9,128.1,12.4,12.6
2024,6,GHSSRAS,Roosevelt HS Winterguard,63.521,124.1,114.1,13.2,13.6
2024,11,GHSSRAS,Roosevelt HS Winterguard,66.781,133.4,139.4,13.6,13.0
2024,8,PJHSA,Rosedale Union Drumline,79.1,24.6,23.1,15.5,15.9
2024,11,PJHSA,Rosedale Union Drumline,84.0,25.2,25.8,16.6,16.4
2024,4,PSW,Rowland HS,76.15,24.15,16.0,21.6,14.4
2024,6,PSW,Rowland HS,79.251,22.65,16.1,24.3,16.2
2024,8,PSW,Rowland HS,82.15,24.75,16.6,24.8,16.0
2024,11,PSW,Rowland HS,83.076,24.675,17.1,25.0,16.3
2024,12,PSW,Rowland HS,84.051,25.05,17.1,25.55,16.35
2024,2,SRA,Russell HS,58.811,11.27,10.94,12.6,12.5
2024,6,SRA,Russell HS,66.221,12.34,13.08,13.2,14.9
2024,7,SRA,Russell HS,65.56,13.48,13.88,13.1,12.3
2024,9,BR,Russell HS,76.451,15.81,16.34,14.7,15.5
2024,10,SRA,Russell HS,79.961,17.39,15.87,15.4,15.9
2024,5,PIW,STRYKE Percussion,77.3,23.7,14.1,24.6,14.9
2024,13,R1,STRYKE Percussion,85.613,26.362,17.45,25.0,16.8
2024,6,PSA,Sabino HS,66.2,20.7,12.9,18.9,13.7
2024,5,SRA,Saint Mary's County Indoor Color Guard,64.02,12.74,12.68,13.5,11.2
2024,6,SRA,Saint Mary's County Indoor Color Guard,70.86,13.48,13.08,16.0,14.3
2024,7,SRA,Saint Mary's County Indoor Color Guard,71.08,14.34,14.14,14.3,14.2
2024,8,SRA,Saint Mary's County Indoor Color Guard,75.14,15.21,15.13,15.2,14.8
2024,11,SP-SA(,Saint Mary's County Indoor Percussion,83.7,39.7,44.7,40.4,42.6
2024,6,SRA,Salem HS,60.121,12.08,11.14,13.0,11.8
2024,7,SRA,Salem HS,59.691,12.15,12.74,11.0,12.6
2024,8,PR,Salem HS,61.921,12.61,12.41,11.5,12.9
2024,9,BR,Salem HS,66.911,13.27,13.34,13.9,12.9
2024,10,PR,Salem HS,71.551,14.08,13.67,14.8,14.3
2024,2,PSA,San Bernardino City USD,74.7,21.9,14.6,23.1,15.1
2024,7,B2,San Bernardino City USD,80.05,23.55,16.4,23.7,16.4
2024,3,B2,San Dimas HS,67.001,19.5,12.7,21.3,13.5
2024,6,B1,San Dimas HS,69.101,21.0,14.0,20.6,13.5
2024,7,B1,San Dimas HS,72.75,23.4,14.9,20.55,13.9
2024,8,B2,San Dimas HS,79.35,25.95,15.9,22.6,14.9
2024,10,R3,San Dimas HS,83.951,25.65,16.7,25.4,16.2
2024,2,PSA,San Marino HS,68.201,20.1,13.2,21.9,13.0
2024,7,B2,San Marino HS,72.35,22.05,14.0,22.5,13.8
2024,10,R4,San Marino HS,75.601,24.6,14.3,23.5,13.2
2024,6,PSA,Sandra Day OConnor HS,70.95,21.6,14.1,21.35,13.9
2024,6,PHSSA,Sanger HS Percussion,72.001,22.4,20.85,14.0,14.75
2024,8,PHSSA,Sanger HS Percussion,72.75,22.1,19.65,16.0,15.0
2024,8,B2,Santa Barbara Combined Schools,71.101,21.6,13.7,21.0,14.8
2024,10,R4,Santa Barbara Combined Schools,74.45,24.75,13.3,22.7,13.7
2024,9,PSW,Saratoga HS,81.451,24.15,16.4,23.8,17.1
2024,13,R2,Saratoga HS,90.276,27.525,16.975,28.05,17.725
2024,3,B1,Savanna HS,63.851,17.85,12.9,20.5,12.6
2024,8,B2,Savanna HS,67.301,20.7,13.3,20.4,12.9
2024,10,R4,Savanna HS,72.6,22.8,14.0,21.5,14.3
2024,3,PSA,Scottsburg HS,66.0,20.6,19.5,13.0,12.9
2024,5,BR,Scottsburg HS,61.38,12.34,11.94,12.0,12.7
2024,6,PSA,Scottsburg HS,70.1,21.4,21.6,13.5,13.6
2024,7,SRA,Scottsburg HS,68.29,14.08,14.01,12.7,13.7
2024,8,PR,Scottsburg HS,71.82,14.94,14.0,14.3,14.3
2024,9,BR,Scottsburg HS,75.15,14.81,15.74,15.0,14.8
2024,10,PR,Scottsburg HS,78.11,15.34,16.47,15.1,15.3
2024,4,PRA,Scottsburg High School Winter Percussion,63.1,20.7,10.8,19.3,12.3
2024,7,PRA,Scottsburg High School Winter Percussion,62.501,17.7,12.1,20.2,12.5
2024,8,PRA,Scottsburg High School Winter Percussion,70.05,20.85,13.9,22.2,13.1
2024,9,PRA,Scottsburg High School Winter Percussion,68.576,21.375,12.7,21.55,12.95
2024,8,PSA,Seguin HS,74.55,22.05,14.5,23.0,15.0
2024,9,PSA,Selma HS,82.775,23.175,15.4,27.0,17.2
2024,4,PHSSA,Selma HS Percussion,70.476,20.6,21.375,14.2,14.3
2024,6,PHSSA,Selma HS Percussion,76.75,23.5,22.35,15.2,15.7
2024,8,PHSSA,Selma HS Percussion,81.45,24.4,23.85,16.5,16.7
2024,1,GHSSAS,Selma HS Winterguard,64.21,117.4,128.7,13.8,13.5
2024,4,GHSSAS,Selma HS Winterguard,72.42,146.1,138.1,14.7,14.5
2024,6,GHSSAG,Selma HS Winterguard,71.59,143.5,14.4,14.7,13.4
2024,8,GHSSAG,Selma HS Winterguard,76.23,153.5,154.8,15.8,14.5
2024,11,GHSSAG,Selma HS Winterguard,82.47,162.7,170.0,16.9,16.1
2024,11,GHSSAG,Selma High School,82.47,162.7,170.0,16.9,16.1
2024,5,PSA,Seminole Ridge HS,69.35,21.45,13.7,19.5,14.7
2024,3,SN,Seneca Valley HS Guard,60.18,11.75,12.53,11.9,12.1
2024,5,SN,Seneca Valley HS Guard,68.49,14.14,14.15,13.3,13.7
2024,7,SN,Seneca Valley HS Guard,69.69,14.01,13.48,14.1,14.7
2024,8,SN,Seneca Valley HS Guard,71.12,13.48,14.74,14.8,14.7
2024,9,SN,Seneca Valley HS Guard,73.19,14.88,14.81,15.3,14.8
2024,1,GJHSA,Sequoia MS Winterguard (Fresno),50.13,104.2,105.1,9.9,9.1
2024,6,GJHSA,Sequoia MS Winterguard (Fresno),56.2,114.1,100.9,10.8,11.9
2024,11,GJHSA,Sequoia MS Winterguard (Fresno),61.97,125.3,125.4,12.0,13.1
2024,1,GJHSA,Sequoia MS Winterguard (Porterville),54.35,108.2,117.3,10.8,9.9
2024,4,GJHSA,Sequoia MS Winterguard (Porterville),51.29,102.3,95.6,9.9,10.9
2024,6,GJHSA,Sequoia MS Winterguard (Porterville),52.581,110.9,98.9,11.1,10.9
2024,8,GJHSA,Sequoia MS Winterguard (Porterville),57.17,122.3,119.4,10.6,11.2
2024,11,GJHSA,Sequoia MS Winterguard (Porterville),58.691,117.4,119.5,11.2,11.6
2024,4,B1,Serrano HS,71.525,20.325,14.8,22.2,14.2
2024,7,B1,Serrano HS,71.25,21.75,14.6,20.2,14.7
2024,8,B2,Serrano HS,78.05,24.75,15.3,22.6,15.4
2024,10,R2,Serrano HS,83.876,27.075,15.5,24.65,16.65
2024,11,R1,Serrano HS,79.9,23.7,16.0,24.1,16.1
2024,8,PSO,Seven Lakes HS,80.95,24.45,16.1,24.2,16.2
2024,4,PSA,Seymour HS,72.951,22.05,12.9,24.4,13.6
2024,1,SRA,Seymour JV,53.25,12.74,12.61,7.0,11.2
2024,5,SRA,Seymour JV,65.53,11.02,13.21,13.2,15.1
2024,6,R1,Seymour JV,66.49,11.48,13.61,13.5,13.4
2024,11,R2,Seymour JV,76.21,15.27,15.54,16.1,14.9
2024,1,PSA,Seymour Percussion,69.8,21.2,21.6,13.8,13.2
2024,6,PSA,Seymour Percussion,80.75,23.4,25.05,16.0,16.3
2024,11,PSA,Seymour Percussion,86.7,26.7,25.8,17.1,17.1
2024,1,SO,Seymour Varsity,60.2,11.6,11.7,13.3,10.2
2024,3,SO,Seymour Varsity,68.8,13.5,13.4,15.1,13.3
2024,5,SO,Seymour Varsity,70.6,14.3,14.2,14.6,12.9
2024,6,SO,Seymour Varsity,73.7,14.8,15.1,14.6,14.7
2024,11,SO,Seymour Varsity,81.7,16.4,16.4,16.3,16.2
2024,5,PR,Shawe Memorial HS,53.061,10.35,10.21,12.0,9.7
2024,6,SRA,Shawe Memorial HS,58.031,10.95,11.68,11.6,12.4
2024,7,SRA,Shawe Memorial HS,58.42,11.41,12.01,11.2,12.4
2024,9,PR,Shawe Memorial HS,58.19,11.49,11.2,11.7,12.5
2024,3,SRA,Shenandoah Valley HS Guard,64.721,12.81,13.41,13.5,11.8
2024,5,SRA,Shenandoah Valley HS Guard,66.69,13.01,14.28,13.6,12.8
2024,7,SRA,Shenandoah Valley HS Guard,69.25,13.94,15.01,15.0,12.6
2024,9,SRA,Shenandoah Valley HS Guard,74.35,15.21,15.54,15.1,13.8
2024,8,PSO,Sherwood HS,83.65,25.35,16.7,24.7,16.9
2024,8,PSA,Sherwood Middle School,73.051,21.75,15.4,21.1,14.8
2024,6,PIA,Shockwave,62.251,18.15,12.0,20.2,11.9
2024,13,PIA,Shockwave,76.075,23.475,15.05,22.6,14.95
2024,5,PIO,Siege Percussion,77.1,23.7,14.5,24.3,14.6
2024,13,R3,Siege Percussion,82.726,24.675,16.8,24.75,16.5
2024,4,GHSSRAS,Sierra Pacific HS JV Winterguard,68.29,128.7,118.2,14.5,14.4
2024,6,GHSSRAS,Sierra Pacific HS JV Winterguard,71.18,142.0,134.8,14.3,15.3
2024,8,GHSSRAG,Sierra Pacific HS JV Winterguard,71.51,137.4,140.7,14.1,15.3
2024,11,GHSSRAG,Sierra Pacific HS JV Winterguard,74.77,143.4,143.3,16.7,14.9
2024,4,PHSSRA,Sierra Pacific HS Percussion,71.0,20.4,22.2,14.6,13.8
2024,6,PHSSRA,Sierra Pacific HS Percussion,75.5,21.5,22.5,16.1,15.4
2024,8,PHSSRA,Sierra Pacific HS Percussion,77.95,23.2,23.85,15.2,15.7
2024,4,GHSSAG,Sierra Pacific HS Varsity Winterguard,74.09,152.1,142.8,15.4,14.5
2024,6,GHSSAG,Sierra Pacific HS Varsity Winterguard,74.65,152.1,15.1,14.6,14.6
2024,8,GHSSAG,Sierra Pacific HS Varsity Winterguard,80.33,156.2,162.1,16.5,15.8
2024,11,GHSSAG,Sierra Pacific HS Varsity Winterguard,83.25,169.4,158.1,16.8,16.6
2024,4,B1,Sierra Vista HS,67.801,20.4,13.3,22.0,12.1
2024,6,B2,Sierra Vista HS,68.501,21.3,12.7,21.9,12.6
2024,8,B1,Sierra Vista HS,71.75,22.05,13.1,23.2,13.4
2024,10,R1,Sierra Vista HS,79.601,22.95,14.65,26.8,15.2
2024,7,GSRA,Siloam Springs JV Winter Guard,76.92,14.86,15.26,15.1,15.9
2024,7,GSB,Siloam Springs Varsity Winter Guard,70.86,13.95,15.41,14.1,13.7
2024,3,BR,Silver Creek HS,58.51,11.27,12.74,11.2,11.2
2024,6,SRA,Silver Creek HS,62.59,12.75,12.94,12.8,13.0
2024,7,SRA,Silver Creek HS,68.21,13.74,14.67,13.5,12.9
2024,9,PR,Silver Creek HS,72.65,14.61,14.94,14.1,14.2
2024,10,PR,Silver Creek HS,77.3,15.93,15.07,15.6,15.2
2024,2,PSA,Simi Valley HS,64.45,19.65,12.3,21.1,11.4
2024,7,B2,Simi Valley HS,66.45,20.85,13.3,19.6,12.7
2024,8,B2,Simi Valley HS,70.851,22.95,15.2,19.4,13.3
2024,10,R2,Simi Valley HS,77.8,25.65,14.8,22.7,14.65
2024,8,PSA,Skyview HS,75.4,22.8,15.0,22.8,14.8
2024,5,SRA,Soddy-Daisy,57.72,11.61,13.01,11.3,11.7
2024,11,R1,Soddy-Daisy,68.61,13.87,13.34,14.5,12.9
2024,8,PSA,Sonia Sotomayor HS,84.65,25.8,16.7,24.35,17.8
2024,11,ME,Souderton High School,78.15,24.5,22.05,15.8,15.8
2024,8,PSA,South Albany HS,70.15,20.55,14.9,21.7,13.0
2024,7,PSO,South County HS,85.55,26.85,16.2,24.7,17.8
2024,13,R4,South County HS,87.176,26.85,16.6,26.825,16.9
2024,4,B1,South Hills HS,76.7,21.9,16.0,22.8,16.0
2024,6,B2,South Hills HS,79.8,23.7,16.0,24.0,16.1
2024,8,B2,South Hills HS,85.65,25.05,16.4,26.6,17.6
2024,10,R3,South Hills HS,90.8,27.6,17.6,27.2,18.4
2024,11,R2,South Hills HS,88.55,25.95,18.2,26.1,18.3
2024,12,PSA,South Hills HS,86.001,25.05,17.6,25.45,17.9
2024,7,PSA,South Jones HS,77.451,23.25,15.6,23.8,14.8
2024,7,PSA,South Lakes HS,71.1,20.4,13.1,22.4,15.2
2024,2,SA,South Laurel HS,60.41,12.53,12.28,12.0,11.3
2024,6,SA,South Laurel HS,68.65,13.81,13.34,14.4,13.3
2024,8,BR,South Laurel HS,73.621,16.08,15.34,13.9,14.3
2024,10,PR,South Laurel HS,78.05,15.74,15.81,15.8,15.3
2024,5,PRA,South Lyon Middle School Percussion,57.25,18.75,10.0,18.5,10.0
2024,7,PRA,South Lyon Middle School Percussion,67.3,22.2,12.3,20.1,12.7
2024,12,PRA,South Lyon Middle School Percussion,69.375,22.275,13.0,19.95,14.15
2024,5,PSA,South Lyon Percussion (SLP),68.2,19.2,14.3,21.1,13.6
2024,7,PSA,South Lyon Percussion (SLP),70.35,20.55,14.0,21.9,13.9
2024,9,PSA,South Lyon Percussion (SLP),70.751,20.55,14.2,21.5,14.5
2024,12,PSA,South Lyon Percussion (SLP),74.926,22.5,15.15,21.675,15.6
2024,3,SA,South Oldham HS,68.58,13.54,13.94,13.7,13.8
2024,5,SA,South Oldham HS,70.35,13.61,13.74,14.1,14.3
2024,7,SA,South Oldham HS,73.98,14.68,15.2,14.8,14.7
2024,8,PR,South Oldham HS,78.88,15.14,15.74,16.0,16.0
2024,10,PR,South Oldham HS,82.73,16.33,16.8,16.6,16.5
2024,6,B2,South Pasadena HS,65.251,19.35,11.2,22.7,12.0
2024,8,PSA,South St. Paul HS,66.601,19.8,13.5,20.1,13.2
2024,4,PSO,South Torrance HS,74.45,22.35,14.7,23.2,14.2
2024,6,PSO,South Torrance HS,74.901,22.5,13.9,22.2,16.3
2024,7,PSO,South Torrance HS,78.151,25.8,16.0,21.5,14.85
2024,11,R2,South Torrance HS,86.95,25.95,17.5,26.6,16.9
2024,12,PSO,South Torrance HS,89.338,26.438,17.95,27.2,17.75
2024,7,PSA,Southaven HS,73.35,21.15,14.9,21.6,15.7
2024,3,ME,Southern Regional,71.5,21.2,22.2,14.4,13.7
2024,7,PSA,Southern Regional,82.375,24.5,25.275,15.7,16.9
2024,8,PSA,Southern Regional,82.451,25.3,25.35,16.8,15.0
2024,11,PSA,Southern Regional,82.226,24.9,24.975,16.4,15.95
2024,12,GD,Southern Regional,88.3,26.9,27.0,16.9,17.5
2024,5,PRA,Southgate Winter Percussion,64.65,19.65,12.4,19.3,13.3
2024,7,PSA,Southgate Winter Percussion,67.501,19.5,13.0,20.4,14.6
2024,9,PSA,Southgate Winter Percussion,70.401,21.0,13.3,22.2,13.9
2024,12,PSA,Southgate Winter Percussion,74.801,21.9,15.05,22.75,15.1
2024,5,PSA,Southington HS,68.45,19.65,13.1,22.0,13.7
2024,6,PSO,Southmoore HS,76.951,24.15,15.3,22.9,14.6
2024,4,PSA,Southport Indoor Percussion Ensemble,75.551,22.95,15.1,21.9,15.6
2024,5,PSA,Southport Indoor Percussion Ensemble,71.451,21.9,15.45,20.6,13.5
2024,7,PSA,Southport Indoor Percussion Ensemble,76.6,22.2,15.6,23.2,15.6
2024,8,PSA,Southport Indoor Percussion Ensemble,75.451,21.15,14.2,24.4,15.7
2024,9,R2,Southport Indoor Percussion Ensemble,77.001,23.25,15.4,22.15,16.2
2024,11,PSA,Southport Indoor Percussion Ensemble,77.038,22.238,15.25,23.85,15.7
2024,8,PSA,Southridge HS,75.451,22.35,15.2,22.2,15.7
2024,3,BR,Southwestern HS (IN),52.961,10.34,11.22,10.9,11.0
2024,5,PR,Southwestern HS (IN),58.93,10.68,12.15,12.7,11.3
2024,7,SRA,Southwestern HS (IN),63.28,13.81,13.67,11.1,12.3
2024,8,PR,Southwestern HS (IN),67.75,14.14,13.61,13.2,14.2
2024,9,PR,Southwestern HS (IN),66.421,13.48,13.34,13.6,12.8
2024,13,PSW,Sparkman HS,94.338,28.163,18.875,28.525,18.775
2024,5,PIO,Spartans Indoor Percussion,75.65,22.65,15.4,23.0,14.6
2024,9,PIO,Spartans Indoor Percussion,85.35,24.45,17.7,25.1,18.1
2024,13,R3,Spartans Indoor Percussion,87.701,26.1,18.275,26.25,17.075
2024,7,PIO,Spectre Percussion,85.3,25.5,17.6,24.5,17.7
2024,13,R1,Spectre Percussion,88.326,26.625,17.7,26.1,17.9
2024,8,GIRA,Spin Academy,57.24,100.0,141.4,10.7,12.2
2024,11,GIRA,Spin Academy,56.58,104.7,116.1,11.4,11.6
2024,8,IRA,Spin As One Independent,58.9,10.82,12.28,11.4,12.2
2024,0,SRA,Spring Grove HS Guard,54.67,8.0,11.67,11.8,11.7
2024,7,SRA,Spring Grove HS Guard,71.981,15.34,14.14,13.8,14.6
2024,9,SRA,Spring Grove HS Guard,78.48,15.54,15.54,15.7,15.9
2024,3,PSA,Spring-Ford,78.05,22.3,23.85,15.9,16.0
2024,7,PSA,Spring-Ford,87.2,26.6,27.0,16.4,17.2
2024,8,PSA,Spring-Ford,90.65,26.7,27.75,18.0,18.2
2024,11,PSA,Spring-Ford,93.8,27.6,28.5,18.6,19.1
2024,12,BD,Spring-Ford,94.45,27.7,29.25,18.7,18.8
2024,5,PSA,Spring-Ford HS,84.45,25.65,17.5,24.5,16.8
2024,9,PSA,Spring-Ford HS,90.938,26.812,18.7,27.4,18.025
2024,13,R2,Spring-Ford HS,93.3,27.675,19.35,27.55,18.725
2024,13,R3,Springboro HS,82.501,24.6,17.05,23.55,17.3
2024,2,PSA,St. Genevieve HS,72.525,20.025,14.2,24.3,14.0
2024,4,B1,St. Genevieve HS,68.551,21.15,13.1,21.0,13.3
2024,6,B2,St. Genevieve HS,73.7,20.7,15.2,23.0,14.8
2024,8,B2,St. Genevieve HS,78.5,24.3,15.4,23.6,15.2
2024,10,R3,St. Genevieve HS,84.501,26.7,15.7,24.5,17.6
2024,11,R2,St. Genevieve HS,80.3,24.9,15.1,24.6,15.7
2024,3,PRA,Star System Percussion,61.6,17.1,12.0,18.6,13.9
2024,7,PRA,Star System Percussion,70.4,20.4,14.9,21.6,13.5
2024,8,PRA,Star System Percussion,72.1,21.6,14.5,21.0,15.0
2024,9,PRA,Star System Percussion,75.425,24.15,14.9,21.625,14.75
2024,4,PSO,Stockdale HS,71.251,22.65,13.5,21.7,13.4
2024,7,PSO,Stockdale HS,81.75,24.45,15.6,26.4,15.3
2024,9,PSO,Stockdale HS,85.975,25.275,17.35,26.55,16.8
2024,11,R2,Stockdale HS,82.951,24.3,15.4,26.4,16.85
2024,12,PSO,Stockdale HS,85.626,26.025,17.85,25.1,16.65
2024,5,PSO,Stoneman Douglas HS,76.8,24.3,14.9,23.2,14.4
2024,13,R1,Stoneman Douglas HS,86.425,27.15,16.675,26.75,15.85
2024,6,PSO,Summit HS (TN),76.9,22.8,15.0,22.6,16.5
2024,7,PIO,Sun City Independent,74.55,22.65,14.0,23.3,14.6
2024,13,R3,Sun City Independent,79.401,24.15,16.2,23.35,15.7
2024,7,PIA,Sun City Independent A,75.1,22.2,15.0,22.6,15.3
2024,6,PJHSA,Sundale Union Percussion,67.151,23.0,20.25,12.6,11.3
2024,8,PJHSA,Sundale Union Percussion,66.151,21.3,19.05,13.9,11.9
2024,11,PJHSA,Sundale Union Percussion,72.051,21.0,22.65,14.5,13.9
2024,11,GJHSO,Sundale Union Winterguard,68.28,138.1,138.7,14.6,12.7
2024,1,GJHSO,Sundale Union Winterguard A,59.64,128.8,130.6,11.1,11.0
2024,6,GJHSO,Sundale Union Winterguard A,57.27,99.5,118.2,11.7,11.7
2024,8,GJHSO,Sundale Union Winterguard A,63.23,136.8,125.5,11.8,13.1
2024,5,PSO,Sunlake HS,73.85,23.25,14.5,22.8,13.3
2024,6,B2,Sunny Hills HS,78.35,22.95,15.6,25.3,14.5
2024,7,B2,Sunny Hills HS,76.0,21.9,15.3,23.6,15.2
2024,8,B1,Sunny Hills HS,84.2,26.4,16.3,25.2,16.3
2024,10,R1,Sunny Hills HS,89.15,27.45,16.2,28.4,17.1
2024,11,R2,Sunny Hills HS,88.65,26.25,17.8,27.1,17.5
2024,12,PSA,Sunny Hills HS,84.651,25.05,16.825,25.6,17.175
2024,4,GHSSRAS,Sunnyside HS Winterguard,62.191,122.8,110.1,12.1,12.7
2024,1,SRA,Susquehannock HS Guard,58.65,9.27,11.68,12.1,12.9
2024,3,SRA,Susquehannock HS Guard,65.921,13.68,13.94,12.9,12.7
2024,6,SRA,Susquehannock HS Guard,74.92,16.41,14.41,16.2,13.5
2024,7,SRA,Susquehannock HS Guard,77.45,15.74,15.41,16.5,14.8
2024,9,SRA,Susquehannock HS Guard,78.88,15.94,16.14,17.1,15.0
2024,6,P-SA(,Susquehannock HS Percussion,75.75,22.2,22.95,15.9,14.7
2024,8,P-SA(,Susquehannock HS Percussion,72.95,22.2,20.85,15.2,14.7
2024,9,P-SA(,Susquehannock HS Percussion,79.1,24.9,23.1,15.6,15.5
2024,11,P-SA(,Susquehannock HS Percussion,82.064,23.738,25.275,16.7,16.35
2024,4,PSA,Sycamore HS,75.9,21.9,14.8,23.8,15.4
2024,7,SA,Sycamore HS,65.671,13.89,13.88,11.7,13.2
2024,8,SA,Sycamore HS,70.29,14.48,14.41,13.5,14.2
2024,10,BR,Sycamore HS,72.801,14.61,14.39,14.6,14.7
2024,13,R1,Sycamore HS,90.138,26.737,17.9,27.2,18.3
2024,6,PSO,T.L. Hanna HS,75.55,21.75,15.1,22.3,16.4
2024,2,PR,Tates Creek HS,71.18,13.94,13.34,14.7,13.8
2024,5,SRA,Tates Creek HS,69.48,14.41,14.27,13.5,13.5
2024,6,SRA,Tates Creek HS,75.25,15.07,14.68,15.9,15.1
2024,8,PR,Tates Creek HS,75.08,14.94,15.14,14.9,14.9
2024,10,BR,Tates Creek HS,80.32,16.19,15.93,16.3,15.9
2024,4,PRA,Taylor Indoor Performance Ensemble,64.2,18.6,12.4,19.3,13.9
2024,6,PRA,Taylor Indoor Performance Ensemble,64.0,18.6,12.8,19.9,12.7
2024,9,PRA,Taylor Indoor Performance Ensemble,68.025,21.075,14.55,20.0,12.4
2024,3,B1,Temescal Canyon HS,63.001,16.8,11.8,22.0,12.4
2024,7,B1,Temescal Canyon HS,65.301,18.9,13.4,18.0,15.0
2024,10,R2,Temescal Canyon HS,75.3,24.6,14.3,22.1,14.3
2024,6,B2,Temple City HS,81.95,25.95,16.8,22.6,16.6
2024,8,B1,Temple City HS,86.65,26.55,18.0,25.2,16.9
2024,9,PSA,Temple City HS,90.425,26.925,18.45,27.3,17.75
2024,10,R4,Temple City HS,91.2,27.6,18.6,26.8,18.2
2024,11,R1,Temple City HS,92.85,28.65,18.6,27.3,18.3
2024,12,PSA,Temple City HS,91.225,26.625,18.6,27.5,18.5
2024,3,PRA,Terre Haute North Indoor Percussion,59.25,17.25,11.6,18.3,12.1
2024,4,PRA,Terre Haute North Indoor Percussion,68.65,22.05,12.5,20.2,13.9
2024,7,PRA,Terre Haute North Indoor Percussion,71.6,21.6,14.8,20.7,14.5
2024,8,PRA,Terre Haute North Indoor Percussion,70.15,21.75,13.9,20.3,14.2
2024,9,PRA,Terre Haute North Indoor Percussion,75.6,23.85,15.4,22.4,13.95
2024,3,PRA,Terre Haute South Indoor Percussion,61.8,17.7,14.0,17.7,12.4
2024,4,PRA,Terre Haute South Indoor Percussion,75.3,24.0,14.7,21.2,15.4
2024,5,PSA,Terre Haute South Indoor Percussion,72.351,23.1,14.85,21.5,12.9
2024,6,PSA,Terre Haute South Indoor Percussion,71.75,22.65,13.4,21.5,14.2
2024,7,PSA,Terre Haute South Indoor Percussion,75.65,23.55,15.0,22.2,14.9
2024,8,PSA,Terre Haute South Indoor Percussion,75.951,23.55,14.5,23.2,14.7
2024,9,R1,Terre Haute South Indoor Percussion,75.251,22.65,14.75,23.3,14.55
2024,11,PSA,Terre Haute South Indoor Percussion,74.55,20.4,15.1,24.1,14.95
2024,6,B1,Tesoro HS,72.1,22.2,14.3,21.0,14.6
2024,8,B2,Tesoro HS,77.501,24.45,13.8,23.65,15.6
2024,10,R3,Tesoro HS,85.05,26.25,15.6,26.5,16.7
2024,11,R2,Tesoro HS,81.851,24.3,15.25,25.3,17.0
2024,3,SRA,The Collective Guard,58.951,11.94,12.61,11.2,11.4
2024,6,SRA,The Collective Guard,65.13,13.15,12.88,12.5,13.4
2024,8,SRA,The Collective Guard,73.58,14.54,13.94,15.0,15.4
2024,3,IO,The Magnolia Project,74.5,14.7,14.6,15.1,15.0
2024,7,IO,The Magnolia Project,78.7,14.8,15.1,16.1,16.1
2024,10,IO,The Magnolia Project,82.2,17.0,16.6,16.3,16.1
2024,11,SP-SA(,The Ox Percussion Ensemble,86.6,40.5,44.0,45.7,43.0
2024,9,PIW,Thesis,83.051,24.45,16.7,25.2,16.7
2024,13,R2,Thesis,85.125,25.125,17.9,25.3,16.8
2024,7,PSO,Thomas Jefferson HS,86.15,25.35,17.6,25.7,17.5
2024,13,R1,Thomas Jefferson HS,88.65,26.325,17.675,27.85,16.8
2024,3,SRA,Thomas S. Wootton HS Guard,63.32,12.48,12.94,12.9,12.3
2024,6,SRA,Thomas S. Wootton HS Guard,70.36,13.75,14.41,15.2,13.8
2024,7,SRA,Thomas S. Wootton HS Guard,71.83,14.35,14.48,14.1,14.5
2024,9,SRA,Thomas S. Wootton HS Guard,76.58,15.94,15.74,15.8,14.9
2024,6,P-SRA(,Thomas S. Wootton HS Percussion,68.625,21.3,22.425,12.5,12.4
2024,7,P-SRA(,Thomas S. Wootton HS Percussion,69.575,22.5,21.975,12.5,12.6
2024,11,P-SRA(,Thomas S. Wootton HS Percussion,79.963,23.4,25.462,15.6,15.5
2024,3,P-SRA(,Thomas S. Wootton High School Percussion,64.35,21.45,18.6,11.8,12.5
2024,6,PSA,Thomas Worthington HS,74.201,22.2,15.4,21.6,15.0
2024,6,B1,Thousand Oaks HS,69.151,20.85,13.4,21.8,13.1
2024,7,B2,Thousand Oaks HS,73.751,20.25,14.9,23.4,15.2
2024,10,R1,Thousand Oaks HS,85.1,26.1,18.6,24.8,15.6
2024,11,R2,Thousand Oaks HS,82.601,25.5,16.7,24.3,16.1
2024,4,PIA,Timberland Indoor Percussion,72.15,21.45,14.3,22.4,14.0
2024,13,R1,Timberland Indoor Percussion,80.451,24.75,16.75,22.85,16.1
2024,9,PIA,Toms River Percussion,75.25,22.65,16.1,22.6,13.9
2024,3,B1,Torrance HS,67.4,18.6,13.7,21.9,13.2
2024,7,B1,Torrance HS,69.4,20.7,13.8,20.9,14.0
2024,8,B2,Torrance HS,76.2,22.2,16.8,22.9,14.3
2024,10,R3,Torrance HS,83.151,25.95,17.5,25.0,14.7
2024,4,PHSSRA,Torres HS Percussion,77.8,23.0,23.7,16.2,14.9
2024,6,PHSSA,Torres HS Percussion,78.25,22.9,24.15,15.4,15.8
2024,8,PHSSA,Torres HS Percussion,82.65,25.4,24.45,16.4,16.4
2024,1,GHSSRAG,Torres HS Winterguard,70.52,155.5,158.7,12.4,12.3
2024,4,GHSSRAG,Torres HS Winterguard,71.02,142.1,142.1,14.6,14.4
2024,6,GHSSAS,Torres HS Winterguard,72.28,150.1,14.1,13.5,15.0
2024,8,GHSSAS,Torres HS Winterguard,72.95,146.1,155.4,13.6,13.7
2024,11,GHSSAS,Torres HS Winterguard,79.04,148.7,164.7,15.9,15.8
2024,4,PSJ,Townsend JHS,80.8,24.3,15.8,25.0,15.7
2024,7,PSJ,Townsend JHS,83.45,26.55,16.5,25.1,15.3
2024,8,PSJ,Townsend JHS,87.4,26.4,17.6,26.6,16.8
2024,11,PSJ,Townsend JHS,95.775,29.175,19.5,28.05,19.05
2024,3,IA,Towson University Guard,69.65,13.81,13.74,13.8,14.1
2024,6,IA,Towson University Guard,75.38,14.94,14.54,15.2,15.3
2024,8,IA,Towson University Guard,77.95,15.61,15.54,16.1,15.5
2024,9,IA,Towson University Guard,83.08,16.34,16.14,17.1,17.2
2024,6,PSO,Trabuco Hills HS,78.55,23.55,15.9,23.4,15.7
2024,7,PSO,Trabuco Hills HS,78.525,24.225,15.4,24.2,14.7
2024,11,R1,Trabuco Hills HS,81.751,22.95,15.9,25.1,17.8
2024,9,PIO,Tri-City Percussion,73.926,21.975,14.75,22.0,15.2
2024,6,PIA,Trilogy Independent,77.7,22.2,15.8,23.5,16.2
2024,4,PSA,Troy HS,69.8,20.1,13.4,22.0,14.3
2024,7,B2,Troy HS,70.301,20.7,13.5,22.8,13.3
2024,5,PSO,Trumbull HS,75.7,22.8,15.6,22.5,14.8
2024,13,R2,Trumbull HS,78.651,22.275,15.275,24.35,16.75
2024,4,PHSSO,Tulare Union HS Percussion,62.45,18.3,19.35,12.2,12.6
2024,6,PHSSO,Tulare Union HS Percussion,69.05,20.9,20.55,13.6,14.0
2024,8,PHSSO,Tulare Union HS Percussion,75.05,22.4,21.45,15.8,15.4
2024,1,GHSSRAG,Tulare Union HS Winterguard,62.32,125.1,132.1,12.5,12.1
2024,4,GHSSRAG,Tulare Union HS Winterguard,58.18,114.9,110.9,11.6,11.9
2024,6,GHSSRAG,Tulare Union HS Winterguard,63.03,120.8,12.9,13.4,11.5
2024,8,GHSSRAG,Tulare Union HS Winterguard,69.461,141.5,134.1,14.0,15.5
2024,11,GHSSRAG,Tulare Union HS Winterguard,71.266,141.55,140.1,16.2,12.8
2024,4,PHSSRA,Tulare Western HS Percussion,54.6,15.8,17.1,11.3,10.4
2024,6,PHSSRA,Tulare Western HS Percussion,56.651,17.2,16.95,11.2,11.3
2024,8,PHSSRA,Tulare Western HS Percussion,61.551,18.8,18.15,12.0,12.6
2024,4,GHSSRAB,Tulare Western HS Winterguard,53.891,106.7,102.2,8.9,12.1
2024,6,GHSSRAB,Tulare Western HS Winterguard,58.14,114.2,12.0,12.0,11.3
2024,8,GHSSRAB,Tulare Western HS Winterguard,63.23,139.5,126.8,11.8,13.1
2024,11,GHSSRAB,Tulare Western HS Winterguard,68.05,143.4,132.1,14.8,12.2
2024,7,PSO,Tupelo HS,75.451,23.55,15.4,22.3,14.2
2024,13,R4,Tupelo HS,81.125,24.225,16.0,24.55,16.35
2024,8,PIO,UTSA,87.3,26.7,17.6,25.4,17.6
2024,13,PIO,UTSA,92.689,28.388,17.975,28.1,18.225
2024,3,PSA,Unionville,74.8,22.2,22.8,14.7,15.1
2024,6,ME,Unionville,84.8,24.4,26.4,17.5,16.5
2024,8,PSA,Unionville,87.45,26.0,26.85,17.2,17.4
2024,11,PSA,Unionville,91.225,26.9,27.525,18.3,18.5
2024,12,GD,Unionville,92.75,27.7,28.05,18.1,18.9
2024,9,PSA,Unionville HS,89.238,26.663,18.2,26.8,17.575
2024,13,R1,Unionville HS,91.213,27.188,18.425,27.525,18.075
2024,5,PIW,United Percussion,86.45,25.95,17.3,26.0,17.2
2024,8,PIW,United Percussion,88.3,26.3,26.7,18.3,17.0
2024,9,PIW,United Percussion,90.225,26.775,18.85,26.25,18.35
2024,12,PIW,United Percussion,94.25,28.1,28.35,19.1,18.7
2024,13,PIW,United Percussion,93.701,28.5,18.725,28.1,18.375
2024,5,PIO,United Percussion 2,73.1,21.3,15.0,21.9,14.9
2024,9,PIO,United Percussion 2,86.6,25.5,17.95,25.85,17.3
2024,12,PIO,United Percussion 2,91.6,27.4,28.2,17.6,18.4
2024,13,R4,United Percussion 2,90.225,26.4,18.8,27.0,18.025
2024,6,PSA,University HS,68.825,19.425,13.1,22.1,14.2
2024,8,PSA,University HS (WA),77.85,23.25,15.8,23.2,15.6
2024,4,PSO,Upland HS,74.625,22.725,16.0,20.3,15.6
2024,6,PSO,Upland HS,72.55,22.65,15.8,20.6,13.5
2024,8,PSO,Upland HS,78.05,22.35,15.6,24.0,16.1
2024,11,R1,Upland HS,77.025,21.825,15.3,23.2,16.7
2024,4,PSA,Upper Darby,69.7,19.9,21.6,13.9,14.3
2024,6,PSA,Upper Darby,74.301,23.5,21.45,14.6,14.75
2024,7,PSA,Upper Darby,72.7,22.95,21.45,14.3,14.0
2024,8,PSA,Upper Darby,72.225,20.4,23.025,15.2,13.6
2024,11,PSA,Upper Darby,76.7,22.4,22.8,16.15,15.35
2024,12,GD,Upper Darby,82.651,25.4,25.2,15.5,16.55
2024,4,PSA,Upper Dublin,56.0,18.0,18.0,10.0,10.0
2024,6,PSA,Upper Dublin,60.8,19.1,18.6,10.9,12.2
2024,8,PSA,Upper Dublin,66.1,19.3,21.0,13.4,12.4
2024,11,PSA,Upper Dublin,63.7,19.3,19.2,13.0,12.2
2024,12,BD,Upper Dublin,74.975,23.6,24.375,13.8,13.2
2024,3,SRA,Urbana HS Guard,68.13,13.48,14.7,13.6,13.0
2024,8,SRA,Urbana HS Guard,79.05,15.41,15.54,17.1,15.6
2024,9,SRA,Urbana HS Guard,81.76,16.08,16.28,16.2,16.9
2024,3,B1,Valencia HS,73.95,21.45,14.7,23.4,14.4
2024,4,PSO,Valencia HS,74.201,22.2,14.8,22.6,14.6
2024,7,PSO,Valencia HS,76.251,23.55,15.8,22.6,14.3
2024,8,PSO,Valencia HS,79.001,24.6,16.3,23.4,14.7
2024,11,R2,Valencia HS,84.401,25.5,17.6,25.1,16.2
2024,12,PSO,Valencia HS,84.525,25.65,17.2,25.075,16.6
2024,7,B2,Valhalla HS,70.626,21.525,13.1,23.0,13.0
2024,8,B1,Valhalla HS,71.151,20.85,13.6,22.4,14.3
2024,2,PSA,Valley View HS,63.75,18.75,12.5,19.7,12.8
2024,7,B1,Valley View HS,62.951,19.35,12.9,18.3,12.4
2024,10,R2,Valley View HS,73.2,22.8,13.7,23.2,13.5
2024,5,GSRA,Valley View Winter Guard,63.26,11.04,12.72,12.9,13.1
2024,7,GSRA,Valley View Winter Guard,62.04,13.78,12.96,12.6,11.2
2024,10,GSRA,Valley View Winter Guard,67.2,12.38,13.72,12.9,14.9
2024,11,GSRA,Valley View Winter Guard,65.7,13.38,14.12,13.9,12.3
2024,7,GSB,Van Buren Senior High School Winter Guard,71.98,14.14,15.74,15.1,13.3
2024,10,GSB,Van Buren Senior High School Winter Guard,80.74,15.87,16.47,17.2,15.4
2024,11,GSB,Van Buren Senior High School Winter Guard,77.74,16.47,16.67,15.1,14.5
2024,6,PIO,Vaquero Percussion,74.5,22.5,14.9,22.3,14.8
2024,13,R4,Vaquero Percussion,80.089,23.363,16.975,23.6,16.15
2024,5,PIO,Veritas,75.75,22.05,14.5,24.0,15.2
2024,6,PIO,Veritas,80.55,24.15,15.8,24.7,15.9
2024,8,PIO,Veritas,79.85,24.45,14.4,25.3,15.7
2024,9,PIO,Veritas,82.25,24.9,16.6,24.55,16.2
2024,11,PIO,Veritas,84.875,25.275,16.25,26.85,16.5
2024,13,PIO,Veritas,90.914,26.962,17.9,28.2,17.85
2024,5,PIW,Vessel,77.201,23.1,16.2,22.0,15.9
2024,6,PIW,Vessel,78.75,23.55,15.8,23.4,16.0
2024,7,PIW,Vessel,79.75,24.45,16.1,23.2,16.0
2024,11,PIW,Vessel,84.351,24.75,17.1,25.3,17.2
2024,12,PIW,Vessel,84.151,25.65,16.95,24.75,16.8
2024,13,R1,Vessel,81.525,25.275,16.9,23.55,15.8
2024,2,PSA,Victor,74.15,23.2,22.2,14.65,14.1
2024,7,PSA,Victor,84.75,25.5,25.95,16.6,16.7
2024,9,PSO,Victor,81.15,25.0,24.75,15.8,15.6
2024,11,PSO,Victor,86.1,26.9,25.5,17.1,16.6
2024,6,PSA,Victor HS,77.75,22.65,16.1,24.7,14.3
2024,13,R3,Victor HS,82.725,24.45,16.325,25.45,16.5
2024,3,PSO,Victor J Andrew HS,76.8,20.4,15.8,24.9,15.7
2024,5,PSO,Victor J Andrew HS,80.95,24.75,16.6,22.9,16.7
2024,4,PSO,Victor J. Andrew HS,81.7,24.6,16.8,24.1,16.2
2024,6,PSO,Victor J. Andrew HS,85.95,26.1,17.3,25.45,17.1
2024,13,PSO,Victor J. Andrew HS,97.563,29.587,19.625,28.825,19.525
2024,6,PIW,Vigilantes Indoor Percussion,83.7,24.6,15.8,26.2,17.1
2024,13,R2,Vigilantes Indoor Percussion,86.514,26.062,17.4,25.75,17.3
2024,8,PIA,Viking Independent Percussion,69.95,21.45,15.3,19.2,14.0
2024,4,PSA,Vincennes Indoor Percussion,75.8,22.8,14.6,23.4,15.0
2024,5,PSA,Vincennes Indoor Percussion,75.55,22.5,15.15,23.4,14.5
2024,7,PSA,Vincennes Indoor Percussion,79.001,23.1,16.0,24.1,15.8
2024,8,PSA,Vincennes Indoor Percussion,78.95,23.85,15.9,23.2,16.0
2024,9,R2,Vincennes Indoor Percussion,81.113,23.663,15.1,25.9,16.45
2024,11,PSA,Vincennes Indoor Percussion,84.714,24.337,16.55,26.25,17.575
2024,11,GJHSA,Visalia,52.09,104.8,110.1,10.1,10.3
2024,6,PIO,Vision Percussion,85.45,25.65,17.3,25.6,16.9
2024,9,PIO,Vision Percussion,85.3,24.75,17.5,25.8,17.25
2024,13,R4,Vision Percussion,89.126,25.425,19.05,26.45,18.2
2024,5,PSW,Vista Murrieta HS,85.5,25.5,17.6,24.8,17.6
2024,7,PSW,Vista Murrieta HS,87.1,26.7,18.0,24.2,18.2
2024,8,PSW,Vista Murrieta HS,90.3,27.3,18.2,26.7,18.1
2024,11,PSW,Vista Murrieta HS,92.825,26.925,18.8,28.5,18.6
2024,12,PSW,Vista Murrieta HS,93.313,28.237,18.625,27.85,18.6
2024,3,PIA,Vortex Percussion,67.35,20.25,14.3,19.5,13.3
2024,6,PIA,Vortex Percussion,68.3,19.8,13.3,22.3,12.9
2024,8,PIA,Vortex Percussion,77.3,23.55,15.7,22.85,15.2
2024,12,PIA,Vortex Percussion,78.175,23.1,15.3,23.725,16.05
2024,13,PIA,Vortex Percussion,87.976,26.325,17.1,27.1,17.45
2024,3,SA,WB Blue,54.42,10.28,11.14,11.9,11.0
2024,5,SA,WB Blue,58.06,10.35,12.3,11.4,11.4
2024,6,SA,WB Blue,58.76,11.48,11.68,11.9,12.0
2024,11,SA,WB Blue,65.12,12.68,13.34,12.9,13.0
2024,3,SRA,WB Orange,57.07,10.88,11.54,10.55,11.9
2024,5,SRA,WB Orange,57.69,10.68,10.61,12.5,12.6
2024,6,R1,WB Orange,59.86,10.88,11.68,11.7,12.3
2024,11,R2,WB Orange,64.31,12.67,12.74,14.4,12.2
2024,5,PSW,Walled Lake Consolidated Schools,80.25,23.55,16.5,23.5,16.7
2024,6,PSW,Walled Lake Consolidated Schools,78.9,23.7,16.1,23.5,15.6
2024,9,PSW,Walled Lake Consolidated Schools,85.65,25.65,16.9,26.0,17.1
2024,12,PSW,Walled Lake Consolidated Schools,88.45,26.55,17.85,26.55,17.5
2024,13,R2,Walled Lake Consolidated Schools,88.976,27.3,18.5,25.5,17.675
2024,3,B2,Walnut HS,74.95,21.75,15.4,23.1,14.7
2024,6,B1,Walnut HS,73.1,22.5,15.2,20.7,14.7
2024,8,B2,Walnut HS,79.8,23.4,18.5,22.1,15.8
2024,10,R1,Walnut HS,87.825,26.625,18.5,26.0,16.7
2024,11,R2,Walnut HS,81.726,24.525,17.1,23.6,16.5
2024,7,PSJ,Warm Springs MS,76.55,23.55,14.5,24.4,14.1
2024,8,PSJ,Warm Springs MS,82.75,25.05,16.5,25.0,16.2
2024,11,PSJ,Warm Springs MS,90.4,27.45,17.7,26.9,18.35
2024,3,SW,Warren Central HS,73.1,14.8,14.4,14.6,14.5
2024,6,SW,Warren Central HS,84.6,16.9,16.6,17.1,17.1
2024,7,SW,Warren Central HS,87.0,17.4,17.5,17.6,17.3
2024,8,SW,Warren Central HS,90.3,18.2,18.3,18.1,17.8
2024,10,SW,Warren Central HS,90.3,18.5,17.9,18.0,18.3
2024,6,PSA,Warren Central HS (IN),77.251,23.25,15.8,22.8,15.4
2024,7,PSA,Warren Central HS (MS),79.65,24.15,16.4,24.2,14.9
2024,8,PSA,Warren Central HS (MS),81.751,24.75,16.9,23.6,16.5
2024,3,PSA,Warren Central High School,71.35,20.4,15.0,23.0,12.95
2024,5,PSA,Warren Central High School,76.9,22.2,14.5,24.2,16.0
2024,8,PSA,Warren Central High School,82.525,24.225,14.9,26.3,17.1
2024,9,R2,Warren Central High School,84.613,24.863,17.5,25.7,16.55
2024,11,PSA,Warren Central High School,87.801,25.125,17.75,26.775,18.15
2024,3,B1,Warren HS,67.95,18.75,13.6,21.8,13.8
2024,7,B1,Warren HS,71.7,22.5,15.1,19.6,14.5
2024,8,B2,Warren HS,77.601,24.0,15.0,22.1,16.5
2024,10,R2,Warren HS,81.701,25.95,14.2,25.9,15.65
2024,11,R1,Warren HS,78.9,24.3,15.3,23.0,16.3
2024,7,PSA,Wasatch Combined Schools,62.001,18.3,12.2,19.3,12.2
2024,2,SA,Washington Co HS,52.78,11.47,10.81,10.0,10.0
2024,6,SA,Washington Co HS,62.841,11.22,11.22,12.9,14.1
2024,7,SA,Washington Co HS,69.45,14.01,14.14,13.2,14.4
2024,8,PR,Washington Co HS,69.581,14.34,13.54,13.8,13.3
2024,10,PR,Washington Co HS,72.311,14.67,14.14,15.0,14.3
2024,7,SJ,Washington County,57.56,11.68,11.88,10.9,11.9
2024,8,SJ,Washington County,56.52,12.28,11.34,10.5,10.8
2024,3,SRA,Washington County Guard,73.38,15.34,15.14,14.8,14.2
2024,5,SRA,Washington County Guard,75.84,15.87,15.27,14.9,14.8
2024,7,SRA,Washington County Guard,78.41,16.14,16.07,16.8,14.7
2024,9,SRA-E,Washington County Guard,85.34,17.47,17.27,18.5,15.7
2024,4,P-SA(,Washington County Indoor Percussion,65.0,18.3,21.3,13.0,12.4
2024,6,P-SA(,Washington County Indoor Percussion,71.8,21.15,22.95,14.3,13.4
2024,7,P-SA(,Washington County Indoor Percussion,71.6,22.8,22.5,13.0,13.3
2024,11,P-SA(,Washington County Indoor Percussion,76.95,22.65,25.2,13.8,15.3
2024,5,SJ,Washington County Jr Winter Guard,67.49,14.41,14.28,12.6,12.5
2024,7,SJ,Washington County Jr Winter Guard,69.45,12.01,14.74,15.8,13.3
2024,9,SJ(,Washington County Jr Winter Guard,74.05,14.81,15.34,15.1,14.6
2024,3,SJ,Washington County Junior Winter Guard,62.05,12.21,12.54,13.9,11.8
2024,4,GHSSRAG,Washington Union HS Winterguard,57.401,105.5,103.5,12.4,12.2
2024,8,GHSSRAG,Washington Union HS Winterguard,67.751,131.0,141.5,12.8,15.1
2024,11,GHSSRAG,Washington Union HS Winterguard,71.951,138.8,152.7,15.0,14.2
2024,4,SRA,Wayne Co,53.281,10.94,11.0,9.5,10.7
2024,5,BR,Wayne Co,59.75,11.41,12.14,12.5,12.2
2024,6,SRA,Wayne Co,59.72,11.94,12.08,13.6,10.3
2024,8,PR,Wayne Co,72.26,13.67,14.79,14.5,14.6
2024,9,BR,Wayne Co,76.39,15.0,16.19,14.8,14.9
2024,10,BR,Wayne Co,76.6,15.33,16.27,15.1,15.4
2024,0,SRA,Waynesboro HS Guard,51.68,8.01,11.87,10.5,11.0
2024,3,SRA,Waynesboro HS Guard,70.38,14.34,14.74,14.0,13.8
2024,4,SRA,Waynesboro HS Guard,74.09,15.48,14.21,15.2,15.7
2024,7,SRA,Waynesboro HS Guard,73.99,15.08,15.21,16.0,13.8
2024,9,SRA,Waynesboro HS Guard,80.05,16.61,16.74,17.1,14.8
2024,2,P-SRA(,Waynesboro HS Percussion,57.325,18.45,18.675,10.0,10.2
2024,11,SP-SRA(,Waynesboro HS Percussion,84.95,41.4,41.7,44.9,41.9
2024,3,SJ,Waynesboro MS Guard,65.52,11.48,11.74,14.1,16.2
2024,4,SJ,Waynesboro MS Guard,67.08,13.34,12.54,14.7,14.0
2024,9,SJ,Waynesboro MS Guard,73.08,13.74,14.54,15.6,15.6
2024,6,PSA,Weatherford HS,76.7,22.2,15.6,23.6,15.3
2024,8,PSA,Weatherford HS,80.176,24.075,15.8,24.5,15.8
2024,6,PJHSA,Weaver Middle School Percussion,75.7,23.6,22.05,15.5,14.55
2024,2,PSA,Webster,66.35,22.3,19.95,12.1,12.0
2024,4,PSA,Webster,65.901,20.1,20.4,12.4,13.0
2024,6,PSA,Webster,67.001,19.5,20.7,13.3,13.5
2024,7,PSA,Webster,70.551,20.8,21.45,14.1,14.2
2024,9,PSA,Webster,74.75,22.6,23.25,14.2,14.7
2024,11,PSA,Webster,75.4,23.2,22.2,15.0,15.0
2024,5,PSA,West Broward HS,70.75,22.05,15.0,20.0,13.7
2024,2,PSO,West HS,74.15,21.45,14.3,22.6,15.8
2024,4,PSA,West HS,67.151,19.95,11.8,22.0,13.4
2024,6,PSO,West HS,79.075,23.475,15.5,24.0,16.1
2024,8,PSO,West HS,80.9,23.7,16.7,24.8,15.7
2024,11,R1,West HS,82.001,25.05,15.5,24.4,17.05
2024,7,PSA,West Harrison HS,81.05,25.05,16.8,24.2,15.0
2024,1,PSRA,West High School Indoor Percussion,64.6,18.3,21.3,12.2,12.8
2024,6,PSRA,West High School Indoor Percussion,75.35,22.1,22.65,15.2,15.4
2024,11,PSRA,West High School Indoor Percussion,80.0,24.1,24.3,15.7,15.9
2024,6,R2,West High School Winterguard,60.521,12.21,11.6,11.1,13.6
2024,11,R2,West High School Winterguard,69.941,14.8,13.54,14.7,13.6
2024,6,IRA,West Inverness Ambition,65.45,14.01,13.54,11.6,13.4
2024,6,IS,West Inverness Resolve,69.48,13.94,13.94,13.0,14.2
2024,5,PSA,West Milford HS,78.326,22.425,16.2,24.0,15.7
2024,9,PSA,West Milford HS,81.95,24.15,17.5,24.1,16.2
2024,7,PSW,West Ranch HS,71.0,21.9,14.1,20.6,14.4
2024,8,PSW,West Ranch HS,75.5,22.2,14.6,24.2,14.5
2024,9,PSW,West Ranch HS,75.451,22.05,15.1,23.4,14.9
2024,11,PSW,West Ranch HS,80.8,24.6,15.4,25.3,15.5
2024,0,P-SA(,West Shore SD Percussion,64.15,19.2,19.35,12.8,12.8
2024,2,P-SA(,West Shore SD Percussion,71.95,21.3,21.75,15.1,13.8
2024,5,P-SA(,West Shore SD Percussion,73.7,23.85,23.55,13.0,13.3
2024,11,P-SA(,West Shore SD Percussion,86.488,25.95,27.038,17.2,16.3
2024,7,PSA,West Shore School District,79.601,25.2,14.3,24.8,15.3
2024,13,R2,West Shore School District,85.151,25.35,16.55,26.6,16.65
2024,0,SA,West Shore Varsity Colorguard,54.37,9.2,11.07,10.9,10.7
2024,2,SA,West Shore Varsity Colorguard,62.08,11.27,11.81,13.8,14.1
2024,4,SA,West Shore Varsity Colorguard,68.25,13.74,12.41,14.1,14.3
2024,5,SA,West Shore Varsity Colorguard,70.78,14.14,13.94,14.5,14.1
2024,7,SA,West Shore Varsity Colorguard,72.55,14.34,14.41,14.9,14.7
2024,9,SA(,West Shore Varsity Colorguard,79.21,15.54,15.7,16.5,15.8
2024,2,BR,West Union HS,50.42,10.55,8.47,10.0,11.0
2024,5,BR,West Union HS,50.291,10.35,9.14,10.6,10.2
2024,7,SRA,West Union HS,56.96,11.22,10.94,10.3,11.9
2024,8,PR,West Union HS,60.491,11.61,11.68,11.2,13.1
2024,9,PR,West Union HS,61.68,12.08,11.8,12.5,12.7
2024,7,SA,Western Frederick Guard,76.31,15.74,15.87,14.7,15.2
2024,8,SA(,Western Frederick Guard,78.34,16.14,16.4,15.2,15.7
2024,9,SA,Western Frederick Guard,78.31,15.34,16.67,15.5,15.3
2024,7,P-SA(,Western Frederick Indoor Percussion,81.55,25.05,25.2,15.6,15.7
2024,9,P-SA(,Western Frederick Indoor Percussion,88.85,27.9,26.85,17.3,16.8
2024,11,P-SA(,Western Frederick Indoor Percussion,87.25,25.913,27.488,17.5,16.35
2024,6,PSA,Westfield HS (IN),81.0,24.3,16.2,24.8,15.7
2024,13,R2,Westfield HS (IN),89.775,26.7,18.225,26.9,17.95
2024,3,PSA,Westfield Indoor Percussion,70.8,19.8,14.6,22.3,14.1
2024,5,PSA,Westfield Indoor Percussion,76.7,21.9,14.6,24.7,15.5
2024,8,PSA,Westfield Indoor Percussion,82.6,24.75,16.4,24.7,16.75
2024,9,R1,Westfield Indoor Percussion,84.925,25.275,17.05,25.5,17.1
2024,11,PSA,Westfield Indoor Percussion,88.688,25.763,17.55,27.55,17.825
2024,5,PSA,Westhill HS,78.201,24.0,15.4,24.1,14.7
2024,9,PSA,Westhill HS,83.451,26.55,15.5,25.1,16.3
2024,6,B1,Westlake HS,67.051,21.15,12.8,20.9,12.2
2024,7,B2,Westlake HS,69.901,19.8,13.6,21.9,14.6
2024,10,R1,Westlake HS,79.3,24.3,16.4,24.2,14.4
2024,3,B2,Westminster HS,67.451,19.65,13.2,20.7,13.9
2024,6,B2,Westminster HS,70.85,21.45,14.7,21.1,13.6
2024,8,B2,Westminster HS,80.35,23.85,16.3,22.8,17.4
2024,10,R2,Westminster HS,84.8,26.1,16.8,24.25,17.65
2024,11,R1,Westminster HS,82.551,24.75,16.8,23.4,17.6
2024,3,SRA,Westminster HS Guard,59.05,11.21,12.34,11.7,11.6
2024,6,SRA,Westminster HS Guard,70.96,14.35,14.61,15.1,13.5
2024,8,SRA,Westminster HS Guard,73.79,14.81,15.08,15.3,14.1
2024,5,GSRA,Westside Winterguard,55.5,11.58,10.52,12.4,9.4
2024,7,GSRA,Westside Winterguard,56.22,14.84,13.18,10.6,8.5
2024,10,GSRA,Westside Winterguard,68.48,13.2,13.38,14.0,14.0
2024,11,GSRA,Westside Winterguard,66.28,13.72,13.86,14.9,11.5
2024,8,PSA,Westview HS,72.401,21.0,13.3,23.8,14.3
2024,4,PSA,Whiteland Indoor Percussion Ensemble,73.901,23.1,13.9,23.0,13.9
2024,7,PSA,Whiteland Indoor Percussion Ensemble,76.425,22.875,14.85,25.3,13.4
2024,8,PSA,Whiteland Indoor Percussion Ensemble,72.801,20.1,13.7,25.7,13.3
2024,9,R2,Whiteland Indoor Percussion Ensemble,75.05,21.75,14.3,23.5,15.5
2024,11,PSA,Whiteland Indoor Percussion Ensemble,74.65,20.025,14.9,23.85,15.875
2024,2,IRA,Wildcat Color Guard,59.18,12.54,11.94,12.3,11.5
2024,4,IRA,Wildcat Color Guard,61.39,12.48,13.21,12.8,12.3
2024,6,IRA,Wildcat Color Guard,65.45,13.21,14.14,12.5,13.1
2024,9,IRA,Wildcat Color Guard,74.05,14.21,14.94,15.2,15.3
2024,10,IRA,Wildcat Color Guard,73.36,15.82,15.34,14.0,13.9
2024,6,PSA,Williams Field HS,80.075,23.175,17.5,23.1,16.3
2024,9,PSA,Williams Field HS,84.775,24.975,17.45,25.2,17.15
2024,11,P-IA,Williamsport PA,86.213,25.387,27.6,16.825,16.4
2024,6,GJHSA,Wilson MS Winterguard,52.391,104.0,102.9,10.2,11.5
2024,8,GJHSA,Wilson MS Winterguard,57.55,129.4,128.1,10.8,10.5
2024,11,GJHSA,Wilson MS Winterguard,61.74,124.7,128.7,12.1,12.4
2024,2,SA,Woodford County HS,61.591,12.86,12.73,12.2,12.0
2024,6,SA,Woodford County HS,67.691,13.21,13.88,13.3,13.5
2024,7,SA,Woodford County HS,67.891,14.28,14.21,12.6,13.4
2024,8,SA,Woodford County HS,70.99,14.68,15.21,13.3,13.5
2024,10,PR,Woodford County HS,75.771,15.01,15.06,15.3,15.1
2024,8,P-SRA(,Woodgrove HS Percussion,74.4,22.95,22.35,14.5,14.6
2024,4,PHSSRA,Woodlake HS Percussion,55.701,16.4,16.5,11.5,11.3
2024,6,PHSSRA,Woodlake HS Percussion,57.201,17.7,17.1,11.7,10.7
2024,8,PHSSRA,Woodlake HS Percussion,59.85,18.3,17.25,12.1,12.2
2024,6,GHSSRAB,Woodlake HS Winterguard,51.831,102.8,10.1,10.1,11.0
2024,8,GHSSRAB,Woodlake HS Winterguard,55.471,106.9,110.8,11.1,11.8
2024,11,GHSSRAB,Woodlake HS Winterguard,57.14,118.7,116.7,11.4,10.7
2024,4,SRA,Wyoming HS,55.92,10.54,10.68,11.7,11.8
2024,7,SRA,Wyoming HS,63.32,12.48,12.54,12.8,12.3
2024,8,PR,Wyoming HS,67.25,13.14,14.41,12.4,12.5
2024,9,BR,Wyoming HS,68.49,12.89,13.8,14.3,13.7
2024,10,PR,Wyoming HS,71.91,14.27,13.94,14.9,14.7
2024,6,PSA,Young Women's Academy,60.8,18.0,12.4,18.4,12.0
2024,4,GIO,Zeus Independent,75.2,14.9,14.4,15.5,15.1
2024,6,PSO,Zionsville Community HS,83.45,25.05,16.7,25.2,16.5
2024,13,PSO,Zionsville Community HS,95.875,29.175,19.4,27.65,19.65
2024,3,PSO,Zionsville Indoor Percussion,68.4,19.2,12.7,23.1,13.4
2024,5,PSO,Zionsville Indoor Percussion,76.55,25.05,14.8,21.8,14.9
2024,7,PSO,Zionsville Indoor Percussion,84.0,24.9,17.0,25.3,16.8
2024,9,PSO,Zionsville Indoor Percussion,83.675,26.1,16.4,24.9,16.275
2024,11,PSO,Zionsville Indoor Percussion,91.25,27.0,18.5,27.0,18.75
2024,2,SA,duPont Manual HS,54.381,11.01,11.67,10.5,10.8
2024,6,SA,duPont Manual HS,66.09,12.48,12.61,13.4,13.8
2024,8,BR,duPont Manual HS,69.791,15.22,14.87,13.6,13.4
2024,10,BR,duPont Manual HS,73.671,15.86,15.21,14.2,14.2
2024,4,GIO,iSquared,72.5,13.5,14.7,15.1,14.3
2024,6,PIO,Élan Percussion,82.75,24.45,16.1,25.4,16.8
2024,8,PIO,Élan Percussion,82.45,24.45,16.3,24.8,16.9
2024,11,PIO,Élan Percussion,84.05,25.35,16.2,25.2,17.3
2024,5,PIA,,72.5,23.7,13.6,21.0,14.2
2024,11,PSA-C,,80.55,25.1,25.65,14.6,15.2
